tree
version=v4
num_class=1
num_tree_per_iteration=1
label_index=0
max_feature_idx=64
objective=binary sigmoid:1
feature_names=available_bikes available_docks capacity unavailable_count bike_ratio dock_ratio unavailable_ratio bikes_lag_30 bikes_lag_60 bikes_lag_90 docks_lag_30 docks_lag_60 docks_lag_90 bike_ratio_lag_30 bike_ratio_lag_60 bike_ratio_lag_90 dock_ratio_lag_30 dock_ratio_lag_60 dock_ratio_lag_90 delta_bikes_30 delta_bikes_60 delta_bikes_90 delta_docks_30 delta_docks_60 delta_docks_90 abs_delta_bikes_30 delta_bikes_ratio_30 delta_docks_ratio_30 bike_acceleration_30 dock_acceleration_30 bike_ratio_mean_90 bike_ratio_min_90 bike_ratio_max_90 dock_ratio_mean_90 dock_ratio_min_90 dock_ratio_max_90 bike_ratio_lag_1d dock_ratio_lag_1d bike_ratio_lag_7d dock_ratio_lag_7d target_hour_sin target_hour_cos target_weekday_sin target_weekday_cos target_is_weekend target_is_peak lag_90_missing lag_1d_missing lag_7d_missing suspected_large_jump_past district_code target_hour target_weekday same_red_lag_30 same_red_lag_60 same_red_lag_90 same_red_lag_1d same_red_lag_7d opposite_red_lag_30 opposite_red_lag_60 opposite_red_lag_90 same_red_count_past_90 red_duration_capped_6 red_duration_log1p_capped duration_90plus
feature_infos=none [1:99] [8:99] [0:62] none [0.058823529630899429:1] [0:0.94117647409439087] [0:95] [0:95] [0:95] [0:99] [0:99] [0:99] [0:1] [0:1] [0:1] [0:1] [0:1] [0:1] [-95:0] [-95:0] [-95:0] [-36:95] [-44:95] [-39:95] [0:95] [-1:0] [-0.82352942228317261:1] [-103:86] [-89:123] [0:0.75] [0:0] [0:1] [0.031818181276321411:1] [0:1] [0.072727270424365997:1] [0:1] [0:1] [0:1] [0:1] [-1:1] [-1:1] [-0.97492790222167969:0.97492790222167969] [-0.90096884965896606:1] [0:1] [0:1] [0:1] [0:1] [0:1] [0:1] -1:11:10:2:9:6:3:14:12:13:15:24:17:0:28:16:4:5:20:18:1:23:7:8:26:27:22:25:21 -1:9:23:10:17:22:14:13:11:18:0:8:15:16:12:21:19:20:1:7:2:3:4:5 -1:0:1:3:2:4:5:6 [0:1] [0:1] [0:1] [0:1] [0:1] [0:1] [0:1] [0:1] [0:3] [0:6] [0:1.9462890625] [0:1]
tree_sizes=3477 3456 3500 3486 3538 3515 3498 3553 3444 3499 3513 3476 3519 3489 3464 3516 3452 3526 3532 3481 3466 3482 3506 3479 3473 3467 3473 3518 3452 3507 3464 3511 3514 3519 3480 3443 3531 3533 3475 3478 3495 3465 3474 3482 3525 3473 3548 3489 3496 3473 3558 3476 3457 3470 3551 3517 3462 3505 3473 3555 3458 3472 3455 3495 3468 3472 3589 3557 3509 3507 3529 3529 3460 3575 3419 3481 3453 3481 3554 3485 3484 3517 3510 3419 3457 3438 3498 3522 3445 3449 3564 3437 3480 3530 3457 3451 3489 3515 3475 3460 3484 3473 3506 3494 3528 3542 3420 3490 3567 3483 3479 3509 3501 3489 3435 3486 3501 3541 3543 3461 3518 3489 3472 3492 3493 3523 3511 3502 3451 3509 3525 3487 3488 3507 3466 3524 3451 3504 3497 3512 3500 3555 3480 3491 3514 3486 3419 3561 3520 3513 3478 3560 3476 3513 3543 3470 3559 3510 3467 3511 3486 3464 3484 3515 3492 3478 3479 3530 3449 3483 3511 3533 3552 3472 3507 3496 3527 3504 3509 3463 3517 3500 3493 3459 3493 3483 3452 3474 3487 3516 3449 3459 3464 3508 3527 3466 3487 3473 3517 3504 3515 3485 3528 3515 3443 3531 3478 3502 3496 3482

Tree=0
num_leaves=31
num_cat=7
split_feature=41 62 40 61 50 50 41 40 50 40 50 56 40 56 37 50 40 2 6 40 41 62 50 6 2 8 37 50 38 40
split_gain=3921.12 2015.6 684.699 634.701 514.455 342.657 282.377 276.828 223.765 212.209 342.406 177.594 177.068 168.511 142.421 114.243 89.9721 88.042 85.7657 74.8984 73.1942 70.8483 75.2906 65.5284 67.7649 54.7827 51.2616 87.2538 47.8622 47.3248
threshold=0.60355338454246532 5.5000000000000009 0.60355338454246532 1.5000000000000002 0 1 0.12940952181816107 0.60355338454246532 2 0.12940952181816109 3 1.0000000180025095e-35 -0.6035533845424651 1.0000000180025095e-35 0.97927406430244457 4 0.37940952181816107 25.500000000000004 0.075235851109027876 -0.91597560048103321 0.12940952181816107 5.5000000000000009 5 0.11269841343164445 22.500000000000004 2.5000000000000004 0.94764256477355968 6 1.0000000180025095e-35 0.12940952181816109
decision_type=2 2 2 2 9 9 2 2 9 2 9 10 2 8 10 9 2 2 2 2 2 2 9 2 2 10 8 9 8 2
left_child=1 2 4 5 11 18 15 9 17 14 -11 19 -7 -3 21 -4 -12 -6 25 -1 -13 22 -5 24 -17 -2 27 -14 -21 -28
right_child=3 13 6 7 8 12 -8 -9 -10 10 16 20 26 -15 -16 23 -18 -19 -20 28 -22 -23 -24 -25 -26 -27 29 -29 -30 -31
leaf_value=-0.2493714458184868 -0.22124394587765969 -0.18836918400434333 -0.23452022515373303 -0.21662709207270978 -0.22957725135533491 -0.22588016648271186 -0.19242940871967606 -0.16019713725224138 -0.21169203138935472 -0.23307731866518622 -0.20558552043027778 -0.23629362570048038 -0.22075844906066411 -0.1505581451890281 -0.18634116394080344 -0.21792184559119251 -0.17687703509128416 -0.23826800515845281 -0.25467468882744315 -0.23459002745232743 -0.21883172106118107 -0.17769292739547571 -0.19981106915074417 -0.25295823215250146 -0.22800236338738181 -0.23342604222611935 -0.19807626643898643 -0.2031975110989383 -0.24368030736335336 -0.21799167044822998
leaf_weight=3838.4162876456976 1366.2619795799255 501.98281547427177 2100.2329201996326 626.61473377048969 4628.9034842848778 914.87231905758381 399.56252618134022 276.16458727419376 855.39451250433922 758.89732427895069 515.30979287624359 2135.5247307270765 835.1572505235672 326.26415047049522 1479.7880833745003 2385.7757508307695 275.91779139637947 3130.8525059521198 181.14817431569099 1038.7638497203588 462.7422709017992 179.42060317099094 1855.9050011634827 110.31775738298893 1919.5783376395702 1031.8535651415586 1400.5666065961123 1072.8216808587313 10410.096922084689 231.49453338980675
leaf_count=15553 5536 2034 8510 2539 18756 3707 1619 1119 3466 3075 2088 8653 3384 1322 5996 9667 1118 12686 734 4209 1875 727 7520 447 7778 4181 5675 4347 42181 938
internal_value=-0.227429 -0.23453 -0.236062 -0.208732 -0.238986 -0.216889 -0.224857 -0.199139 -0.230934 -0.201089 -0.2138 -0.242851 -0.210197 -0.173079 -0.196359 -0.226874 -0.195693 -0.233084 -0.228512 -0.244503 -0.233166 -0.202002 -0.203863 -0.223222 -0.222416 -0.226496 -0.20611 -0.210675 -0.242861 -0.200852
internal_weight=47246.6 34244.4 33416.2 13002.2 26500.7 7034.18 6915.47 5968.02 8615.15 5691.85 1550.12 17885.5 4454.91 828.247 4141.73 6515.9 791.228 7759.76 2579.26 15287.3 2598.27 2661.94 2482.52 4415.67 4305.35 2398.12 3540.04 1907.98 11448.9 1632.06
internal_count=191440 138756 135400 52684 107379 28502 28021 24182 34908 23063 6281 72471 18051 3356 16782 26402 3206 31442 10451 61943 10528 10786 10059 17892 17445 9717 14344 7731 46390 6613
cat_boundaries=0 1 2 3 4 5 6 7
cat_threshold=16866317 16794637 268608064 285231224 285405193 17040399 2112
is_linear=0
shrinkage=1


Tree=1
num_leaves=31
num_cat=13
split_feature=51 62 51 32 50 50 50 50 62 50 51 50 6 36 35 36 37 37 51 42 12 11 50 5 50 62 1 51 11 6
split_gain=5200.5 1176.37 777.76 691.61 475.336 313.402 218.038 186.513 163.974 137.108 121.4 117.583 98.8694 96.673 91.3174 76.7959 69.5392 65.9315 68.7343 63.2766 65.6615 63.2316 60.7023 57.4622 54.9659 50.638 49.2425 44.8467 44.6034 43.3806
threshold=0 5.5000000000000009 1 0.016807910054922107 2 3 4 5 5.5000000000000009 6 7 8 0.091372914612293257 1.0000000180025095e-35 0.88284313678741466 1.0000000180025095e-35 0.92893216013908397 0.95040982961654674 9 -0.60785761475563038 31.500000000000004 24.500000000000004 10 0.90990260243415844 11 3.5000000000000004 52.500000000000007 12 25.500000000000004 0.11834733933210374
decision_type=9 2 9 10 9 9 9 9 2 9 9 9 2 10 10 8 10 10 9 2 8 10 9 2 9 2 2 9 8 2
left_child=3 2 4 8 21 14 -3 15 24 28 29 19 17 -8 -5 -4 27 18 -7 -12 -21 -2 -20 -17 -1 -25 -18 -16 -6 -9
right_child=1 6 7 5 9 12 13 10 -10 -11 11 -13 -14 -15 16 23 26 -19 22 20 -22 -23 -24 25 -26 -27 -28 -29 -30 -31
leaf_value=0.015909305804952506 -0.018569655783328826 0.0071527826292643523 0.00065200177613085482 -0.030001974408807235 -0.0060258917468948431 0.049418478940341841 0.074709553926332772 0.0047478516991024565 0.056409148614432379 0.015787011603058666 -0.012566617407283907 0.0202349765967729 -0.0044629051055730682 0.037497411150526037 0.033025949548621175 -0.027603300027776695 0.022087193203966328 0.03161733523951351 0.014799653792779296 -4.3405577496161021e-05 -0.0093216521799785301 -0.025803106493359658 0.027244215289680632 -0.0094605983820810671 0.037903242232982699 0.012565448880025086 0 0.0022300147307417347 -0.013733262190711177 -0.019888374608271336
leaf_weight=274.68616305291653 5200.5796926915646 208.52763475477695 1389.4676671028137 95.282616555690765 4150.0294670164585 135.95877912640572 277.69776916503906 5532.3927347660065 865.80992257595062 391.84359706938267 1300.6921624541283 304.07418601214886 178.57431066036224 221.44651181995869 65.086140349507332 271.03207871317863 755.88353808224201 1861.0026185661554 1637.565910577774 4099.0580439567566 1735.4458271861076 3225.5901646614075 1192.996917411685 6330.569718554616 1699.6305624097586 166.6092128008604 204.74568401277065 1551.6715743690729 1707.5478184968233 111.63271009922028
leaf_count=1110 21113 843 5630 387 16828 549 1118 22403 3491 1585 5277 1230 723 894 263 1100 3059 7516 6624 16628 7042 13095 4822 25677 6863 675 829 6285 6928 453
internal_value=8.35169e-05 -0.00703736 -0.00804847 0.0248532 -0.0151253 0.0186133 0.0438494 -0.0031471 0.0417417 -0.00672589 -0.000183425 -0.00353806 0.024506 0.0576324 0.00742403 -0.00788874 0.00889953 0.025636 0.0218301 -0.00459429 -0.00281222 -0.0213294 0.0201677 -0.00965588 0.0351731 -0.00888347 0.0174015 0.0037975 -0.00827177 0.00423237
internal_weight=47143.1 36624.2 35916.6 10518.9 14675.6 7678.77 707.672 21241 2840.13 6249.42 13083.3 7439.27 5006.1 499.144 2672.67 8157.68 2577.39 4827.52 2966.52 7135.2 5834.5 8426.17 2830.56 6768.21 1974.32 6497.18 960.629 1616.76 5857.58 5644.03
internal_count=191040 148519 145664 42521 59549 31057 2855 86115 11464 25341 53033 30177 20234 2012 10823 33082 10436 19511 11995 28947 23670 34208 11446 27452 7973 26352 3888 6548 23756 22856
cat_boundaries=0 1 2 3 4 5 6 7 8 9 10 11 12 13
cat_threshold=12583101 509952 16796684 16794637 17894130 285242377 268939857 2097922 67340868 24 403520 17055817 24
is_linear=0
shrinkage=0.04


Tree=2
num_leaves=31
num_cat=10
split_feature=41 62 40 30 50 50 41 40 50 50 40 41 50 40 50 42 40 17 12 36 50 40 40 50 16 50 36 50 42 1
split_gain=3343.61 1720.36 619.912 516.937 437.801 371.519 254.3 206.458 194.777 179.126 156.845 156.113 134.644 130.083 250.756 115.318 110.597 101.16 85.7152 79.0429 85.8064 82.4817 77.0023 75.7966 69.3315 66.2855 64.3441 62.4969 59.6189 55.789
threshold=0.60355338454246532 5.5000000000000009 0.37940952181816107 0.004673305433243514 0 1 0.12940952181816107 -0.6035533845424651 2 3 0.60355338454246532 0.12940952181816107 4 0.12940952181816109 5 -1.0000000180025095e-35 -0.6035533845424651 0.92893216013908397 30.500000000000004 0.050252525135874755 6 0.12940952181816109 0.78656607866287243 7 0.91709622740745556 8 0.012579114176332952 9 -0.60785761475563038 21.500000000000004
decision_type=2 2 2 8 9 9 2 2 9 9 2 2 9 2 9 2 2 8 8 10 9 2 2 9 2 9 10 9 2 2
left_child=1 2 4 10 11 17 9 27 18 29 13 16 26 -2 -15 -13 -1 -5 -6 21 -21 -9 28 -17 -25 -24 -3 -7 -11 -4
right_child=3 12 6 5 8 7 -8 19 -10 22 -12 15 -14 14 -16 23 -18 -19 -20 20 -22 -23 25 24 -26 -27 -28 -29 -30 -31
leaf_value=-0.021876084401047557 0.03460911564781325 0.074721836384021134 0.012545759576804939 -0.0050838021401242743 -0.0043275455546559214 0.011698125422202103 0.031434918132844013 0.029828454036220631 0.014780054396859461 -0.022363564969845911 0.062754521110659059 -0.019070191614622912 0.019817304587725119 -0.0030043066538084908 0.035620555240026976 -0.021007482532995479 -0.014096129730115108 0.0086215993251267543 -0.0141913053685815 0.0077155346111329138 0.023022223234832103 0.010437137308363337 0.0063811973815820567 -0.0091137204023832782 0.009874019471389741 -0.0073314225318710617 0.046190959241601742 -0.0066513667962901299 -0.0061908260096151281 0.0013580840658585047
leaf_weight=5600.566606014967 1974.5873520821333 304.24389830231667 1560.7866202890873 1654.1804606765509 6683.0308421999216 621.75546179711819 401.10156041383743 2216.3541481345892 741.66340531408787 400.81258134543896 231.25593483448029 773.9218625575304 222.16947674751282 520.5457234531641 542.9346736073494 224.87045675516129 6272.9434790313244 1786.284464597702 1788.6566005051136 1061.6537134200335 1436.6618157625198 429.29561917483807 1486.8929870724678 461.91540591418743 895.35936450958252 888.06794162094593 295.01006610691547 542.8412592113018 3835.6262551546097 1320.1982184797525
leaf_count=22799 7950 1219 6320 6705 27119 2516 1615 8928 2996 1627 928 3145 894 2108 2188 914 25506 7225 7267 4291 5794 1736 6022 1876 3635 3603 1186 2198 15561 5351
internal_value=2.8422e-05 -0.00654539 -0.00795809 0.0172744 -0.011501 0.0126437 0.000436483 0.0183944 -0.0046827 -0.000887113 0.0310363 -0.0158966 0.0504645 0.0285162 0.0170757 -0.00647099 -0.0177752 0.00202253 -0.00641205 0.0218645 0.0166769 0.0267151 -0.00451361 -0.000254699 0.0033629 0.00123662 0.0602113 0.00317925 -0.00775022 0.00741154
internal_weight=47176.2 34157.8 33336.4 13018.4 23442.9 9749.03 9893.49 6308.56 9213.35 9492.38 3269.32 14229.6 821.423 3038.07 1063.48 2356.07 11873.5 3440.46 8471.69 5143.97 2498.32 2645.65 6611.4 1582.15 1357.27 2374.96 599.254 1164.6 4236.44 2880.98
internal_count=191222 138655 135356 52567 95257 39393 40099 25463 37382 38484 13174 57875 3299 12246 4296 9570 48305 13930 34386 20749 10085 10664 26813 6425 5511 9625 2405 4714 17188 11671
cat_boundaries=0 1 2 3 4 5 6 7 8 9 10
cat_threshold=16796685 16794637 470266432 1311476 268497933 285231227 2112 9 203776 1050688
is_linear=0
shrinkage=0.04


Tree=3
num_leaves=31
num_cat=13
split_feature=51 32 61 51 50 50 50 37 51 50 36 50 51 51 50 5 5 50 51 5 37 42 12 12 36 33 2 1 39 5
split_gain=4328.35 712.194 581.215 559.072 334.398 221.898 196.229 216.19 161.332 160.279 127.582 112.413 79.3515 65.9468 63.8813 63.3245 62.3112 59.2985 56.6994 56.6233 51.3973 49.5218 48.0242 44.6255 44.3205 40.723 38.8604 46.916 37.2907 36.2878
threshold=0 0.011299795936793091 1.5000000000000002 1 2 3 4 0.98473194241523754 5 6 0.016261236742138866 7 8 9 10 0.88284313678741466 0.88284313678741466 11 12 0.86754387617111217 0.97740042209625255 -0.60785761475563038 30.500000000000004 24.500000000000004 1.0000000180025095e-35 0.86627903580665599 14.500000000000002 36.500000000000007 0.93295881152153026 0.83484846353530895
decision_type=9 8 2 9 9 9 9 10 9 9 10 9 9 9 9 2 2 9 9 2 10 2 8 8 8 10 2 2 10 2
left_child=2 6 5 4 12 15 18 -8 -4 24 -10 22 20 19 -15 -1 -7 -12 -2 -11 -3 -21 -6 -14 -5 -20 -9 -28 -17 -26
right_child=1 3 8 9 11 16 7 26 10 13 17 -13 23 14 -16 28 -18 -19 25 21 -22 -23 -24 -25 29 -27 27 -29 -30 -31
leaf_value=-0.028594708513191808 0.016753622247363535 -0.016332930018330177 0.050360486147465328 -0.0012567935680886429 -0.0064569518848637012 -0.0082412767675575198 0.012647753860726575 0.0059986195539539853 0.037466094747883191 -0.027272745064486511 0.017353295336009947 0.014526792332672941 -0.019389015404876375 -0.0038771603557659624 0.017973559026662918 0.0016208193728158681 0.020612315506525918 0.031448951950303811 0.045349431670494544 -0.0085640903933255283 -0.0036579497874061522 0.0051135802979480824 -0.015450258914817015 -0.027361705438033353 -0.034012283751166932 -0.0018527241698801449 0.05725900766751886 0.012369399969460739 0.014603681901693017 -0.0097050922701936056
leaf_weight=90.650763720273972 344.85804630815983 3452.579308360815 743.39618647098541 1079.3630087226629 5000.5394258499146 120.32289765775204 1023.163106739521 35.272423535585403 1749.9498172998428 91.482121512293816 1428.3855369836092 356.81013987958431 3384.9678526818752 6562.8183423876762 206.55267967283726 1494.4210294336081 3614.7250490188599 867.59879449009895 24.815839424729347 467.51204635202885 609.75388181209564 4042.1386407315731 1180.0919599086046 1795.4169160574675 96.847200781106949 1481.0143236666918 307.2958342730999 47.267257139086723 461.42252019047737 5052.4373436123133
leaf_count=370 1393 14072 2980 4376 20307 487 4139 143 7029 372 5753 1439 13816 26646 833 6049 14555 3486 100 1893 2481 16359 4804 7336 395 6008 1234 191 1867 20534
internal_value=-0.00014993 -0.00665647 0.0223801 -0.00840259 -0.0138663 0.0138398 0.011161 0.0222926 0.0327071 -0.00349001 0.029204 -0.00690266 -0.0187705 -0.000659063 -0.00316922 0.00315629 0.0196152 0.0229573 0.00248052 0.00302795 -0.0144068 0.00368328 -0.0081752 -0.0221371 -0.00864075 -0.000908085 0.0476397 0.0515856 0.00472336 -0.0101987
internal_weight=47213.9 36643 10570.9 33379.3 15780.2 5781.54 3263.69 1413 4789.33 17599.2 4045.93 6537.44 9242.72 11370.5 6769.37 2046.49 3735.05 2295.98 1850.69 4601.13 4062.33 4509.65 6180.63 5180.38 6228.65 1505.83 389.836 354.563 1955.84 5149.28
internal_count=191447 148871 42576 135663 64255 23328 13208 5707 19248 71408 16268 26550 37705 46103 27479 8286 15042 9239 7501 18624 16553 18252 25111 21152 25305 6108 1568 1425 7916 20929
cat_boundaries=0 1 2 3 4 5 6 7 8 9 10 11 12 13
cat_threshold=12583101 1034240 16862220 16794637 21023320 56 285234185 403092049 542720 2097920 67349060 16796751 3146496
is_linear=0
shrinkage=0.04


Tree=4
num_leaves=31
num_cat=6
split_feature=41 62 40 61 50 50 40 41 50 40 50 56 40 56 50 50 62 2 40 37 41 41 3 37 6 1 42 41 40 38
split_gain=2796.05 1472.34 507.516 441.211 382.025 248.328 208.707 193.726 180.873 174.289 275.363 138.09 129.768 111.021 105.853 89.165 81.0179 75.7223 66.719 65.9871 62.5749 59.7787 50.8422 50.709 47.5759 46.7732 46.1137 47.4128 44.3846 43.0421
threshold=0.60355338454246532 5.5000000000000009 0.60355338454246532 1.5000000000000002 0 1 0.60355338454246532 0.12940952181816107 2 0.12940952181816109 3 1.0000000180025095e-35 -0.6035533845424651 1.0000000180025095e-35 4 5 5.5000000000000009 22.500000000000004 -0.91597560048103321 0.9378221631050111 0.12940952181816107 0.12940952181816107 2.5000000000000004 0.98229950666427623 0.1012820526957512 22.500000000000004 -0.60785761475563038 0.37940952181816107 0.37940952181816107 1.0000000180025095e-35
decision_type=2 2 2 2 9 9 2 2 9 2 9 10 2 8 9 9 2 2 2 10 2 2 2 8 2 2 2 2 2 8
left_child=1 2 4 5 11 19 9 15 17 14 -11 18 -7 -3 16 -4 -5 -6 20 24 -1 -13 25 -16 -2 -17 -20 -28 -12 -19
right_child=3 13 7 6 8 12 -8 -9 -10 10 28 21 -14 -15 23 22 -18 29 26 -21 -22 -23 -24 -25 -26 -27 27 -29 -30 -31
leaf_value=-0.02352553429565853 -0.0035227516161890665 0.033982244019033825 -0.0061709438402306905 0.014631674745036521 -0.0017918742569205354 0.0011954293204504199 0.057402615782860496 0.029099149386727318 0.014505231783534718 -0.0054027033754041557 0.020772733114818739 -0.0076723774358518773 0.018067304647997603 0.064824315886639908 0.026135434744211747 0.0081279908082099849 0.04910859840482848 0.0031033148493230874 -0.018600890208182036 0.0085212598788351902 -0.011395623235754423 0.0086922370423669487 -0.024601580421830322 0.037678537324446419 -0.030280701124598079 -0.00024038313915382588 -0.013151072656028884 -0.0030208252175788859 0.042146919702950862 -0.01051208243112952
leaf_weight=2404.7353554368019 1673.866601318121 495.88500209152699 2094.675449192524 1405.3597987294197 4779.7155749648809 919.93597280979156 277.95228728652 400.44942039251328 795.65875209867954 823.09746277332306 459.00325892865658 1986.822801887989 3578.9145633429289 328.03798714280128 1479.5912839472294 2437.553088337183 115.37602512538433 407.49948926270008 2307.0763044953346 802.93712636828423 980.65988031029701 429.75823037326336 93.331046164035797 1167.0766019523144 109.05655942857265 1891.3083262890577 7631.0456345826387 828.12056016921997 255.6088712066412 3761.7029347717762
leaf_count=9853 6782 1988 8509 5653 19408 3725 1112 1606 3207 3332 1849 8096 14395 1313 5944 9856 462 1658 9425 3248 4000 1741 380 4679 447 7659 31141 3368 1024 15309
internal_value=-1.76784e-05 -0.00605401 -0.00736703 0.0157075 -0.00990135 0.00893888 0.0237049 0.00227058 -0.00359755 0.0220109 0.0104326 -0.0135951 0.0145945 0.0466028 0.0262606 0.000597899 0.0172995 -0.0052309 -0.0151129 -0.0009548 -0.0200397 -0.00474194 0.0038173 0.0311769 -0.00525075 0.00447112 -0.0135533 -0.0121641 0.0282924 -0.00917439
internal_weight=47121.8 34054 33230.1 13067.8 26312.8 7084.71 5983.07 6917.32 9744.58 5705.11 1537.71 16568.2 4498.85 823.923 4167.4 6516.87 1520.74 8948.92 14151.6 2585.86 3385.4 2416.58 4422.19 2646.67 1782.92 4328.86 10766.2 8459.17 714.612 4169.2
internal_count=191169 138517 135216 52652 107206 28597 24055 28010 39582 22943 6205 67624 18120 3301 16738 26404 6115 36375 57787 10477 13853 9837 17895 10623 7229 17515 43934 34509 2873 16967
cat_boundaries=0 1 2 3 4 5 6
cat_threshold=16862221 16794637 436646464 285231230 17040973 285405193
is_linear=0
shrinkage=0.04


Tree=5
num_leaves=31
num_cat=8
split_feature=41 62 40 61 50 50 40 41 40 50 50 41 50 50 36 40 42 40 2 50 52 16 6 2 36 8 2 36 38 40
split_gain=2525.59 1370.33 486.112 404.901 353.016 231.464 190.701 190.273 148.86 255.423 145.134 128.294 124.149 117.908 110.692 105.373 96.9013 87.1729 83.4376 68.3073 66.5461 64.4401 61.9927 55.8189 51.4223 50.1103 49.4496 49.373 46.2334 44.6907
threshold=0.60355338454246532 5.5000000000000009 0.37940952181816107 1.5000000000000002 0 1 0.60355338454246532 0.12940952181816107 0.12940952181816109 2 3 0.12940952181816107 4 5 0.055867666378617294 -0.6035533845424651 -1.0000000180025095e-35 -0.6035533845424651 41.500000000000007 6 7 0.92893216013908397 0.11834733933210374 21.500000000000004 0.012579114176332952 2.5000000000000004 40.500000000000007 0.027212143875658516 0.013072453904896976 0.91597560048103344
decision_type=2 2 2 2 9 9 2 2 2 9 9 2 9 9 10 2 2 2 2 9 1 2 2 2 10 10 2 10 8 2
left_child=1 2 4 5 11 22 8 12 14 27 18 17 23 24 -5 -7 -13 -1 26 21 -14 -18 25 -4 -3 -2 -6 -10 -17 -22
right_child=3 13 7 6 10 15 -8 -9 9 -11 -12 16 20 -15 -16 28 19 -19 -20 -21 29 -23 -24 -25 -26 -27 -28 -29 -30 -31
leaf_value=-0.019580597814581414 0.0050684128690749479 0.066447862755928067 0.011219336088480244 0.030322626784211052 -0.0044066678274283485 0.0017347951610647389 0.054434449764910159 0.026936251065658588 0.0039153660803689675 0.027399461050706245 0.012468293601634997 -0.017197266437607828 0.00087356561561802311 0.016260870607351877 0.017011759323316777 0.026105201296742653 -0.007521588911294055 -0.012651481189146371 -0.015576417458750347 -0.017000916520806014 -0.0087994506555291313 0.01094043410286707 -0.030457323119786533 6.7805590431789715e-05 0.041182123660554015 -0.0063664228426015624 0.026066716699921298 -0.015599988864117375 0.01460432563975109 0.005089524514996736
leaf_weight=5551.2414685934782 1411.0503764748573 310.3377258181572 1557.2343281954527 2426.4344399869442 7202.548078507185 922.00606581568718 282.29462093114853 407.42730075120926 440.33502061665058 709.91175493597984 758.8747740238905 772.87081132829189 2755.7732605040073 220.82648032903671 1759.4178638756275 713.36767959594727 475.82669569551945 6259.7175740152597 1163.666554749012 289.27443011105061 3401.582467854023 808.89655764400959 105.83610755205154 1336.0822105407715 301.10425579547882 1076.3775140494108 81.131368771195412 382.59163776040077 2880.7965648025274 410.76852072775364
leaf_count=22798 5708 1245 6294 9724 29290 3733 1130 1632 1784 2850 3055 3157 11191 885 7067 2865 1938 25582 4748 1181 13823 3284 436 5416 1205 4365 331 1549 11574 1662
internal_value=-8.77233e-05 -0.00582984 -0.00710267 0.0148272 -0.0102463 0.0083553 0.0224778 0.000339064 0.0208507 0.0101177 -0.00412644 -0.0142085 -0.00081777 0.04471 0.0247595 0.0138036 -0.00564759 -0.0159168 -0.00563907 4.74077e-05 -0.00385828 0.00405302 -0.00118207 0.00606473 0.0536036 0.00010938 -0.00404684 -0.00511116 0.0169257 -0.00727396
internal_weight=47175.6 34065.2 33232.9 13110.4 23364 7109.43 6000.99 9868.87 5718.69 1532.84 9206.22 14157.8 9461.44 832.268 4185.85 4516.17 2346.87 11811 8447.35 1574 6568.12 1284.72 2593.26 2893.32 611.442 2487.43 7283.68 822.927 3594.16 3812.35
internal_count=191502 138717 135382 52785 95364 28681 24104 40018 22974 6183 37424 57940 38386 3335 16791 18172 9560 48380 34369 6403 26676 5222 10509 11710 2450 10073 29621 3333 14439 15485
cat_boundaries=0 1 2 3 4 5 6 7 8
cat_threshold=16796685 16794637 285231231 470266432 1311476 268497933 19460 3
is_linear=0
shrinkage=0.04


Tree=6
num_leaves=31
num_cat=12
split_feature=51 62 51 62 50 50 50 50 50 61 50 36 39 36 6 36 2 2 51 50 36 42 30 50 38 51 5 35 9 6
split_gain=3450.78 839.802 524.545 487.097 342.315 298.238 160.951 125.903 120.907 114.966 104.857 82.9642 80.6727 72.0188 70.859 66.9957 57.5546 57.3076 52.7823 50.6514 50.2016 41.9685 40.437 37.841 38.0823 37.1048 35.6214 33.5512 32.2759 28.5238
threshold=0 5.5000000000000009 1 4.5000000000000009 2 3 4 5 6 1.0000000180025095e-35 7 1.0000000180025095e-35 0.97530490159988414 1.0000000180025095e-35 0.13397436589002612 0.071067821234464659 31.500000000000004 25.500000000000004 8 9 0.036038961261510856 -1.0000000180025095e-35 0.020833334885537628 10 1.0000000180025095e-35 11 0.92349499464035045 0.90990260243415844 26.500000000000004 0.012579114176332952
decision_type=9 2 9 2 9 9 9 9 9 2 9 10 10 8 2 8 2 2 9 9 10 2 10 9 10 9 2 10 8 2
left_child=3 2 4 5 13 10 -3 17 26 -7 15 -8 14 -2 19 -1 22 -6 -17 -10 -11 -21 -15 24 -22 -24 -4 -12 -19 -20
right_child=1 6 8 -5 7 9 11 -9 12 20 27 -13 -14 16 -16 18 -18 28 29 21 23 -23 25 -25 -26 -27 -28 -29 -30 -31
leaf_value=0.018954324551095702 -0.007286547655135504 0.0036565858933931884 -0.028719537157319185 0.044564177530657861 -0.0020810619867718703 0.013925255412041131 0.063789578380240367 0.015964304243389186 0.030684965449351981 0.030868990056994373 -0.031356423268642082 0.030608240005795331 0.0071710482460609418 -0.0069526506634631884 -0.024836792176640823 0.034179172743122162 -0.020367638334434904 -0.011098216771202237 0.0076605138305201161 -0.0046781117682956497 0.022666395576861804 0.0004317686254355585 -0.011989381440565142 0.026009599442115047 0.0041636652516993658 -0.018450969881035048 -0.0086584495383232561 -0.0020593475071543337 0.01200528888738794 -0.0048060783697818363
leaf_weight=1196.0128033310175 1708.9911801218987 190.56474260985851 149.39171230792999 1164.6744837462902 3662.3941466957331 1677.5178043544292 281.08851394057274 471.33098435401917 65.57707853615284 2094.0330076664686 63.562689602375031 243.75429911911488 2092.4707240611315 1096.0044770389795 196.61649586260319 88.717709273099899 3573.2901609092951 2235.1615672856569 1156.9939924031496 3700.1190455108881 366.54424162209034 8386.0516291856766 3065.3193661570549 1281.9622993916273 352.89422935247421 3217.5998946130276 2106.0662092715502 752.55012068152428 96.33262312412262 387.0506724268198
leaf_count=4811 6986 768 612 4665 14877 6734 1132 1895 264 8384 261 976 8478 4494 803 356 14693 9124 4668 15024 1471 34011 12561 5138 1417 13228 8582 3040 393 1567
internal_value=6.8669e-05 -0.00575754 -0.00661865 0.0201662 -0.0111379 0.0171463 0.037 -0.0036254 -0.00143116 0.0227973 0.00808677 0.0479462 -8.05147e-05 -0.0149635 -0.0013134 0.0117262 -0.0161694 -0.00520518 0.00644918 -0.00092109 0.0264607 -0.00113129 -0.0141213 0.0217729 0.0135229 -0.0153621 -0.0100123 -0.00448789 -0.0101114 0.00448816
internal_weight=47120.6 36538.1 35822.7 10582.5 19126.4 9417.84 715.408 6465.22 16696.3 5772.95 3644.89 524.843 14440.8 12661.2 12348.4 2828.78 10952.2 5993.89 1632.76 12151.7 4095.43 12086.2 7378.92 2001.4 719.438 6282.92 2255.46 816.113 2331.49 1544.04
internal_count=191413 148901 146025 42512 78251 37847 2876 26289 67774 23144 14703 2108 58580 51962 50102 11402 44976 24394 6591 49299 16410 49035 30283 8026 2888 25789 9194 3301 9517 6235
cat_boundaries=0 1 2 3 4 5 6 7 8 9 10 11 12
cat_threshold=12583101 1042432 16866317 16794701 16779890 335979088 285212681 17476 24 3408256 2048 581632
is_linear=0
shrinkage=0.04


Tree=7
num_leaves=31
num_cat=9
split_feature=32 40 62 50 36 50 40 50 40 40 36 45 50 40 61 50 36 50 37 50 50 6 37 40 40 42 40 50 45 37
split_gain=1860.97 684.023 536.144 261.267 295.688 169.919 162.685 155.632 106.425 95.3775 91.2242 90.938 90.2076 75.8627 77.4367 74.4837 73.0929 69.8901 62.3718 60.6249 54.9822 54.1141 50.9029 66.481 46.4513 43.8868 40.9163 40.7089 40.6994 39.9473
threshold=0.016807910054922107 -0.6035533845424651 5.5000000000000009 0 0.021390985697507862 1 1.0000000180025095e-35 2 1.0000000180025095e-35 0.60355338454246532 0.016261236742138866 1.0000000180025095e-35 3 1.0000000180025095e-35 1.0000000180025095e-35 4 0.012579114176332952 5 0.98786765336990368 6 7 0.067424245178699507 0.98019608855247509 1.0000000180025095e-35 0.91597560048103344 -0.60785761475563038 0.60355338454246532 8 1.0000000180025095e-35 0.69459062814712536
decision_type=8 2 2 9 8 9 2 9 2 2 8 2 9 2 2 9 10 9 10 9 9 2 10 2 2 2 2 9 2 10
left_child=2 5 12 4 8 18 19 16 15 13 -7 -11 -1 14 -6 -3 -4 -12 -2 -5 -15 24 26 -24 27 -13 -14 -8 -28 -21
right_child=1 3 7 6 9 10 21 -9 -10 11 17 25 22 20 -16 -17 -18 -19 -20 29 -22 -23 23 -25 -26 -27 28 -29 -30 -31
leaf_value=-0.0011448902565988912 -0.017156814134568522 0.018265085201113369 0.063630184907893281 0.027211571793423296 -0.0090952359848521652 0.0026248665562845627 0.00062438645460007622 0.024360296459150308 0.0010734426514300668 0.021706496394286793 -0.0093590523259777375 -0.016213878373718734 0.010734339997309952 -0.0018281940266768795 0.00055772060765059211 -0.00035537007580314049 0.039430817287534788 0.0063896111997119543 -0.0034559492268123005 0.0043297485355325493 -0.013053005502754164 -0.014240290007807336 0.029128377194736613 0.0094743651006272359 0.015720067546103854 0.00021318843790340284 0.034135560396319417 0.01994983385322345 0.0060508367183734237 0.013711717935433212
leaf_weight=600.86946441233158 4871.0156624019146 1505.7484144568443 453.5952250212431 404.14135502278805 2402.7116937339306 1417.2504678070545 4056.4722729325294 687.40728181600571 2083.5775665342808 297.05020421743393 7262.5945744365454 280.78412558138371 2572.4332707375288 894.16540220379829 2960.4740004688501 450.16630616784096 441.36344496905804 472.16316516697407 604.13115149736404 1075.3759666532278 3559.7627140283585 317.1679310798645 805.99586215615273 432.31431321799755 396.34532511234283 2883.9351599663496 250.47502939403057 167.5330171585083 128.480772331357 2319.6041507422924
leaf_count=2436 20036 6060 1832 1623 9796 5769 16453 2759 8461 1195 29690 1141 10392 3648 12020 1824 1768 1900 2466 4344 14564 1289 3236 1748 1597 11695 1005 674 519 9353
internal_value=2.14053e-05 -0.0031273 0.0201113 0.00075849 -0.00208594 -0.0100482 0.00639225 0.0402754 0.00738121 -0.00497066 -0.00667888 0.000732287 0.0134117 -0.00698305 -0.00376753 0.0140706 0.051432 -0.00839543 -0.0156247 0.0126173 -0.010842 0.00160345 0.0154688 0.0223486 0.0027096 -0.00126124 0.0125949 0.00146693 0.0248686 0.010725
internal_weight=47055.1 40682.2 6372.93 26055 17318.4 14627.2 8736.64 1582.37 4039.49 13278.9 9152.01 3461.77 4790.57 9817.11 5363.19 1955.91 894.959 7734.76 5475.15 3799.12 4453.93 4937.52 4189.7 1238.31 4620.35 3164.72 2951.39 4224.01 378.956 3394.98
internal_count=191293 165598 25695 105737 70404 59861 35333 6359 16345 54059 37359 14031 19336 40028 21816 7884 3600 31590 22502 15320 18212 20013 16900 4984 18724 12836 11916 17127 1524 13697
cat_boundaries=0 1 2 3 4 5 6 7 8 9
cat_threshold=16927757 16827404 277885965 150995017 150528 402864705 269484082 131076 268546624
is_linear=0
shrinkage=0.04


Tree=8
num_leaves=31
num_cat=16
split_feature=51 62 51 32 50 50 50 50 50 62 38 36 35 6 36 6 52 51 12 51 50 50 50 51 8 50 2 30 50 5
split_gain=3077.01 667.549 444.289 409.051 286.603 179.65 151.864 126.674 113.532 111.925 73.3042 67.8568 66.4789 62.3031 60.8377 59.9686 59.9103 58.986 53.9474 50.6665 47.84 46.6319 42.4469 40.4741 39.1897 37.2888 35.5439 35.7302 34.6885 32.8523
threshold=0 5.5000000000000009 1 0.016807910054922107 2 3 4 5 6 5.5000000000000009 0.024695121683180336 0.033520599827170379 0.85053193569183361 0.1012820526957512 0.050252525135874755 0.1012820526957512 7 8 30.500000000000004 9 10 11 12 13 2.5000000000000004 14 31.500000000000004 0.022843228653073314 15 0.92349499464035045
decision_type=9 2 9 10 9 9 9 9 9 2 8 10 10 2 10 2 1 9 8 9 9 9 9 9 10 9 2 8 9 2
left_child=3 2 4 9 17 12 -3 18 29 25 -10 -8 -5 16 -7 19 -12 -2 23 -16 -18 24 -21 -6 -14 -1 27 -19 -25 -4
right_child=1 6 8 5 7 14 11 -9 10 -11 13 -13 21 -15 15 -17 20 26 -20 22 -22 -23 -24 28 -26 -27 -28 -29 -30 -31
leaf_value=0.0010531144862710878 -0.010523631121710455 0.0024836512666924623 -0.027553090814913861 -0.0307537443608332 0.00045132482784317782 0.023731306626597552 0.057577585033996223 0.015171500418683209 0.006148234737701784 0.044115544831710575 0.001697425800087354 0.026751563776800026 0.01407609877463134 -0.019919751218199146 0.041459675456683637 -0.013452512983313734 -0.0069100631861346217 -0.0066662565579781443 -0.012623727537422415 0.0096418989791566684 0.00079620565398118228 -0.0017389205298496977 0.021124250214934998 -0.011289755705891759 0.0025063559735919289 0.027815215839759207 -0.020533746860893456 -0.016062056892083173 -0.003028079275474519 -0.0084819449262224598
leaf_weight=100.864901304245 4395.2702466994524 209.16149452328682 153.03700719773769 70.523243829607964 2148.4002671092749 2306.2318883985281 290.31422623991966 488.0324113368988 2445.325432986021 866.25824952125549 6206.9968356341124 216.59501047432423 1411.0817996263504 280.22377029061317 111.65194401144981 111.8236780911684 3437.2207610011101 792.52091391384602 1407.2761859893799 1367.0203268676996 2052.3775960803032 694.41638632118702 922.5508631169796 1429.0891831815243 710.59536981582642 1879.0502654463053 2467.3045747876167 4037.135560631752 1951.9080865085125 2086.3449801206589
leaf_count=405 18032 841 631 292 8739 9232 1183 1959 9904 3482 25179 867 5678 1147 447 452 13978 3262 5764 5489 8320 2810 3695 5827 2873 7524 10220 16687 7940 8520
internal_value=2.85313e-05 -0.00547275 -0.00624187 0.0190374 -0.0104003 0.0142485 0.0326296 -0.00423127 -0.00146056 0.0320154 -0.00015405 0.043976 0.0062552 -0.00144462 0.0189683 0.0146263 -0.00099197 -0.0143056 -0.00562903 0.0159675 -0.00403099 0.00726414 0.0143846 -0.00384558 0.0101777 0.0266134 -0.0165547 -0.0145329 -0.00656048 -0.00980893
internal_weight=47046.6 36494.5 35778.5 10552.1 19116.9 7705.9 716.071 7424.71 16661.5 2846.17 14422.1 506.909 2886.62 11976.8 4819.28 2513.05 11696.6 11692.2 6936.67 2401.22 5489.6 2816.09 2289.57 5529.4 2121.68 1979.92 7296.96 4829.66 3381 2239.38
internal_count=191379 149000 146109 42379 78430 30968 2891 30229 67679 11411 58528 2050 11653 48624 19315 10083 47477 48201 28270 9631 22298 11361 9184 22506 8551 7929 30169 19949 13767 9151
cat_boundaries=0 1 2 3 4 5 6 7 8 9 10 11 12 13 14 15 16
cat_threshold=12583101 1042432 16862221 16925709 17894002 268874320 285212681 7 548864 24 60480 148484 43072 155648 17039369 36928
is_linear=0
shrinkage=0.04


Tree=9
num_leaves=31
num_cat=9
split_feature=51 63 51 21 2 63 5 51 38 6 36 37 41 52 36 34 51 42 22 51 37 51 33 36 51 21 2 52 8 38
split_gain=2834.31 604.379 441.374 396.485 140.902 134.797 115.059 104.782 89.8378 85.603 81.6925 74.3678 64.2936 62.0379 53.6973 48.431 41.6213 50.3922 34.0914 32.4278 40.6623 27.5112 26.3582 25.7291 24.2257 24.9865 23.3222 23.201 22.2087 22.0058
threshold=0 1.8691406250000002 1 -1.0000000180025095e-35 31.500000000000004 1.8691406250000002 0.91734972596168529 2 0.024695121683180336 0.1012820526957512 1.0000000180025095e-35 0.98473194241523754 0.91597560048103344 3 0.016261236742138866 0.94974747300148021 4 -0.60785761475563038 1.5000000000000002 5 0.99494948983192455 6 0.74999997019767772 1.0000000180025095e-35 7 -1.0000000180025095e-35 45.500000000000007 8 1.5000000000000002 0.2356245890259743
decision_type=9 2 9 10 2 2 2 9 8 2 8 10 2 1 8 10 9 2 2 9 10 9 10 8 9 8 2 1 10 10
left_child=3 2 4 6 15 23 22 -8 28 13 12 18 -3 24 -6 19 17 -15 27 -2 -21 -16 -1 -5 -10 -26 -7 -9 -4 -29
right_child=1 10 8 5 14 26 7 11 9 -11 -12 -13 -14 16 21 -17 -18 -19 -20 20 -22 -23 -24 -25 25 -27 -28 29 -30 -31
leaf_value=-0.018399429496733535 -0.0050100320017385938 0.056572405973506712 0.0088609444141390312 0.029784601721467536 -0.0059975248429382988 0.045559408439761161 0.039040395597321614 0.018005479305476708 -0.0023176792417616897 -0.021010383132042426 0.018702976923785825 0.020867705052335959 0.012969707876365569 -0.016758178093598506 -0.012635037191751818 -0.0016774876345342449 -0.0017767666220020958 -0.0050353206394017679 0.0051278815527529154 -0.011022394459154729 -0.0023770373163832827 -0.019269493579571483 0.0033488880587616639 0.02162405439755815 0.0012346042132562087 0.0099096014320375642 0.025961344325050116 0.012326832765611591 0.0015329708246790191 0.0030686270903310326
leaf_weight=211.84344419836998 2897.7307734638453 237.23016346991062 1457.4068296402693 1011.2860658168793 867.93835015594959 720.30535423755646 240.85811124742031 917.0387687087059 2762.742945343256 382.02713130414486 398.2662960588932 1338.9774581193924 75.911568656563759 814.45238123834133 1870.0236569941044 1802.1268462240696 3426.7942337393761 2122.9878058135509 1503.7281568199396 7514.0290825366974 994.87436939775944 3111.3528140187263 146.8562199473381 2026.3561285287142 3843.7938830703497 613.57879143953323 145.84445340931416 1768.4905890077353 1226.9746521264315 547.92004716396332
leaf_count=865 11854 978 5899 4050 3561 2905 965 3682 11246 1573 1598 5365 306 3329 7694 7364 13921 8640 6053 30909 4069 12883 594 8123 15589 2480 587 7100 4976 2202
internal_value=9.74975e-05 -0.00519726 -0.0059282 0.0183082 -0.010082 0.0284529 0.0123834 0.0136367 -0.0011643 -0.00245436 0.0311767 0.0125103 0.0464351 -0.00192351 -0.0152599 -0.00779027 -0.00479727 -0.00828726 0.0101507 -0.00875311 -0.0100042 -0.0168621 -0.00951677 0.0243919 0.000614184 0.00243754 0.0424503 0.0124689 0.00552799 0.0101133
internal_weight=46999.7 36420.2 35708.8 10579.5 19058.1 3903.79 6675.71 6317.01 16650.8 13966.4 711.408 6076.16 313.142 13584.4 5849.31 13208.8 6364.23 2937.44 4737.18 11406.6 8508.9 4981.38 358.7 3037.64 7220.12 4457.37 866.15 3233.45 2684.38 2316.41
internal_count=191360 148869 145987 42491 78334 15665 26826 25367 67653 56778 2882 24402 1284 55205 24138 54196 25890 11969 19037 46832 34978 20577 1459 12173 29315 18069 3492 12984 10875 9302
cat_boundaries=0 1 2 3 4 5 6 7 8 9
cat_threshold=12583101 1042432 24 7 1050112 24576 534528 5122 65
is_linear=0
shrinkage=0.04


Tree=10
num_leaves=31
num_cat=7
split_feature=51 62 51 15 62 52 6 36 2 51 36 36 6 1 39 51 34 42 37 6 36 51 39 38 51 10 22 7 1 17
split_gain=2603.83 596.472 411.196 341.341 138.199 108.814 105.168 104.157 102.999 83.2096 80.0206 65.3792 62.2688 61.3946 53.8949 48.7006 38.3226 37.6079 35.6573 35.5477 32.9117 39.7598 32.8099 30.4423 26.4922 24.782 23.2026 22.3847 20.9372 20.2602
threshold=0 5.5000000000000009 1 0.016807910054922107 5.5000000000000009 2 0.077677227556705489 0.012579114176332952 31.500000000000004 3 1.0000000180025095e-35 1.0000000180025095e-35 0.15504807978868487 36.500000000000007 0.97814142704010021 4 0.94764256477355968 -0.60785761475563038 0.99494948983192455 0.19098278135061267 0.055867666378617294 5 0.76689496636390697 0.036038961261510856 6 31.500000000000004 1.5000000000000002 1.0000000180025095e-35 45.500000000000007 0.97860902547836315
decision_type=9 2 9 10 2 1 2 8 2 9 8 8 2 2 10 9 8 2 10 2 10 9 8 8 9 2 2 2 2 10
left_child=3 2 8 4 20 14 9 -7 16 -5 13 25 15 -3 19 17 -2 -9 27 24 -1 -22 -12 -13 -4 -11 -25 -10 -6 -27
right_child=1 10 5 6 28 7 -8 12 18 11 22 23 -14 -15 -16 -17 -18 -19 -20 -21 21 -23 -24 26 -26 29 -28 -29 -30 -31
leaf_value=0.02598634519091296 -0.0097316289109214138 0.053081580259155985 0.0028306199129492699 0.036552053332723961 0.043518844339284234 0.0023807229837783761 -0.0094865133868461699 -0.013149693757452143 -0.012792417658476085 0.024187188795149375 0.033162969771521722 0.016338686440391961 -0.029973152941880743 -0.0020565445448313289 0.0099935239975482322 -0.0024828386741313768 -0.0025485793857380457 -0.006160494505417136 -0.0055844641076642386 -0.029348147424025629 0.037736957396743376 0.01494151745834589 0.0092701328872574051 0.010096320892590485 -0.0022120009742661729 0.0068512187114909227 0.0032249416750983924 -0.019413755861893207 0.024609935204801481 0.021715692103574158
leaf_weight=1946.655140414834 8634.5502337366343 270.35991722345352 3594.5092564374208 219.56260943412781 723.1912447065115 2833.2557409405708 352.78684321045876 1715.7181399911642 1271.2759610414505 781.06029303371906 154.19837032258511 829.77227576076984 169.75407607853413 35.406276002526283 1036.7685929536819 4199.0752523988485 1392.0017024576664 4500.267753303051 475.34717527031898 59.440657138824463 140.34897984564304 1271.2072930932045 239.29409192502499 2349.5701043605804 3080.5644316077232 363.10083001852036 1204.9631151407957 2697.1965315490961 140.34478186070919 256.72156397998333
leaf_count=7800 35548 1121 14566 880 2929 11490 1437 7036 5269 3129 618 3330 703 143 4203 17062 5696 18369 1955 246 565 5094 961 9434 12583 1455 4850 11205 566 1028
internal_value=8.31725e-06 -0.00507408 -0.00579514 0.0174599 0.0262953 -0.00223897 0.0116009 -0.00441934 -0.0109894 0.01285 0.0313771 0.0118327 -0.00624585 0.0467021 0.00152441 -0.005843 -0.00873816 -0.00808886 -0.0160737 0.000213449 0.0225489 0.0177192 0.0189819 0.00942145 0.000501455 0.0193885 0.00778039 -0.0173165 0.0406281 0.0131644
internal_weight=46938.3 36359 35659.7 10579.3 4221.75 21189.4 6357.54 13418.1 14470.4 6004.75 699.259 5785.19 10584.8 305.766 7771.28 10415.1 10026.6 6215.99 4443.82 6734.51 3358.21 1411.56 393.492 4384.31 6675.07 1400.88 3554.53 3968.47 863.536 619.822
internal_count=191271 148774 145931 42497 16954 86258 25543 54660 59673 24106 2843 23226 43170 1264 31598 42467 41244 25405 18429 27395 13459 5659 1579 17614 27149 5612 14284 16474 3495 2483
cat_boundaries=0 1 2 3 4 5 6 7
cat_threshold=12583101 509952 3 24 1582592 24 3146498
is_linear=0
shrinkage=0.04


Tree=11
num_leaves=31
num_cat=14
split_feature=51 62 51 32 50 50 50 50 50 62 36 32 36 5 5 12 5 61 2 24 52 51 50 37 50 51 51 1 33 50
split_gain=2380.68 529.823 378.519 339.135 259.628 166.732 137.976 120.96 105.387 89.7907 63.7995 60.3841 59.6244 53.4749 53.0126 51.8882 49.3589 45.0573 43.5982 45.9985 43.2931 41.1322 48.3611 41.1017 39.5145 37.0123 32.9805 32.5793 30.2779 30.2288
threshold=0 5.5000000000000009 1 0.016807910054922107 2 3 4 5 6 5.5000000000000009 0.012579114176332952 0.011299795936793091 1.0000000180025095e-35 0.83484846353530895 0.88284313678741466 28.500000000000004 0.92349499464035045 1.0000000180025095e-35 25.500000000000004 26.500000000000004 7 8 9 0.98907071352005016 10 11 12 52.500000000000007 0.97857144474983226 13
decision_type=9 2 9 10 9 9 9 9 9 2 8 8 10 2 2 10 2 2 2 10 1 9 9 10 9 9 9 2 10 9
left_child=3 2 4 9 10 14 -3 11 18 24 25 -4 -8 -9 -5 28 -13 -7 -6 -20 21 -15 -23 26 -1 -2 -16 -25 -12 -22
right_child=1 6 7 5 8 17 12 13 -10 -11 15 16 -14 20 23 -17 -18 -19 19 -21 29 22 -24 27 -26 -27 -28 -29 -30 -31
leaf_value=-0.0052588189070288827 0.0097216428897017645 4.6095764974471997e-05 0.0083762865852327686 -0.023771510356247964 -0.0015971477171092523 0.01161596087788502 0.054046873374245907 -0.02478479471098264 0.015019909372207627 0.039347437800438659 -0.01304259458547917 -0.021699191961231375 0.025424738726993936 0.0070465733397021999 0.025801298404727491 -0.018331918948164105 -0.0057107455401692727 0.019542151717273054 -0.0097942411793456915 0.01733886131687239 -0.0016753743335924394 -0.0042715325357131212 0.0079467628698912419 0.020821514843545143 0.024675385989506519 -0.0077745154861619268 0.0018383704823373265 -0.0069267839992878033 -0.0049506798318600465 0.015082144367357855
leaf_weight=73.831015035510063 208.9557431191206 200.25537930428982 458.6557919383049 99.120052814483643 3626.1969831138849 1875.7373908162117 262.86849248409271 117.3117398172617 471.13572311401367 860.84675158560276 6894.3185354024172 324.1294015198946 241.82783024013042 3283.8461891263723 81.796020686626434 3110.6618097275496 5584.0861987173557 3162.1000295728445 2248.7176783680916 99.647177219390869 4476.3123067170382 1461.3348929733038 783.73283272981644 384.86066687107086 1908.8605175763369 1508.8263285756111 2056.0002896636724 78.148937597870827 847.27015252411366 164.04699099063873
leaf_count=296 849 804 1853 413 14775 7519 1102 485 1891 3500 28595 1341 970 13273 328 12969 22774 12664 9245 408 18188 5939 3182 1543 7657 6204 8288 314 3491 660
internal_value=-5.25056e-05 -0.00491161 -0.00559374 0.0166325 -0.0094472 0.0122889 0.0293019 -0.00118457 -0.00290013 0.0284615 -0.0127954 -0.00551186 0.0399714 0.00149598 0.00418839 -0.013941 -0.00660887 0.0165765 -0.00435066 -0.00860002 0.00181462 0.00420041 9.34834e-06 0.0053213 0.0236379 -0.00560129 0.00295162 0.0160713 -0.0121633 -0.00103198
internal_weight=46955.4 36374.1 35669.2 10581.3 19015.7 7737.76 704.952 16653.5 6445.7 2843.54 12570 6366.87 504.696 10286.6 2699.93 10852.3 5908.22 5037.84 5974.56 2348.36 10169.3 5528.91 2245.07 2600.81 1982.69 1717.78 2137.8 463.01 7741.59 4640.36
internal_count=191520 148998 146122 42522 78427 31069 2876 67695 26319 11453 52108 25968 2072 41727 10886 45055 24115 20183 24428 9653 41242 22394 9121 10473 7953 7053 8616 1857 32086 18848
cat_boundaries=0 1 2 3 4 5 6 7 8 9 10 11 12 13 14
cat_threshold=12583101 1042432 16866317 16794637 16845424 285242377 403087952 7 3146496 100896 9 524288 24 134449732
is_linear=0
shrinkage=0.04


Tree=12
num_leaves=31
num_cat=7
split_feature=51 62 15 51 36 2 62 35 52 51 2 36 37 33 38 35 51 8 33 10 37 51 37 51 33 3 40 37 42 62
split_gain=2320.58 490.659 334.176 332.533 116.397 115.248 113.123 96.3544 89.3123 74.1865 72.1679 76.1678 65.7057 51.7311 43.5022 40.03 38.9205 37.6419 36.1465 32.4192 31.6622 33.892 29.6399 26.9288 25.0056 24.7568 23.7759 22.8909 21.2725 20.3016
threshold=0 5.5000000000000009 0.016807910054922107 1 0.012579114176332952 31.500000000000004 5.5000000000000009 0.91734972596168529 2 3 39.500000000000007 0.028778468258678917 0.92264956235885631 0.99557489156723034 0.033520599827170379 0.90990260243415844 4 2.5000000000000004 0.99873736500740062 34.500000000000007 0.98229950666427623 5 0.98963701725006115 6 0.74999997019767772 3.5000000000000004 -0.37940952181816096 0.94474968314170849 -1.0000000180025095e-35 3.5000000000000004
decision_type=9 2 10 9 8 2 2 10 1 9 2 8 8 10 8 8 9 10 10 2 10 9 10 9 10 2 2 10 2 2
left_child=2 3 6 5 26 18 20 24 14 -9 11 -3 -11 15 -6 -10 -17 -14 23 -19 21 -1 29 -2 -4 -16 28 -21 -5 -7
right_child=1 10 7 4 8 22 -8 9 13 12 -12 -13 17 -15 25 16 -18 19 -20 27 -22 -23 -24 -25 -26 -27 -28 -29 -30 -31
leaf_value=0.035381929240435851 -0.011331318300376004 0.049046719082789389 -0.018059522720170945 -0.00060213774503631464 0.0072763129243868319 -0.016923198628854389 0.038492709808940491 0.034198180521294107 -0.019465888725676651 0.0069559568016435381 -0.00088290548347011129 0.019546672137442531 0.018832720160267984 0.005120984613503559 -0.0011242710751246765 -0.0081546178197420549 -0.0028921838094858551 0.01625882862587175 0.0024313639217201991 -0.016457834245247226 0.02772462183748118 0.017251314958907287 -0.0057821201749721244 -0.0066890737326189189 0.0034217140640224004 -0.026920706200869927 0.0020113865409164618 0.0056208231586669048 0.012079033382863537 0.0060178849287825841
leaf_weight=200.04135984182358 3104.4804562330246 280.03702579438686 209.87110669910908 278.8822708427906 1104.4810695648193 3898.979178160429 846.66231118142605 222.84819991886616 370.19744762778282 3037.7013785094023 111.27504132688046 303.64486323297024 1837.4851901531219 635.09260855615139 5372.9982479810715 5792.4507505297661 3768.3704402446747 451.83367818593979 531.53305000066757 89.26246964931488 1085.0416361838579 2066.4715574383736 468.73011676967144 6346.8280020058155 140.76436695456505 55.292841255664825 2960.8787662386894 363.36508312821388 830.56696866452694 59.101751372218132
leaf_count=809 12820 1182 861 1132 4483 16292 3461 895 1533 12202 448 1220 7362 2573 21878 23732 15329 1812 2168 359 4358 8281 1932 26201 570 230 12009 1457 3357 244
internal_value=8.58441e-05 -0.00471725 0.0165832 -0.0053708 -0.002174 -0.010055 0.0253569 0.0107929 -0.00362268 0.0119858 0.0284453 0.0340305 0.0110189 -0.00589214 5.55117e-05 -0.0066066 -0.00609668 0.0155321 -0.00766913 0.00873785 0.0219802 0.0191664 -0.0154387 -0.00824027 -0.00945267 -0.00141525 0.00389844 0.00109075 0.00888502 -0.0165684
internal_weight=46825.2 36273.8 10551.3 35578.9 21169.2 14409.7 4198.22 6353.13 17098.9 6002.5 694.957 583.682 5779.65 10566.1 6532.77 9931.02 9560.82 2741.95 9982.84 904.461 3351.55 2266.51 4426.81 9451.31 350.635 5428.29 4070.33 452.628 1109.45 3958.08
internal_count=191190 148763 42427 145913 86256 59657 16909 25518 69758 24087 2850 2402 23192 43167 26591 40594 39061 10990 41189 3628 13448 9090 18468 39021 1431 22108 16498 1816 4489 16536
cat_boundaries=0 1 2 3 4 5 6 7
cat_threshold=12583101 509952 3 24 1582592 24 264192
is_linear=0
shrinkage=0.04


Tree=13
num_leaves=31
num_cat=15
split_feature=51 62 51 61 50 50 50 62 50 50 50 51 50 52 36 15 6 36 2 50 41 51 39 11 38 40 51 50 6 36
split_gain=1988.89 442.449 310.129 303.985 227.535 131.378 129.332 117.645 102.642 101.378 86.1792 66.5704 65.8637 58.6688 53.6393 50.0546 44.8366 40.2547 38.6595 61.6568 42.8391 36.6989 37.2613 34.1256 31.9348 35.2958 31.466 31.1105 31.8019 29.6755
threshold=0 5.5000000000000009 1 1.5000000000000002 2 3 4 4.5000000000000009 5 6 7 8 9 10 1.0000000180025095e-35 0.011299795936793091 0.077677227556705489 0.020101009868085388 22.500000000000004 11 0.60355338454246532 12 0.93295881152153026 20.500000000000004 1.0000000180025095e-35 -0.91597560048103321 13 14 0.067424245178699507 0.016261236742138866
decision_type=9 2 9 2 9 9 9 2 9 9 9 9 9 1 10 10 2 10 2 9 2 9 10 8 8 2 9 9 2 8
left_child=3 2 4 5 11 21 -3 10 -6 15 -5 -2 13 26 -8 -4 -7 -12 19 -15 -20 -1 -23 -10 25 -13 -11 -17 -29 -9
right_child=1 6 9 7 8 16 14 29 23 12 17 24 -14 18 -16 27 -18 -19 20 -21 -22 22 -24 -25 -26 -27 -28 28 -30 -31
leaf_value=0.019773301485061005 -0.019048518650702548 -6.3043306590578797e-05 0.0017352071622614589 0.0056631862078646393 0.015531665049323452 0.014902329497305893 0.051155231840948945 0.043625820522857871 -0.002642646426321379 0.01007732335877325 0.02735262343055149 0.016522974014213133 0.02840860970931372 -0.0039577730609605529 0.023608054847034873 -0.019722457226196734 -0.0051036241154847738 0.01779895011286553 -0.0073465470816429139 0.0063885843809452529 0.002397444844481286 -0.0029924359223994675 0.0096372324304560379 -0.0084624184737140448 -0.012040629789822713 -0.0071753581726213406 0.0021115932184263865 -0.0053943928998025758 -0.017848523618778277 0.028983844395337938
leaf_weight=146.35678562521935 2407.9977415055037 211.82000790536404 1318.6550198048353 660.45368237793446 402.51341314613819 3393.6364463865757 257.19824455678463 375.34351870417595 4152.5072282999754 1039.4096644222736 1334.6183274239302 120.20470279455185 120.74729208648205 1874.8957554996014 233.00414143502712 277.96439753472805 185.34667077660561 1658.5163786113262 2671.2198010981083 1783.1258288621902 982.06074632704258 1590.8225386291742 483.06093837320805 2653.1579084843397 6190.8140168786049 502.64694179594517 3341.7333456128836 5335.0347754657269 347.72927294671535 765.20430143177509
leaf_count=589 10122 850 5365 2648 1615 13589 1104 1543 17002 4193 5367 493 485 7640 937 1143 749 6652 10905 7236 3967 6426 1943 10945 25804 2091 13568 21806 1444 3122
internal_value=2.68741e-05 -0.00443188 -0.00505655 0.0152603 -0.00908287 0.00909594 0.0268978 0.0227275 -0.00373749 -0.00158366 0.0191648 -0.0132461 0.000703677 0.000379829 0.0377109 -0.00529217 0.0138165 0.0220306 -0.00181085 0.00108864 -0.00472204 0.00139525 -2.48171e-05 -0.00491173 -0.0111552 -0.00247478 0.00403392 -0.00685917 -0.00616416 0.0339892
internal_weight=46817.8 36224.4 35522.4 10593.4 16429.8 5799.22 702.022 4794.14 7208.18 19092.6 3653.59 9221.66 11813.2 11692.4 490.202 7279.38 3578.98 2993.13 7311.3 3658.02 3653.28 2220.24 2073.88 6805.67 6813.67 622.852 4381.14 5960.73 5682.76 1140.55
internal_count=191343 148715 145824 42628 68072 23296 2891 19332 29562 77752 14667 38510 47994 47509 2041 29758 14338 12019 29748 14876 14872 8958 8369 27947 28388 2584 17761 24393 23250 4665
cat_boundaries=0 1 2 3 4 5 6 7 8 9 10 11 12 13 14 15
cat_threshold=12583101 1034240 16796684 16925709 16845682 15729058 352351241 16777293 393216 232052 3 133184 28 2097408 1
is_linear=0
shrinkage=0.04


Tree=14
num_leaves=31
num_cat=16
split_feature=51 62 51 15 50 50 50 62 50 50 50 51 32 51 6 52 2 2 22 56 5 2 39 51 50 9 51 50 52 41
split_gain=1914.07 432.53 280.414 268.182 239.626 125.368 124.274 108.742 101.118 91.0894 71.53 64.8998 53.7463 51.9989 50.898 44.89 43.8853 46.3887 39.1405 38.5477 37.53 36.7478 34.3772 33.5103 32.8542 32.5234 29.1806 39.4253 28.9114 28.3229
threshold=0 5.5000000000000009 1 0.015038444194942715 2 3 4 5.5000000000000009 5 6 7 8 0.016807910054922107 9 0.075235851109027876 10 41.500000000000007 40.500000000000007 1.5000000000000002 1.0000000180025095e-35 0.88989898562431347 28.500000000000004 0.98346996307373058 11 12 18.500000000000004 13 14 15 1.0000000180025095e-35
decision_type=9 2 9 10 9 9 9 2 9 9 9 9 8 9 2 1 2 2 2 8 2 2 10 9 9 10 9 9 1 2
left_child=3 2 4 7 13 19 -5 10 12 16 -1 -8 29 28 18 26 17 23 -13 -3 -14 -15 -17 -6 -22 -18 -10 -28 -2 -4
right_child=1 5 8 6 9 -7 11 -9 15 -11 -12 14 20 21 -16 22 25 -19 -20 -21 24 -23 -24 -25 -26 -27 27 -29 -30 -31
leaf_value=0.00621310017959106 -0.0063784934576444343 0.025317294519295885 -0.0053389811284183762 -0.00024988505407752705 0.00076520413851657561 0.0037620606273826691 0.035727998876489385 0.035888205636202541 0.0061239523453177789 0.013692458946239019 0.022347264706678312 0.01542549852788677 -0.024244806848251026 -0.012214286665485193 -0.0047125127211817336 -0.0028477774402893858 -0.015196610288998885 0.027088098387619833 0.0072049432866100448 0.050942878409348198 -0.019345422822172623 -0.01905837331775314 0.0075679410076012555 -0.0054213782967547433 -0.0049011202680848045 0.0057563734605595085 -0.0027382063823927351 0.009561988690099053 -0.01207210468638718 0.014779082851553141
leaf_weight=567.69493119418621 3018.7230408936739 185.87746572494507 168.53262567520142 1486.5092037469149 2298.3216636776924 262.57654730975628 184.99575246870518 842.60432341694832 3293.1916950047016 495.11096762120724 2690.2744368463755 3165.7351821213961 174.68371006846428 3499.5230021476746 271.6076091080904 4146.2402232885361 770.04218621551991 78.083370357751846 1345.0050409734249 247.18314176797867 254.47975020110607 2038.9918903410435 571.93598173558712 3554.1341624110937 5432.3884651213884 135.69064286351204 1722.9896551221609 533.44401994347572 2967.4332337677479 310.32903957366943
leaf_count=2277 12517 749 684 6001 9396 1056 746 3483 13303 1986 10823 12686 737 14659 1101 16872 3196 321 5392 1077 1048 8638 2314 14570 22196 559 7005 2163 12326 1249
internal_value=3.61578e-05 -0.00433862 -0.00495451 0.0150111 -0.00829035 0.0267809 0.00992492 0.023026 -0.00115894 -0.00262066 0.0196434 0.0129455 -0.00512541 -0.0118873 0.0119511 0.00129234 -0.00383243 -0.00257582 0.0129894 0.0395023 -0.00618897 -0.0147259 -0.00157095 -0.0029978 -0.00561002 -0.0120212 0.00372791 0.000204823 -0.00922736 0.00767531
internal_weight=46714.3 36159.9 35464.3 10554.4 18856.1 695.637 6453.85 4100.57 16608.2 7331.38 3257.97 4967.34 6340.41 11524.7 4782.35 10267.8 6836.27 5930.54 4510.74 433.061 5861.55 5538.51 4718.18 5852.46 5686.87 905.733 5549.63 2256.43 5986.16 478.862
internal_count=191130 148621 145739 42509 78168 2882 25926 16583 67571 30028 13100 19925 25914 48140 19179 41657 28042 24287 18078 1826 23981 23297 19186 23966 23244 3755 22471 9168 24843 1933
cat_boundaries=0 1 2 3 4 5 6 7 8 9 10 11 12 13 14 15 16
cat_threshold=12583101 1042432 16862221 344122381 16793613 285242377 268874320 16777293 24 550912 7 155648 1 3146496 68148 11
is_linear=0
shrinkage=0.04


Tree=15
num_leaves=31
num_cat=7
split_feature=51 62 51 15 62 51 12 37 36 43 6 36 6 1 6 36 37 51 2 39 2 32 51 51 17 51 32 23 39 16
split_gain=1786.36 391.506 281.851 274.154 99.5081 85.387 78.0453 76.9392 69.7655 79.57 57.5931 52.2173 40.154 40.025 38.7345 35.8476 34.9572 34.3027 33.2593 32.9753 31.896 34.2765 29.3306 28.0632 27.1286 26.7636 25.8852 25.5303 24.8083 22.6173
threshold=0 5.5000000000000009 1 0.016807910054922107 5.5000000000000009 2 30.500000000000004 0.92740449309349071 0.018019480630755428 0.81174489855766307 0.077677227556705489 0.012579114176332952 0.1012820526957512 36.500000000000007 0.1012820526957512 0.033520599827170379 0.97633051872253429 3 32.500000000000007 0.76689496636390697 31.500000000000004 0.075134411454200759 4 5 0.98786765336990368 6 0.033520599827170379 2.5000000000000004 0.89504283666610729 0.97385507822036754
decision_type=9 2 9 10 2 9 10 8 8 2 2 10 2 2 2 10 10 9 2 8 2 8 9 9 10 9 8 10 10 2
left_child=3 2 6 4 15 -5 14 10 24 12 -7 13 20 -3 16 -1 23 -17 -9 -13 21 -10 -22 -2 -4 -8 -25 -20 -11 -27
right_child=1 11 8 5 -6 7 25 18 9 28 -12 19 -14 -15 -16 17 -18 -19 27 -21 22 -23 -24 26 -26 29 -28 -29 -30 -31
leaf_value=0.023314346214015642 -0.010938932202338941 0.043128824151344336 0.00095839495262419741 0.03242991088794845 0.034821282128380718 0.0057649619072066014 -0.0080165496403394147 0.01774915400868203 0.0021910123209672588 0.000252061133257664 -0.012669673989691006 0.028819191618625405 -0.018362053553494892 0.0015377284346933242 -0.02205309396664494 0.032221999394882864 -0.0011261134417532913 0.012502792542217134 0.012938081811275046 0.0045690135831870397 -0.0018824699731306094 -0.0040613289763919971 -0.0094747187871267614 0.0023382796843433025 0.0082593969406951958 -0.019655261211317207 -0.0069734053085067863 0.001560413816261883 0.0076567883122848589 -0.012306670786592977
leaf_weight=1708.2232067137957 3094.8352592140436 270.30461592972279 2769.1462662220001 230.70403325557709 830.77520357072353 3110.991411909461 1077.4348797500134 1329.2052673995495 1846.0077064782381 2474.7873923480511 291.72096253931522 153.51643547415733 318.53796099126339 44.370101571083069 273.35044364631176 160.18679046630859 1485.8829610198736 1459.3693027496338 860.56187975406647 217.57236556708813 1234.0821342766285 5760.0551163256168 2553.1881867647171 506.40684498846531 1154.144247725606 1355.497574493289 7096.2495967745781 505.72529245913029 1022.0140796899796 1458.9836287647486
leaf_count=6889 12869 1182 11236 932 3457 12488 4490 5333 7512 10074 1195 619 1333 180 1135 654 6112 5854 3451 875 5000 23529 10471 2075 4668 5723 29451 2029 4148 6138
internal_value=-0.000134362 -0.00435037 -0.00493206 0.0143883 0.0223809 0.0091427 -0.00878625 0.00816607 -0.00163065 -0.00285891 0.00416239 0.0254714 -0.00444003 0.0374427 -0.00723814 0.0192216 -0.0068952 0.014834 0.013226 0.0149041 -0.00404115 -0.0025408 -0.00704175 -0.00769376 0.00311906 -0.013743 -0.00634107 0.00876232 0.0024298 -0.0158254
internal_weight=46653.8 36166.4 35480.6 10487.5 4158.55 6328.91 16348.6 6098.2 19132 15208.7 3402.71 685.764 11711.9 314.675 12456.7 3327.78 12183.4 1619.56 2695.49 371.089 11393.3 7606.06 3787.27 10697.5 3923.29 3891.92 7602.66 1366.29 3496.8 2814.48
internal_count=191102 148820 145964 42282 16854 25428 67993 24496 77971 62067 13683 2856 47845 1362 51642 13397 50507 6508 10813 1494 46512 31041 15471 44395 15904 16351 31526 5480 14222 11861
cat_boundaries=0 1 2 3 4 5 6 7
cat_threshold=12583101 1034240 24 24 2097410 264192 526336
is_linear=0
shrinkage=0.04


Tree=16
num_leaves=31
num_cat=17
split_feature=51 62 51 61 50 50 51 50 38 5 50 36 50 42 51 36 50 50 40 6 51 6 50 51 62 50 50 50 39 2
split_gain=1629.6 375.239 273.966 238.973 199.098 117.615 106.997 102.101 93.698 86.453 83.6934 72.069 69.1902 58.2656 51.5213 48.7226 48.5538 44.6624 43.9997 42.2973 40.3583 36.5055 34.6433 34.6334 32.9897 41.0723 30.7639 30.7082 29.3317 29.1073
threshold=0 5.5000000000000009 1 1.5000000000000002 2 3 4 5 1.0000000180025095e-35 0.83484846353530895 6 0.018019480630755428 7 -1.0000000180025095e-35 8 0.03141447342932225 9 10 -0.91597560048103321 0.15047170221805575 11 0.15504807978868487 12 13 5.5000000000000009 14 15 16 0.93295881152153026 22.500000000000004
decision_type=9 2 9 2 9 9 9 9 8 2 9 10 9 2 9 10 9 9 2 2 9 2 9 9 2 9 9 9 10 2
left_child=3 2 4 7 18 -3 22 21 -4 -10 20 24 -6 16 -15 -7 -12 23 -2 -9 -11 28 -5 27 25 -8 -22 -13 -1 -20
right_child=1 5 8 6 12 15 11 19 9 10 13 17 -14 14 -16 -17 -18 -19 29 -21 26 -23 -24 -25 -26 -27 -28 -29 -30 -31
leaf_value=-0.00053578314043049608 -0.017563795590290216 -0.0012897667472657481 0.005209398461085946 0.049097476531823253 0.013186146379594548 0.048008822595859368 0.0063345842593727332 0.013021122986697565 -0.025780807790280816 -0.014399979117715902 -0.0082334766106144947 0.0081660048679476818 -0.0044989614019294265 0.0028984847098013316 -0.0027393576077007187 0.021498897362202722 -0.00020463095332982082 0.020394282911696326 -0.0083454312721847786 -0.013761828008114849 -0.0015986636448196718 -0.027168996151912286 0.023257108347195937 0.011166688964914729 0.03857955576695047 0.024860117297024493 -0.015857474525597971 -0.02374023824761403 0.010852645623722608 -0.01410576853833099
leaf_weight=1512.775748565793 2395.764577075839 199.35417403280735 2733.8113859593868 272.8193579018116 362.25726306438446 260.61632762849331 261.07759673893452 3649.0171358436346 251.68137103319168 1183.9658553302288 2830.1208665966988 87.458718359470367 5850.7091757506132 5922.9753785729408 4588.2845323383808 221.33871728181839 2112.0234721004963 947.59520216286182 3059.8443632870913 92.23714853823185 1238.7751383781433 65.200128450989723 250.5613197684288 1276.6501550376415 233.50689889490604 1323.3537844270468 290.10079196095467 80.41807234287262 469.2833711206913 2694.3707034885883
leaf_count=6099 10174 800 11090 1143 1452 1160 1050 14623 1062 4876 11624 355 24113 24052 18739 894 8611 3832 12799 375 5079 277 1038 5132 983 5354 1194 323 1885 11384
internal_value=3.69396e-06 -0.0040245 -0.00459161 0.0138488 -0.00885215 0.0252678 0.020529 0.00839353 -0.00169119 -0.00271859 -0.00239097 0.0182076 -0.00343532 -0.00124637 0.00043562 0.0354921 -0.00482713 0.013619 -0.0129652 0.0123051 -0.00885226 0.00115735 0.0377565 0.00890349 0.0242806 0.0220459 -0.00444498 -0.00770229 0.00217106 -0.011056
internal_weight=46717.9 36196 35514.7 10522 14362.9 681.309 4733.44 5788.51 21151.7 18417.9 18166.2 4210.06 6212.97 15453.4 10511.3 481.955 4942.14 2392.12 8149.98 3741.25 2712.84 2047.26 523.381 1444.53 1817.94 1584.43 1528.88 167.877 1982.06 5754.22
internal_count=191572 149103 146249 42469 59922 2854 19210 23259 86327 75237 74175 17029 25565 63026 42791 2054 20235 9642 34357 14998 11149 8261 2181 5810 7387 6404 6273 678 7984 24183
cat_boundaries=0 1 2 3 4 5 6 7 8 9 10 11 12 13 14 15 16 17
cat_threshold=12583101 509952 16796684 16845680 24 16794637 268439561 15729058 3670784 16796736 16796749 3671040 268481604 132 73805 4104 1036
is_linear=0
shrinkage=0.04


Tree=17
num_leaves=31
num_cat=10
split_feature=41 62 40 40 50 36 50 36 50 40 50 50 10 40 50 41 38 2 50 16 40 52 2 39 2 50 2 30 41 50
split_gain=1111.4 564.658 222.534 218.411 217.736 193.463 171.039 102.498 97.1582 91.3065 85.0122 70.9755 78.9594 75.3829 68.4724 67.5461 59.3705 57.2807 57.2679 45.7097 46.4063 44.5496 42.9206 42.6148 35.6323 34.9271 34.2791 37.1712 33.4818 33.4385
threshold=0.60355338454246532 5.5000000000000009 0.60355338454246532 0.60355338454246532 0 0.055867666378617294 1 0.012579114176332952 2 -0.6035533845424651 3 4 36.500000000000007 0.12940952181816109 5 0.12940952181816107 0.044610282406210906 25.500000000000004 6 0.81881311535835277 -0.37940952181816096 7 22.500000000000004 0.99494948983192455 42.500000000000007 8 29.500000000000004 0.017949189990758899 0.12940952181816107 9
decision_type=2 2 2 2 9 10 9 8 9 2 9 9 2 2 9 2 8 2 9 2 2 1 2 10 2 9 2 10 2 9
left_child=1 3 5 4 7 11 16 28 17 -8 24 12 -2 -13 -15 18 -7 -6 -5 -18 -21 23 25 -9 -3 -20 27 -23 -1 -10
right_child=2 10 -4 15 8 6 9 21 29 -11 -12 13 -14 14 -16 -17 19 -19 22 20 -22 26 -24 -25 -26 -27 -28 -29 -30 -31
leaf_value=-0.0037044773224498328 0.015299874719535776 0.042097667583142782 0.040246796173276332 -0.0046996954204576984 0.00036574488869013682 0.0082532613562246188 -0.0043847617270195609 -0.0087759532599288072 0.0064936390993492066 0.016581736635576976 0.0070276226714691597 0.020533102764088398 0.0017780852342381868 -0.002289897495838853 0.02585059368134833 0.017660905624212506 -0.013825693971112806 -0.0066689798297606649 0.0032183540461973373 0.0052254505318740287 -0.0056598337531086019 -0.0004508967301838768 -0.0011137662463181883 0.0024335063877519683 0.0070133227326679738 0.013250349514295757 -0.016124496570327565 -0.011590243889509662 0.0079217088232160868 0.024665201182471921
leaf_weight=2134.0920534282923 1492.0726185888052 496.08951571583748 372.65022948384285 2088.8384040296078 4604.0807437300682 877.99015398323536 400.24983908236027 6678.8763575702906 605.67441903054714 1864.0640746504068 218.28968088328838 2915.5010093748569 1292.8185955733061 494.09154389798641 176.24113318324089 395.69056241214275 556.94987724721432 3087.1077478975058 1605.542211920023 1051.2626265883446 1533.5204650461674 542.82835930585861 1943.6126900017262 585.53801140189171 55.020958811044693 862.8236578553915 2573.6514629423618 4378.0286972075701 480.89973405003548 226.6625107973814
leaf_count=8808 6033 2160 1555 8531 18811 3532 1622 27864 2437 7492 890 11780 5206 1996 715 1601 2280 12748 6499 4247 6181 2247 7875 2423 230 3476 10859 18311 1949 908
internal_value=4.24153e-05 -0.00380613 0.00995687 -0.00460322 -0.00628769 0.00904779 0.0040587 -0.00885404 -0.0010405 0.0128089 0.0299524 0.0139588 0.00901201 0.0177028 0.00556456 0.00171931 -0.000904677 -0.00245458 0.000733075 -0.00348224 -0.00122339 -0.0101523 0.00331527 -0.00785782 0.0380414 0.00681943 -0.0123399 -0.0103672 -0.00154774 0.0118148
internal_weight=46590.8 33563.3 13027.4 32793.9 25897.4 12654.8 6284.04 17373.9 8523.53 2264.31 769.4 6370.72 2784.89 3585.83 670.333 6896.51 4019.72 7691.19 6500.82 3141.73 2584.78 14758.9 4411.98 7264.41 551.11 2468.37 7494.51 4920.86 2614.99 832.337
internal_count=191266 138627 52639 135347 107365 51084 25354 72461 34904 9114 3280 25730 11239 14491 2711 27982 16240 31559 26381 12708 10428 61704 17850 30287 2390 9975 31417 20558 10757 3345
cat_boundaries=0 1 2 3 4 5 6 7 8 9 10
cat_threshold=16866317 16796749 268870208 268497933 16795261 268503040 285405193 11 3168 201326640
is_linear=0
shrinkage=0.04


Tree=18
num_leaves=31
num_cat=9
split_feature=32 62 56 50 50 38 50 5 56 5 50 44 39 45 50 1 43 9 38 2 11 1 50 50 39 50 33 50 23 38
split_gain=832.219 256.447 251.844 213.032 122.132 108.366 83.3323 72.5052 57.2864 49.9767 47.3735 47.1773 41.2311 41.1067 37.2151 35.4291 32.6287 32.5689 32.5618 40.722 26.6267 25.4362 41.101 24.9908 25.5674 23.8386 23.3167 21.6571 20.8397 20.8149
threshold=0.016807910054922107 5.5000000000000009 1.0000000180025095e-35 0 1 0.019419306889176372 2 0.83484846353530895 1.0000000180025095e-35 0.88989898562431347 3 1.0000000180025095e-35 0.86700680851936351 1.0000000180025095e-35 4 36.500000000000007 1.0000000180025095e-35 22.500000000000004 0.016807910054922107 32.500000000000007 97.500000000000014 21.500000000000004 5 6 0.98229950666427623 7 0.97740042209625255 8 8.5000000000000018 0.013072453904896976
decision_type=8 2 10 9 9 8 9 2 8 2 9 2 8 2 9 2 2 10 8 2 10 2 9 9 10 9 8 9 10 8
left_child=1 10 3 5 -3 16 9 -7 -6 -5 -1 14 27 18 -9 -10 -2 -16 -11 -20 23 22 -15 24 -12 -14 -13 -4 -8 -27
right_child=2 4 12 6 8 7 28 11 15 13 20 26 25 21 17 -17 -18 -19 19 -21 -22 -23 -24 -25 -26 29 -28 -29 -30 -31
leaf_value=-0.0015654514524666258 -0.0027538320365730752 0.0040325439424684388 -0.0027388846123776391 -0.015859190872569543 0.026292373637691342 -0.028233143292263577 0.014775995175619028 -0.01049113175090686 0.047692752238064684 0.010164378091384292 0.0071674963725636229 -0.012089162567414394 -0.0010530948562462066 0.0090197404484326331 -0.0053501783744439235 0.0036448660677695739 0.0064197881771496639 0.0046653914996819552 0.003113611517533 -0.0038317945128570224 0.029873874897927158 -0.0062539642452496555 -0.0030502074961279795 0.019989982384188421 0.015598708443220061 0.011848261250840167 -0.0028524358867236311 0.0051195191812522653 -0.0058555698183577407 0.0058373128787028265
leaf_weight=599.68416018784046 1270.0041906684637 298.12610246241093 1425.8388424962759 321.1616089195013 730.35135160386562 255.2160426825285 753.86278223991394 2289.7980906963348 441.89512141048908 687.01155722141266 2964.4535173922777 3306.179309591651 546.40657640993595 573.4581394046545 11008.144612655044 33.244863867759705 1200.7868075370789 539.36420814692974 4485.4477113485336 1925.2185544371605 107.52895563840866 2046.0747872292995 1922.0601937770844 363.66022668778896 724.98976573348045 1396.8758490085602 514.77014137804508 903.5688713490963 83.210753232240677 2837.8696165978909
leaf_count=2442 5222 1221 5824 1330 3036 1090 3030 9532 1982 2781 12063 13819 2234 2331 45512 142 4912 2225 18253 7864 437 8431 7865 1470 2940 5658 2141 3673 335 11547
internal_value=-2.87326e-05 0.0135285 -0.00213828 -0.00360254 0.0279129 -0.00614 0.000442919 -0.00722613 0.0334514 -0.000415979 0.00895623 -0.00691348 0.00468967 1.46966e-05 -0.00582002 0.0447225 0.00170037 -0.0048746 0.00191747 0.00102332 0.0104563 -0.00295343 -0.00023223 0.00992578 0.00882466 0.0068141 -0.0108553 0.000315429 0.0125299 0.007818
internal_weight=46556.3 6263.93 40292.3 33181.8 1503.62 20384.3 12797.5 17913.5 1205.49 11960.4 4760.32 17658.3 7110.56 11639.3 13837.3 475.14 2470.79 11547.5 7097.68 6410.67 4160.63 4541.59 2495.52 4053.1 3689.44 4781.15 3820.95 2329.41 837.074 4234.75
internal_count=191342 25733 165609 136673 6381 84453 52220 74319 5160 48855 19352 73229 28936 47525 57269 2124 10134 47737 28898 26117 16910 18627 10196 16473 15003 19439 15960 9497 3365 17205
cat_boundaries=0 1 2 3 4 5 6 7 8 9
cat_threshold=16796685 17041648 302232128 16777289 9 512 406912772 16916488 16796793
is_linear=0
shrinkage=0.04


Tree=19
num_leaves=31
num_cat=15
split_feature=51 62 51 51 50 50 50 62 50 62 15 50 36 37 6 51 1 2 51 50 36 50 50 42 51 50 42 20 6 5
split_gain=1375.1 324.284 224.693 207.68 193.976 144.111 107.636 82.3286 81.3029 70.0172 68.9882 57.929 49.2256 48.8251 45.0259 43.8672 43.8571 37.6071 37.5386 77.032 35.0985 38.9484 32.0117 30.9056 30.7008 28.3942 27.2876 26.9444 26.5315 25.6289
threshold=0 3.5000000000000004 1 2 3 4 5 5.5000000000000009 6 4.5000000000000009 0.015038444194942715 7 0.05298245698213578 0.92893216013908397 0.17752101272344592 8 52.500000000000007 21.500000000000004 9 10 1.0000000180025095e-35 11 12 -1.0000000180025095e-35 13 14 -0.60785761475563038 -31.499999999999996 0.11834733933210374 0.92349499464035045
decision_type=9 2 9 9 9 9 9 2 9 2 10 9 10 10 2 9 2 2 9 9 8 9 9 2 9 9 2 8 2 2
left_child=3 2 4 22 15 9 24 -8 23 13 -7 -6 -9 28 18 -2 25 -13 19 -10 -12 -22 -1 -4 -3 -15 -21 -19 -5 -25
right_child=1 6 8 5 11 10 7 12 14 -11 20 17 -14 16 -16 -17 -18 27 -20 26 21 -23 -24 29 -26 -27 -28 -29 -30 -31
leaf_value=0.044883410667238187 -0.0074449376453075327 -0.0030671599175396344 -0.011518398222343504 -0.00063909979109566029 0.011838294219395066 0.020359209160405997 0.010539828294964819 0.045167963181242561 -0.0037130803753783748 0.025886774133578875 0.017997167632403919 -0.00042983421630418461 0.016741182293781961 0.01967316841064352 -0.022022965456068491 -0.012771202800080036 -0.0051604609130190028 0.023168275368150696 0.0034865312243924662 -0.0062577677163208846 0.0071835447997582796 0.022333892530010807 0.023521268041662841 -0.018808663110337458 0.011945960255423056 0.004039896512346681 0.0064048380951827744 -0.0067688074019525259 -0.025384285868431954 -0.0026611207349800854
leaf_weight=328.28312139213085 4167.4153358638287 523.27185587584972 1165.6402940750122 1562.1834471076727 418.67574706673622 2521.5055613070726 434.35983331501484 285.65257233381271 5217.1697775870562 219.33321535587311 1014.2774756550789 3643.7368783503771 163.7148924767971 487.46187521517277 134.76313722133636 6796.0954905599356 255.32288251817226 43.762803167104721 5025.0830373466015 305.33180823922157 2275.5195690393448 306.71672037243843 362.30244012176991 163.71383255720139 352.60068120062351 335.89362366497517 2185.1608514785767 3252.6776980906725 67.687484249472618 2506.275312513113
leaf_count=1390 17387 2120 4807 6293 1676 10269 1762 1316 21302 923 4085 14923 669 1959 569 28893 1026 180 20304 1248 9121 1230 1506 692 1434 1348 8868 13475 290 10267
internal_value=4.98771e-05 -0.00348865 -0.00433241 0.0134055 -0.00738923 0.0117428 0.0132403 0.0229474 -0.000971843 0.00438338 0.0152422 -0.0023509 0.0351536 0.00260636 0.000552112 -0.0107614 0.00919019 -0.00323345 0.0008016 -0.000950686 0.0116682 0.0091446 0.0344428 -0.00607173 0.00305361 0.0136688 0.00481568 -0.00633083 -0.00175348 -0.00369201
internal_weight=46521.6 36785.1 35025.5 9736.49 18322.4 9045.9 1759.6 883.727 16703.1 2927.88 6118.02 7358.85 449.367 2708.55 12867.5 10963.5 1078.68 6940.18 12732.7 7707.66 3596.51 2582.24 690.586 3835.63 875.873 823.355 2490.49 3296.44 1629.87 2669.99
internal_count=191332 151892 144591 39440 76534 36544 7301 3747 68057 11839 24705 30254 1985 10916 52291 46280 4333 28578 51722 31418 14436 10351 2896 15766 3554 3307 10116 13655 6583 10959
cat_boundaries=0 1 2 3 4 5 6 7 8 9 10 11 12 13 14 15
cat_threshold=12582973 1042432 24 16796685 16794637 17078896 285237257 49283490 548864 1054208 67313152 211520 46148 579842 17408
is_linear=0
shrinkage=0.04


Tree=20
num_leaves=31
num_cat=17
split_feature=51 62 61 51 50 50 50 62 50 50 52 56 50 51 1 56 51 50 39 50 14 1 9 10 50 50 35 42 50 51
split_gain=1267.5 295.025 201.156 188.479 185.96 100.019 89.3886 89.1507 79.7331 58.9227 51.7443 50.0103 46.4596 45.9563 38.829 36.2955 35.6837 41.8217 35.6428 38.0166 43.4866 32.6453 32.2697 31.8696 31.5315 31.1173 29.0554 27.782 26.8247 32.0408
threshold=0 5.5000000000000009 1.5000000000000002 1 2 3 4 5.5000000000000009 5 6 7 1.0000000180025095e-35 8 9 30.500000000000004 1.0000000180025095e-35 10 11 0.98620623350143444 12 0.045804196968674667 41.500000000000007 17.500000000000004 29.500000000000004 13 14 0.97530490159988414 -0.87837970256805409 15 16
decision_type=9 2 2 9 9 9 9 2 9 9 1 8 9 9 2 10 9 9 10 9 10 2 10 2 9 9 10 2 9 9
left_child=2 3 5 4 14 -1 -3 12 13 21 -10 -8 -4 -5 -2 25 17 -16 19 20 -7 26 -23 -21 -15 -12 -6 -27 29 -9
right_child=1 6 7 8 9 18 11 28 10 -11 15 -13 -14 24 16 -17 -18 -19 -20 23 -22 22 -24 -25 -26 27 -28 -29 -30 -31
leaf_value=-0.0021205741592555268 -0.007938386448452444 0.0015608605666417236 -0.0021035387731972409 -0.010285963494316408 -0.0095435353853746858 0.01330115721246403 0.018303269643644423 -0.021855082188545844 0.003645131178831083 0.012447392488108134 0.022878732234352401 0.046099018768116243 0.01686659002066241 0.00285711345162623 0.0078626255865972949 0.0032391603571377344 -0.013876246625570235 -0.017773678135127584 0.019198212395003501 0.019727829169153773 0.0020891114960368087 -0.01351070490125594 0.008576921588606545 0.0066661158110343311 -0.0099931675392996439 -0.0099647011803564774 0.0004966856928881573 -0.0022167985241345776 0.034067278342273175 0.019940502461850525
leaf_weight=1388.501046821475 8908.9781723171473 233.85377559065819 221.33259630203247 1995.248144313693 517.63887584209442 823.69782212376595 207.38313657045364 24.20818792283535 5035.7989139556885 480.51018251478672 58.625443443655968 233.8997023999691 3670.3317841440439 1031.7962361127138 271.75281538069248 1951.1509774029255 3726.2759776711464 142.82750405371189 609.09214815497398 753.08307240903378 1690.6614656895399 613.51267394423485 122.93219378590584 514.86870093643665 416.25002400577068 860.48989771306515 3898.0400301218033 5275.0970424264669 655.29476153850555 137.31934539973736
leaf_count=5613 37375 942 888 8218 2129 3309 849 100 20407 1924 235 1116 14886 4226 1128 7893 15909 598 2448 3023 6800 2571 508 2067 1718 3528 15997 21532 2834 579
internal_value=1.3401e-05 -0.00355345 0.0122395 -0.00405706 -0.00681208 0.00723593 0.0225378 0.0183892 -0.000953984 -0.000726093 0.000462431 0.0326998 0.0158191 -0.00636038 -0.00943357 -0.00150588 -0.0126549 -0.00123503 0.0101796 0.00872543 0.00576631 -0.00199115 -0.00976374 0.0143738 -0.000887695 -0.00300761 -0.000685243 -0.00330851 0.0304391 0.0122385
internal_weight=46470.5 35982.1 10488.4 35306.9 18682.5 5779.9 675.137 4708.49 16624.5 5632.63 13181.2 441.283 3891.66 3443.29 13049.8 8145.36 4140.86 414.58 4391.4 3782.31 2514.36 5152.12 736.445 1267.95 1448.05 6194.21 4415.68 6135.59 816.822 161.528
internal_count=191350 148803 42547 145896 78139 23260 2907 19287 67757 23129 53595 1965 15774 14162 55010 33188 17635 1726 17647 15199 10109 21205 3079 5090 5944 25295 18126 25060 3513 679
cat_boundaries=0 1 2 3 4 5 6 7 8 9 10 11 12 13 14 15 16 17
cat_threshold=12583101 1042432 16874509 16793613 16878578 285224969 335970896 3 16777225 3147008 524288 16780288 142400 12296 135528834 84166672 164
is_linear=0
shrinkage=0.04


Tree=21
num_leaves=31
num_cat=14
split_feature=51 62 51 51 50 50 50 50 37 62 36 50 2 36 5 12 42 41 62 50 36 41 43 5 50 51 51 51 50 15
split_gain=1167.07 240.634 191.344 181.393 160.808 141.29 98.1085 84.6922 80.9921 80.3474 68.2784 51.3626 49.265 54.6095 47.0924 51.8368 54.8075 45.6468 45.283 39.7407 38.3132 37.8558 36.5269 34.747 34.0179 33.5352 32.5351 32.2807 57.1626 31.6613
threshold=0 3.5000000000000004 1 2 3 4 5 6 0.97927406430244457 5.5000000000000009 0.05298245698213578 7 51.500000000000007 0.044610282406210906 0.8015151619911195 22.500000000000004 -0.60785761475563038 -0.37940952181816096 5.5000000000000009 8 1.0000000180025095e-35 0.91597560048103344 0.81174489855766307 0.88284313678741466 9 10 11 12 13 0.082079496234655394
decision_type=9 2 9 9 9 9 9 9 8 2 8 9 2 8 2 8 2 2 2 9 8 2 2 2 9 9 9 9 9 10
left_child=2 3 24 4 17 9 26 20 11 12 18 23 13 -4 -9 16 -16 -2 -8 -6 -5 -18 25 -7 -1 -22 -3 28 -17 -15
right_child=1 6 5 7 19 8 10 14 -10 -11 -12 -13 -14 29 15 27 21 -19 -20 -21 22 -23 -24 -25 -26 -27 -28 -29 -30 -31
leaf_value=0.042407440263174959 -0.0091253504483921055 -0.002987873620100237 0.013682749621210719 0.001338547493952579 0.018369509826726173 -0.012296736450545669 0.012552450245608124 -0.026414787307715112 0.019868336744117501 0.028623873095118463 0.010840177008380554 0.022073170520544947 -0.0087739217458378347 0.0061631404438036441 -0.0048190509978912784 -0.0095485661294425518 0.0050593017779444827 -0.015654441617365022 0.044991829785409942 -0.002769741985508241 -0.010031186900549532 -0.014521716918880488 -0.00046822084348622237 0.0094644614188872291 0.021036829797873181 -0.0035109829296178035 0.012189200428026875 -0.0039455380934564806 0.011763933414534491 -0.0046683494831803755
leaf_weight=334.75929039716721 5959.4539647847414 594.24099542200565 699.53590190410614 1384.5820270329714 131.22342535853386 116.37003597617149 105.51283578574657 97.884521976113319 2285.518466308713 185.54133039712906 393.70186766982079 535.63158202171326 563.80548706650734 814.56053586304188 1204.4230202436447 292.4493106752634 5748.2762189656496 2447.4901811331511 238.97179062664509 5383.1787522882223 3260.3006108701229 157.21571673452854 1533.5250213742256 3652.8401680886745 348.96327069401741 2145.6471126228571 345.04545965790749 3982.7782775312662 574.62081916630268 906.94321396946907
leaf_count=1442 25290 2413 2816 5631 525 474 427 414 9318 805 1606 2170 2268 3275 4945 1182 23350 10522 1142 22234 13527 635 6292 14718 1461 8812 1402 16293 2317 3681
internal_value=0.000117952 -0.00329929 0.0118798 -0.00402454 -0.00754183 0.0104061 0.0114678 -0.00161538 0.0137479 0.00342099 0.0222069 0.0105065 0.00181385 0.00430075 0.000526242 0.000759799 0.00293519 -0.0110236 0.0354349 -0.00221462 -0.00471534 0.00452279 -0.00593299 0.00874873 0.0322145 -0.00747765 0.0026704 -0.00242496 0.00451275 0.000448187
internal_weight=46425 35980.5 10444.5 34303 13921.3 9760.75 1677.47 20381.7 6590.36 3170.39 738.186 4304.84 2984.85 2421.04 12057.6 11959.8 7109.91 8406.94 344.485 5514.4 8324.05 5905.49 6939.47 3769.21 683.723 5405.95 939.286 4849.85 867.07 1721.5
internal_count=191387 148959 42428 141969 58571 39525 6990 83398 26680 12845 3175 17362 12040 9772 49136 48722 28930 35812 1569 22759 34262 23985 28631 15192 2903 22339 3815 19792 3499 6956
cat_boundaries=0 1 2 3 4 5 6 7 8 9 10 11 12 13 14
cat_threshold=12583101 24 509952 16829452 16794637 21289586 285373449 211520 49283458 268481604 1582592 645378 2097408 33300
is_linear=0
shrinkage=0.04


Tree=22
num_leaves=31
num_cat=10
split_feature=41 62 15 50 50 12 62 13 50 50 50 50 37 5 52 12 2 35 37 1 2 42 50 37 50 38 50 8 39 37
split_gain=762.666 298.317 252.003 148.5 138.65 108.19 98.6963 69.4362 66.2299 64.5785 64.5448 54.9391 49.6681 46.0284 41.6821 43.1413 39.678 36.9149 36.8247 34.5609 31.4266 30.6771 29.3629 29.3363 27.1247 23.9932 22.2585 22.1745 22.0213 21.0126
threshold=0.37940952181816107 5.5000000000000009 0.015038444194942715 0 1 30.500000000000004 5.5000000000000009 0.050252525135874755 2 3 4 5 0.97633051872253429 0.91734972596168529 6 24.500000000000004 42.500000000000007 0.88284313678741466 0.92740449309349071 14.500000000000002 23.500000000000004 -0.60785761475563038 7 0.99494948983192455 8 0.019419306889176372 9 8.5000000000000018 0.9378221631050111 0.98229950666427623
decision_type=2 2 10 9 9 8 2 2 9 9 9 9 10 2 1 10 2 10 8 2 2 2 9 10 9 8 9 10 10 8
left_child=1 3 6 12 18 10 11 -6 -8 16 17 -2 14 -9 -1 -16 19 -5 28 -3 26 22 -19 -15 -7 -23 -20 -12 -4 -13
right_child=2 9 4 5 7 24 8 13 -10 -11 27 29 -14 23 15 -17 -18 21 20 -21 -22 25 -24 -25 -26 -27 -28 -29 -30 -31
leaf_value=-0.0032757929402046728 0.0023385004937904663 -0.0042121798712710049 -0.011306764177594632 -0.015254133259522767 0.0087962546872178693 -0.011671344271609371 0.006795434853594089 -0.018373834639172786 0.032946749415321087 0.0036332554825495656 0.016999135914331231 0.011252539579648236 -0.0016527306643423815 4.2505212944072993e-05 -0.0070403780363849627 -0.012427880790286535 -0.013682452968411014 -0.0099481843920991991 0.011427853433269963 0.0405046381855051 -0.0068186821772679516 0.0080000818203856683 -0.00023311100504891513 0.012794402300103766 -0.0034850893958679099 0.00089898613791526455 -0.010584836280555794 -0.017296436697660407 0.0021399882930153761 0.017262536022012793
leaf_weight=2971.5054348111153 867.80224016308784 28.160140588879585 1202.960877507925 238.64403335750103 4820.7771128416061 1507.0728974938393 237.20544695854187 186.71576783061028 627.08514629304409 187.65683363378048 473.71997812390327 2492.6338110268116 2725.6586079895496 1826.1423283368349 8031.6623138189316 3422.929102063179 23.251572638750076 757.23476850986481 418.11205166578293 348.81418135762215 426.7565032094717 853.15568576753139 1426.3928509354591 338.56953971087933 1203.5030686855316 6870.0252013802528 77.093780681490898 27.687196344137192 227.75382149219513 1584.8264058679342
leaf_count=12352 3503 120 4930 998 19482 6282 987 774 2740 771 1898 10102 11254 7386 33603 14495 99 3158 1688 1625 1727 3476 5848 1365 4982 28169 315 111 923 6466
internal_value=-6.74731e-06 -0.00360702 0.00729183 -0.00415305 0.00328131 -0.000984699 0.0138552 0.00604127 0.02633 0.0244925 0.000830222 0.0116466 -0.0066139 0.000403597 -0.00755356 -0.00864922 0.0331504 0.000125088 -0.00512287 0.0371005 0.0010688 0.000505208 -0.00367278 0.00207106 -0.00811291 0.00169068 0.00790623 0.014625 -0.00915226 0.0135784
internal_weight=46431.5 31097.1 15334.4 30509.2 9524.88 13357.4 5809.55 7172.2 864.291 587.883 10646.9 4945.26 17151.8 2351.43 14426.1 11454.6 400.226 10145.5 2352.68 376.974 921.962 9906.81 2183.63 2164.71 2710.58 7723.18 495.206 501.407 1430.71 4077.46
internal_count=191629 129241 62388 126626 38590 54922 23798 29007 3727 2615 43658 20071 71704 9525 60450 48098 1844 41649 9583 1745 3730 40651 9006 8751 11264 31645 2003 2009 5853 16568
cat_boundaries=0 1 2 3 4 5 6 7 8 9 10
cat_threshold=16870409 16793613 17057842 268465165 302158420 16777325 1 68 268571172 16793604
is_linear=0
shrinkage=0.04


Tree=23
num_leaves=31
num_cat=15
split_feature=51 62 51 51 50 61 50 50 52 50 37 50 1 36 37 50 51 40 36 50 39 6 10 12 6 50 51 39 39 51
split_gain=1021.84 223.093 182.563 177.094 145.758 115.892 100.052 77.2501 65.7872 62.8785 61.3748 53.1201 65.6241 52.1105 48.7963 41.3191 41.0287 38.6971 37.9105 36.3704 35.9926 33.6262 30.3167 29.0459 25.5611 26.1798 25.0572 23.8415 23.1923 23.8959
threshold=0 5.5000000000000009 1 2 3 1.5000000000000002 4 5 6 7 0.94151845574378978 8 31.500000000000004 0.025158228352665905 0.98229950666427623 9 10 -0.91597560048103321 1.0000000180025095e-35 11 0.97814142704010021 0.20344828069210055 29.500000000000004 39.500000000000007 0.19098278135061267 12 13 0.76689496636390697 0.98952850699424755 14
decision_type=9 2 9 9 9 2 9 9 1 9 10 9 2 8 10 9 9 2 10 9 10 2 2 10 2 9 9 8 10 9
left_child=3 2 4 19 17 9 -3 26 20 10 21 13 -13 -10 23 -6 -15 -2 -8 -1 24 28 -11 -7 25 -9 -4 -20 29 -5
right_child=1 6 7 5 15 14 18 8 11 22 -12 12 -14 16 -16 -17 -18 -19 27 -21 -22 -23 -24 -25 -26 -27 -28 -29 -30 -31
leaf_value=0.041188717069037394 -0.015193706918665329 -0.0041258908148696996 -0.0029478455028088373 0.0032179916898559492 0.017832910454116651 0.014272911443775016 0.042274665879692426 -0.0035725242649632845 0.0011185794575721991 0.017937781784590597 0.0097451466715683492 0.0050932640913926653 -0.0067246293908841941 -0.0087814653236010353 0.02089607217542637 -0.0031288814546003487 -0.0020683050758262419 -0.0090224177018073132 0.031181894163854591 0.019500817446986552 0.0097345675054987309 -0.024702696885858889 0.0059420290267923597 0.0054744089673696775 -0.02670557167860494 0.0029671492523708431 -0.011957558648710951 0.0054078221044862006 0.012405314840417785 -0.0047204371320255581
leaf_weight=322.81356032192707 2324.6194660812616 200.45966885983944 836.86487019062042 1209.4528616219759 139.45934227108955 1949.1789748072624 220.16988618671894 1218.1871821433306 2213.5151795893908 836.71157816052437 1487.9502473771572 2590.0147902965546 1052.692086443305 3575.8417381644249 1330.5832007229328 6024.1055552065372 2508.8488895893097 5679.9374149441719 113.25048327445984 350.95379802584648 954.12741377949715 82.79935747385025 584.26241837441921 892.10239364206791 46.335887029767036 4745.3263808339834 1322.1397464722395 120.92958901822567 231.78877577185631 1186.5588525682688
leaf_count=1414 10070 805 3475 4874 558 7947 1106 4979 8994 3364 5989 10528 4301 14824 5527 24902 10263 24222 470 1482 3854 350 2349 3623 199 19301 5499 497 930 4781
internal_value=-0.000102354 -0.00331049 -0.00374296 0.0108861 -0.00725148 0.00948333 0.0197304 -0.00137684 -0.000554026 0.00572952 0.00322435 -0.00235589 0.00166348 -0.00412252 0.0145447 -0.00260921 -0.00603856 -0.010812 0.0296735 0.0305916 0.00253114 -0.00034727 0.0129667 0.0115319 0.00138126 0.00162503 -0.00851888 0.0183472 0.000458005 -0.000712868
internal_weight=46352 35886.8 35232 10465.2 14168.1 9791.39 654.81 21063.9 18904.9 5619.52 4198.55 11940.9 3642.71 8298.21 4171.86 6163.56 6084.69 8004.56 454.35 673.767 6963.98 2710.6 1420.97 2841.28 6009.85 5963.51 2159 234.18 2627.8 2396.01
internal_count=191477 148847 145969 42630 59752 39734 2878 86217 77243 22637 16924 48910 14829 34081 17097 25460 25087 34292 2073 2896 28333 10935 5713 11570 24479 24280 8974 967 10585 9655
cat_boundaries=0 1 2 3 4 5 6 7 8 9 10 11 12 13 14 15
cat_threshold=12583101 509952 24 16796684 16845552 268435465 3 16936013 16940096 15729026 1582592 268481604 13312 12800 4194436
is_linear=0
shrinkage=0.04


Tree=24
num_leaves=31
num_cat=15
split_feature=51 62 51 51 50 15 50 50 38 6 37 50 2 51 50 50 38 36 38 40 36 50 50 35 41 50 62 50 50 23
split_gain=942.058 211.046 171.769 150.714 130.228 119.81 77.0748 74.3625 68.5971 65.5479 64.5181 51.0807 66.8172 46.2613 61.3236 43.2828 37.4244 37.3289 32.7925 32.0025 31.7543 28.7843 25.9536 25.066 26.6999 24.6361 24.1098 29.2111 23.9312 22.1457
threshold=0 5.5000000000000009 1 2 3 0.016807910054922107 4 5 1.0000000180025095e-35 0.1012820526957512 0.92740449309349071 6 31.500000000000004 7 8 9 1.0000000180025095e-35 0.016261236742138866 0.036038961261510856 -0.91597560048103321 0.055867666378617294 10 11 0.85053193569183361 0.91597560048103344 12 5.5000000000000009 13 14 1.5000000000000002
decision_type=9 2 9 9 9 10 9 9 8 2 8 9 2 9 9 9 8 10 8 2 10 9 9 10 2 9 2 9 9 10
left_child=2 3 25 4 19 17 20 10 -5 11 18 13 28 -10 -15 -6 -17 26 -7 -2 -3 -9 -19 -20 -25 -1 27 -4 -13 -12
right_child=1 6 5 8 15 7 -8 21 9 -11 29 12 -14 14 -16 16 -18 22 23 -21 -22 -23 -24 24 -26 -27 -28 -29 -30 -31
leaf_value=0.039371290995813511 -0.013540854986041817 0.041540857370438826 0.0062335292942423568 0.0045337521960231728 0.019620002408272094 0.0088851425717505345 0.0040385732003633962 0.010487163375781809 -0.0054667886084062449 -0.017109071818740808 0.012263728332590906 0.022636740477061729 -0.0047131953500291141 0.0024257246959260327 -0.0079700415327758276 0.0081018009903781867 -0.0034966867723341313 0.017641628882662758 -0.021303815287203036 -0.0081649540144113093 0.014189087368424017 0.0263449919237293 0.0078405491197075464 0.0020886181967707646 -0.0073698756819831268 0.020450635796796891 0.03204101883789906 0.02071364173990501 0.0034953714497570651 0.003596540181405406
leaf_weight=314.00208139419556 2550.8512920439243 228.88746671378613 333.70014680922031 2746.8838476985693 131.42412115633488 403.84423364698887 307.41815531253815 1551.1061614751816 6998.7004506736994 457.63180337846279 1052.217247530818 93.888242438435555 2109.8713201880455 3429.3380815088749 1217.6911579817533 484.56440889835358 4837.1226265281439 694.9883935302496 114.80673456192017 6101.159648090601 109.49236236512661 215.55767519772053 1373.4686615914106 1000.0461764484644 902.03067125380039 361.3876385986805 219.8866923302412 1034.5626324117184 4039.9023997783661 876.68966981768608
leaf_count=1391 11058 1152 1354 11141 526 1622 1255 6241 28951 1949 4247 376 8616 13928 5014 1997 19995 2865 487 26021 454 871 5577 4026 3634 1535 982 4271 16398 3526
internal_value=1.21196e-06 -0.00307963 0.0105618 -0.00349782 -0.00669662 0.00917668 0.0194877 0.00574866 -0.001353 -0.00223718 0.00289857 -0.00185095 0.0010658 -0.00341419 -0.000310934 -0.00183833 -0.00242567 0.0149145 -0.00143678 -0.00974787 0.0321479 0.0126388 0.0113008 -0.00353032 -0.002394 0.0299405 0.0195584 0.0174285 0.00402491 0.00835431
internal_weight=46293.1 35844.8 10448.3 35199 14105.1 9772.91 645.798 6116.3 21093.9 18347 4349.63 17889.4 6243.66 11645.7 4647.03 5453.11 5321.69 3656.61 2420.73 8652.01 338.38 1766.66 2068.46 2016.88 1902.08 675.39 1588.15 1368.26 4133.79 1928.91
internal_count=191460 148831 42629 145970 59597 39703 2861 24654 86373 75232 17542 73283 25390 47893 18942 22518 21992 15049 9769 37079 1606 7112 8442 8147 7660 2926 6607 5625 16774 7773
cat_boundaries=0 1 2 3 4 5 6 7 8 9 10 11 12 13 14 15
cat_threshold=12583101 24 509952 16894988 344073229 16993357 285375497 538112 158720 40894850 45584 345092624 46148 16852061 3408258
is_linear=0
shrinkage=0.04


Tree=25
num_leaves=31
num_cat=16
split_feature=51 62 51 51 50 37 50 50 39 52 62 2 56 30 1 50 51 33 50 6 50 52 50 50 23 39 15 51 51 2
split_gain=870.342 186.352 149.567 149.557 129.335 98.0322 86.8156 81.3198 59.863 52.6758 48.8869 44.0812 40.6826 39.0601 39.0035 35.4871 35.384 35.1986 35.1524 30.3666 28.1668 28.0304 27.4176 27.2328 25.9853 24.7195 23.8252 23.3504 22.5666 22.565
threshold=0 3.5000000000000004 1 2 3 0.98229950666427623 4 5 0.98620623350143444 6 5.5000000000000009 41.500000000000007 1.0000000180025095e-35 0.035898379981517799 40.500000000000007 7 8 0.99557489156723034 9 0.075235851109027876 10 11 12 13 24.500000000000004 0.96026313304901134 0.19462481886148456 14 15 31.500000000000004
decision_type=9 2 9 9 9 10 9 9 10 1 2 2 8 10 2 9 9 10 9 2 9 1 9 9 10 10 10 9 9 2
left_child=2 3 -1 4 16 6 8 28 13 15 -9 14 -12 -4 18 25 21 20 27 -15 -7 -2 -8 -11 -13 -5 -10 -6 -3 -22
right_child=1 7 5 9 11 17 22 10 26 23 12 24 -14 19 -16 -17 -18 -19 -20 -21 29 -23 -24 -25 -26 -27 -28 -29 -30 -31
leaf_value=0.028388627443384617 -0.0023739065679627726 0.013294906621586491 0.0057516239910606762 -0.0037881012029336776 0.0008549083070257549 0.0055846571634350943 0.0112869537708391 0.0094629160811315876 0.018893159061425541 0.0033785894558452769 0.015483575004251734 -0.011547384812676562 0.041804144109227941 -0.00010140979711003544 0.029179728564699428 0.0027866361888607412 -0.01053427276921697 0.024035147387776346 0.010725638209026103 -0.014862046984881029 0.022241067432403536 -0.0089565871385635445 0.025441030592270125 -0.0045996023387702822 0.014371763511502945 0.0061229599002676494 -0.00038201375156747189 -0.0042543146278385836 -0.0021380375845721088 0.011195283532957344
leaf_weight=670.16836395859718 2043.2903970777988 179.89271008968353 2171.3528349548578 2747.3797537237406 2861.1108614057302 624.79043950140476 1973.6143622547388 416.94215968251228 507.93247710168362 771.54414892196655 195.06152781844139 891.17913514375687 202.00777272880077 1961.6474984884262 64.759922295808792 6582.8976847678423 6829.2446922957897 627.63804931938648 374.73998361825943 247.03099495172501 592.1740907728672 2168.9656874537468 261.79810684919357 5436.6671015620232 61.627145871520042 465.71239514648914 125.48724898695946 2834.4602506011724 666.55657516419888 650.46587301790714
leaf_count=2925 8560 730 8803 11310 11762 2523 8011 1690 2053 3132 812 3742 1058 7895 267 26714 29481 2671 1500 1030 2419 9161 1069 22305 254 1895 504 11692 2709 2657
internal_value=5.68485e-05 -0.00290438 0.0102262 -0.00354266 -0.00602859 0.00893329 0.00657593 0.0101582 0.00361413 -0.000720154 0.0190398 -0.00179911 0.0292772 0.00194581 -0.000551769 0.00110507 -0.00873569 0.015783 -0.000896 -0.0017912 0.012942 -0.00578793 0.013112 -0.00359912 -0.00978379 -0.00233083 0.0150701 -0.00168874 0.00129304 0.0164116
internal_weight=46208.1 35794 10414.1 34133.6 18129.4 9743.93 7248.86 1660.46 5013.45 16004.2 814.011 7087.88 397.069 4380.03 6135.07 9795.99 11041.5 2495.07 6070.31 2208.68 1867.43 4212.26 2235.41 6208.21 952.806 3213.09 633.42 5695.57 846.449 1242.64
internal_count=191334 148774 42560 141775 76419 39635 29365 6999 20285 65356 3560 29217 1870 17728 25221 39919 47202 10270 24954 8925 7599 17721 9080 25437 3996 13205 2557 23454 3439 5076
cat_boundaries=0 1 2 3 4 5 6 7 8 9 10 11 12 13 14 15 16
cat_threshold=12583101 24 1042432 16862221 16804941 21285490 71 293614649 548864 268874320 16790605 11 67342864 9699508 221184 3539456
is_linear=0
shrinkage=0.04


Tree=26
num_leaves=31
num_cat=15
split_feature=51 62 62 51 50 50 50 50 37 50 62 40 36 5 17 1 51 43 42 51 5 50 2 51 50 50 38 50 51 5
split_gain=806.611 179.861 146.395 128.049 121.625 111.768 73.5142 64.3396 60.5739 54.4277 50.7422 43.0191 42.3876 38.3118 37.683 36.0038 31.2745 29.8168 28.0313 36.202 27.3386 26.7612 26.6539 25.9684 27.2337 25.4997 25.9591 25.0641 26.5623 24.363
threshold=0 3.5000000000000004 3.5000000000000004 1 2 3 4 5 0.92740449309349071 6 5.5000000000000009 -0.91597560048103321 1.0000000180025095e-35 0.92349499464035045 0.98786765336990368 31.500000000000004 7 1.0000000180025095e-35 -0.60785761475563038 8 0.85053193569183361 9 22.500000000000004 10 11 12 1.0000000180025095e-35 13 14 0.8015151619911195
decision_type=9 2 2 9 9 9 9 9 8 9 2 2 10 2 8 2 9 2 2 9 2 9 2 9 9 9 8 9 9 2
left_child=2 3 5 4 11 -1 13 -3 9 20 -9 -2 -12 -5 18 -10 -17 -15 -8 -20 -7 -11 -13 24 -19 26 -6 -4 -29 -21
right_child=1 7 27 6 25 8 14 10 15 21 12 22 -14 17 -16 16 -18 23 19 29 -22 -23 -24 -25 -26 -27 -28 28 -30 -31
leaf_value=-0.002284086735246623 -0.014476248931512645 0.00034182979510239222 0.014072885946181913 -0.014193787016661769 0.0058128371527854999 -0.017265900208827477 -0.005691212298286453 0.0078620091702415722 0.018065223959058511 0.01006542619028012 0.039195474515859967 -0.0052561640039313906 0.014252797639092494 -0.0053486101991687234 0.0053571898861178857 0.01726126635222279 0.0066843859414492529 0.012571802547152271 -0.0044015075368916056 -0.032855123409573896 0.0032658885699320466 0.027746872803421422 -0.010860897108891487 -0.002844176233076041 -2.8080394537723461e-05 0.0052775550559770812 -0.0039878009187569938 0.011643424102499534 0.030226122918421427 0.0026297682118551001
leaf_weight=1470.4894469231367 2267.8279395699501 687.35071608424187 631.01533210277557 546.96485124528408 468.43514166772366 103.7307198792696 1342.5846017599106 523.40801605582237 1547.6167407482862 1197.2120164185762 213.15764719247818 2930.2903543263674 243.41769602894783 5284.7507631778717 2319.6399568319321 664.58664374053478 1541.2400220930576 387.47035653889179 1673.1383847743273 26.103077411651611 2194.0198590010405 157.23583213984966 2590.788926422596 3056.6122228503227 862.76179386675358 634.85538418591022 4882.1370477378368 220.09531998634338 657.14978368580341 4823.3721231073141
leaf_count=5946 9939 2782 2671 2322 1934 435 5535 2123 6304 4841 1128 12498 1013 21800 9427 2726 6260 1569 6869 113 8835 638 11223 12561 3534 2571 20273 943 2913 19591
internal_value=-6.0774e-05 -0.00291121 0.00974464 -0.00354016 -0.00651592 0.00778429 -0.00151728 0.00989388 0.00977628 0.00609889 0.0163679 -0.00981085 0.0262394 -0.00392654 0.000881328 0.0133623 0.0100202 -0.00333596 -0.000437618 0.000644225 0.00228491 0.0124141 -0.00789727 -0.000858351 0.0039638 -0.00221106 -0.00311559 0.0212687 0.0258604 0.00239607
internal_weight=46149.5 35765.1 10384.4 34097.7 13774.3 8876.13 20323.4 1667.33 7405.64 3652.2 979.983 7788.91 456.575 10138.6 10184.8 3753.44 2205.83 9591.6 7865.2 6522.61 2297.75 1354.45 5521.08 4306.84 1250.23 5985.43 5350.57 1508.26 877.245 4849.48
internal_count=191317 148805 42512 141759 58438 35985 83321 7046 30039 14749 4264 33660 2141 41786 41535 15290 8986 39464 32108 26573 9270 5479 23721 17664 5103 24778 22207 6527 3856 19704
cat_boundaries=0 1 2 3 4 5 6 7 8 9 10 11 12 13 14 15
cat_threshold=12583101 509952 16796684 16777229 285439049 264944 216128 25 12290 45584 4354 135232 504401 84167226 129
is_linear=0
shrinkage=0.04


Tree=27
num_leaves=31
num_cat=7
split_feature=51 63 51 51 61 2 52 36 39 51 42 36 39 5 1 5 37 39 51 63 2 36 37 40 8 42 5 1 52 32
split_gain=772.438 159.403 132.149 127.128 91.5665 80.2255 56.8371 46.9078 46.6336 41.3159 47.7364 38.7956 37.1791 35.1835 33.1505 31.3145 25.6741 22.4496 22.3416 22.2788 21.791 36.5127 20.8005 20.4301 22.2494 19.9595 18.6327 18.592 18.7035 18.4026
threshold=0 1.8691406250000002 1 2 1.5000000000000002 30.500000000000004 3 0.012579114176332952 0.98620623350143444 4 -0.60785761475563038 0.018019480630755428 0.99494948983192455 0.78660714626312267 36.500000000000007 0.92349499464035045 0.98229950666427623 0.76689496636390697 5 1.8691406250000002 31.500000000000004 0.044610282406210906 0.99494948983192455 -0.6035533845424651 29.500000000000004 0.6078576147556306 0.88989898562431347 45.500000000000007 6 0.42933948338031774
decision_type=9 2 9 9 2 2 1 8 10 9 2 10 10 2 2 2 10 8 9 2 2 10 10 2 8 2 2 2 1 10
left_child=3 2 5 -1 8 18 12 14 13 10 29 19 15 -5 -3 -4 25 -9 -2 -6 21 -15 23 24 -7 -17 -12 28 -13 -8
right_child=1 7 6 4 11 22 9 17 -10 -11 26 27 -14 20 -16 16 -18 -19 -20 -21 -22 -23 -24 -25 -26 -27 -28 -29 -30 -31
leaf_value=0.027015346129567935 -0.0063918479226684893 0.035118708196731602 -0.0099627312135111955 -0.024087252045956756 0.016202393363441855 -0.013579579763029266 -0.0097732420901083892 0.019271602134286161 0.014754588381834705 -0.00023753881069101522 -0.023553589833598638 0.0049286201795086431 0.008101440086760562 0.014849542361242304 -0.003364094721302609 0.0026427125742178033 0.0061248252972445887 0.00034827958575804467 -0.0024223691312226367 0.030708655436846557 0.0011341516674561031 0.0035516514865896625 -0.002203855582623755 -0.0075599810479614719 0.0076432282113119707 -0.0016099551290929119 -0.0025171272405937325 0.0034368214778662601 0.014586120890509669 -0.022317838344030189
leaf_weight=664.17464418709278 3197.9847343116999 230.26886716485023 425.20200295746326 66.542485922574997 1539.7809198200703 2429.2850355356932 1060.4663372635841 162.5266777575016 712.52144742012024 4576.6676227450371 64.260630160570145 496.56608936190605 1181.0441237837076 650.56726793944836 40.173139348626137 3003.3332997709513 1360.7146952599287 255.99414017796516 8051.6129804700613 199.3038292825222 1994.4595326185226 1556.4628718942404 562.45702914893627 2216.8679698258638 77.438158243894577 4268.4892627745867 3075.9420548677444 548.05357955396175 1244.8559775352478 233.42931187152863
leaf_count=2939 13500 1214 1781 284 6382 10587 4421 679 2879 18674 277 2027 4770 2629 166 12226 5502 1060 33773 904 8035 6280 2361 9441 334 17434 12650 2226 5099 980
internal_value=0.000180396 -0.00248501 -0.00285401 0.0102207 0.00893753 -0.00547481 -0.000597677 0.0164991 0.00530569 -0.00291293 -0.00565974 0.0134327 0.00143922 0.00370816 0.0293723 0.000565923 0.0010923 0.00788487 -0.00356274 0.0179596 0.00418124 0.00691702 -0.00954335 -0.0104098 -0.0129021 0.000144298 -0.00299073 0.00995368 0.0119775 -0.012129
internal_weight=46147.4 36474.2 35785.2 9673.29 9009.11 16535.6 19249.5 688.963 4980.55 9010.77 4434.1 4028.56 10238.8 4268.03 270.442 9057.74 8632.54 418.521 11249.6 1739.08 4201.49 2207.03 5286.05 4723.59 2506.72 7271.82 3140.2 2289.48 1741.42 1293.9
internal_count=191514 151830 148711 39684 36745 69996 78715 3119 20107 37002 18328 16638 41713 17228 1380 36943 35162 1739 47273 7286 16944 8909 22723 20362 10921 29660 12927 9352 7126 5401
cat_boundaries=0 1 2 3 4 5 6 7
cat_threshold=12582973 518144 24 7 1574400 264192 12
is_linear=0
shrinkage=0.04


Tree=28
num_leaves=31
num_cat=18
split_feature=51 62 62 51 50 50 50 61 50 52 62 50 50 37 35 36 51 51 50 40 51 36 2 38 50 51 5 50 51 50
split_gain=716.062 155.66 132.217 107.958 107.656 88.9267 69.6542 64.0692 60.39 52.2411 44.7714 43.3756 39.8049 44.4032 39.6727 39.4709 38.8022 36.0158 36.3437 32.3251 32.2791 29.7051 28.8908 27.1561 26.5318 23.9989 23.8581 22.2522 22.1362 21.7772
threshold=0 3.5000000000000004 4.5000000000000009 1 2 3 4 1.0000000180025095e-35 5 6 5.5000000000000009 7 8 0.89504283666610729 0.8015151619911195 0.023392613045871261 9 10 11 -0.91597560048103321 12 0.03141447342932225 31.500000000000004 0.022599591873586181 13 14 0.92919799685478222 15 16 17
decision_type=9 2 2 9 9 9 9 2 9 1 2 9 9 10 10 10 9 9 9 2 9 10 2 8 9 9 2 9 9 9
left_child=2 3 5 4 19 -1 20 26 16 14 -8 15 13 25 -10 -11 -5 23 -19 -2 -3 -12 -13 -16 -4 -9 -7 -18 -29 -28
right_child=1 6 24 8 -6 7 10 12 9 11 21 22 -14 -15 17 -17 27 18 -20 -21 -22 -23 -24 -25 -26 -27 29 28 -30 -31
leaf_value=-0.0048795065751306484 -0.013189371539606032 -0.0038981220245991751 0.012434391687203755 -0.010660348245961822 -0.0019675078992358705 -0.00877443977361669 0.0087206439267251655 0.025846153337545873 -0.028432651975159939 5.8655734384738094e-05 0.039246714760173051 0.0029708976445737738 0.02263007882611217 0.013375465565571355 0.010016020761684303 -0.0076506369417416462 -0.017003382939903361 -0.0052249809514410507 0.0026366925984577477 -0.0074658393349141894 0.011493046779647209 0.015103227585303785 -0.0055608080566282537 0.0025600801475625422 0.027552472034047246 0.005004488636641987 0.0020580249548671041 -0.0040131111648150771 0.0070746131307623016 0.0099507253443829515
leaf_weight=809.66729375720024 2255.6617278307676 579.86251965165138 363.94447860121727 1685.677890509367 5970.7094851583242 215.85817664861679 374.40960551798344 79.907266080379486 64.967957630753517 1544.6244162917137 194.52644391357899 2415.0817608386278 462.79896672070026 3092.9243575334549 951.48458848893642 3363.6443900614977 116.65905769169331 1831.5183747857809 1902.4546640664339 5501.7674215883017 329.22918656468391 160.52788454294205 855.30702506005764 4397.2832195460796 677.68437641859055 2168.0847901403904 1587.2712916731834 719.34344145655632 458.86194828152657 874.90799936652184
leaf_count=3283 9949 2359 1568 7035 24758 890 1519 346 282 6305 1070 9850 1907 12676 3838 13973 492 7531 7758 23724 1343 671 3510 17863 3081 8763 6391 2984 1889 3526
internal_value=-1.44391e-05 -0.00270112 0.00924957 -0.00328249 -0.00602092 0.00773178 0.00931934 0.0089354 -0.00142555 -0.000517079 0.0183749 -0.00283824 0.0113084 0.0102418 0.00155726 -0.00521226 -0.00667094 0.00179121 -0.00121961 -0.00912834 0.00175025 0.0287478 0.000726189 0.00389099 0.022756 0.00594685 0.00380719 -0.00139958 0.000322986 0.00493387
internal_weight=46006.7 35673.6 10333 34035 13728.1 9291.42 1638.56 8481.75 20306.9 17326.4 729.464 8178.66 5803.72 5340.92 9147.71 4908.27 2980.54 9082.74 3733.97 7757.43 909.092 355.054 3270.39 5348.77 1041.63 2247.99 2678.04 1294.86 1178.21 2462.18
internal_count=191134 148703 42431 141741 58431 37782 6962 34499 83310 70910 3260 33638 23692 21785 37272 20278 12400 36990 15289 33673 3702 1741 13360 21701 4649 9109 10807 5365 4873 9917
cat_boundaries=0 1 2 3 4 5 6 7 8 9 10 11 12 13 14 15 16 17 18
cat_threshold=12583101 509952 16796684 16777225 4512498 268439561 7 16796736 228932 3671296 3670784 85024 645378 84297840 8 1 8704 158740
is_linear=0
shrinkage=0.04


Tree=29
num_leaves=31
num_cat=10
split_feature=41 62 40 50 50 40 2 37 50 50 36 50 50 40 2 62 50 10 40 50 36 50 41 44 6 41 12 9 52 40
split_gain=458.381 241.121 135.326 117.196 116.997 89.9545 88.2873 73.211 66.5186 62.0036 55.9396 53.4056 53.3314 51.1926 47.471 46.7 41.1572 40.462 39.7253 36.1811 35.7089 33.2779 32.7674 32.056 27.9875 26.5844 26.0864 32.079 25.2622 24.9967
threshold=0.60355338454246532 5.5000000000000009 0.60355338454246532 0 1 0.78656607866287243 31.500000000000004 0.89949494600296032 2 3 1.0000000180025095e-35 4 5 -0.6035533845424651 30.500000000000004 4.5000000000000009 6 12.500000000000002 -0.6035533845424651 7 0.016261236742138866 8 0.98296290636062633 1.0000000180025095e-35 0.21483516693115237 0.12940952181816107 30.500000000000004 12.500000000000002 9 0.12940952181816109
decision_type=2 2 2 9 9 2 2 8 9 9 8 9 9 2 2 2 9 2 2 9 8 9 2 2 2 2 10 10 1 2
left_child=1 3 4 5 15 10 12 9 20 17 25 29 13 16 -9 -2 -5 -6 -11 23 -3 -7 -16 -15 26 -1 -12 -28 -20 -8
right_child=2 8 -4 6 7 21 11 14 -10 18 24 -13 -14 19 22 -17 -18 -19 28 -21 -22 -23 -24 -25 -26 -27 27 -29 -30 -31
leaf_value=-0.0022871258411272474 -0.004585645980500706 0.041848995525228097 0.031294439480573706 -0.0067957883725346781 -0.013541372913610213 0.0057815865570507155 -0.012928372014583283 0.014199885141155846 0.00092104846608510361 -0.003601703072092898 -0.0057400198954078831 0.00012620297392793904 0.012324292100584814 0.0078025291700132872 0.0051976270486345476 0.021820408155101348 0.0020872021458528921 0.00088264696266541641 0.017263377583725831 -0.0012880277781685046 0.019180680629056202 -0.0045386722670361906 0.014429056113618405 -0.0026537338619524306 -0.029735413737459686 0.0086605856709402167 -0.010848199115590689 0.002154055239405807 0.0068899108380964733 -0.0036875586503796664
leaf_weight=2277.4729473441839 1905.9669741690159 203.92539189755917 336.05588912963867 1755.5739486217499 387.88898499310017 1568.8698602020741 1283.771415323019 2663.9840626269579 209.71896310150623 405.05036151409149 11002.198801979423 1683.3425572365522 741.43921281397343 2859.8371193259954 2931.3989192396402 108.40312819182873 1566.5933307558298 1484.078789934516 559.00106401741505 1541.9453682154417 285.46525099873543 716.65054915845394 783.48697824776173 555.2090307623148 81.009293615818024 414.98368398845196 3315.3642006218433 329.7301561832428 1335.9119416326284 755.12095384299755
leaf_count=9459 7739 1144 1522 7372 1587 6372 5426 10945 882 1646 46470 6982 2978 11661 11923 480 6429 5993 2270 6298 1273 2949 3233 2289 360 1682 14243 1397 5419 3108
internal_value=1.46862e-05 -0.0024746 0.00641066 -0.00297721 0.00573136 -0.00490863 1.26829e-05 0.0074138 0.0206809 0.00328807 -0.00589019 -0.00516479 0.00215301 0.00121647 0.0101159 -0.0030889 -0.00261825 -0.00211234 0.00766318 0.00379302 0.0284197 0.0025394 0.00716673 0.00607757 -0.00685916 -0.000579434 -0.00672117 -0.00966521 0.0101251 -0.00948672
internal_weight=46049.4 33148.2 12901.2 32449.1 12565.2 19706.3 12742.8 10550.8 699.11 4171.93 17420.8 3722.23 9020.6 8279.16 6378.87 2014.37 3322.17 1871.97 2299.96 4956.99 489.391 2285.52 3714.89 3415.05 14728.3 2692.46 14647.3 3645.09 1894.91 2038.89
internal_count=191531 138774 52757 135475 51235 82932 52543 43016 3299 16915 73611 15516 37027 34049 26101 8219 13801 7580 9335 20248 2417 9321 15156 13950 62470 11141 62110 15640 7689 8534
cat_boundaries=0 1 2 3 4 5 6 7 8 9 10
cat_threshold=16874505 16777229 268497933 19456 131620 302416452 32836 33284 72704 65
is_linear=0
shrinkage=0.04


Tree=30
num_leaves=31
num_cat=15
split_feature=51 32 62 51 50 50 52 50 36 62 50 2 36 50 36 5 51 40 50 50 2 51 5 40 2 12 51 52 51 10
split_gain=619.764 143.352 116.954 106.168 95.1324 94.6667 63.1992 49.1655 47.6736 47.8302 47.1945 46.7238 42.1861 41.062 38.485 33.6355 33.2654 32.3152 31.4051 30.4606 28.084 26.6304 26.0471 25.9018 24.785 24.7495 24.371 23.072 21.1931 20.6769
threshold=0 0.011299795936793091 4.5000000000000009 1 2 3 4 5 0.055867666378617294 5.5000000000000009 6 32.500000000000007 0.03141447342932225 7 0.12435567006468774 0.90990260243415844 8 -0.91597560048103321 9 10 51.500000000000007 11 0.86754387617111217 -0.37940952181816096 32.500000000000007 30.500000000000004 12 13 14 93.500000000000014
decision_type=9 8 2 9 9 9 1 9 8 2 9 2 8 9 10 2 9 2 9 9 2 9 2 2 2 8 9 1 9 2
left_child=2 7 5 4 17 16 18 -2 9 -9 12 23 -8 14 24 -14 20 -3 -5 28 27 -17 -18 -12 -7 -6 -26 -1 -4 -28
right_child=1 3 19 6 25 13 10 8 -10 -11 11 -13 15 -15 -16 21 22 -19 -20 -21 -22 -23 -24 -25 26 -27 29 -29 -30 -31
leaf_value=0.0064909306994289364 0.0018670870241816301 -0.012977319579661922 -0.0079814615160152501 -0.0018118464934074989 -0.00075724987050226466 0.01541781100263981 -2.6315254390928625e-05 0.010940339958444723 0.0056203931153497215 0.037136011700515732 -0.0027367976099162334 -0.0071517187582601765 -0.020212389659969791 0.019703481398512083 0.004463412598693625 -0.0085092600893585911 -0.02326311940363204 -0.0071759994197285746 0.0037315230732698434 0.026083748259465328 -0.011832759626223821 -0.0029397528659782369 0.0079073798753253651 0.0051501232681943621 0.015092457995046243 -0.0075186857676913079 0.0035570282714268791 -0.0030434858951296157 0.015329044709725704 0.021019908053291684
leaf_weight=659.24400751292706 1974.7206499129534 2202.364737033844 73.308454468846321 2534.5782717466354 4667.8685951679945 1537.8245173692703 2180.3669227361679 273.18937750160694 699.61818198859692 194.97874735295773 939.49794511497021 979.89121605455875 271.77628372609615 673.33415441215038 1879.0302740633488 2920.3854139298201 39.35736720263958 5297.773925408721 4546.1212568581104 716.64902880787849 336.5149409621954 2693.7175582796335 1258.6893993765116 2243.0567094236612 601.88446652889252 1061.6027444303036 1170.1895180940628 1004.9346419721842 247.73650240898132 115.88809283077717
leaf_count=2672 8080 9782 315 10441 19294 6310 8904 1109 2873 1086 3853 4029 1179 2770 7596 12236 172 22950 18472 3301 1355 11094 5111 9135 2498 4496 4774 4067 1076 479
internal_value=0.000131185 -0.00236534 0.00876017 -0.00315448 -0.00591307 0.00733279 -0.00125867 0.00578398 0.0122339 0.0221695 -0.00299938 0.000457027 -0.00478302 0.0103268 0.00908071 -0.0065483 0.00185646 -0.00887786 0.00174479 0.0214894 -0.0013736 -0.00586587 0.00680904 0.00281497 0.0116237 -0.0020155 0.00849016 0.000750258 0.00982806 0.00518127
internal_weight=45996.1 35681.5 10314.6 32539 13229.6 9276.89 19309.4 3142.51 1167.79 468.168 12228.7 4162.45 8066.25 5978.15 5304.82 5885.88 3298.74 7500.14 7080.7 1037.69 2000.69 5614.1 1298.05 3182.55 3425.79 5729.47 1887.96 1664.18 321.045 1286.08
internal_count=191509 149013 42496 135865 56522 37804 79343 13148 5068 2195 50430 17017 33413 24427 21657 24509 13377 32732 28913 4692 8094 23330 5283 12988 14061 23790 7751 6739 1391 5253
cat_boundaries=0 1 2 3 4 5 6 7 8 9 10 11 12 13 14 15
cat_threshold=12583101 509952 16796684 16925709 3 16947832 285428809 80448 8388737 285422601 84297776 1582082 25 97 52
is_linear=0
shrinkage=0.04


Tree=31
num_leaves=31
num_cat=14
split_feature=51 51 62 50 51 18 50 50 50 1 50 50 12 5 39 5 56 50 37 56 42 12 12 50 51 37 50 38 51 5
split_gain=567.135 123.201 111.728 91.589 87.6336 83.5425 78.4043 64.8095 61.6533 43.8241 42.5816 34.4941 30.5331 30.5132 28.6035 28.3329 28.1041 26.6234 30.1357 25.1728 23.8049 23.2093 23.1533 24.6822 22.394 21.4191 20.7308 20.6754 20.063 19.3607
threshold=0 1 5.5000000000000009 2 3 0.98974332213401806 4 5 6 43.500000000000007 7 8 26.500000000000004 0.76533168554306041 0.97530490159988414 0.8015151619911195 1.0000000180025095e-35 9 0.98473194241523754 1.0000000180025095e-35 -1.0000000180025095e-35 43.500000000000007 30.500000000000004 10 11 0.95480081439018261 12 0.030457638204097751 13 0.92349499464035045
decision_type=9 9 2 9 9 10 9 9 9 2 9 9 10 2 10 2 8 9 10 10 2 8 8 9 9 10 9 8 9 2
left_child=1 11 3 -2 6 7 12 27 -4 19 20 -1 13 -5 15 -12 26 18 -9 -10 -6 -17 23 28 25 -14 -7 -3 -8 -29
right_child=2 5 8 4 10 16 22 17 9 -11 14 -13 24 -15 -16 21 -18 -19 -20 -21 -22 -23 -24 -25 -26 -27 -28 29 -30 -31
leaf_value=0.035421877464567333 0.018596583470091868 0.0070738603484788954 -0.0042908820459190518 -0.036615883988838388 -0.012335396182969787 0.018550898138566776 -0.0090964693185933091 0.0049946098450412285 0.016836674142807248 -0.021434938838183152 -0.022152798475122332 0.014719157926299466 -0.0095898429601249079 -0.0050606851124083497 0.0044326810020192502 0.00022705100794210932 0.018370457301863232 0.01949996138080742 0.012869492157166706 0.037961220465121445 -0.0031385823971215453 -0.0051256665942557766 -0.0058185970712221072 0.0027502996602380542 -0.013212631276487821 -0.00073982665683704088 0.0071643903912441617 -0.015849388089894598 -0.0008232110077330641 -0.0010813485450220544
leaf_weight=306.65130458772182 309.29205030202866 464.54190643131733 194.47367343306541 44.694353237748146 638.39195097982883 340.53064304590225 594.16935984790325 3327.4784250557423 218.90616023540497 28.617647305130959 91.835626617074013 336.11138021945953 1364.643878698349 7825.3303624242544 2117.8372661918402 10626.826813563704 1058.6166160404682 281.03307408094406 1023.1604676693678 177.36111009120941 1549.9563753306866 1470.2934085428715 1384.7550148665905 2605.7127159237862 1644.0132633000612 651.73215314745903 1243.0179940760136 150.07674819231033 2104.8991493433714 1763.1238505840302
leaf_count=1443 1242 1876 782 199 2684 1432 2467 13457 933 121 406 1476 5881 33523 8553 43352 4542 1156 4216 1048 6450 5989 5851 10663 7352 2762 5116 640 8726 7115
internal_value=0.000120178 0.00838362 -0.0022684 -0.00256817 -0.00276452 0.00722366 -0.00467629 0.00493564 0.0144998 0.0226693 -0.000649302 0.025209 -0.00667511 -0.00526556 0.000146405 -0.000598089 0.0132925 0.00768054 0.0068481 0.0266966 -0.00582607 -0.000423719 -0.00122083 -1.48159e-05 -0.00970715 -0.00671492 0.00983813 -0.00043814 -0.00269205 -0.00228851
internal_weight=45938.1 10294.3 35643.7 35024.4 34715.1 9651.58 18220 7009.41 619.359 424.885 16495.1 642.763 11530.4 7870.02 14306.8 12189 2642.17 4631.67 4350.64 396.267 2188.35 12097.1 6689.54 5304.78 3660.39 2016.38 1583.55 2377.74 2699.07 1913.2
internal_count=191453 42469 148984 146100 144858 39550 77424 28460 2884 2102 67434 2919 49717 33722 58300 49747 11090 18829 17673 1981 9134 49341 27707 21856 15995 8643 6548 9631 11193 7755
cat_boundaries=0 1 2 3 4 5 6 7 8 9 10 11 12 13 14
cat_threshold=12583101 24 183763330 1042432 16866316 16794637 68336 285212681 268481604 244288 67149889 550912 345080336 526336
is_linear=0
shrinkage=0.04


Tree=32
num_leaves=31
num_cat=11
split_feature=41 40 63 36 50 50 40 40 2 50 40 61 17 50 40 50 52 2 1 2 50 36 41 50 50 50 50 11 12 42
split_gain=345.946 159.347 133.898 128.528 94.1225 78.3293 71.939 66.4101 65.1502 56.9877 49.3409 57.9712 49.1536 43.6292 47.4877 41.0355 37.224 36.8299 34.953 40.8718 34.893 31.9475 31.5164 30.9151 30.4973 29.9355 29.5044 27.1069 26.3995 26.2186
threshold=0.37940952181816107 0.60355338454246532 1.8691406250000002 0.055867666378617294 0 1 0.78656607866287243 -0.6035533845424651 31.500000000000004 2 0.12940952181816109 1.5000000000000002 0.98786765336990368 3 -0.6035533845424651 4 5 79.500000000000014 14.500000000000002 42.500000000000007 6 1.0000000180025095e-35 0.12940952181816107 7 8 9 10 27.500000000000004 41.500000000000007 -0.60785761475563038
decision_type=2 2 2 10 9 9 2 2 2 9 2 2 8 9 2 9 1 2 2 2 9 8 2 9 9 9 9 8 10 2
left_child=2 3 4 12 6 10 21 -7 13 18 11 17 24 14 25 -10 -9 -5 -4 -20 -8 -1 28 -16 -2 -6 -14 -23 -17 -25
right_child=1 -3 9 5 8 7 20 16 15 -11 -12 -13 26 -15 23 22 -18 -19 19 -21 -22 27 -24 29 -26 -27 -28 -29 -30 -31
leaf_value=-0.0013868208067894378 -0.00086941993612429426 0.024315956387527447 -0.013097429828290263 -0.0062909440369634919 0.0015982670150111958 -0.0033595551924955119 -0.012183963284841321 0.013751834137707655 -0.0078480604797492928 -0.0015101742987672858 -0.01526185716612849 0.0059626138717839561 0.0050002734029357442 0.013503619351235327 -0.0013678931814184885 0.0063319333199528798 0.0037162609208671172 0.017598944413221677 0.034379092468123942 -0.016758903571955974 0.0038306535396669945 -0.005160298529802463 -0.027957574469783485 -0.0021272270413153446 0.0070622221713970892 -0.0064030825514095968 0.014497653001882006 -0.0090275047515965476 -0.0079774369315632788 0.0070834378368925047
leaf_weight=2437.9613824188709 1026.0015684664249 640.17341133952141 28.990963503718376 2311.9244473576546 1325.5480281561613 1121.3820474743843 229.64070451259613 1107.9892033040524 2277.6345932781696 183.07956495881081 494.78516171872616 1060.8471908271313 769.90178969502449 464.17650187015533 1482.589845508337 843.89702217280865 1329.5072789490223 102.92724947631359 303.61951811611652 23.738464206457138 1968.5526719987392 9374.0859882384539 50.712207049131393 589.50324693322182 3140.2323771715164 1685.3556068688631 2041.7189917117357 4257.5748247802258 266.88405990600586 2905.7144865095615
leaf_count=10127 4162 2931 128 9450 5443 4591 941 4517 9576 764 2015 4299 3165 1860 6060 3491 5410 417 1607 104 8008 39780 212 2424 12813 7104 8553 18387 1110 11829
internal_value=-8.95098e-05 0.00485568 -0.00253057 0.00398748 -0.00288559 0.000359275 -0.0046869 0.00466036 -0.000112015 0.0171264 -0.00349485 -0.00180452 0.00789651 0.00177471 0.00106447 -0.0047513 0.00837655 -0.00523017 0.0259681 0.0304143 0.00208679 -0.005618 0.00136732 0.00346485 0.00512028 -0.00289298 0.0119868 -0.00637248 0.0028556 0.0055077
internal_weight=45846.7 15147.4 30699.3 14507.2 30159.8 7529.36 18267.8 3558.88 11892 539.429 3970.48 3475.7 6977.85 8452.89 7988.71 3439.13 2437.5 2414.85 356.349 327.358 2198.19 16069.6 1161.49 4977.81 4166.23 3010.9 2811.62 13631.7 1110.78 3495.22
internal_count=191278 62323 128955 59392 126352 30699 77243 14518 49109 2603 16181 14166 28693 34720 32860 14389 9927 9867 1839 1711 8949 68294 4813 20313 16975 12547 11718 58167 4601 14253
cat_boundaries=0 1 2 3 4 5 6 7 8 9 10 11
cat_threshold=16874505 16795725 268465165 268862036 268599844 97 8193 268566592 16778253 268567040 16892504
is_linear=0
shrinkage=0.04


Tree=33
num_leaves=31
num_cat=8
split_feature=51 30 61 51 52 62 11 6 51 62 6 36 2 36 38 2 44 24 51 1 36 51 2 8 38 6 37 51 51 44
split_gain=476.761 113.554 93.1658 81.1958 52.1782 43.8777 36.7725 36.7683 33.5856 34.2256 32.0055 30.9232 31.0802 26.2703 25.8654 26.1754 25.1278 24.9202 23.6824 23.1635 22.2666 20.276 20.2426 19.9997 19.0529 18.893 17.6041 20.1235 17.1178 16.5237
threshold=0 0.004673305433243514 1.5000000000000002 1 2 5.5000000000000009 29.500000000000004 0.15504807978868487 3 5.5000000000000009 0.20344828069210055 0.018019480630755428 31.500000000000004 0.016261236742138866 1.0000000180025095e-35 31.500000000000004 1.0000000180025095e-35 22.500000000000004 4 45.500000000000007 1.0000000180025095e-35 5 98.500000000000014 1.0000000180025095e-35 0.050252525135874755 0.067424245178699507 0.98229950666427623 6 7 1.0000000180025095e-35
decision_type=9 8 2 9 1 2 10 2 9 2 2 8 2 8 8 2 2 8 9 2 10 9 2 8 10 2 10 9 9 2
left_child=2 8 10 6 18 26 25 11 -2 -10 14 -6 16 -7 -1 24 -13 -14 -5 -15 -11 -17 -23 -20 -16 28 27 -4 -3 -30
right_child=1 3 5 4 7 13 -8 -9 9 20 -12 12 17 19 15 21 -18 -19 23 -21 -22 22 -24 -25 -26 -27 -28 -29 29 -31
leaf_value=0.010783238108348405 0.0014732874191359005 -0.0023806254040161312 0.013469193590673985 0.0067774852011343858 0.0010621670933343695 0.031901862157369724 -0.0097011303602029652 -0.020517959781441244 0.0063610889248308638 0.036484803151265857 -0.018507779881829344 -0.00062827633540822147 -0.0081463354282738914 0.019138935622425853 0.010108835123664178 0.014491749294719431 -0.0056065514003144868 0.0027083041878690583 0.0042378741870158212 -0.0031537175266737648 0.012710254719229408 -0.0017102757893949889 0.02430575731275841 -0.00094079565420167723 0.0031903128200574254 -0.013117815802754269 0.014284668533528076 0.0057821611966671635 -0.0046127715792593123 -0.011619735507375646
leaf_weight=898.21628476679325 1973.2416010648012 4641.8214994072914 824.64220087230206 1015.0235424488783 2722.5878351926804 234.481086820364 2811.5419895648956 184.23453003168106 1048.61710549891 104.69361758232117 92.716628283262253 4994.155307456851 2956.5318879336119 424.48648397624493 1074.2187748551369 129.1718615591526 2406.775618493557 376.65765504539013 1547.6891900002956 86.885640427470207 179.3806971013546 1910.4313789010048 44.021490395069122 5141.3702113181353 1601.8614954799414 374.25357131659985 1133.5128180384636 1849.8583803921938 2278.1244236081839 715.4763365983963
leaf_count=3646 8215 19777 3458 4113 11088 1150 12384 816 4280 634 398 20630 12385 1979 4352 537 10046 1562 6331 392 753 7711 179 21135 6492 1603 4802 7552 9713 3058
internal_value=-6.86272e-06 -0.00220789 0.0075602 -0.00293457 -0.0014991 0.0118419 -0.00575552 -0.00298479 0.00484367 0.00971129 0.00417191 -0.00273795 -0.00370371 0.0207364 0.00456311 0.00337501 -0.0022526 -0.00691153 0.00112959 0.0153187 0.0220209 2.34174e-06 -0.00104822 0.000256325 0.00598864 -0.00437003 0.0100696 0.00825236 -0.00393034 -0.00628973
internal_weight=45776.7 35472.2 10304.5 32166.2 21345 4553.87 10821.2 13640.9 3305.93 1332.69 5750.64 13456.7 10734.1 745.853 5657.92 4759.71 7400.93 3333.19 7704.08 511.372 284.074 2083.62 1954.45 6689.06 2676.08 8009.68 3808.01 2674.5 7635.42 2993.6
internal_count=191171 148523 42648 134641 88106 19333 46535 56527 13882 5667 23315 55711 44623 3521 22917 19271 30676 13947 31579 2371 1387 8427 7890 27466 10844 34151 15812 11010 32548 12771
cat_boundaries=0 1 2 3 4 5 6 7 8
cat_threshold=12583101 493568 3 64514 256 56 4194360 229376
is_linear=0
shrinkage=0.04


Tree=34
num_leaves=31
num_cat=16
split_feature=51 32 62 51 50 50 50 5 52 39 62 36 51 36 50 51 50 36 51 40 6 50 11 6 57 51 50 51 12 50
split_gain=466.914 104.373 98.0103 78.4445 77.8526 71.137 46.3605 44.3059 43.3165 41.3217 40.9592 39.7506 37.5604 34.8594 36.8422 33.1757 33.0573 34.5888 30.373 28.4189 27.2641 25.8577 25.586 27.6286 25.5025 31.2763 24.6512 23.5261 22.9434 21.3225
threshold=0 0.011299795936793091 4.5000000000000009 1 2 3 4 0.8015151619911195 5 0.98346996307373058 5.5000000000000009 0.05298245698213578 6 0.018019480630755428 7 8 9 0.041885966435074813 10 -0.91597560048103321 0.11269841343164445 11 23.500000000000004 0.11269841343164445 1.0000000180025095e-35 12 13 14 38.500000000000007 15
decision_type=9 8 2 9 9 9 9 2 1 10 2 8 9 8 9 9 9 10 9 2 2 9 10 2 10 9 9 9 8 9
left_child=2 6 5 4 19 22 18 -5 24 12 -8 -12 -7 -10 15 -15 17 -14 -2 -3 -19 27 23 -1 26 -26 -9 -4 -28 -6
right_child=1 3 21 7 29 9 10 8 13 -11 11 -13 16 14 -16 -17 -18 20 -20 -21 -22 -23 -24 -25 25 -27 28 -29 -30 -31
leaf_value=0.0045824331945016538 -0.0029794148334555464 -0.011637722673273983 -0.010001491041750242 -0.02091431581971737 0.018885870379414266 0.020576463268576803 0.0063905291232460313 -0.0029266828754044194 0.001621352386468544 0.014865150437224686 0.035162417518783261 0.0067635929224677087 0.0088731669113907563 -0.0076186076350800297 6.2773458751768293e-05 -0.0017278972413681012 0.018545737294600895 0.0031633287961098421 0.0073921209351744009 -0.0062523978981392928 -0.016356553752438784 0.023676944891859241 -0.0060550946802851984 -0.021019320100654756 0.01424605017108741 -0.00014284760763900436 0.0038095393714500593 0.014446932366755968 -0.0041759893740834541 -0.0019049873074585603
leaf_weight=1187.9586457908154 1211.5602384805679 2258.9314349293709 72.336148500442505 175.99872364103794 65.073777914047241 287.71844774484634 904.46215054392815 2144.5582275390625 2594.8893087208271 1201.5281848013401 182.10021615028381 144.80131256580353 2338.199668481946 3907.7101560086012 2999.3977121710777 2563.9591965079308 305.79202643036842 2981.4586328268051 699.82988035678864 5328.8628879785538 113.8597529232502 691.16996337473392 782.79115149378777 66.353927329182625 499.87966553866863 459.49574293196201 3240.6106896996498 247.08365379273891 693.22970700263977 5490.0448937863111
leaf_count=4813 4961 10117 313 788 261 1272 3682 8850 10542 4964 1087 617 9637 16432 12284 10563 1267 12029 2869 23231 477 3280 3161 290 2019 1856 13171 1093 2832 22847
internal_value=6.82009e-06 -0.00216312 0.00751099 -0.00283889 -0.00522053 0.00621797 0.00478872 -0.00121004 -0.00102267 0.00807173 0.0107866 0.0229348 0.00671628 -0.00247639 -0.00360408 -0.00529729 0.00595448 0.00519308 0.000835593 -0.00785454 0.00241363 0.0193314 -0.000391456 0.00313412 0.00146827 0.00751494 0.000507634 0.00865024 0.00238766 -0.00160765
internal_weight=45841.6 35565.4 10276.3 32422.6 13142.9 9265.66 3142.75 19279.7 19103.7 7228.56 1231.36 326.902 6027.03 12066 9471.07 6471.67 5739.31 5433.52 1911.39 7587.79 3095.32 1010.59 2037.1 1254.31 7037.77 959.375 6078.4 319.42 3933.84 5555.12
internal_count=191605 149009 42596 135793 56456 37910 13216 79337 78549 29646 5386 1704 24682 49821 39279 26995 23410 22143 7830 33348 12506 4686 8264 5103 28728 3875 24853 1406 16003 23108
cat_boundaries=0 1 2 3 4 5 6 7 8 9 10 11 12 13 14 15 16
cat_threshold=12583101 509952 17124364 16793613 21011064 3 24 16997449 1582592 245312 126210 84297778 2622720 18035721 52 6291842
is_linear=0
shrinkage=0.04


Tree=35
num_leaves=31
num_cat=19
split_feature=51 62 51 51 50 50 50 61 6 52 36 50 50 2 50 51 2 2 50 50 50 39 11 50 50 41 50 2 51 51
split_gain=427.305 102.447 96.9548 70.6728 81.0826 66.6628 57.6334 56.16 44.1186 39.207 34.5499 33.7705 30.9084 29.2778 38.4536 27.6282 27.3991 30.5246 27.2621 27.002 26.455 28.7983 26.4498 26.3904 25.0343 24.6804 24.5356 23.9796 23.7063 22.963
threshold=0 3.5000000000000004 1 2 3 4 5 1.0000000180025095e-35 0.075235851109027876 6 0.048003071919083602 7 8 36.500000000000007 9 10 18.500000000000004 45.500000000000007 11 12 13 0.97530490159988414 26.500000000000004 14 15 -0.91597560048103321 16 21.500000000000004 17 18
decision_type=9 2 9 9 9 9 9 2 2 1 10 9 9 2 9 9 2 2 9 9 9 10 8 9 9 2 9 2 9 9
left_child=2 3 19 4 22 -4 28 20 9 12 13 -12 -5 -9 -15 -16 24 -18 25 -1 21 -7 -2 -10 -8 -11 -6 -28 -3 -14
right_child=1 6 5 8 26 7 16 10 23 18 11 -13 29 14 15 -17 17 -19 -20 -21 -22 -23 -24 -25 -26 -27 27 -29 -30 -31
leaf_value=0.031483435376135877 -0.0051858571950091185 0.013441967318077322 -0.0047492471562445111 -0.0019628429550774991 0.017297941151096969 -0.0027579115168417114 0.024930450816860083 0.016047263558872 0.0039836679683239997 0.003999131830699278 0.0035996989318350871 0.013552370314862266 -0.00025428011654702416 0.013271157270922523 0.010342731957068141 -0.00585286397190273 0.021380652401658002 -0.0022383467211626062 -0.0011490220235009123 0.012994338702339488 0.0079844190410306368 0.011548558801264815 -0.0094929451577988044 -0.013459343406917314 -0.0002335345756514749 -0.008617193264926569 0.0014664425728573905 -0.0037950881694616885 -0.0068686946738331731 0.004836958293106962
leaf_weight=295.49776996672153 6909.4052811563015 99.925131544470787 815.83037206530571 2978.6406711488962 104.17691044509411 1498.5723117291927 62.940802708268166 1562.604704618454 171.16633829474449 287.86722581088543 2264.0611633509398 722.51091144979 2215.297179043293 982.91845466196537 269.73071481287479 397.59223212301731 582.84613163769245 100.05075104534626 6030.5429581999779 335.86910666525364 834.40688613057137 259.61350283026695 3457.9966746121645 647.5778539031744 335.35018689930439 1605.8088013380766 2894.578712195158 2645.0539145022631 450.59472985565662 3904.5744953155518
leaf_count=1444 29839 406 3327 12245 418 6051 313 6644 703 1197 9232 3004 9032 4140 1118 1624 2703 409 24780 1508 3378 1049 15318 2779 1378 6690 11886 11077 1842 15808
internal_value=-4.28888e-05 -0.00212088 0.00714912 -0.00259413 -0.00452226 0.00612435 0.0076504 0.00714198 -0.000858875 -0.000420505 0.00921735 0.00609009 0.00136892 0.0121042 0.00832119 0.000747516 0.0129309 0.0179001 -0.0024758 0.0222085 0.00219095 -0.000603893 -0.00662189 -0.00990142 0.00456564 -0.00664829 -0.000654485 -0.0010415 -0.00288798 0.00299463
internal_weight=45723.6 35484.4 10239.2 33852.7 16011.2 9607.84 1631.71 8792.01 17841.5 17022.7 6199.42 2986.57 9098.51 3212.85 1650.24 667.323 1081.19 682.897 7924.22 631.367 2592.59 1758.19 10367.4 818.744 398.291 1893.68 5643.81 5539.63 550.52 6119.87
internal_count=191342 148823 42519 141772 68538 39567 7051 36240 73234 69752 25762 12236 37085 13526 6882 2742 4803 3112 32667 2952 10478 7100 45157 3482 1691 7887 23381 22963 2248 24840
cat_boundaries=0 1 2 3 4 5 6 7 8 9 10 11 12 13 14 15 16 17 18 19
cat_threshold=12583101 24 518144 17062925 16777225 4212848 7 425028 268645401 38912 37 293609545 268481604 191508 393780 360710146 48234882 2360320 5122
is_linear=0
shrinkage=0.04


Tree=36
num_leaves=31
num_cat=9
split_feature=41 62 40 50 50 50 40 1 1 50 12 50 35 56 39 50 40 50 50 56 50 40 40 39 12 41 1 42 39 40
split_gain=261.41 150.879 105.869 85.5388 71.43 70.9507 58.5679 51.8985 50.6928 48.6108 46.9147 44.68 44.442 42.1666 38.8453 34.5043 31.9828 37.4962 30.9033 27.8571 31.0808 57.9504 39.2035 25.9127 25.6498 25.3436 24.9862 23.1172 25.7262 22.3349
threshold=0.60355338454246532 5.5000000000000009 0.60355338454246532 0 1 2 0.78656607866287243 14.500000000000002 36.500000000000007 3 30.500000000000004 4 0.88284313678741466 1.0000000180025095e-35 0.98229950666427623 5 -0.6035533845424651 6 7 1.0000000180025095e-35 8 0.12940952181816109 -0.6035533845424651 0.63693180680274974 35.500000000000007 -0.12940952181816107 14.500000000000002 -1.0000000180025095e-35 0.99494948983192455 0.12940952181816109
decision_type=2 2 2 9 9 9 2 2 2 9 8 9 10 10 10 9 2 9 9 8 9 2 2 10 8 2 2 2 10 2
left_child=1 4 3 7 6 26 13 -2 11 -6 12 -9 -11 27 15 -5 17 -14 -8 20 21 -17 -22 -18 -13 -15 -3 -1 -29 -21
right_child=2 5 -4 14 9 -7 18 8 -10 10 -12 24 16 25 -16 19 23 -19 -20 29 22 -23 -24 -25 -26 -27 -28 28 -30 -31
leaf_value=-0.0075454686782125396 -0.010004630556931049 -0.0038333322521069348 0.027523059621376866 0.033582906202397143 0.021971722032534828 0.0025178287449244417 0.0055184541485201744 -0.0082197239734196955 -0.0039458910147157356 -0.015606763763704989 -0.0048196302587971002 0.0075665457845157207 -0.0051636503607405126 -0.0021076330755130379 0.01222535021018268 0.0019916961228864331 0.0010249088791646527 0.0025564608394242883 -0.0043150863300704329 0.010564690830607569 -0.0045249761658302384 -0.018600371172563787 0.0077766142119544135 0.0065222409238977971 0.034878412404287511 0.0070333937700545893 0.033111183391804397 -0.0048506654305999885 0.0026329210897241754 0.00034595824884276621
leaf_weight=5228.0916332006454 739.30872584879398 30.104341819882393 317.62163557112217 54.210229367017746 145.38961240649223 316.1200999468565 1521.2664266675711 290.30326867103577 1452.9764905124903 243.10357758402824 2733.523862272501 1563.1179594099522 1937.9666680693626 2055.7335499823093 1600.5120914280415 1348.5766225904226 3068.8340387046337 2061.4257949143648 752.28786815702915 1804.8200039416552 496.40813936293125 255.64462053775787 2371.7730614244938 2494.5806658267975 53.039420455694199 629.73603965342045 315.71301364898682 8556.3909808248281 797.29817934334278 427.48295965790749
leaf_count=22620 3052 137 1515 231 584 1439 6188 1195 5893 1034 11507 6397 8195 8552 6619 5473 12533 8431 3102 7535 2021 1037 9684 10172 235 2594 1725 36461 3334 1748
internal_value=2.75641e-05 -0.00185834 0.00488266 0.00429303 -0.00224829 0.0169706 -0.00376431 -0.000442298 0.00166656 8.90092e-05 -0.000189067 0.00595359 0.00110133 -0.00456114 0.00660872 0.00527746 0.0015361 -0.00118773 0.00225885 0.00496332 0.00313624 -0.00131679 0.00561685 0.00349709 0.00852742 3.7569e-05 0.0290025 -0.00540916 -0.00420957 0.0086219
internal_weight=45663.4 32887.6 12775.8 12458.2 32225.6 661.937 19540.8 4098.75 3359.44 12684.8 12539.4 1906.46 9805.91 17267.3 8359.43 6758.92 9562.81 3999.39 2273.55 6704.71 4472.4 1604.22 2868.18 5563.41 1616.16 2685.47 345.817 14581.8 9353.69 2232.3
internal_count=191243 138608 52635 51120 135307 3301 82851 16772 13720 52456 51872 7827 40365 73561 34348 27729 39331 16626 9290 27498 18215 6510 11705 22705 6632 11146 1862 62415 39795 9283
cat_boundaries=0 1 2 3 4 5 6 7 8 9
cat_threshold=16794637 16874505 269512717 14680450 9 76546050 294980 7168 2064
is_linear=0
shrinkage=0.04


Tree=37
num_leaves=31
num_cat=9
split_feature=32 36 40 50 62 50 50 36 50 6 21 38 26 12 1 15 40 40 52 50 40 52 40 1 39 1 6 50 21 50
split_gain=267.165 117.685 98.7729 86.7526 64.1002 71.6135 62.7533 52.0187 40.1338 32.3893 31.4413 31.1759 31.1515 28.2679 25.391 25.3878 33.5981 36.4132 25.5638 24.0083 40.6529 27.4242 26.8131 23.8762 22.5519 22.2564 21.7853 19.5872 18.852 18.1955
threshold=0.011299795936793091 0.018019480630755428 -0.6035533845424651 0 5.5000000000000009 1 2 0.012579114176332952 3 0.19098278135061267 -29.499999999999996 0.024695121683180336 -0.011173533275723456 42.500000000000007 36.500000000000007 0.036038961261510856 0.60355338454246532 0.12940952181816109 4 5 1.0000000180025095e-35 6 -1.0000000180025095e-35 58.500000000000007 0.86700680851936351 32.500000000000007 0.050252525135874755 7 -24.499999999999996 8
decision_type=8 8 2 9 2 9 9 10 9 2 8 10 2 10 2 8 2 2 1 9 2 1 2 2 10 2 2 9 8 9
left_child=4 11 6 9 19 7 28 14 13 15 -8 -2 27 24 -6 -4 17 -17 -18 20 23 22 -21 25 26 -1 -5 -12 -3 -15
right_child=1 2 3 8 5 -7 10 -9 -10 -11 12 -13 -14 29 -16 16 18 -19 -20 21 -22 -23 -24 -25 -26 -27 -28 -29 -30 -31
leaf_value=0.0071689041730292249 0.0057072675196189219 0.0054135382223952947 0.00073092998956644827 0.0022377110470005361 0.03977938584454907 0.0043733878631016651 0.014280144533894533 0.015030108318551274 0.015112821008853333 -0.024738974100389406 -0.0061941290778831561 0.00062666344319908568 0.00036173729448494971 -0.0079336510066676403 -0.0014832860851312418 -0.0032040095551361747 0.004326599067361118 -0.009895050726341989 -0.0034920994961675361 0.0053936731643527344 -0.0050294401770493288 0.0046629924124611654 0.01957860865382598 0.016139278292637213 0.0063726651215793165 -0.0067521192761122459 -0.0055330506313813589 0.00088906484515353479 -0.0093789668357242648 0.0052685697752806165
leaf_weight=706.78341764211655 4008.8551295399666 137.61108459532261 2726.2062181830406 5160.1944649815559 288.84093563258648 543.65402057766914 161.92240287363529 457.9484985768795 366.69574992358685 102.33296218514442 4116.7666768282652 3748.0826485306025 2494.498316064477 687.85076159238815 24.573675468564034 4112.7677049040794 1208.0714734941721 1914.6683183014393 1461.999235033989 357.98303258419037 713.37520711123943 1224.057547301054 559.56290270388126 325.48579241335392 1920.6966741681099 241.9555012434721 643.91276296973228 733.39148861169815 4292.4118626266718 207.91913890838623
leaf_count=2945 16512 593 11380 21155 1728 2382 676 2128 1483 460 17601 15474 10490 2833 123 17131 4912 8135 6035 1466 2920 5047 2341 1376 7862 1013 2666 3010 18639 860
internal_value=-4.00551e-05 -0.00116682 -0.00222524 -0.000540361 0.00827113 0.0159591 -0.00511763 0.0236572 0.00240232 -0.00283628 -0.00286901 0.00325693 -0.00326317 0.00183402 0.0365088 -0.00263007 -0.00368568 -0.00533923 4.25827e-05 0.00580158 0.00256467 0.0087308 0.0139738 0.00685496 0.00261838 0.00358089 0.00136815 -0.00513008 -0.00888932 -0.0048644
internal_weight=45651.1 40206.9 32449.9 20513.3 5444.22 1315.02 11936.6 771.363 8987.27 11526 7506.58 7756.94 7344.66 8620.57 313.415 11423.7 8697.51 6027.44 2670.07 4129.2 1987.6 2141.6 917.546 1274.22 7724.8 948.739 5804.11 4850.16 4430.02 895.77
internal_count=191376 167907 135921 84912 23469 6361 51009 3979 36859 48053 31777 31986 31101 35376 1851 47593 36213 25266 10947 17108 8254 8854 3807 5334 31683 3958 23821 20611 19232 3693
cat_boundaries=0 1 2 3 4 5 6 7 8 9
cat_threshold=50547721 345093133 16815116 335589956 3 285231177 97 34957889 4676
is_linear=0
shrinkage=0.04


Tree=38
num_leaves=31
num_cat=17
split_feature=51 34 51 63 50 50 50 52 37 50 2 50 41 8 39 50 37 51 50 1 51 1 51 40 51 50 10 2 51 50
split_gain=326.176 86.6378 70.5667 68.0639 72.576 63.0394 49.2591 39.338 36.9282 34.8738 49.5549 34.8589 33.7972 31.1852 31.159 30.4128 28.9716 26.9635 25.7235 24.669 23.2759 23.0228 22.9997 22.5093 22.3314 33.299 25.9372 21.8578 21.8301 33.1947
threshold=0 0.98786765336990368 1 1.8691406250000002 2 3 4 5 0.89949494600296032 6 31.500000000000004 7 0.91597560048103344 2.5000000000000004 0.93369963765144359 8 0.83419242501258861 9 10 51.500000000000007 11 36.500000000000007 12 -0.91597560048103321 13 14 42.500000000000007 14.500000000000002 15 16
decision_type=9 10 9 2 9 9 9 1 10 9 2 9 2 10 8 9 10 9 9 2 9 2 9 2 9 9 2 2 9 9
left_child=3 2 5 4 12 23 -3 18 -8 16 -11 14 13 -1 -6 17 20 -5 22 27 -9 -10 -4 -2 -20 -26 -27 -14 29 -7
right_child=1 6 7 15 11 28 8 9 21 10 -12 -13 19 -15 -16 -17 -18 -19 24 -21 -22 -23 -24 -25 25 26 -28 -29 -30 -31
leaf_value=0.0096411764338266356 -0.010326836544731445 0.00090861746968068846 -0.0077576908048733618 0.012925404051832429 0.0030027719923303464 -0.0041515755331193926 0.0042804221185927874 -0.0089027964315161589 0.023200356401674935 0.003030046787881041 -0.0067294834552529036 0.017425980852733062 -0.010229920172334086 -0.0036968089827151113 0.0096502003550380851 0.024032073999116093 -0.0013680097766637694 -0.018387335173495202 0.0060411686430570603 -0.012667464474186109 -0.0032188332036506479 0.0010826420888652435 0.0023232906270982852 -0.0054689158550353468 -0.0014362169224864569 0.0075546046377995219 -0.0072819388076401127 0.001906823906955605 -0.0026526836347619165 0.0099534181200519965
leaf_weight=943.40434795618057 2435.4718251228333 1660.8620809316635 838.03347210586071 132.22533576190472 1748.7643945664167 455.16881574690342 509.08512572944164 2091.0997281074524 441.05963180959225 3502.6730029135942 1085.9842398762703 624.78625880181789 290.53196205198765 392.50224083662033 3260.1960311830044 485.2742222994566 4957.2113973200321 48.160066515207291 1880.7111947238445 319.12823106348515 2695.1980334371328 93.508524283766747 619.07768507301807 4239.2654803395271 3233.1054380536079 1412.5754633843899 212.04029724001884 1199.3349715471268 3177.0254464745522 608.84369866549969
leaf_count=3888 10951 6793 3515 607 7203 1900 2120 8808 2184 14327 4497 2628 1188 1597 13519 2434 20566 211 7654 1287 11297 387 2551 18607 13278 5743 868 4867 13262 2532
internal_value=0.000107056 -0.00162235 -0.0021803 0.00672043 0.00578193 -0.00481795 0.00525504 -0.000898024 0.0119925 -0.00216179 0.000709578 0.00849124 0.000886593 0.00570826 0.00732409 0.0190324 -0.00351511 0.00369322 0.00130949 -0.00266412 -0.00573829 0.0194144 -0.003481 -0.00724003 0.00235378 0.000907863 0.00555542 -0.000472827 -0.000989182 0.00392714
internal_weight=45592.3 36148 33443.5 9444.31 8778.65 10915.8 2704.52 22527.7 1043.65 14332.2 4588.66 5633.75 3144.9 1335.91 5008.96 665.66 9743.51 180.385 8195.54 1809 4786.3 534.568 1457.11 6674.74 6738.43 4857.72 1624.62 1489.87 4241.04 1064.01
internal_count=191269 151840 140356 39429 36177 47252 11484 93104 4691 59495 18824 23350 12827 5485 20722 3252 40671 818 33609 7342 20105 2571 6066 29558 27543 19889 6611 6055 17694 4432
cat_boundaries=0 1 2 3 4 5 6 7 8 9 10 11 12 13 14 15 16 17
cat_threshold=12582973 493568 16925709 17943580 498296 3 352504905 80448 16926736 12582921 68235273 1574402 3695616 1573120 16797232 131072 8397347
is_linear=0
shrinkage=0.04


Tree=39
num_leaves=31
num_cat=17
split_feature=51 30 51 38 36 50 51 2 50 52 39 50 50 37 51 63 50 51 50 51 35 50 5 50 10 51 40 2 22 51
split_gain=331.465 79.6953 74.1685 60.6039 55.0933 52.4955 54.6163 43.8645 43.3955 40.7775 40.2011 39.8746 37.0988 32.7971 29.4972 28.7372 27.4285 27.9962 26.8423 25.9698 26.2676 23.83 23.3429 23.2789 23.1097 21.8708 21.4565 21.0737 20.8469 20.0882
threshold=0 0.004673305433243514 1 1.0000000180025095e-35 1.0000000180025095e-35 2 3 41.500000000000007 4 5 0.98229950666427623 6 7 0.99494948983192455 8 1.8691406250000002 9 10 11 12 0.99494948983192455 13 0.93798077106475841 14 30.500000000000004 15 -0.37940952181816096 44.500000000000007 1.5000000000000002 16
decision_type=9 8 9 8 8 9 9 2 9 1 10 9 9 10 9 2 9 9 9 9 10 9 2 9 2 9 2 2 2 9
left_child=2 12 11 -3 24 6 -5 18 10 -8 22 -1 14 23 -2 -15 -11 -18 -7 -20 -21 25 -6 -14 -4 -9 -24 28 -10 -26
right_child=1 3 4 5 8 7 9 21 27 16 -12 -13 13 15 -16 -17 17 -19 19 20 -22 -23 26 -25 29 -27 -28 -29 -30 -31
leaf_value=0.0089827882159748493 0.0089455486682736337 0.0026327572907059804 0.014210847019856246 -0.00703363258366594 -0.011343752347048573 0.01723538447087675 -0.0077091617855839876 -0.00036016714987254222 0.012035273617146305 -0.0056516970743894154 0.010661838500399581 0.030590648737518166 0.0039071214953469357 0.0092681173209071873 -0.0021767532391959781 0.034819733881121459 -0.0026903490289352096 0.0020172958992081681 0.0055040525314668442 -0.0070339813507252994 0.00026929482072150427 0.00080307938160687257 0.0054350201300367371 0.024797312290573938 0.002790867882207186 -0.013845653802995128 -0.0014454495767666884 0.0011032542958068442 0.0022557184149047207 0.013358034104664627
leaf_weight=315.12982214987278 499.07245291769505 3520.0526303499937 1344.2190258204937 6765.4196850657463 278.20350062847137 137.32528541982174 2017.5641235858202 274.7638136446476 1535.5632801353931 2009.3959999233484 619.31614975631237 293.15791592001915 945.0563917607069 162.22079783678055 1462.6479048579931 131.21843264997005 4212.2046599388123 3855.9959733039141 1269.1155664622784 902.40866637229919 5953.6241366416216 448.46642415225506 1027.1151803135872 81.738405033946037 841.78949216008186 735.26308310031891 2428.1655874401331 582.54539611935616 461.12292328476906 446.20287999510765
leaf_count=1432 2050 14557 5742 29852 1171 552 8600 1127 6380 8472 2535 1482 3916 654 6016 896 17702 15718 5176 3744 24472 1878 4159 333 3516 3093 9898 2392 1868 1906
internal_value=0.000123575 -0.00170585 0.00648192 -0.00231384 0.0055957 -0.00292411 -0.0041538 -0.000530496 0.00372163 -0.00253459 0.00126295 0.0199141 0.00422428 0.00936377 0.000689114 0.0211531 -0.00148673 -0.000438405 0.000596936 0.000281293 -0.000692482 -0.00691499 -0.000299598 0.00597978 0.0105284 -0.0102556 0.000598954 0.00781763 0.00979801 0.00662954
internal_weight=45556.1 35383.6 10172.5 32101.6 9564.24 28581.5 18860.6 9720.97 6932.03 12095.2 4352.8 608.288 3281.95 1320.23 1961.72 293.439 10077.6 8068.2 8262.47 8125.15 6856.03 1458.49 3733.48 1026.79 2632.21 1010.03 3455.28 2579.23 1996.69 1287.99
internal_count=191289 148808 42481 134943 39567 120386 80344 40042 28403 50492 17763 2914 13865 5799 8066 1550 41892 33420 33944 33392 28216 6098 15228 4249 11164 4220 14057 10640 8248 5422
cat_boundaries=0 1 2 3 4 5 6 7 8 9 10 11 12 13 14 15 16 17
cat_threshold=12583101 24 16800781 493570 16804877 96 17254921 151046744 3539712 4105 553984 7340418 12290 197216 272839717 2818 12582916
is_linear=0
shrinkage=0.04


Tree=40
num_leaves=31
num_cat=15
split_feature=51 18 34 51 50 50 50 42 51 50 50 50 51 5 50 51 37 62 56 2 2 1 51 50 39 39 2 8 50 39
split_gain=296.87 77.171 70.411 55.6847 56.6508 47.8598 35.703 33.6004 42.752 41.328 39.9354 33.1058 43.849 38.3967 30.1075 29.6773 29.6648 29.5952 33.6405 25.8062 22.5834 21.7032 21.6712 21.4269 21.5936 21.0034 20.7723 22.0929 21.1982 18.6833
threshold=0 0.98974332213401806 0.98963701725006115 1 2 3 4 -1.0000000180025095e-35 5 6 7 8 9 0.92349499464035045 10 11 0.92740449309349071 5.5000000000000009 1.0000000180025095e-35 40.500000000000007 23.500000000000004 48.500000000000007 12 13 0.92664992809295665 0.5838744342327119 32.500000000000007 2.5000000000000004 14 0.83419242501258861
decision_type=9 10 10 9 9 9 9 2 9 9 9 9 9 2 9 9 8 2 10 2 2 2 9 9 8 10 2 8 9 8
left_child=1 6 3 4 19 22 -1 8 10 -10 21 -9 -13 -14 -3 -8 23 25 -19 -2 -15 -5 -4 24 -17 -7 29 28 -28 -18
right_child=2 14 5 7 -6 17 15 11 9 -11 -12 12 13 20 -16 16 26 18 -20 -21 -22 -23 -24 -25 -26 -27 27 -29 -30 -31
leaf_value=0.015151896265324972 -0.0052754521948274458 -0.0010402200890475555 0.0083076624159628947 0.0021701989771205931 -0.00110805760423309 -0.00028055506015475226 0.015603288916172553 -0.0024949807476433565 -0.0043534046062802343 0.004712362366133452 -0.0092233548225388092 -0.0047193831692648562 -0.0091855746662033982 0.0056401594230106426 0.013180420915029547 -0.00749871287885049 0.00014583982109407469 0.0082776272087264624 0.033103395296255743 -0.011357171732162743 0.0012727176088652749 -0.023008374769533692 -0.0044264067566963669 0.0039532257227505724 0.0012228718823960446 0.010887958334318357 -0.0029242682107179954 -0.0045676181724663683 0.0087690302496708176 0.012037758358410228
leaf_weight=416.94951131939888 6046.6814566701651 265.56188847124577 265.95252647995949 879.45848385989666 5745.0037656575441 458.27367995679379 280.70124097168446 4449.3746348619461 1608.5236529558897 1579.7102481722832 2291.6736193299294 1434.5935437828302 397.70106714963913 3838.523018091917 2581.3274055570364 870.17494884133339 275.92828284204006 204.57355163991451 157.72822842001915 1382.663736641407 3771.2473659217358 53.351124361157417 879.22423693537712 1166.7799934148788 935.03690569102764 636.28714448213577 340.0389679223299 490.67578266561031 851.35118065774441 951.14207877218723
leaf_count=1755 26772 1099 1082 3610 23976 1863 1275 18449 6712 6477 9654 5867 1672 15590 11324 3548 1133 884 1057 6263 15421 222 3619 4740 3780 2583 1387 1987 3528 3926
internal_value=6.65333e-05 0.00638216 -0.00158479 -0.00207845 -0.00410238 0.00474478 0.00399816 -0.000761152 -0.00315554 0.000133302 -0.00638941 0.000342924 0.00168382 0.00284016 0.01189 0.00319876 0.00256512 0.00950766 0.0194435 -0.00640826 0.00348063 0.000587551 -0.00138267 -0.000235573 -0.00296292 0.00621369 0.00543748 0.002522 0.00546547 0.00939133
internal_weight=45506.2 9425.67 36080.5 33478.5 13174.3 2602.04 6578.78 20304.2 6412.72 3188.23 3224.48 13891.4 9442.06 8007.47 2846.89 6161.83 5881.13 1456.86 362.302 7429.35 7609.77 932.81 1145.18 2971.99 1805.21 1094.56 2909.14 1682.07 1191.39 1227.07
internal_count=191255 39482 151773 140685 57011 11088 27059 83674 26675 13189 13486 56999 38550 32683 12423 25304 24029 6387 1941 33035 31011 3832 4701 12068 7328 4446 11961 6902 4915 5059
cat_boundaries=0 1 2 3 4 5 6 7 8 9 10 11 12 13 14 15
cat_threshold=12582973 509952 17058828 4233336 269778976 3671552 16795661 1245748 335754249 4098 16777289 24 3281408 16796685 16974349
is_linear=0
shrinkage=0.04


Tree=41
num_leaves=31
num_cat=17
split_feature=51 51 50 51 50 50 51 15 2 51 50 51 50 37 6 15 6 50 10 50 1 1 37 50 2 50 51 42 56 52
split_gain=274.375 65.0345 57.2253 56.4296 52.6549 44.2861 45.5791 52.0743 42.4431 35.1173 32.54 30.7412 30.5352 37.1201 29.0948 28.6841 26.1534 23.8377 23.289 21.7746 20.3905 19.7799 23.652 19.575 20.5802 19.284 22.3811 18.8741 19.417 18.7268
threshold=0 1 2 3 4 5 6 0.011299795936793091 48.500000000000007 7 8 9 10 0.97927406430244457 0.15047170221805575 0.071796759963035597 0.1012820526957512 11 29.500000000000004 12 83.500000000000014 46.500000000000007 0.85786435008049022 13 25.500000000000004 14 15 -1.0000000180025095e-35 1.0000000180025095e-35 16
decision_type=9 9 9 9 9 9 9 8 2 9 9 9 9 8 2 10 2 9 2 9 2 2 10 9 2 9 9 2 10 1
left_child=1 -1 9 4 27 6 17 -8 11 -3 20 -7 13 14 29 21 -13 -5 -15 -20 -9 22 -11 24 -6 26 -10 -2 -29 -4
right_child=3 2 12 5 23 8 7 10 25 15 -12 16 -14 18 -16 -17 -18 -19 19 -21 -22 -23 -24 -25 -26 -27 -28 28 -30 -31
leaf_value=0.023723113057418976 -0.0078626758247781654 -0.0017117319363368969 0.007175459930098313 0.00029529322413661662 0.00091287088132235308 -0.003071279640006066 0.0089320464584330145 0.00018583504359810286 -0.0014676242458006173 0.0062346754722895125 -0.0065215785482771651 0.0039831746496972473 0.016391259520300336 0.016952615897224299 -0.034178312879668965 -8.2361998208966609e-05 -0.011548584661962706 -0.0054630197634904787 0.0099797222478464603 -0.0052447762305280581 0.017695270937573958 0.0012406130984465411 0.02178684716121259 0.008510071334731582 -0.0051355995149941361 -0.00079139962970933451 -0.020470581740091812 -0.0050642887014484307 0.0016182573065009948 0.0006040474708312192
leaf_weight=305.56893113255501 3482.8357849866152 2218.6858153641224 1664.3463509380817 1457.4341656565666 2792.6444610208273 1308.237661421299 973.53827649354935 4106.1675622612238 182.76892097294331 308.00752598047256 1318.955261439085 6793.5657105147839 613.85843528807163 720.18516376614571 26.492435142397881 679.72218339145184 172.65897326171398 5423.2131935358047 890.416305154562 172.02895227074623 104.33850118517876 256.22149024903774 335.71610695123672 360.76710717380047 1319.8795514255762 465.83079044520855 240.40751573443413 4711.1242722421885 808.61164344847202 1212.8477430343628
leaf_count=1509 15280 9068 6898 6215 11692 5350 4085 16784 760 1297 5514 27848 2643 3124 110 2765 731 22953 3799 717 423 1057 1469 1450 5647 1912 988 20537 3468 4990
internal_value=-0.000146093 0.00593216 0.0052944 -0.00173519 -0.00378206 -0.000509244 -0.00197592 0.000423386 0.00163045 0.00152591 -0.00107702 0.00252723 0.00797939 0.00682448 0.00402773 0.00605914 0.0035822 -0.00424242 0.011383 0.0075272 0.00064342 0.0107617 0.0144817 -0.000225555 -0.00102487 -0.00664326 -0.0126401 -0.00554372 -0.00408113 0.00444514
internal_weight=45427.1 9404.1 9098.53 36023 13475.9 22547.1 13383.6 6503 9163.47 3798.35 5529.46 8274.46 5300.18 4686.32 2903.69 1579.67 6966.22 6880.65 1782.63 1062.45 4210.51 899.945 643.724 4473.29 4112.52 889.007 423.176 9002.57 5519.74 2877.19
internal_count=191083 39446 37937 151637 58074 93563 55974 26806 37589 15656 22721 33929 22281 19638 11998 6588 28579 29168 7640 4516 17207 3823 2766 18789 17339 3660 1748 39285 24005 11888
cat_boundaries=0 1 2 3 4 5 6 7 8 9 10 11 12 13 14 15 16 17
cat_threshold=12582973 8 16925773 903168 351308 318860297 144386 8388609 16862208 3145728 80400 301998088 6144 419602961 131620 131842 99
is_linear=0
shrinkage=0.04


Tree=42
num_leaves=31
num_cat=17
split_feature=51 34 36 50 51 50 1 43 62 50 50 50 50 51 51 11 40 51 38 50 50 6 11 50 42 51 42 50 51 6
split_gain=258.299 77.6931 67.7267 63.7448 54.7128 47.9163 43.4298 42.2616 37.042 44.0171 32.5059 30.603 29.9178 37.6964 25.9187 25.698 25.3251 25.0562 24.5469 23.7405 23.2538 20.3393 19.8184 19.1018 20.1651 22.0553 18.5038 18.4618 20.4484 19.242
threshold=0 0.94413232803344738 0.016261236742138866 1 2 3 36.500000000000007 0.81174489855766307 5.5000000000000009 4 5 6 7 8 9 46.500000000000007 -1.0000000180025095e-35 10 0.066228073090314879 11 12 0.21483516693115237 46.500000000000007 13 1.0000000180025095e-35 14 1.0000000180025095e-35 15 16 0.033520599827170379
decision_type=9 10 8 9 9 9 2 2 2 9 9 9 9 9 9 10 2 9 8 9 9 2 10 9 2 9 2 9 9 2
left_child=1 5 8 -4 11 18 10 23 17 -10 -3 -5 13 19 26 16 -14 -2 -1 -8 -16 -20 -15 24 -6 -26 -12 28 -9 -29
right_child=2 6 3 4 7 -7 12 27 9 -11 14 -13 15 22 20 -17 -18 -19 21 -21 -22 -23 -24 -25 25 -27 -28 29 -30 -31
leaf_value=0.0050576203606487267 0.0035202989008628351 -0.0028638812491915086 0.015652167866258667 -0.0064606578003426653 -0.0070345580916669169 0.0066587223112371851 -0.024995880320048493 0.0078457092940559664 0.030856991959637283 -0.0056774452577954019 0.014467600528601668 -0.0021941881644564156 -0.0030746205249777689 -0.00078015367161275229 0.011437853826191018 -0.0047022160807513235 0.016829616246078365 -0.0017983388325446936 -0.002228115811777189 0.0070067371388782829 0.023547026483569971 -0.028357310469420829 0.014438742543197285 -0.0010272518012409458 -0.0071581715133901555 -4.087372192091961e-05 0.00040659874556346219 0.0076794011504447614 -0.0015688971451584119 -0.0058721172237448729
leaf_weight=868.66266196966171 3742.9546488374472 171.39445440471172 291.94178001582623 7047.6243882924318 2246.0856030732393 2524.2376621365547 64.293755501508713 440.79839351773262 132.55686058104038 80.320174098014832 328.72510570287704 4441.5664603561163 175.3678000420332 155.81851114332676 534.20147015154362 596.14749450981617 231.36631639301777 2259.977156162262 2338.0730779916048 62.23372083902359 740.62901206314564 43.882947564125061 970.00641666352749 7841.2751803249121 971.95821796357632 2398.6868540197611 277.60623882710934 1297.8176568597555 1923.8321778476238 186.96635109186172
leaf_count=3561 15301 728 1180 31324 9570 10377 261 1785 947 351 1428 18542 721 657 2326 2473 1012 9388 9521 272 3402 198 4167 32327 4147 9940 1192 5295 7925 771
internal_value=-6.25438e-05 0.00557872 -0.00167588 -0.00248649 -0.00267827 0.0025433 0.00964851 -0.00125372 0.00211065 0.0183222 0.0138629 -0.00481805 0.00578179 0.00985641 0.015335 0.000546887 0.00826599 0.00151765 -0.000670064 -0.0100395 0.0186804 -0.00277627 0.0122126 -0.00231221 -0.0040909 -0.00212803 0.00798786 0.00243665 0.000216098 0.00590592
internal_weight=45387 10082.6 35304.4 29088.6 28796.6 5774.86 4307.79 17307.4 6215.81 212.877 2052.56 11489.2 2255.23 1252.35 1881.16 1002.88 406.734 6002.93 3250.62 126.527 1274.83 2381.96 1125.82 13458 5616.73 3370.65 606.331 3849.41 2364.63 1484.78
internal_count=191089 42296 148793 122806 121626 23657 18639 71760 25987 1298 9076 49866 9563 5357 8348 4206 1733 24689 13280 533 5728 9719 4824 55984 23657 14087 2620 15776 9710 6066
cat_boundaries=0 1 2 3 4 5 6 7 8 9 10 11 12 13 14 15 16 17
cat_threshold=12583101 49545602 1017856 16911389 268444685 278537 16866316 8566784 164 129 4064770 2048 75631138 16795657 24578 268574249 258
is_linear=0
shrinkage=0.04


Tree=43
num_leaves=31
num_cat=14
split_feature=51 51 30 5 12 50 50 36 51 50 50 51 42 39 51 32 2 51 24 5 38 50 37 50 37 62 50 38 50 2
split_gain=246.357 66.2986 62.0511 48.4403 52.3735 49.8826 45.7272 49.1628 44.9491 41.9649 34.7023 32.9914 31.6483 27.1617 39.352 27.1242 26.8482 26.7245 23.8729 23.7944 21.7761 21.4757 21.189 21.086 21.5946 20.7729 19.6813 18.3831 18.049 17.9329
threshold=0 1 0.004673305433243514 0.83484846353530895 30.500000000000004 2 3 0.018019480630755428 4 5 6 7 -0.60785761475563038 0.76975053548812877 8 0.071796759963035597 39.500000000000007 9 13.500000000000002 0.88284313678741466 0.59549137949943554 10 0.62087112665176403 11 0.98346996307373058 5.5000000000000009 12 1.0000000180025095e-35 13 32.500000000000007
decision_type=9 9 8 2 8 9 9 8 9 9 9 9 2 8 9 10 2 9 10 2 8 9 10 9 10 2 9 8 9 2
left_child=1 -1 13 -4 5 11 16 25 18 -10 15 12 -5 14 28 27 -3 23 -6 -17 -19 -15 -23 24 -7 -8 -20 -9 -2 -21
right_child=2 6 3 4 8 17 7 10 9 -11 -12 -13 -14 21 -16 19 -18 20 26 29 -22 22 -24 -25 -26 -27 -28 -29 -30 -31
leaf_value=0.023498485256746356 -0.011470564359730024 0.023955780511907707 -0.016338356622035061 -0.014419396124574463 -0.0028877306939314087 -0.0061531826100760679 0.0078191039971411275 0.012558612099986183 -0.010961441783903845 -0.0019708236698161817 0.0062752407519112707 -0.0014094917410301547 -0.0041082575426078074 -0.0017017048953096676 0.015299443971342546 -0.021818121114640255 0 0.0047162732536639483 0.01224354667240155 0.00070085084869138425 -5.0177208485843922e-05 -0.0062915197371087349 0.0089463801213640389 0.0023236872599608372 0.0072224610180055731 0.021726618121200851 -0.0047873508400518398 0.0019386195428569074 0.0068055022654850894 -0.0071820044215568273
leaf_weight=306.78992609679699 151.50210934877396 311.76844595372677 370.38219088315964 584.95122255384922 3426.0060217827559 1583.732719630003 2678.3848508447409 305.39723265171051 2449.7143967598677 1291.2046338617802 2402.5355580598116 11534.315933063626 2577.8616390377283 1407.0347101837397 608.29946795105934 96.196123063564301 98.452398553490639 3798.3058775365353 310.69721771776676 1381.6854227185249 2555.8173886984587 174.39895564317703 772.32054822146893 1188.0207325518131 214.27932614088058 182.91826672852039 154.26103863120079 1701.5389488339424 165.11860799789429 685.15116158127785
leaf_count=1537 628 1364 1661 2572 14251 6647 11268 1262 10843 5599 10014 48666 11072 5787 2641 429 418 15593 1277 5582 10507 717 3387 4844 880 958 641 7037 733 2767
internal_value=7.04087e-05 0.00555812 -0.00150796 -0.00204524 -0.00187489 -0.000956819 0.00496208 0.00437186 -0.00476131 -0.00788386 0.00246361 -0.00240866 -0.00602232 0.00372683 0.00951916 0.000242241 0.0178553 0.00132679 -0.00172312 -0.00285638 0.002793 0.00142687 0.0060366 -0.00178491 -0.00450743 0.00875151 0.00671842 0.00359181 -0.00200252 -0.00191367
internal_weight=45469 10150.8 35318.2 32039.6 31669.2 24037.3 9844.03 9433.81 7631.88 3740.92 6572.5 14697.1 3162.81 3278.67 924.92 4169.97 410.221 9340.16 3890.96 2163.03 6354.12 2353.75 946.72 2986.03 1798.01 2861.3 464.958 2006.94 316.621 2066.84
internal_count=191582 42636 148946 135053 133392 100781 41099 39317 32611 16442 27091 62310 13644 13893 4002 17077 1782 38471 16169 8778 26100 9891 4104 12371 7527 12226 1918 8299 1361 8349
cat_boundaries=0 1 2 3 4 5 6 7 8 9 10 11 12 13 14
cat_threshold=12583101 8 117799945 345243696 3673858 268466732 16927757 265216 52736 3997698 402839675 8552644 52224 56400
is_linear=0
shrinkage=0.04


Tree=44
num_leaves=31
num_cat=12
split_feature=51 37 50 62 50 51 50 50 62 50 43 16 50 51 1 42 39 50 51 1 12 5 50 1 40 39 1 36 39 40
split_gain=207.082 72.9877 62.9765 60.5648 51.3018 49.814 37.3729 35.4906 31.4491 46.0958 31.2098 28.7289 28.4574 26.1853 22.575 23.1975 22.0554 21.6117 22.2562 20.1782 24.2944 19.1007 18.7317 18.2077 18.1731 16.4866 15.4575 15.1402 15.0854 14.7846
threshold=0 0.98346996307373058 1 5.5000000000000009 2 3 4 5 5.5000000000000009 6 0.81174489855766307 0.94151845574378978 7 8 21.500000000000004 -0.60785761475563038 0.98882645368576061 9 10 30.500000000000004 13.500000000000002 0.91734972596168529 11 36.500000000000007 0.91597560048103344 1.0000000180025095e-35 44.500000000000007 0.26713615655899053 0.88826468586921703 0.37940952181816107
decision_type=9 10 9 2 9 9 9 9 2 9 2 2 9 9 2 2 8 9 9 2 10 2 9 2 2 10 2 8 10 2
left_child=3 2 -2 4 19 7 11 23 13 -10 17 28 29 22 -9 -16 -13 18 21 20 -1 -7 -3 -4 -19 -12 -14 -22 -6 -5
right_child=1 8 5 12 6 10 -8 14 9 -11 25 16 26 -15 15 -17 -18 24 -20 -21 27 -23 -24 -25 -26 -27 -28 -29 -30 -31
leaf_value=-0.0043100059847770815 0.016689815599882165 -0.00016319020645974312 -0.004733633660083939 0.011255746542151583 -0.0019890097625683534 -0.017428177291108307 0.015888047259974475 0.00039318696894585927 0.031574041889558216 -0.0072370510409682431 -0.001364197152755435 0.004030651549720321 0.025641784393336257 0.00019700112117524717 -0.011013376833956475 -0.0023249748246100053 0.0095904717287266916 -0.00081769774888004797 -0.0053466291719918811 -0.0066175472009545712 0.011014984878513779 0.00070872880212637199 0.0087444412497003094 -0.0092078858112790672 0.0071367298610215159 0.0042821236815306302 0.0049224446464168061 -0.0019239790125532808 0.0064137276052264195 -0.011716022822824929
leaf_weight=557.70073102414608 266.8556774109602 534.36000837385654 5824.7705185115337 114.75438511371613 1133.258752182126 92.549531877040863 558.87807254493237 3383.1892769038677 123.0215321034193 72.527053043246269 1231.6610183417797 2388.3543910086155 393.77655489742756 3371.5787649452686 659.97225596010685 1938.5917828828096 2237.0526598393917 6510.7763518542051 3821.1281263977289 720.92748312652111 454.93383756279945 1938.7111936956644 1288.7944895625114 1970.6170698553324 489.23715373873711 2476.0547952353954 73.412409782409668 205.65015406906605 483.01462784409523 66.302815452218056
leaf_count=2284 1081 2183 25664 533 4632 414 2396 14088 906 327 5036 9967 2072 13923 2803 8258 9386 26738 16035 2921 1866 8016 5248 8968 2013 10097 373 835 1983 307
internal_value=2.24001e-06 -0.00137761 -0.00213433 0.00528857 0.00441003 -0.00230803 0.00604102 -0.00408475 0.00291049 0.0184716 -0.000826327 0.00512014 0.0170592 0.00230367 -0.00175265 -0.00455621 0.0067314 -0.00176036 -0.00355063 -0.00132443 0.00179487 -0.000147853 0.00614274 -0.00586491 -0.000253841 0.00240178 0.022048 0.00697264 0.000521803 0.00251222
internal_weight=45382.4 35994.4 30604.1 9388.02 8739.77 30337.3 6800.56 13777.1 5390.28 195.549 16560.1 6241.68 648.246 5194.73 5981.75 2598.56 4625.41 12852.4 5852.39 1939.21 1218.28 2031.26 1823.15 7795.39 7000.01 3707.72 467.189 660.584 1616.27 181.057
internal_count=191353 151798 129211 39555 36270 128130 28364 59781 22587 1233 68349 25968 3285 21354 25149 11061 19353 53216 24465 7906 4985 8430 7431 34632 28751 15133 2445 2701 6615 840
cat_boundaries=0 1 2 3 4 5 6 7 8 9 10 11 12
cat_threshold=12582973 183501186 16793613 1034240 212560 23564 268444676 17188880 3801090 285362185 2101504 285221437
is_linear=0
shrinkage=0.04


Tree=45
num_leaves=31
num_cat=17
split_feature=51 51 30 9 2 50 39 2 51 50 36 51 50 3 51 50 39 39 50 63 50 52 51 5 37 51 50 50 50 2
split_gain=206.685 69.1401 62.8746 46.7672 50.7964 50.7132 43.2787 41.5328 40.1588 38.6636 48.5849 33.4803 32.9361 32.0378 30.2711 29.3304 28.3465 26.7766 31.4257 27.8286 28.1384 24.2285 24.8551 22.4571 21.9868 21.9648 21.6408 21.5394 20.0471 20.0275
threshold=0 1 0.004673305433243514 24.500000000000004 41.500000000000007 2 0.98346996307373058 40.500000000000007 3 4 0.055867666378617294 5 6 1.0000000180025095e-35 7 8 0.89504283666610729 0.76975053548812877 9 1.8691406250000002 10 11 12 0.92349499464035045 0.95854809880256664 13 14 15 16 15.500000000000002
decision_type=9 9 8 10 2 9 10 2 9 9 10 9 9 2 9 9 10 8 9 2 9 1 9 2 10 9 9 9 9 2
left_child=1 12 17 4 5 16 9 11 26 10 -3 13 -1 -7 27 -10 23 19 -19 -2 -21 22 -18 -4 -17 -11 -6 -5 -27 -20
right_child=2 6 3 14 8 7 -8 -9 15 25 -12 -13 -14 -15 -16 24 21 18 29 20 -22 -23 -24 -25 -26 28 -28 -29 -30 -31
leaf_value=0.0080470469659428313 0.0056411848372972554 0.0052026991534849304 -0.012097176288658466 0.015406939472957753 0.0010866036505459069 -0.00054811717421441133 0.010332149466717889 0.029440304025430165 0.013012841428327267 0.017203452554784501 -0.0021390651903184033 0.0026863844811803391 0.02791416282848436 -0.009203028143374474 -0.0050642237444979647 -0.012109706832655408 -0.0013421518540251052 -0.0014753171397753609 -0.0036495652910371362 -0.006408004205054804 0.028499113067191776 -0.0023348863961666268 0.0095311925706958716 -0.0036460417898787822 -0.0044694142724075259 0.0038058402081784589 -0.0075839762445945791 0.00095573572229308557 0.014909339630593557 0.012309004665895757
leaf_weight=307.1719925403595 710.83727142214775 2686.0841249525547 526.28877978026867 485.18576443195343 1433.4855600148439 4674.6853293627501 1536.1558308452368 74.131220296025276 82.559243455529213 314.4773341268301 3098.8796046078205 5071.3954135328531 287.33327014744282 798.16202475130558 264.48116499185562 1943.963009044528 645.42363940179348 1657.6185734272003 158.64449806511402 45.065007708966732 168.94862675666809 2623.2885750681162 680.57369862496853 10848.459182545543 898.57145029306412 1569.0908289700747 660.38393633067608 266.02880354225636 308.5721265822649 541.46928776800632
leaf_count=1428 2904 11289 2316 2010 5863 19447 6485 307 357 1380 12634 20800 1519 3364 1121 8566 2747 6799 650 194 914 11192 2800 46305 3897 6501 2727 1119 1337 2466
internal_value=-5.78643e-06 0.00503203 -0.00145205 -0.00199418 -0.00227206 -0.00155773 0.00418399 0.000565871 -0.00595515 0.00299704 0.00126578 0.000347653 0.0181326 -0.00181793 0.00642656 -0.0089692 -0.00302862 0.00381352 0.00153281 0.00956674 0.0220876 -0.000105416 0.00426791 -0.00404396 -0.00967961 0.00750346 -0.00167301 0.0104343 0.00574484 0.00854306
internal_weight=45367.4 10107.8 35259.7 31977.1 30961.4 25942.4 9513.26 10618.4 5018.96 7977.1 5784.96 10544.2 594.505 5472.85 1015.7 2925.09 15324 3282.58 2357.73 924.851 214.014 3949.29 1326 11374.7 2842.53 2192.14 2093.87 751.215 1877.66 700.114
internal_count=191438 42573 148865 134938 130688 109278 39626 43918 21410 33141 23923 43611 2947 22811 4250 12820 65360 13927 9915 4012 1108 16739 5547 48621 12463 9218 8590 3129 7838 3116
cat_boundaries=0 1 2 3 4 5 6 7 8 9 10 11 12 13 14 15 16 17
cat_threshold=12583101 24 117472265 3670786 16870477 4161792 17254936 4064000 131345 402709115 2172512 3 256514 36 285256800 268471361 168448
is_linear=0
shrinkage=0.04


Tree=46
num_leaves=31
num_cat=6
split_feature=51 17 24 36 51 51 10 37 43 62 38 32 2 24 38 36 11 1 37 38 38 16 41 1 8 51 38 35 51 51
split_gain=204.343 58.7458 56.641 36.2396 34.2418 31.0316 25.7247 30.9193 24.5898 23.88 19.4494 19.2376 19.1704 29.8476 20.5886 16.8129 18.2424 16.8909 15.9178 15.7393 16.4695 15.6339 15.5164 15.5087 15.2361 19.6999 15.2204 15.1263 14.8209 14.1436
threshold=0 0.98786765336990368 1.5000000000000002 0.016261236742138866 1 2 30.500000000000004 0.6820855736732484 0.81174489855766307 5.5000000000000009 0.23117408901453021 0.077350430190563216 31.500000000000004 22.500000000000004 1.0000000180025095e-35 0.016261236742138866 34.500000000000007 13.500000000000002 0.97419247031211864 0.027973395772278312 0.20101010054349902 0.89949494600296032 0.98296290636062633 12.500000000000002 2.5000000000000004 3 0.071796759963035597 0.98984745144844066 4 5
decision_type=9 10 10 8 9 9 2 8 2 2 8 10 2 10 8 8 10 2 10 8 8 2 2 2 10 9 10 10 9 9
left_child=2 5 4 9 -1 15 7 11 12 28 -11 -6 -7 14 -14 -2 17 -17 -16 22 -21 27 -8 -9 -10 -26 -27 -4 -3 -5
right_child=1 3 21 29 6 8 19 23 24 10 -12 -13 13 -15 18 16 -18 -19 -20 20 -22 -23 -24 -25 25 26 -28 -29 -30 -31
leaf_value=0.018104773416242385 3.9762850117339252e-05 -0.0056630312805340853 -0.0091212038706659643 -0.0017591824723229058 0.0061951687010963043 -0.0008810444386658854 0.0038430814180557744 0.0040058516880252257 0.0047087879509697004 0.0054217822037922808 0.030966539510201733 -0.0086011927008151322 0.0027213965132108341 0.0045077000782418573 -0.0077331451894661783 -0.0075523634603492165 -0.0083021091207479015 -0.002750358133971681 -0.0015333027157057983 -0.0047905555571586232 0.0041267210524834402 0.0031057603360582133 0.015843387616027875 0.013474249270859107 0.0025581701550479443 -0.011443382447556452 0.00081455875912528819 0.00088265305461545176 0.0062118172529786525 0.0020102070002709928
leaf_weight=474.6017332226038 1441.5056710392237 178.24561305344105 364.94159436225891 3096.4427947402 501.29997928440571 9263.9081989079714 466.9181065261364 343.84526765346527 1589.9186364412308 92.448097616434097 105.18146105855703 189.10123364627361 457.22481691837311 568.88885293900967 2750.3490208089352 1472.6831799447536 1727.9913159459829 5888.0222768932581 887.43142978847027 476.10426990687847 1054.1355919390917 2806.5421896725893 278.6626660823822 1713.6384116560221 1102.9658850133419 373.55410581827164 277.28628174960613 687.53850446641445 1470.21073153615 3246.2425420731306
leaf_count=2434 6094 742 1511 13154 2110 38417 1978 1439 6551 552 717 773 1878 2349 11619 6385 7760 25480 3667 1995 4434 11510 1199 7370 4493 1546 1144 2796 5993 13424
internal_value=1.66523e-06 -0.00136738 0.00526323 0.0016078 0.00787523 -0.00224504 0.0068382 0.00945986 -0.00119685 0.00653226 0.0195444 0.00208097 -0.00193769 -0.00402902 -0.00522389 -0.0039561 -0.00459609 -0.0037183 -0.00623037 0.00368017 0.00133269 0.00154475 0.00843053 0.0119151 0.00187775 -0.000683449 -0.0061306 -0.00259394 0.00490579 0.000167333
internal_weight=45347.8 35990.5 9357.33 8188.77 5498.31 27801.7 5023.71 2747.88 17271.5 1846.09 197.63 690.401 13927.8 4663.89 4095.01 10530.2 9088.7 7360.71 3637.78 2275.82 1530.24 3859.02 745.581 2057.48 3343.72 1753.81 650.84 1052.48 1648.46 6342.69
internal_count=191514 151965 39549 34582 23732 117383 21298 11692 71664 8004 1269 2883 57930 19513 17164 45719 39625 31865 15286 9606 6429 15817 3177 8809 13734 7183 2690 4307 6735 26578
cat_boundaries=0 1 2 3 4 5 6
cat_threshold=12582973 24 1542144 529152 49408 903298
is_linear=0
shrinkage=0.04


Tree=47
num_leaves=31
num_cat=10
split_feature=51 9 57 62 12 35 35 12 51 62 51 51 36 52 37 51 2 51 23 51 15 8 36 39 33 15 52 33 2 52
split_gain=158.081 75.5137 47.2768 48.2782 42.8835 42.8037 31.8252 31.1359 46.556 39.0989 28.8118 24.92 23.4619 23.4045 23.3862 22.3863 22.2916 18.419 18.097 17.4541 18.9047 21.4249 16.6266 16.4705 16.3385 16.1809 16.1117 15.575 15.511 20.3122
threshold=0 1.0000000180025095e-35 1.0000000180025095e-35 5.5000000000000009 30.500000000000004 0.91734972596168529 0.83484846353530895 36.500000000000007 1 5.5000000000000009 2 3 0.055867666378617294 4 0.8896499276161195 5 20.500000000000004 6 2.5000000000000004 7 0.53371214866638195 2.5000000000000004 0.027212143875658516 0.79449471831321727 0.97857144474983226 0.16145323961973193 8 0.72740042209625255 31.500000000000004 9
decision_type=9 8 10 2 10 8 8 10 9 2 9 9 8 1 8 9 2 9 10 9 10 10 10 10 10 10 1 10 2 1
left_child=2 7 3 4 6 27 -1 8 16 -10 14 -6 -5 -13 23 -9 -2 -8 28 -12 21 -21 -11 -7 -19 -23 -18 -3 29 -16
right_child=1 5 -4 12 11 10 17 15 9 22 19 13 -14 -15 18 -17 26 24 -20 20 -22 25 -24 -25 -26 -27 -28 -29 -30 -31
leaf_value=-0.016408415574047871 -0.00088618387620649605 -0.014689087834836235 0.002983869344414945 0.028616770641538426 -0.008670880249933512 -0.0067158891510196786 -0.003675747168996569 0.0058482450389732467 0.010232789952701103 0.034889547819495263 0.018038065828725618 -0.0013102071581555666 0.0037133525117255023 -0.0085511958741565138 0.014461678405991029 -0.0032403191448676844 -0.0015011708824536317 -0.0012593392292227325 -0.0030543988889552417 0.0045335266451445744 0.0088796587659789247 -0.0061875475758988987 0.017849305758566535 0.00081338471169834024 0.0027350906490034191 0.0014304072811086837 0.014012590108258218 -0.0012814749762272415 0.00085960002488884009 0.00099380403575510291
leaf_weight=225.27656991779804 744.85744194686413 341.36686843633652 2954.6408275216818 108.24731662869453 2378.2489152401686 1229.7021759450436 4499.9875980466604 1499.842047855258 1417.3493685126305 149.85155110061169 117.30702298879623 2589.331892311573 138.40004763007164 984.01403392851353 402.29098901152611 595.72024597227573 148.49064372479916 12912.968535736203 781.81364917755127 3135.265722617507 824.73368029296398 595.86385799944401 315.49409122765064 736.93347358703613 1869.154333114624 1722.0439985692501 374.26431681215763 238.65006372332573 948.10927338898182 336.82886919379234
leaf_count=1016 3151 1480 12384 732 10618 5018 19307 6365 5987 886 541 10976 587 4267 1654 2537 639 54384 3184 12851 3350 2422 1567 2999 7736 6993 1622 993 3869 1381
internal_value=0 0.00309732 -0.00180081 -0.00235272 -0.00252526 0.00126972 -0.00161623 0.00706984 0.00958466 0.0135522 0.00183973 -0.00549753 0.0150737 -0.00333719 -0.000635458 0.00326591 0.0035121 -0.00143817 0.0019484 0.00355422 0.00323805 0.00237973 0.0236917 -0.00388948 -0.000751641 -0.000528431 0.00983254 -0.00926477 0.00428055 0.00860665
internal_weight=45317 16656.8 28660.3 25705.6 25459 11410.9 19507.4 5245.87 3150.31 1882.7 10830.9 5951.59 246.647 3573.35 4435.68 2095.56 1267.61 19282.1 2469.04 6395.21 6277.91 5453.17 465.346 1966.64 14782.1 2317.91 522.755 580.017 1687.23 739.12
internal_count=191496 69489 122007 109623 108304 46735 82443 22754 13852 8440 44262 25861 1319 15243 18105 8902 5412 81427 10088 26157 25616 22266 2453 8017 62120 9415 2261 2473 6904 3035
cat_boundaries=0 1 2 3 4 5 6 7 8 9 10
cat_threshold=2096640 387 10485794 495616 15 6291483 788480 8 18 114
is_linear=0
shrinkage=0.04


Tree=48
num_leaves=31
num_cat=10
split_feature=51 51 36 52 36 51 62 6 12 18 51 39 51 52 39 7 52 62 9 41 29 38 51 10 39 40 12 9 39 51
split_gain=157.299 59.6384 52.7652 38.7103 38.3351 30.0332 29.8261 28.2164 28.519 26.3666 23.6368 23.5639 22.6004 21.0982 27.981 20.3718 19.0332 18.6802 18.5027 16.3793 15.0665 17.7633 13.7635 14.1878 13.2823 12.728 12.5798 13.2738 12.4991 12.342
threshold=0 1 0.012579114176332952 2 0.016261236742138866 3 5.5000000000000009 0.15504807978868487 30.500000000000004 0.94764256477355968 4 0.77836257219314586 5 6 0.93295881152153026 1.5000000000000002 7 5.5000000000000009 20.500000000000004 0.60355338454246532 2.5000000000000004 0.39314988255500799 8 30.500000000000004 0.95854809880256664 0.98296290636062633 37.500000000000007 32.500000000000007 0.8896499276161195 9
decision_type=9 9 8 1 8 9 2 2 10 8 9 10 9 1 8 2 1 2 10 2 10 10 9 2 8 2 8 10 10 9
left_child=1 -1 6 10 17 15 12 8 9 29 28 -8 16 20 -15 -5 -2 -3 19 -10 22 -22 23 -6 -18 -11 27 -12 -4 -7
right_child=2 4 3 5 13 7 11 -9 18 25 26 -13 -14 14 -16 -17 24 -19 -20 -21 21 -23 -24 -25 -26 -27 -28 -29 -30 -31
leaf_value=0.016774659231403748 -0.004939339274282359 0.006771953861252602 0.0015630441021170242 -0.0034861351011386018 0.0071295149716114605 -0.0032553912953469889 0.029191632915466427 -0.01598597348236918 -0.006134516537416616 0.0020438065304204654 -0.00098236481311650956 0.001310343789023763 -0.00035401686587398755 -0.0028634490648811895 0.0033082548554299071 -0.0090803242974234546 0.0026624609615518457 0.020541947671110724 0.010867995600228043 2.4107702491271155e-07 -0.0065748173177813474 0.018379011141240863 0.010225962820939787 -0.0050660803790945168 0.0090887636660352284 0.020756646352870819 -0.0078365364430200684 0.025639682235620992 0.0068551072943299207 -0.00055492488449095361
leaf_weight=582.77451096475124 278.68748508393764 2634.2564912885427 2358.4757555872202 2846.6000509858131 394.37031608819962 4919.7121644467115 110.16911128908396 220.66078950464725 3535.6448941528797 3022.272947832942 1896.9710613340139 87.324599422514439 3544.2724373936653 2076.9496614933014 2691.0513745099306 1665.9398992061615 1005.8305830359459 166.19609932601452 116.53149962425232 858.69946601986885 263.21930186450481 49.848320692777634 949.3455947637558 240.8335193246603 1086.4445974379778 54.668382793664932 470.56484447419643 25.415645748376846 1031.3290322422981 6086.629870608449
leaf_count=2948 1161 11171 9690 12319 1625 20502 766 1014 15413 12586 8108 515 14575 8557 11080 7309 4138 892 488 3495 1071 203 3953 984 4445 233 2064 110 4199 25810
internal_value=7.47423e-05 0.00448562 -0.00118448 -0.00189462 0.0037016 -0.00262034 0.00219092 -0.00191246 -0.00174114 -0.000852104 0.00103195 0.0172991 0.00166894 0.00204861 0.000614189 -0.0055513 0.00467759 0.00763143 -0.00450835 -0.00493254 0.00559852 -0.0023122 0.00721165 0.00243294 0.00599408 0.0024159 -0.00199978 -0.00055442 0.00317738 -0.00176821
internal_weight=45271.7 10048.8 35222.8 29110.1 9466.07 23327.4 6112.73 18814.8 18594.2 14083.3 5782.76 197.494 5915.24 6665.62 4768 4512.54 2370.96 2800.45 4510.88 4394.34 1897.62 313.068 1584.55 635.204 2092.28 3076.94 2392.95 1922.39 3389.8 11006.3
internal_count=191424 42484 148940 123340 39536 99169 25600 79541 78527 59131 24171 1281 24319 27473 19637 19628 9744 12063 19396 18908 7836 1274 6562 2609 8583 12819 10282 8218 13889 46312
cat_boundaries=0 1 2 3 4 5 6 7 8 9 10
cat_threshold=12583101 24 1 788480 3688194 4064256 65 96 8388736 3163650
is_linear=0
shrinkage=0.04


Tree=49
num_leaves=31
num_cat=16
split_feature=51 37 24 50 43 2 50 50 51 51 36 50 11 24 62 50 33 51 2 50 51 41 50 50 10 39 51 50 42 51
split_gain=173.251 54.2884 52.8279 49.8059 36.106 42.5656 59.4245 32.859 31.4205 31.3407 31.3039 29.5087 29.1337 23.3258 22.0524 50.0349 21.4863 20.551 45.5412 26.9292 20.4986 19.9451 19.7505 18.9759 18.5747 17.9474 17.9101 18.6251 17.2617 16.6829
threshold=0 0.98346996307373058 1.5000000000000002 1 0.81174489855766307 31.500000000000004 2 3 4 5 0.13299319893121722 6 36.500000000000007 22.500000000000004 5.5000000000000009 7 0.9609375298023225 8 48.500000000000007 9 10 0.78656607866287243 11 12 46.500000000000007 0.8896499276161195 13 14 -0.60785761475563038 15
decision_type=9 10 10 9 2 2 9 9 9 9 10 9 10 10 2 9 10 9 2 9 9 2 9 9 2 10 9 9 2 9
left_child=2 3 7 -2 5 6 8 -1 28 11 12 13 21 -7 26 -16 29 18 -14 24 23 -9 -4 -6 -19 -22 27 -3 -5 -8
right_child=1 14 22 4 20 9 16 10 -10 -11 -12 -13 17 -15 15 -17 -18 19 -20 -21 25 -23 -24 -25 -26 -27 -28 -29 -30 -31
leaf_value=0.015643834607663124 0.013380327406853638 9.060450148486175e-05 -0.002166723510427545 -0.0093462672461265758 0.0041358244889313648 -0.0015273496181496358 -0.0027552649534584497 0.025552415477417646 -0.0011898434249669966 -0.007806503032764439 0.0014224407478340287 -0.0074252454553428836 0.024169239173790432 0.010030474407593056 -0.012479668835385559 0.02870070734343242 0.0055382762447065302 -0.0059678323057627191 -0.028707045239110204 -0.00044973496666157167 0.00078638087758103891 0.010546948734896668 0.0036406351936698117 -0.0042638512874226811 0.012934668002589864 0.0069295388966758107 0.00060978664561067123 0.0099091893750462984 -0.004156412238363898 0.0023248665134333914
leaf_weight=683.961634516716 324.13367606699467 523.89179177582264 1539.2030593305826 1398.5023051649332 556.63646438717842 2174.8049979656935 1797.3940694481134 157.24217852950096 5475.7807274162769 3748.3597877919674 1501.0446307808161 1318.3813415169716 33.329870343208313 315.4431122392416 62.795698925852776 125.89422145485878 1640.9758918434381 89.926200062036514 77.289946556091309 635.70872974395752 2569.6394042223692 1564.3711415827274 2342.8416630923748 1733.4743201732635 694.31346194446087 1082.5780850499868 3883.4572437107563 778.58475477993488 3998.7516243457794 2393.0049752295017
leaf_count=3146 1315 2145 6270 6088 2350 9173 7608 833 23147 16466 6316 5663 144 1309 266 970 6778 380 321 2694 10579 6715 9658 7487 3042 4418 15987 3186 17002 9879
internal_value=4.92165e-05 -0.0012121 0.00490467 -0.00186547 -0.00203569 -0.00272088 -0.0015914 0.00745377 -0.00333687 -0.00521219 0.00620993 -0.00261945 0.00842695 -3.79714e-05 0.00249139 0.0157618 0.00166266 0.00436994 -0.0112713 0.00567702 0.000754963 0.0119991 0.00133688 -0.00219991 0.0105837 0.00261262 0.00198998 0.00602106 -0.0055021 0.000139358
internal_weight=45221.7 35902.5 9319.23 30527.9 30203.7 24261.4 16704.4 5437.19 10873 7556.99 4753.23 3808.63 3252.18 2490.25 5374.62 188.69 5831.37 1530.57 110.62 1419.95 5942.33 1721.61 3882.04 2290.11 784.24 3652.22 5185.93 1302.48 5397.25 4190.4
internal_count=191335 151816 39519 129262 127947 103113 70502 23591 46237 32611 20445 16145 14129 10482 22554 1236 24265 6581 465 6116 24834 7548 15928 9837 3422 14997 21318 5331 23090 17487
cat_boundaries=0 1 2 3 4 5 6 7 8 9 10 11 12 13 14 15 16
cat_threshold=12582973 217317762 64585 345088034 1969666 3803906 268439121 170568 4 6144 2594816 16802829 180304 3801088 75325 3082242
is_linear=0
shrinkage=0.04


Tree=50
num_leaves=31
num_cat=6
split_feature=30 38 5 50 50 36 42 1 40 61 5 41 40 50 50 28 41 3 11 37 50 41 1 32 50 39 41 1 39 41
split_gain=105.644 54.1935 47.301 43.9048 42.3892 44.6962 39.8234 35.689 32.1789 29.3213 27.1762 25.222 23.7185 26.7338 25.5417 22.8099 21.7189 23.8647 20.4696 23.4844 19.9896 19.7211 18.5051 17.1536 16.8961 16.0822 14.734 14.2163 13.8057 13.4157
threshold=0.004673305433243514 0.013072453904896976 0.78660714626312267 0 1 1.0000000180025095e-35 -0.60785761475563038 41.500000000000007 0.60355338454246532 1.0000000180025095e-35 0.5045454502105714 0.12940952181816107 1.0000000180025095e-35 2 3 10.500000000000002 0.78656607866287243 1.0000000180025095e-35 19.500000000000004 0.99494948983192455 4 1.0000000180025095e-35 25.500000000000004 0.20101010054349902 5 0.64334636926651012 0.98296290636062633 40.500000000000007 0.86700680851936351 -0.37940952181816096
decision_type=8 8 2 9 9 8 2 2 2 2 2 2 2 9 9 8 2 2 10 10 9 2 2 8 9 8 2 2 8 2
left_child=3 26 -3 10 5 28 21 16 9 15 -1 -11 13 -12 -14 -7 17 27 -8 -20 23 -5 -21 -9 -18 -16 -2 -6 -4 -27
right_child=1 2 4 6 7 8 18 20 -10 11 12 -13 14 -15 25 -17 24 -19 19 22 -22 -23 -24 -25 -26 29 -28 -29 -30 -31
leaf_value=0.04172239388843834 0.0025626318214617833 -0.017332833286919317 -0.0011987524543518571 0.0060998639213635485 0.0016556063768800231 -0.0058544528169772849 -0.00039885565039022707 -0.0098628308257031842 0.00074442560578711476 -0.003766996376176788 -0.0040899066274791103 0.00082060595005599033 0.0047464324192453425 0.0070529701179330743 0.0071141061148012972 0.0071878145586039876 0.0021393253891620495 -0.0044588483411291853 0.0058030068546604356 0.032209858923338983 0.0019708679482907574 0.022057171384146753 0.0098935615603767089 0.0004124464845420565 0.010855263431739681 -0.0010567392943378506 0.010985642245081875 0.021729271965404574 0.0036998990029218216 -0.012502768961070162
leaf_weight=22.647180691361427 4582.3400360643864 286.84203265607357 1509.525714635849 179.16277030855417 7168.7458726465702 7416.2895862907171 528.97648257017136 936.04537700116634 3115.6614450961351 5019.7889640927315 430.70225734263659 3088.2037170082331 517.29319466650486 1558.0762143880129 115.26520167291164 215.51146456599236 796.14966307580471 1113.0281156003475 840.80482152104378 106.31393682956696 566.46044430136681 471.71119113266468 150.11397382616997 353.54755726456642 671.2288748472929 253.52979342639446 356.14460268616676 52.12119522690773 2327.0653314143419 485.38745382428169
leaf_count=133 18994 1313 6268 828 29493 32229 2271 3929 12831 22034 1805 12699 2243 6752 531 924 3252 4615 3669 675 2383 2251 740 1464 2789 1054 1493 215 9662 1993
internal_value=-5.61261e-07 -0.000732246 -0.00129167 0.00510799 -0.00115463 -0.0021613 0.00938602 0.000804465 -0.00296332 -0.00369853 0.00217874 -0.00201776 0.00185117 0.00464042 -0.00218117 -0.00547907 0.00177004 0.000975307 0.00602943 0.00913441 -0.00427044 0.0177752 0.0196614 -0.0069857 0.00625146 -0.00638395 0.00318461 0.0018182 0.00176824 -0.00863591
internal_weight=45234.7 39574.7 34636.2 5659.98 34349.4 22692 2277.08 11657.3 18855.5 15739.8 3382.9 8107.99 3360.25 1988.78 1371.48 7631.8 9801.27 8333.9 1626.21 1097.23 1856.05 650.874 256.428 1289.59 1467.38 854.182 4938.48 7220.87 3836.59 738.917
internal_count=191532 166587 146100 24945 144787 96647 10434 48140 80717 67886 14511 34733 14378 8557 5821 33153 40364 34323 7355 5084 7776 3079 1415 5393 6041 3578 20487 29708 15930 3047
cat_boundaries=0 1 2 3 4 5 6
cat_threshold=423643769 50355213 16777289 577 197216 172112
is_linear=0
shrinkage=0.04


Tree=51
num_leaves=31
num_cat=17
split_feature=51 36 50 13 50 1 51 50 62 50 51 35 50 51 24 14 51 1 37 50 52 40 38 51 50 51 52 51 34 11
split_gain=146.13 58.4072 47.4594 46.692 37.9848 37.6662 42.0835 35.3554 34.5807 49.1057 30.8726 28.64 27.8034 25.8808 23.4756 25.1178 20.6333 20.0697 22.9479 18.8475 18.6244 20.9385 26.7643 18.5065 21.8594 18.3217 21.3011 18.3001 18.2028 19.6633
threshold=0 0.012579114176332952 1 0.058481533080339439 2 21.500000000000004 3 4 5.5000000000000009 5 6 0.99494948983192455 7 8 13.500000000000002 0.011173533275723459 9 27.500000000000004 0.72264957427978527 10 11 0.60355338454246532 0.027973395772278312 12 13 14 15 16 1.0000000180025095e-35 34.500000000000007
decision_type=9 8 9 2 9 2 9 9 2 9 9 10 9 9 10 10 9 2 8 9 1 2 10 9 9 9 1 9 8 10
left_child=3 8 10 4 25 11 -7 -8 13 -10 -3 16 -5 -2 15 27 -4 18 -14 -9 -6 22 -22 24 -13 26 -1 -12 -17 -30
right_child=1 2 5 12 20 6 7 19 9 -11 14 23 17 -15 -16 28 -18 -19 -20 -21 21 -23 -24 -25 -26 -27 -28 -29 29 -31
leaf_value=0.015744531623280621 0.0043303635523897002 -0.0056473999142685081 -0.0096372973032937733 -0.0081934740531621874 0.010407599988407068 -0.0072754427292195728 -0.0021926385969406764 0.004112808265846311 0.030967075891532306 -0.0048606769043311217 -0.0024109583730205341 -0.001024181496744691 -0.0025019925938486319 -0.00056029390534005998 0.0030348849371158275 -0.02444442094358824 0.0014250655432730508 -0.0049359753697094831 0.014109490915147746 0.021366366584959415 0.0064642930592531669 0.013189558079449094 -0.0016188807912300193 0.0056576912636186177 0.0059918305875001771 0.021757904178082429 -0.0050746802385252731 0.003517396691687272 -0.0024103429314420968 -0.0069849395418601339
leaf_weight=188.38669143617153 3469.7456444352865 4770.9567693173885 494.00710926949978 499.35624270141125 1143.7445702403784 1738.7761777937412 3122.1978613883257 1124.0051648169756 139.78841149061918 99.943101212382317 1665.7035003006458 2215.197521045804 206.41824318468571 3427.9652304202318 1375.7683631926775 61.615274831652641 566.5983979254961 285.26147761940956 353.97500871121883 100.50467322766781 1566.7073399722576 373.26722131669521 1115.7890344262123 2824.224423289299 1027.2082662880421 410.22360271215439 120.50368855893612 1635.4262420833111 7126.739928483963 1914.7519801855087
leaf_count=837 14360 20829 2069 2046 4983 7443 13012 4639 1091 454 7166 9252 847 14113 5778 269 2359 1164 1464 411 6623 1808 4657 11537 4195 1927 530 6767 30387 8321
internal_value=7.8704e-05 -0.000834485 -0.00156981 0.00574169 0.00755563 0.000261694 -0.00204677 6.2747e-05 0.00243275 0.0172215 -0.00287366 0.00223596 -0.000837845 0.00190377 -0.00190678 -0.00245902 -0.00380688 0.00355923 0.00798734 0.0057865 0.00603024 0.00434248 0.00309788 0.00329797 0.00120974 0.0160283 0.00770196 0.000524207 -0.00354274 -0.00338466
internal_weight=45164.8 38901.1 31763.7 6263.63 4918.62 13212.7 6085.48 4346.71 7137.44 239.732 18551 7127.24 1345.01 6897.71 13780 12404.2 1060.61 845.655 560.393 1224.51 4199.51 3055.76 2682.5 6066.63 3242.41 719.114 308.89 3301.13 9103.11 9041.49
internal_count=191338 164452 134434 26886 21365 54917 25505 18062 30018 1545 79517 29412 5521 28473 58688 52910 4428 3475 2311 5050 18071 13088 11280 24984 13447 3294 1367 13933 38977 38708
cat_boundaries=0 1 2 3 4 5 6 7 8 9 10 11 12 13 14 15 16 17
cat_threshold=4194365 16931849 278044672 1933440 268542484 268444685 273408 13324 12452352 3376000 262368 65 3074050 268738644 33 113 249986
is_linear=0
shrinkage=0.04


Tree=52
num_leaves=31
num_cat=15
split_feature=51 39 50 62 6 50 51 51 50 50 39 2 50 50 37 2 50 23 50 2 39 39 43 36 51 51 41 51 51 39
split_gain=119.159 53.8913 53.4096 41.5619 44.837 40.8704 40.3623 35.2602 33.9797 31.7074 30.5677 30.1708 32.6307 28.8351 28.2036 28.232 23.3009 20.543 20.3111 19.106 17.7223 22.1084 16.9004 15.8919 15.8068 15.2508 14.8617 14.588 14.5611 13.8581
threshold=0 0.99494948983192455 1 5.5000000000000009 0.067424245178699507 2 3 4 5 6 0.83419242501258861 41.500000000000007 7 8 0.8896499276161195 30.500000000000004 9 8.5000000000000018 10 32.500000000000007 0.97315317392349254 0.49747474491596227 -0.56174489110708226 0.044610282406210906 11 12 0.98296290636062633 13 14 0.86700680851936351
decision_type=9 10 9 2 2 9 9 9 9 9 10 2 9 9 8 2 9 10 9 2 10 8 2 10 9 9 2 9 9 8
left_child=5 2 17 4 6 -1 11 -7 10 -8 23 13 -13 -4 26 29 -6 24 -3 -11 21 -17 -10 -5 -2 -20 -9 -18 -25 -16
right_child=1 18 3 8 16 7 9 14 22 19 -12 12 -14 -15 15 20 27 -19 25 -21 -22 -23 -24 28 -26 -27 -28 -29 -30 -31
leaf_value=0.014769505338544896 0.016750260074836376 -0.0022984794760120596 0.0008861958949540565 0.039093256730579062 0 0.018825791174743062 -0.013622489569144802 0.0024599103635083641 -0.013570692261891192 0.0016333580249028848 -0.015094102894504914 0.0013780969625674022 -0.008564824670884038 -0.0030215976738469756 0.0032725394564618458 0.021367643707051038 -0.015664698915519085 -0.01117615163358013 0.0086569353514494834 -0.0014316119416280199 0.0088521758473834415 -0.0010775555904551412 0.0063592274856128592 -0.011272269307987028 0.0053235967514357998 0.0028636958634381212 -0.0042448976863044899 -0.0061173009595144236 0.022094606964497804 0.012834854807791179
leaf_weight=628.67048709094524 315.55019012093544 735.05488757789135 4201.6277900338173 101.17557486891747 408.4275739043951 234.33514708280563 245.23306097090244 1406.0024883300066 84.828009441494942 8573.1803855746984 25.3926607593894 680.71490892767906 2312.0086284279823 10653.837719291449 338.99934053421021 69.323160842061043 592.61265578866005 77.769127130508423 1177.2030965611339 5233.2614470273256 519.27180550992489 1261.274445861578 274.08753152191639 22.097187891602516 590.88965606689453 2020.6481407135725 841.04121269285679 558.70929941534996 47.361272901296616 949.17381025850773
leaf_count=2822 1286 3093 17536 786 1727 1237 1039 5904 376 35090 142 2998 10273 46278 1467 295 2602 314 4881 21472 2231 5327 1224 99 2389 8442 3447 2423 215 4129
internal_value=5.14055e-05 -0.000771683 -0.00127131 -0.00153861 -0.00172019 0.00517272 -0.00139492 0.00405907 0.00926422 0.000208085 0.0219483 -0.0026564 -0.00632202 -0.00191651 0.00336228 0.00581507 -0.00833406 0.00784348 0.00366345 0.000469711 0.0026226 0.000152463 0.00143282 0.029097 0.00963565 0.00503301 -4.45901e-05 -0.011187 0.0126202 0.0103563
internal_weight=45179.8 38931.7 34998.8 34014.6 33459.6 6248.09 31899.9 5619.42 554.942 14051.7 196.027 17848.2 2992.72 14855.5 5385.09 3138.04 1559.75 984.209 3932.91 13806.4 1849.87 1330.6 358.916 170.634 906.44 3197.85 2247.04 1151.32 69.4585 1288.17
internal_count=191544 164685 148269 144280 141438 26859 134686 24037 2842 57601 1242 77085 13271 63814 22800 13449 6752 3989 16416 56562 7853 5622 1600 1100 3675 13323 9351 5025 314 5596
cat_boundaries=0 1 2 3 4 5 6 7 8 9 10 11 12 13 14 15
cat_threshold=4194365 116654514 345407520 1043456 8 268443661 1 402818049 285246016 139781 285360136 8926978 12059648 12159232 532610
is_linear=0
shrinkage=0.04


Tree=53
num_leaves=31
num_cat=17
split_feature=51 34 38 12 50 50 62 50 51 10 51 40 5 39 15 3 51 50 51 10 51 50 50 51 38 51 50 51 50 62
split_gain=127.867 51.0895 37.5623 39.0096 39.426 37.4148 30.3663 28.9607 31.51 25.2449 25.0668 24.9111 24.8343 23.8006 22.8442 26.4406 23.8196 21.1041 20.0478 19.1868 20.092 19.0057 18.9845 18.7974 23.1439 18.1197 20.7945 17.9416 27.1973 17.0024
threshold=0 0.98786765336990368 1.0000000180025095e-35 30.500000000000004 1 2 5.5000000000000009 3 4 86.500000000000014 5 0.78656607866287243 0.96684980392456066 0.92893216013908397 0.033520599827170379 2.5000000000000004 6 7 8 30.500000000000004 9 10 11 12 0.62871870398521434 13 14 15 16 3.5000000000000004
decision_type=9 10 8 10 9 9 2 9 9 2 9 2 2 8 10 2 9 9 9 2 9 9 9 9 8 9 9 9 9 2
left_child=5 2 -2 4 11 -1 13 10 9 22 -5 14 18 25 16 -16 -4 19 -6 -15 -21 -8 -9 -14 -25 26 -7 29 -29 -3
right_child=1 27 3 7 12 6 21 8 -10 -11 -12 -13 23 17 15 -17 -18 -19 -20 20 -22 -23 -24 24 -26 -27 -28 28 -30 -31
leaf_value=0.014555739728424777 0.002328920344653576 0.003672488811621754 -0.0054143550772080395 -0.0035876846838006609 -0.0078872168372241779 -0.0049814356772017437 -0.0015564757061474822 -0.010081436993637973 -0.0041403962146691429 0.021524169065467277 -0.010912514130841862 0.0027498692667603658 -0.00021790968875568296 0.013031351334178924 -0.0034510464906030497 -0.019203466815211453 0.0044740118944461265 0.0016176134665910997 0.0010433040570211371 0.010163351755339133 -0.00071717643321116088 0.018495090130621603 0.00356766542463198 0.0057740827479960807 0.00020313706172319911 -0.0017084188643069803 0.015131872504673478 -0.0032317009385567784 0.0061905152915136541 0.013646070937865405
leaf_weight=626.9903369396925 4191.3823536783457 616.29727545380592 565.29437087476254 1597.468620762229 841.4694812297821 118.30117525160313 99.109660863876343 178.48818525671959 3508.0539623200893 104.62452830374241 1483.345055192709 1346.2933565378189 4382.4201462119818 798.60381709039211 9627.3618478924036 169.4760385453701 1171.0389688313007 1316.255826190114 751.91530457139015 529.85435700416565 538.8666051030159 340.70472224056721 1019.9808883816004 2790.4411983788013 2095.6603258252144 1672.6735997647047 223.99007532000542 909.98551527410746 1028.0820988863707 505.22689358144999
leaf_count=2827 17370 2560 2482 6842 3530 508 471 743 15224 429 6480 5513 18342 3388 41386 796 4966 5442 3128 2286 2256 1894 4208 11366 8542 6883 1018 3814 4530 2329
internal_value=5.37582e-05 -0.00080087 -0.00122539 -0.00169726 -0.000885921 0.00535014 0.00428702 -0.00413338 -0.00216849 0.00311162 -0.00715668 -0.00238179 0.00088762 0.00342745 -0.00298555 -0.00373525 0.00123149 0.00557798 -0.00371315 0.0082942 0.00476877 0.0143457 0.00143072 0.00168324 0.00338451 1.43976e-05 0.00820713 0.00415463 0.0017654 0.00815143
internal_weight=45149.7 38884.3 35824.7 31633.3 23741.4 6265.35 5638.36 7891.96 4811.15 1303.09 3080.81 12879.5 10861.9 5198.55 11533.2 9796.84 1736.33 3183.58 1593.38 1867.32 1068.72 439.814 1198.47 9268.52 4886.1 2014.96 342.291 3059.59 1938.07 1121.52
internal_count=191553 164580 151347 133977 100051 26973 24146 33926 20604 5380 13322 55143 44908 21781 49630 42182 7448 13372 6658 7930 4542 2365 4951 38250 19908 8409 1526 13233 8344 4889
cat_boundaries=0 1 2 3 4 5 6 7 8 9 10 11 12 13 14 15 16 17
cat_threshold=4194365 117464073 345407522 285430316 12058624 556802 479232 84496 3869568 41 16844816 8257 2066434 28 84040 11928064 268486744
is_linear=0
shrinkage=0.04


Tree=54
num_leaves=31
num_cat=6
split_feature=51 51 37 37 43 61 51 2 42 24 51 51 39 1 5 63 33 63 42 2 10 11 1 39 36 24 37 38 51 39
split_gain=105.051 48.2614 35.3391 30.6719 30.5681 24.3191 30.563 35.825 22.2992 25.5818 21.7268 21.091 18.4155 18.1548 25.0452 17.2779 16.8024 16.6325 15.5373 15.414 15.3616 15.1634 14.0263 13.9426 14.2565 13.4805 13.6435 13.3122 12.6717 12.4969
threshold=0 1 0.98473194241523754 0.98229950666427623 0.81174489855766307 1.5000000000000002 2 25.500000000000004 -0.60785761475563038 8.5000000000000018 3 4 0.76689496636390697 32.500000000000007 0.94160273671150219 1.8691406250000002 0.99557489156723034 1.8691406250000002 -0.60785761475563038 34.500000000000007 8.5000000000000018 21.500000000000004 98.500000000000014 0.92664992809295665 0.30839161574840551 22.500000000000004 0.43364779651165014 0.024695121683180336 5 0.87312766909599315
decision_type=9 9 10 10 2 2 9 2 2 10 9 9 8 2 2 2 10 2 2 2 2 10 2 8 10 8 10 8 9 10
left_child=1 -1 4 13 5 6 8 -8 -2 20 29 17 15 14 -3 -7 21 18 -4 -15 -10 -5 -21 -16 -25 26 -9 -23 -14 -6
right_child=2 3 11 16 10 12 7 25 9 -11 -12 -13 28 19 23 -17 -18 -19 -20 22 -22 27 -24 24 -26 -27 -28 -29 -30 -31
leaf_value=0.014929702699365671 -0.0085715370571303948 -0.0044993599630043096 -0.0049961786813565142 0.0096036510801896287 0.0026780284932448602 0.0024552123726281987 0.00031178943038097297 -0.010497487541464573 -0.014067919939872808 0.0011635200500014257 -0.00036406330924338803 0.00028777291165147636 -0.0036660920401577974 -0.01866768816090638 0.0019052982100711295 0.017584538347476208 0.012962873296807462 0.031166436764540548 0.0066491235881319076 -0.00078582214399742654 -0.0044792327962718025 0.0077233779748653577 0.01903668999735281 0.0089818367549026838 0.0011685756822485472 0.0026278180480784007 -0.0039674096692156316 -0.0013699842988238718 0.00089707183151309909 0.01063514183493512
leaf_weight=558.5276964455843 1967.9602772891521 567.33092495799065 205.36029586195946 688.28188483417034 990.61846543848515 1522.8371061086655 6637.9028375446796 596.32935144007206 289.24397902190685 1350.2122905701399 4401.6005222946405 3589.7204483449459 1905.9057611376047 70.721918761730194 1768.5067057460546 127.24481590092182 559.31991629302502 35.848605141043663 1388.5343479067087 2694.2373044341803 3441.2487207651138 403.38150741159916 53.312032341957092 1383.6512029618025 521.92079365253448 413.77047516405582 3799.8371275216341 687.28606125712395 1957.9799183160067 469.41724425554276
leaf_count=2915 8646 2394 857 2928 4020 6365 27941 2568 1268 5826 18641 15068 7996 287 7325 594 2678 303 5704 11092 14859 1724 224 5782 2142 1727 16369 2890 8219 1891
internal_value=1.36738e-05 0.0036373 -0.001015 0.00294133 -0.00154628 -0.00217869 -0.00287364 -0.00158915 -0.00494509 -0.00353916 0.00104044 0.00201843 0.000149361 0.00162325 0.00327626 0.00368358 0.00691295 0.00576861 0.00512528 -0.000858793 -0.00524588 0.00496858 -0.000360049 0.00448684 0.00686097 -0.00421757 -0.00486866 0.00199482 -0.00135758 0.00524176
internal_weight=45048.1 9956.48 35091.6 9397.95 29872.1 24010.5 18496.5 11447.8 7048.67 5080.7 5861.64 5219.46 5513.97 7059.68 4241.41 1650.08 2338.27 1629.74 1593.89 2818.27 3730.49 1778.95 2747.55 3674.08 1905.57 4809.94 4396.17 1090.67 3863.89 1460.04
internal_count=191243 42381 148862 39466 126930 102378 79204 48605 30599 21953 24552 21932 23174 29246 17643 6959 10220 6864 6561 11603 16127 7542 11316 15249 7924 20664 18937 4614 16215 5911
cat_boundaries=0 1 2 3 4 5 6
cat_threshold=12583101 24 4065280 770 4063232 63746
is_linear=0
shrinkage=0.04


Tree=55
num_leaves=31
num_cat=7
split_feature=30 38 51 51 2 62 6 3 51 51 51 9 42 11 36 37 51 39 40 13 51 14 36 1 41 16 14 8 30 40
split_gain=88.5759 57.2729 48.319 44.069 28.8566 27.842 26.525 25.6426 21.6078 21.2161 21.1785 16.6351 16.4081 16.1777 15.8266 22.3216 15.1591 15.0983 15.0179 18.9641 14.7504 16.5027 16.1892 14.7035 18.9849 14.6165 14.5919 19.8118 14.0228 13.04
threshold=0.0053477464243769654 1.0000000180025095e-35 0 1 32.500000000000007 5.5000000000000009 0.1012820526957512 2.5000000000000004 2 3 4 22.500000000000004 -0.60785761475563038 67.500000000000014 0.05298245698213578 0.92264956235885631 5 0.5838744342327119 -0.98296290636062611 0.010811126790940763 6 0.13172354549169543 0.033520599827170379 36.500000000000007 0.98296290636062633 0.65039682388305675 0.045804196968674667 10.500000000000002 0.033248299732804305 0.91597560048103344
decision_type=8 8 9 9 2 2 2 2 9 9 9 8 2 8 8 10 9 10 2 2 9 10 8 2 2 2 8 10 10 2
left_child=2 10 14 6 7 -4 18 8 12 11 -2 -6 16 -13 15 -1 -5 -16 19 -3 22 -22 -10 24 -7 -8 -11 -28 -21 -25
right_child=1 3 5 4 9 23 25 -9 20 26 -12 13 -14 -15 17 -17 -18 -19 -20 28 21 -23 -24 29 -26 -27 27 -29 -30 -31
leaf_value=0.031323204688358135 0.0088908266037858088 -5.3995151762377405e-05 0.0058925778468822756 -0.013548072297538601 -0.00056052210387092134 0.021448882462192575 -0.023946752652138661 -0.011558041745701379 0.0094258673211565277 -0.0015660389895616293 0.0020574920975983493 0.005544283848273792 0.0013045671984160795 0.032859679065583909 -0.0061802954278655162 0.0030492480131925842 -0.0016356213898241362 0.0015086745296658288 -0.0021589906821865719 -0.018750621642511671 0.018165462488272787 0 0.0016431890150317133 0.011046643364047253 -0.00022598027502531342 -0.0064196261741158904 -0.0096217599996916529 -0.00093137586859964438 -0.0069081999576120958 -0.013584302829215593
leaf_weight=41.934474669396877 892.50575642287731 586.68657521903515 2506.6506669670343 177.40574839711189 2207.9645389169455 442.22730166465044 136.2700172662735 244.00989520549774 538.57156907021999 1810.8055058121681 3842.0897580385208 259.12079009413719 7186.9332329928875 36.385438218712807 726.14801520109177 1086.6318212300539 1715.6384399831295 916.26426832377911 13674.772684931755 190.76308238506317 238.66441155970097 117.80800932645798 2068.8688925355673 117.39374971389771 73.334685266017914 185.68233667314053 1219.277661383152 648.61832983791828 1054.6164877265692 42.575212672352791
leaf_count=204 3729 2575 10755 747 9078 2529 632 1096 2268 7639 15933 1052 29640 148 3041 4830 7197 3814 58782 867 1013 489 8448 609 370 830 5151 2690 4703 199
internal_value=-4.58083e-05 -0.000739569 0.00449646 -0.00130936 1.77541e-05 0.00784462 -0.00285691 0.0011402 0.00140382 -0.00220912 0.00338097 0.000628896 0.000429354 0.00946494 0.000606599 0.004251 -0.00287527 -0.00188709 -0.00261846 -0.00602192 0.00436049 0.0118936 0.00326085 0.0150773 0.0183548 -0.0141521 -0.00413463 -0.00662529 -0.0088059 0.00415693
internal_weight=44986.6 39033.5 5953.16 34298.9 18470.1 3182.18 15828.8 12287.9 12043.9 6182.17 4734.6 2503.47 9079.98 295.506 2770.98 1128.57 1893.04 1642.41 15506.8 1832.07 2963.91 356.472 2607.44 675.531 515.562 321.952 3678.7 1867.9 1245.38 159.969
internal_count=191058 164707 26351 145045 76656 14462 68389 50898 49802 25758 19662 10278 37584 1200 11889 5034 7944 6855 66927 8145 12218 1502 10716 3707 2899 1462 15480 7841 5570 808
cat_boundaries=0 1 2 3 4 5 6 7
cat_threshold=654726 2067458 2126593 6291769 4718601 512 12583056
is_linear=0
shrinkage=0.04


Tree=56
num_leaves=31
num_cat=15
split_feature=51 20 50 38 51 36 62 50 51 50 5 2 50 51 21 50 51 1 50 30 52 1 50 51 43 32 2 41 51 2
split_gain=97.2395 51.9327 45.9459 34.5946 31.4176 31.2934 25.7197 31.8621 25.4747 25.3251 25.2342 25.27 44.2411 33.0925 25.5808 24.9949 21.328 18.7558 18.452 17.0245 16.0582 14.6763 14.641 14.4262 14.1682 13.0832 12.9906 12.9458 12.9377 14.7128
threshold=0 -2.4999999999999996 1 1.0000000180025095e-35 2 0.11050061136484148 5.5000000000000009 3 4 5 0.8015151619911195 22.500000000000004 6 7 -24.499999999999996 8 9 14.500000000000002 10 0.37500001490116125 11 44.500000000000007 12 13 -0.56174489110708226 0.93387979269027721 39.500000000000007 0.91597560048103344 14 27.500000000000004
decision_type=9 10 9 8 9 10 2 9 9 9 2 2 9 9 10 9 9 2 9 10 1 2 9 9 2 8 2 2 9 2
left_child=1 9 19 18 -3 15 10 17 22 28 -5 12 13 -12 -13 21 -16 -8 -4 -2 -17 -6 26 -20 -9 -14 -7 -19 -1 -30
right_child=2 4 3 6 5 8 7 24 -10 -11 11 14 25 -15 16 20 -18 27 23 -21 -22 -23 -24 -25 -26 -27 -28 -29 29 -31
leaf_value=-0.012515957441685068 0.0087840481160708916 0.018460083330063156 0.0051164704261852057 -0.015624846747943897 0.0045522505773025641 0.015340091748459544 -0.014904950294097316 -0.017744276755422689 -0.0011270760866161115 0.0017388831106736485 -0.0053929862019313369 0.0036192004873640349 0.0020568053533704554 -0.00035269272076000809 -0.0069957021981534974 0.015586346722125033 -0.0027411716508354217 0.030781176151808337 0.0047584091457976273 -0.017500060438932884 0.0069714899337226591 -0.0039914276332778153 0.0023828827747918789 -0.0028483580444080519 0.0038629497658986779 -0.016693253216904413 -0.0033163807834928768 0 0.0018085957329639665 -0.0078282273508863236
leaf_weight=306.70611254870892 905.73848390579224 247.55482430756092 1858.0724784061313 209.19274963438511 957.47281904518604 355.64541679620743 16.596369907259941 60.585498496890068 2265.1037455797195 1918.9412642270327 3710.1490440368652 837.85856650769711 6160.6419465988874 4770.8428936302662 2359.1187866330147 402.62696248292923 9776.4558042138815 129.70315591990948 559.75989332795143 36.191565349698067 3369.1141771152616 476.54738008975983 656.06882913410664 1286.2013535946608 180.25631133466959 54.956612855195999 67.645897001028061 27.332245692610741 487.25146640837193 514.10610884428024
leaf_count=1283 3660 1374 7715 984 4088 1581 73 257 9314 7864 16041 3529 25584 20172 10675 1777 41504 895 2285 146 14531 1997 2767 5430 789 230 286 140 2004 2086
internal_value=7.36724e-05 0.00315051 -0.00104988 -0.00130815 0.00474491 0.0043083 -0.00178488 0.00803911 0.00128398 -0.00118099 -0.00193306 -0.00182602 -0.000688154 -0.00256563 -0.00311272 0.00625263 -0.00358045 0.0202528 0.00232195 0.00758584 0.00795449 0.00168345 0.00629636 -0.000511211 -0.00167342 0.00187151 0.0120272 0.0256871 -0.00544181 -0.00310264
internal_weight=44964.4 12024.8 32939.7 31997.7 8797.78 8550.23 28293.7 414.474 3344.46 3227 27879.2 27670 14696.6 8480.99 12973.4 5205.76 12135.6 173.632 3704.03 941.93 3771.74 1434.02 1079.36 1845.96 240.842 6215.6 423.291 157.035 1308.06 1001.36
internal_count=191061 50952 140109 136303 37715 36341 120873 2154 13948 13237 118719 117735 62027 36213 55708 22393 52179 1108 15430 3806 16308 6085 4634 7715 1046 25814 1867 1035 5373 4090
cat_boundaries=0 1 2 3 4 5 6 7 8 9 10 11 12 13 14 15
cat_threshold=14680253 250872242 8 268591117 4194356 16925709 23625 1969154 17007225 360448 177732 64 361803860 1574144 2097172
is_linear=0
shrinkage=0.04


Tree=57
num_leaves=31
num_cat=12
split_feature=61 6 62 50 50 38 12 50 39 50 1 50 52 39 50 1 36 50 40 50 2 40 40 50 26 50 52 38 11 27
split_gain=75.779 45.0786 41.6295 59.5105 42.3513 37.9044 31.2891 41.8261 30.0789 26.6204 27.343 24.9773 23.4245 19.9838 20.2592 19.6829 19.0092 18.3269 17.7299 20.511 19.2655 16.348 15.4805 39.3317 22.6914 18.9083 17.1846 15.6437 15.6029 14.8982
threshold=1.5000000000000002 0.15504807978868487 5.5000000000000009 0 1 1.0000000180025095e-35 39.500000000000007 2 0.74305018782615673 3 83.500000000000014 4 5 0.97700846195220958 6 19.500000000000004 0.028778468258678917 7 -0.6035533845424651 8 44.500000000000007 -0.91597560048103321 1.0000000180025095e-35 9 -0.025478741154074665 10 11 0.16035714000463488 84.500000000000014 0.019419306889176372
decision_type=2 2 2 9 9 8 8 9 10 9 2 9 1 10 9 2 8 9 2 9 2 2 2 9 2 9 1 10 10 2
left_child=1 5 4 8 29 -1 7 12 16 -8 -11 -6 18 22 -15 -10 -4 -14 20 -20 -7 -19 25 24 -24 27 -25 -13 -27 -2
right_child=2 -3 3 -5 11 6 9 -9 15 10 -12 13 17 14 -16 -17 -18 21 19 -21 -22 -23 23 26 -26 28 -28 -29 -30 -31
leaf_value=0.0028584948694621243 -0.0050971204740653756 -0.013202416888431915 0.038813959497951737 0.0015628233908159062 0.020851616762737994 -0.0038577549287716678 -0.0089442029754520872 0.0022147433015258407 -0.015889728770146994 -0.0036595631374737965 0.0093673728632620596 -0.001510610085121775 -0.0057973281890621878 -0.0027569117894234098 0.0083748197466100224 0.013892685906583397 0.018304358343411088 -0.0054680482096092498 -0.0011909902527674995 0.0045510163672958324 0.011373101980112696 -0.0012523661680792567 0.0087713798683507257 0.013518620871133051 -0.0083635185458562286 0.005052429678394651 0.0015960129697705611 0.00462346679826919 0.020268279115671681 0.0047725777206894318
leaf_weight=3584.1724563241005 1681.2451061755419 488.12170019745827 133.23052259534597 681.22144537419081 106.47054906189442 1905.7577669173479 1497.3500832170248 5222.1577848643064 43.425439767539501 2432.2356335520744 282.81304949522018 1706.3597513884306 2614.3409029990435 313.1137582808733 1439.044548496604 127.10558358579874 204.62223814427853 1801.6597315371037 1910.0790673941374 2047.0393528938293 137.4464228451252 8104.5692314356565 135.16063463687897 206.03951434791088 1032.3335238695145 2056.483108535409 1701.9043155610561 1081.000441133976 110.74064874649048 280.13149401545525
leaf_count=14863 7040 2246 1024 3299 446 8282 6381 21509 225 10465 1178 7161 11372 1303 6079 751 1043 7973 7953 8506 592 34102 566 889 4303 8769 7116 4517 481 1187
internal_value=-0.000151148 -0.00119813 0.00241838 0.0095397 0.00169807 -0.00100965 -0.00150673 -0.0009415 0.0196569 -0.00468297 -0.00227218 0.00276311 -0.00183308 0.00253257 0.00640397 0.00595812 0.0268986 -0.00281744 0.000219514 0.00178481 -0.00279815 -0.00202143 0.00168503 -0.000538237 -0.00628025 0.00306825 0.00298935 0.000862091 0.00585704 -0.00365021
internal_weight=45067.4 32027.7 13039.6 1189.61 11850 31539.6 27955.4 23743.1 508.384 4212.4 2715.05 9888.65 18520.9 9782.18 1752.16 170.531 337.853 12520.6 6000.32 3957.12 2043.2 9906.23 8030.02 3075.44 1167.49 4954.58 1907.94 2787.36 2167.22 1961.38
internal_count=191621 135422 56199 6342 49857 133176 118313 100289 3043 18024 11643 41630 78780 41184 7382 976 2067 53447 25333 16459 8874 42075 33802 12874 4869 20928 8005 11678 9250 8227
cat_boundaries=0 1 2 3 4 5 6 7 8 9 10 11 12
cat_threshold=345026573 150995017 50527261 268505676 114557056 9 16896 16393 7169 268519456 268613124 64
is_linear=0
shrinkage=0.04


Tree=58
num_leaves=31
num_cat=22
split_feature=51 50 51 50 56 34 2 52 62 50 51 50 44 2 50 50 51 51 51 50 51 51 50 51 51 50 44 38 51 51
split_gain=81.6588 38.4568 34.3012 31.3886 29.732 29.6535 29.7747 28.4894 27.0541 43.0775 20.7446 36.8197 22.2353 21.0505 31.1336 26.3359 27.0623 19.1843 19.1589 19.3057 18.972 17.7422 16.5181 16.4287 16.2021 16.1562 15.6604 14.28 14.099 14.0354
threshold=0 1 2 3 1.0000000180025095e-35 0.94413232803344738 36.500000000000007 4 5.5000000000000009 5 6 7 1.0000000180025095e-35 31.500000000000004 8 9 10 11 12 13 14 15 16 17 18 19 1.0000000180025095e-35 0.23117408901453021 20 21
decision_type=9 9 9 9 10 10 2 1 2 9 9 9 2 2 9 9 9 9 9 9 9 9 9 9 9 9 2 10 9 9
left_child=2 -2 -1 17 7 22 28 18 21 -10 11 -9 -13 14 20 24 -17 -4 -3 -20 -12 26 -5 -8 -15 29 -6 -16 -7 -23
right_child=1 4 3 5 8 6 23 10 9 -11 13 12 -14 15 27 16 -18 -19 19 -21 -22 25 -24 -25 -26 -27 -28 -29 -30 -31
leaf_value=0.016794444177336325 0.014442909110309045 0.0042768493071411399 0.0011098360991254814 0.00065225246261527495 0.0049922653238353935 0.0064335492793426907 0.0063461256563707904 -0.0076457423886192059 0.029369229274361044 -0.0079059964753971975 -0.0069278302108653905 0.0003614520179758759 -0.0071655389645546089 -0.0015103283819018058 5.9259695957260784e-05 0.0054650503550091392 -0.003151321577314316 -0.0088273935847498538 -0.0051627958922886531 0.0010798297917056969 -0.0013593756468560675 0.0061683392320106625 0.0087320889011470934 -0.001032614366408166 -0.0089880265480541451 -0.0032437429878929436 -0.0051032243128719557 0.0041352131989844752 0.014410245297658036 -0.0012043738934191268
leaf_weight=279.85739292949438 244.84166099131107 1882.48803563416 754.83429132401943 3721.021371871233 2042.7691764384508 793.85974770784378 1109.7194085419178 2690.4887250512838 117.97648505121469 74.099732652306557 1226.0967990159988 2664.7056794464588 814.6714189350605 688.14791120588779 3720.1089315116405 747.26998467743397 2464.7706963866949 509.14173930883408 1069.7774234861135 2922.8537677973509 4811.7299572378397 744.97218333184719 441.35690531134605 837.98988811671734 1588.5712960660458 1884.9678212851286 273.38172027468681 2186.5717698484659 794.35713937133551 892.93716795742512
leaf_count=1539 1000 7636 3112 15328 8375 3502 4827 11695 1035 330 5340 11479 3593 2851 15447 3068 10801 2108 4518 12456 20457 3044 1879 3567 7015 7753 1142 9085 3735 3698
internal_value=-2.03093e-05 -0.000887326 0.0033277 0.0028776 -0.000999647 0.00383823 0.00653605 -0.0015238 0.0015564 0.0161409 -0.00214384 -0.00413815 -0.00139894 -0.00143394 -0.000490069 -0.00348461 -0.00112447 -0.00293392 0.000965544 -0.000600879 -0.00250783 0.00105982 0.00154576 0.00319392 -0.00676127 -0.000726067 0.00376739 0.00157107 0.0105992 0.00216241
internal_weight=44996.3 35754.2 9242.14 8962.28 35509.4 7698.3 3535.93 29478.3 6031.1 192.076 23603.1 6169.87 3479.38 17433.3 11944.5 5488.76 3212.04 1263.98 5875.12 3992.63 6037.83 5839.03 4162.38 1947.71 2276.72 3522.88 2316.15 5906.68 1588.22 1637.91
internal_count=191415 151818 39597 38058 150818 32838 15631 125441 25377 1365 100831 26767 15072 74064 50329 23735 13869 5220 24610 16974 25797 24012 17207 8394 9866 14495 9517 24532 7237 6742
cat_boundaries=0 1 2 3 4 5 6 7 8 9 10 11 12 13 14 15 16 17 18 19 20 21 22
cat_threshold=12582973 15729026 8 16793609 1 268510221 789504 285422664 67390537 268620332 3145984 4194337 1049474 268510721 1179650 4064256 147012 4194321 4738 16979484 4194305 2690
is_linear=0
shrinkage=0.04


Tree=59
num_leaves=31
num_cat=9
split_feature=36 62 50 50 19 6 14 41 50 52 50 16 50 41 50 50 12 42 37 41 33 2 50 1 2 41 18 41 24 45
split_gain=76.8215 62.0117 49.0161 45.4121 39.5127 34.4092 32.2009 25.5914 38.1155 31.2367 30.0764 22.4115 20.4624 19.8864 23.4916 19.7424 19.6339 17.8977 17.6122 16.8847 16.0939 16.0667 16.4606 16.004 23.7721 15.4193 14.061 14.0072 21.9299 17.7418
threshold=0.018019480630755428 5.5000000000000009 0 1 -1.4999999999999998 0.1012820526957512 0.12435567006468774 1.0000000180025095e-35 2 3 4 0.96449580788612377 5 0.12940952181816107 6 7 47.500000000000007 -0.60785761475563038 0.8896499276161195 0.91597560048103344 0.95625004172325145 29.500000000000004 8 32.500000000000007 16.500000000000004 0.60355338454246532 0.97080135345458995 -0.12940952181816107 13.500000000000002 1.0000000180025095e-35
decision_type=8 2 9 9 2 2 8 2 9 1 9 2 9 2 9 9 10 2 8 2 8 2 9 2 2 2 10 2 8 2
left_child=1 13 20 -3 5 6 21 10 23 -10 11 -6 27 15 25 -1 17 -12 19 -11 -2 22 -4 24 -9 -15 -23 29 -29 -8
right_child=2 3 4 -5 7 -7 12 8 9 18 16 -13 -14 14 -16 -17 -18 -19 -20 -21 -22 26 -24 -25 -26 -27 -28 28 -30 -31
leaf_value=-0.001658766160048854 0.0039242546153773978 0.00093169470082408914 -0.0074486767965000191 0.029623779081678112 5.7887784885739989e-05 -0.014753394542763839 -0.0045792127359188433 -0.0062567190286489651 0.0070171647854305949 0.001647544259318675 -0.0030787226034699644 -0.0043296885939080442 0.0013247780915039838 -0.011313872481768295 0.0057868288850427508 0.0037945533966117309 -0.010319909817151871 0.0025288425478265553 0.0038853504554437661 -0.0047523962733425473 0.021247224951449248 -0.0097942978012791893 0.00087366580664181587 -0.0083207974770359433 0.0039039122724792582 0.0012701740191598246 -0.0027006873703851841 -0.0092870172090897696 0.0019789498280919286 0.0013405448738027809
leaf_weight=2640.2668725401163 157.77555760741234 155.12907667458057 618.13485844433308 223.41762681305408 2851.0376577228308 380.57771356403828 1493.9037837833166 684.9749486297369 2087.407463774085 1604.8916880786419 1129.1658824384212 5319.4628419131041 3214.4078380316496 191.7127652913332 3546.8686735630035 1754.0750826597214 232.37595209479332 4578.8593711853027 2129.0479709506035 1109.9665305316448 200.17248564958572 1597.4197745323181 941.79887048900127 661.2321749329567 784.21812906861305 737.37572544813156 638.80729265511036 1001.4356211870909 375.31142745912075 1751.4298384785652
leaf_count=10974 642 747 2624 1725 12322 1741 6506 2867 8870 6837 4771 23052 13365 784 14973 7275 1003 19135 8987 4572 862 6931 3981 2740 3301 3044 2762 4289 1589 7415
internal_value=-0.000122975 0.00312292 -0.000968471 0.0188799 -0.00112117 -0.00298273 -0.00258974 -0.00015528 0.00150203 0.00293941 -0.00122114 -0.00279371 -0.00112034 0.00243797 0.00431365 0.000520165 0.000942066 0.00141433 0.00116181 -0.000965637 0.0134553 -0.00561234 -0.00246662 -0.00315999 -0.000824818 -0.00133741 -0.00778739 -0.00282147 -0.00620531 -0.00138116
internal_weight=44792.7 9248.85 35543.8 378.547 35185.9 12013.2 11632.6 23172.6 9061.74 6931.31 14110.9 8170.5 7836.49 8870.3 4475.96 4394.34 5940.4 5708.03 4843.91 2714.86 357.948 3796.16 1559.93 2130.43 1469.19 929.088 2236.23 4622.08 1376.75 3245.33
internal_count=190686 39522 151164 2472 149660 51203 49462 98457 38174 29266 60283 35374 33164 37050 18801 18249 24909 23906 20396 11409 1504 16298 6605 8908 6168 3828 9693 19799 5878 13921
cat_boundaries=0 1 2 3 4 5 6 7 8 9
cat_threshold=116654466 16833088 16777293 65 268598281 16845853 16851053 134344241 222213
is_linear=0
shrinkage=0.04


Tree=60
num_leaves=31
num_cat=16
split_feature=9 51 51 50 6 50 51 1 50 50 37 18 51 50 9 2 2 51 10 14 50 18 50 51 23 51 50 2 34 52
split_gain=65.7273 46.9681 38.4732 34.9657 33.569 30.9704 29.4346 28.6289 25.497 22.7592 22.2057 17.5945 17.3675 20.3706 17.1966 18.8239 21.6738 16.9924 16.8266 16.4975 16.4228 16.1773 15.761 15.4516 15.0802 17.2581 17.0318 14.8114 14.7798 14.3838
threshold=1.0000000180025095e-35 0 1 2 0.087228260934352889 3 4 45.500000000000007 5 6 0.93295881152153026 0.46195203065872198 7 8 24.500000000000004 41.500000000000007 40.500000000000007 9 24.500000000000004 0.033520599827170379 10 0.88273492455482494 11 12 2.5000000000000004 13 14 31.500000000000004 0.36023256182670599 15
decision_type=8 9 9 9 2 9 9 2 9 9 8 8 9 9 10 2 2 9 2 10 9 10 9 9 10 9 9 2 10 1
left_child=1 9 5 7 8 10 -5 17 23 21 -2 -10 -12 -14 15 16 28 -3 -11 -20 -13 -1 -6 -4 25 -22 -26 -8 -7 -25
right_child=2 3 4 6 22 14 27 -9 11 18 12 20 13 -15 -16 -17 -18 -19 19 -21 24 -23 -24 29 26 -27 -28 -29 -30 -31
leaf_value=0.017953060701178185 -0.0042069930427384335 0.014931622067929001 -0.013977821267377479 0.016655082039761324 0 -0.0060747746777830248 0.0084061983185154364 -0.0084437202147321332 0.0055480463665668594 0.0018563581032167962 -0.003730977622854867 0.019422580492978903 -0.0077503390496724113 0.0023096733967577546 0.011459867553976528 -0.0051029768422679979 0.021540235456033147 0.0019234599713717311 0.020634263042826183 -0.0059193113041609022 0.00090535552271395897 -0.0012602362338974204 -0.014045718355406831 -0.010161213348592579 -0.0031143808124564497 0.0057344088169528316 0.0020650080876793877 0.0026109043158537505 0.0011889591465283139 0.00045576032293064369
leaf_weight=66.114467807114124 9033.4154703617096 168.72913448512554 199.45648132264614 500.85578251630068 211.47643055021763 487.50817582011223 1819.834194123745 400.06263026595116 1706.9567665159702 361.27066145092249 2005.6366892755032 63.275684386491776 351.9620064496994 2607.2453467100859 208.17099288105965 1005.8694718033075 74.774012386798859 1445.2573222070932 190.06267345696688 42.607759356498718 4098.7975993156433 4565.6171678453684 332.80282709002495 254.12282730638981 2306.8919185698032 1666.8792553991079 1789.0569743514061 1180.1641245856881 4930.8947608619928 835.07165019214153
leaf_count=310 39487 871 812 2360 907 2051 8024 1702 6962 1487 8862 262 1509 10958 861 4331 318 6218 899 179 16898 19623 1445 1061 9425 6949 7316 5127 20606 3450
internal_value=-1.29058e-05 0.00271531 -0.000871309 0.0052836 0.000791876 -0.00195321 0.00769824 0.00105068 0.00120511 -3.86136e-06 -0.00302364 0.00179804 -0.00087055 0.00107338 0.000279598 -8.35467e-05 0.000835741 0.00344173 0.00726359 0.0156653 0.00115041 -0.000960532 -0.00888867 -0.00409989 0.00100066 0.00232018 -0.000850014 0.00612082 0.000526736 -0.00210759
internal_weight=44910.8 10740.6 34170.3 5514.9 13464.8 20705.5 3500.85 2014.05 12920.5 5225.67 13998.3 11631.9 4964.84 2959.21 6707.22 6499.05 5493.18 1613.99 593.941 232.67 9924.9 4631.73 544.279 1288.65 9861.63 5765.68 4095.95 3000 5418.4 1089.19
internal_count=191270 46800 144470 24302 55487 88983 15511 8791 53135 22498 60816 47812 21329 12467 28167 27306 22975 7089 2565 1078 40850 19933 2352 5323 40588 23847 16741 13151 22657 4511
cat_boundaries=0 1 2 3 4 5 6 7 8 9 10 11 12 13 14 15 16
cat_threshold=1046914 4189186 132729 176389132 2097176 16793601 285531725 385024 8200 12 8651170 181797 8388608 8393473 268446724 48
is_linear=0
shrinkage=0.04


Tree=61
num_leaves=31
num_cat=14
split_feature=51 24 50 50 42 51 50 51 51 24 36 50 51 62 2 1 11 41 50 62 50 11 23 37 35 50 51 10 62 51
split_gain=71.8976 40.4754 35.406 34.4512 30.3923 30.9636 25.8431 26.205 21.3318 20.3573 20.2974 27.1492 19.9063 18.5949 18.4918 19.4299 17.5597 21.1383 20.3053 18.3749 16.2671 16.2037 15.6767 15.2977 15.0609 14.784 19.6163 13.9237 13.8754 13.5099
threshold=0 1.5000000000000002 1 2 -0.60785761475563038 3 4 5 6 12.500000000000002 0.11050061136484148 7 8 5.5000000000000009 18.500000000000004 25.500000000000004 36.500000000000007 0.91597560048103344 9 5.5000000000000009 10 12.500000000000002 1.5000000000000002 0.97080135345458995 0.85053193569183361 11 12 51.500000000000007 3.5000000000000004 13
decision_type=9 8 9 9 2 9 9 9 9 10 10 9 9 2 2 2 10 2 9 2 9 8 10 10 10 9 9 2 2 9
left_child=2 6 13 12 8 27 -2 -8 -4 -5 16 21 24 23 -15 -16 17 19 -19 -9 -7 -12 -13 -1 -3 26 -18 -6 -10 -23
right_child=1 3 4 9 5 20 7 10 28 -11 11 22 -14 14 15 -17 25 18 -20 -21 -22 29 -24 -25 -26 -27 -28 -29 -30 -31
leaf_value=-0.0030247535751480115 0.0257009216077301 -0.020314077381822369 0.0026953284190010204 0.00084863796208316938 0.0041145009676088959 -0.002487904239415019 0.017392800734150633 0.0089349527066493323 -0.0062445195447470448 0.0072264193584347615 -0.013630581828842588 0.005322164586292099 -0.0075207140840341047 -0.012613062085569482 0.036615421345550334 -0.0057341004971266053 0.0087213690896687564 -0.0031547741837741963 0.0069445799183592474 0.022687558344526671 0.0037577255470017863 -0.0069292094338759928 -0.0070723965596699813 9.312005645871592e-05 3.1940909272499521e-05 -0.0022077218386644167 -8.3416520999249794e-05 -0.0059996547536730928 0.010069518085807529 0.0022487550416110712
leaf_weight=13711.463384345174 73.759727969765663 55.258103370666504 688.76041229069233 4319.1690692454576 4902.4074218422174 2970.4692416414618 209.88630045950413 1015.5041857212782 1807.1833357363939 981.53090284764767 211.84091432392597 1586.4431153684855 1124.3317908793688 25.690231569111347 52.222522631287575 22.038309082388878 850.22540712356567 440.0464726537466 1073.1518740653992 186.26930961757898 843.68682579696178 421.71096622943878 176.29128405451775 3068.4423872977495 1659.069447055459 735.54127009212971 761.63656811416149 222.04164353013039 82.155514866113663 607.10960768163204
leaf_count=59880 352 252 2911 17701 20358 12569 1221 4251 7630 3990 886 6731 4656 110 329 97 3715 1905 4664 1167 3540 1734 723 12966 6805 3069 3174 947 426 2511
internal_value=3.86926e-05 0.00213889 -0.00118061 0.000130055 0.00052783 0.0016334 0.0040961 0.00385004 -0.00329129 0.00203524 0.00346353 0.000852614 -0.00341299 -0.00234685 0.0144171 0.0242262 0.00501304 0.00720551 0.0040187 0.0111683 -0.00109185 -0.00364968 0.00403196 -0.00245356 -0.00066554 0.00245884 0.00458623 0.0036598 -0.00547098 -0.00155452
internal_weight=44885.3 16488.8 28396.6 8139.36 11516.7 8938.61 8349.42 8275.66 2578.1 5300.7 8065.77 3003.4 2838.66 16879.9 99.9511 74.2608 5062.38 2714.97 1513.2 1201.77 3814.16 1240.66 1762.73 16779.9 1714.33 2347.4 1611.86 5124.45 1889.34 1028.82
internal_count=191270 69507 121763 33404 48381 37414 36103 35751 10967 21691 34530 12585 11713 73382 536 426 21945 11987 6569 5418 16109 5131 7454 72846 7057 9958 6889 21305 8056 4245
cat_boundaries=0 1 2 3 4 5 6 7 8 9 10 11 12 13 14
cat_threshold=2096640 218323977 285270029 159232 76808194 8 74752 16780345 4194701 268484677 33348 39424 10485905 263
is_linear=0
shrinkage=0.04


Tree=62
num_leaves=31
num_cat=20
split_feature=51 50 50 51 42 51 52 51 50 50 12 35 50 13 51 50 16 36 51 50 51 50 36 51 50 8 50 26 41 50
split_gain=60.3637 37.8399 36.9839 32.0924 31.6903 42.3627 31.5244 29.604 50.6197 20.0467 22.9516 20.0095 19.4462 19.2669 18.6671 25.9152 24.6085 21.064 17.9565 17.7446 17.1015 50.8527 16.88 18.0988 16.4805 16.4307 24.4531 18.2411 17.0744 15.5277
threshold=0 1 2 3 -1.0000000180025095e-35 4 5 6 7 8 20.500000000000004 0.8015151619911195 9 0.062828946858644499 10 11 0.86582550406456005 0.018019480630755428 12 13 14 15 0.028778468258678917 16 17 1.5000000000000002 18 -0.041451890021562569 -0.7865660786628722 19
decision_type=9 9 9 9 2 9 1 9 9 9 10 10 9 2 9 9 2 10 9 9 9 9 8 9 9 10 9 2 2 9
left_child=1 22 -2 -4 18 12 7 8 13 10 -9 -7 -6 -5 15 16 -8 19 24 -16 21 -19 23 -1 -3 26 27 -13 -28 -20
right_child=2 4 3 6 5 11 14 9 -10 -11 -12 25 -14 -15 17 -17 -18 20 29 -21 -22 -23 -24 -25 -26 -27 28 -29 -30 -31
leaf_value=0.005575892860956542 0.020945956674519716 -0.0075412242271168575 0.01526801521006043 0.024391078624469171 -0.0041143881236109297 -0.022763027390841708 -0.003189298472815284 0.0021966774862327808 0.0038427143304092912 0.0039855857890728399 -0.012826972895947475 0.0080209438277116137 0.0016768375756380405 -0.0028065513059588355 0.0045810399801289462 0.00017055286946877115 0.011281616882356635 0.0053093391523270682 -0.0017097381608425586 -0.0017063587729132803 -0.00019381901896019409 -0.0085832419494280103 -0.0038536261122152715 -0.0025566723686827135 -0.00066756251211478972 0.001182179231866421 0.0039360904138587248 -0.0024784536547650549 0.010204680575326128 0.0046030221497716066
leaf_weight=668.57466643303633 148.93625251948833 1475.7554068416357 264.9669633358717 368.39209116995335 2598.035272911191 42.90022948384285 235.05942043662071 401.75415141880512 855.78786458075047 2529.9593688473105 265.17755505442619 357.65635675191879 1425.0907995030284 44.355956375598907 1949.7029993385077 1651.7904995977879 863.06864565610886 573.72487103939056 3536.6258105561137 1119.4656665176153 3827.3533323705196 1493.53409768641 7872.5203496962786 1201.6307893916965 921.22598269581795 3680.7996483743191 1465.256327457726 974.04452086240053 1362.4404536783695 740.61077977716923
leaf_count=2876 672 6447 1488 1581 11606 202 968 1689 3581 10664 1103 1457 5994 182 8288 6973 3739 2395 15340 4804 15824 6157 34344 5130 3897 15213 6203 4019 5574 3094
internal_value=9.97501e-05 -0.00102205 0.00201492 0.00182331 3.61915e-05 0.00127396 0.00158796 0.00444293 0.00959467 0.00235721 -0.00374239 0.00297674 -0.00205943 0.020921 0.000493606 0.00336787 0.00809215 -0.000390088 -0.00216812 0.00229154 -0.00179115 -0.00470757 -0.00303923 0.000363167 -0.00492836 0.00313835 0.00486113 0.000343305 0.00695162 -0.000599747
internal_weight=44916.2 28323.2 16593 16444.1 18580.4 11906.2 16179.1 4465.43 1268.54 3196.89 666.932 7883.1 4023.13 412.748 11713.7 2749.92 1098.13 8963.78 6674.22 3069.17 5894.61 2067.26 9742.73 1870.21 2396.98 7840.2 4159.4 1331.7 2827.7 4277.24
internal_count=191504 121396 70108 69436 79046 50268 67948 18800 5344 13456 2792 32668 17600 1763 49148 11680 4707 37468 28778 13092 24376 8552 42350 8006 10344 32466 17253 5476 11777 18434
cat_boundaries=0 1 2 3 4 5 6 7 8 9 10 11 12 13 14 15 16 17 18 19 20
cat_threshold=4189696 480265 76808482 8 507904 65 7 209920 285229569 16779780 4194480 268538964 1837568 7240 7 268608000 1966080 293644354 8802 218139204
is_linear=0
shrinkage=0.04


Tree=63
num_leaves=31
num_cat=16
split_feature=51 36 50 19 51 43 6 51 50 5 14 51 50 50 51 51 38 39 50 1 51 36 50 42 51 2 61 50 52 30
split_gain=57.2948 34.3459 38.1422 34.1123 25.8331 25.5844 27.2897 22.9411 29.2658 21.7537 20.8144 19.4932 31.5986 25.9038 22.4424 19.2523 15.9771 15.5605 14.5724 19.1174 14.8602 13.8256 13.108 12.9731 12.94 12.8772 12.8128 12.6362 17.9498 12.5434
threshold=0 0.021390985697507862 1 -2.4999999999999996 2 0.81174489855766307 0.16291709244251254 3 4 0.98850423097610485 0.5872282385826112 5 6 7 8 9 0.013072453904896976 0.95480081439018261 10 57.500000000000007 11 0.9506097435951234 12 0.6078576147556306 13 31.500000000000004 1.0000000180025095e-35 14 15 0.054616477340459831
decision_type=9 8 9 2 9 2 2 9 9 2 10 9 9 9 9 9 8 8 9 2 9 8 9 2 9 2 2 9 1 10
left_child=3 4 24 9 17 6 11 -5 -9 -1 -11 13 14 23 -13 21 -10 27 19 20 29 22 -7 -4 -3 -14 -15 28 -2 -19
right_child=1 2 5 7 -6 15 -8 8 16 10 -12 12 25 26 -16 -17 -18 18 -20 -21 -22 -23 -24 -25 -26 -27 -28 -29 -30 -31
leaf_value=-0.012833317798178813 0.010536822871666882 0.0021517389102140576 -0.006340916575374847 0.016066033740191058 -0.00068401551211047843 0.0038089811781648808 -0.014505862565131701 0.01899569247448387 0.0081002812321301024 -0.0021833964269290856 0.017723785016330637 -0.00057029042738411908 -0.00072417660399822631 -0.0032701758079461385 0.0079143452507129536 0.0026319966950829731 0.0024067795196858056 0.0011053385851088359 0.0085823962746039307 -0.011180614973035479 0.0016389473393319696 -0.017364355371884192 -0.0032384917246342845 -0.0024882726809219795 0.011634263737819036 -0.003825275064760322 0.00082562867698460771 -0.0018918908855921482 -0.00075664537327395343 0.027069951781298684
leaf_weight=272.05205163359642 417.61917367577553 522.99511753022671 3745.1677327752113 254.77489344775677 3625.5811610147357 557.27383343875408 273.94406369328499 187.93895925581455 963.70771524310112 698.2685132175684 90.417203918099403 959.80409246683121 6843.9205724298954 2166.1207838207483 1018.8609399199486 3733.7537615001202 4417.7791538983583 49.961219467222691 1436.9682593718171 142.73475335538387 588.66419944912195 85.830656349658966 1593.8515075445175 2279.4616667181253 435.41795265674591 3130.9040865600109 2779.9806682169437 984.85375916212797 466.79016382992268 77.200492441654205
leaf_count=1127 1818 2116 16351 1460 15277 2352 1309 885 4209 2849 368 4006 29004 9319 4241 15467 18938 219 6133 591 2469 367 6856 9746 1782 13667 11721 4139 2020 320
internal_value=2.66644e-05 -0.00058277 -0.00119549 0.00337985 0.00178272 -0.00145494 -0.00205661 0.00458736 0.00400872 -0.00319014 0.000170899 -0.00190384 -0.000781144 -0.00312082 0.00381529 0.000876719 0.00343028 0.00392535 0.00613984 0.00188141 0.00459929 -0.00204608 -0.00139624 -0.00488173 0.0065932 -0.00169928 -0.000963614 0.00120702 0.0046407 0.0162204
internal_weight=44802.6 37917.7 30127.3 6884.94 7790.37 29168.9 23198.2 5824.2 5569.43 1060.74 788.686 22924.2 11953.5 10970.7 1978.67 5970.71 5381.49 4164.79 2295.53 858.561 715.826 2236.96 2151.13 6024.63 958.413 9974.82 4946.1 1869.26 884.409 127.162
internal_count=191126 161290 128304 29836 32986 124406 99364 25492 24032 4344 3217 98055 50918 47137 8247 25042 23147 17709 9732 3599 3008 9575 9208 26097 3898 42671 21040 7977 3838 539
cat_boundaries=0 1 2 3 4 5 6 7 8 9 10 11 12 13 14 15 16
cat_threshold=4194493 250872242 12454912 8 345243680 1871362 268505152 268589129 90368 10852352 285345340 786432 180289 4098560 269649941 38
is_linear=0
shrinkage=0.04


Tree=64
num_leaves=31
num_cat=18
split_feature=51 50 50 39 12 62 50 5 50 51 51 50 40 50 2 51 51 24 51 2 17 52 50 51 51 1 36 10 50 51
split_gain=61.0024 35.2415 34.0343 28.8523 23.6314 30.1993 30.6124 29.2453 26.0907 24.3138 24.2752 26.1664 25.2752 23.7173 22.837 22.6355 21.2463 21.037 20.4753 19.2737 18.0108 17.114 23.8054 17.1771 15.8107 15.0895 14.7097 14.606 14.2566 18.6642
threshold=0 1 2 0.99494948983192455 30.500000000000004 5.5000000000000009 3 0.92349499464035045 4 5 6 7 0.12940952181816109 8 79.500000000000014 9 10 13.500000000000002 11 40.500000000000007 0.88949939608573925 12 13 14 15 39.500000000000007 0.1179633140563965 51.500000000000007 16 17
decision_type=9 9 9 10 8 2 9 2 9 9 9 9 2 9 2 9 9 10 9 2 10 1 9 9 9 2 10 2 9 9
left_child=1 -1 -2 4 5 7 16 -4 9 -9 11 17 -13 19 28 -3 -7 24 -10 25 -17 22 -22 -24 -6 -12 -8 -14 29 -5
right_child=2 15 3 14 10 6 26 8 18 -11 13 12 27 -15 -16 20 -18 -19 -20 -21 21 -23 23 -25 -26 -27 -28 -29 -30 -31
leaf_value=0.015027634463025016 0.013699108585005185 0.014562921596086334 -0.0062622250037763236 0.0054986114026742616 0.0026868703391337879 -0.013155289356687644 0.031274126381121509 -0.0079521640669105616 -0.001049384370112779 -0.0012368580048207668 -0.0065768719465936218 -0.0086207047806984693 0.0023917409138769479 -0.001470818873592778 0.019027037259532469 -0.0016397959212275984 0.011306488870556283 0.011262245362071913 0.0016644211825613459 -0.011161748439343047 -0.0041425306262350961 0.0021161366577546106 0.016268343952945252 0.0049820596924785498 -0.0037491325927920989 0.0050587923993986941 0.0073729793792585699 -0.0076181912543212592 0.0051376745807753896 -0.0022880568676660559
leaf_weight=406.82940489053726 254.91098959743977 245.43419852107763 1317.3372352719307 697.374427780509 1700.7314908802509 97.135079726576805 115.73238540440798 1071.549885571003 7451.6855276525021 4317.3559991121292 639.8978697732091 1063.5988654345274 902.83898730576038 1643.0451680496335 127.8862377256155 1308.3324898779392 100.03669632226229 315.21740737557411 10976.651164233685 1242.8138473182917 208.5976843982935 3055.1016812250018 449.28149400651455 485.93255143612623 932.55110830068588 240.38100498914719 72.241532504558563 308.7474409788847 1492.2588632851839 1580.1708310246468
leaf_count=1918 1054 1396 5794 2871 7030 451 835 4698 31652 18385 2924 4450 3808 7308 531 5392 497 1297 45573 5639 889 13148 1967 2169 3987 1084 327 1287 6260 6632
internal_value=0.000135883 0.00382823 -0.000453143 -0.000552904 -0.000922025 -0.000299694 0.0107416 -0.000471782 -0.000149424 -0.00259422 -0.00268529 -0.000906168 -0.00411798 -0.00512717 0.00270569 0.00299572 -0.000728223 0.00157375 0.000566021 -0.00791727 0.00243844 0.00372017 0.00787229 0.0105963 0.000393231 -0.00336626 0.0215067 -0.000163468 0.00212224 0.00010784
internal_weight=44821.7 6159.51 38662.2 38407.2 34509.5 25519.7 385.146 25134.6 23817.2 5388.91 8989.82 5223.69 2275.19 3766.14 3897.69 5752.68 197.172 2948.5 18428.3 2123.09 5507.25 4198.91 1143.81 935.214 2633.28 880.279 187.974 1211.59 3769.8 2277.55
internal_count=191253 26879 164374 163320 147026 108212 2110 106102 100308 23083 38814 21859 9545 16955 16294 24961 948 12314 77225 9647 23565 18173 5025 4136 11017 4008 1162 5095 15763 9503
cat_boundaries=0 1 2 3 4 5 6 7 8 9 10 11 12 13 14 15 16 17 18
cat_threshold=4194365 345276448 15729026 16849524 295945 3409920 12062466 134532144 268466692 8 55682 838658 65 16777793 5 12058626 285395464 2753792
is_linear=0
shrinkage=0.04


Tree=65
num_leaves=31
num_cat=21
split_feature=33 57 51 36 50 50 51 50 51 50 1 50 51 6 51 9 1 50 51 51 50 50 18 50 51 51 8 50 51 50
split_gain=58.2732 34.7785 30.7162 29.992 29.0776 26.8267 32.9548 25.5288 24.7427 21.3351 20.0439 27.3505 27.5593 23.1503 22.8473 19.1401 24.2823 19.9984 18.3368 17.2527 22.5781 17.1916 16.0878 15.9525 17.9904 15.4519 14.9124 18.6083 14.2181 14.0285
threshold=0.99557489156723034 1.0000000180025095e-35 0 0.016261236742138866 1 2 3 4 5 6 32.500000000000007 7 8 0.21483516693115237 9 18.500000000000004 41.500000000000007 10 11 12 13 14 0.95266106724739086 15 16 17 1.5000000000000002 18 19 20
decision_type=10 10 9 10 9 9 9 9 9 9 2 9 9 2 9 10 2 9 9 9 9 9 8 9 9 9 8 9 9 9
left_child=1 2 7 4 -2 6 -5 -1 9 -7 11 13 -13 22 29 16 -9 -18 -6 20 -3 28 25 -14 -25 -4 -16 -28 -21 -12
right_child=3 19 10 5 18 8 -8 15 -10 -11 14 12 23 -15 26 -17 17 -19 -20 21 -22 -23 -24 24 -26 -27 27 -29 -30 -31
leaf_value=-0.0049750087723266136 0.018189482865875704 0.020606271440494154 0.0016955677999742136 -0.015921184531185732 -0.0058473567384596612 -0.0072725058433435541 0.00097790017763927533 -0.00081173955566138324 0.0077270796946620705 0.0053823974381443452 -0.0059978976492499328 -0.0018673563262143506 0.0031067312549408611 -0.02648998342108368 -0.001100949003963914 0.0068271653365044958 0.0053555421353453968 -0.0093891647067459692 0.0075735069936729319 0.013810456577450786 0.0043251166346029704 0.00026011252791749992 0.0032390804887227967 -0.0062834967683917222 0.014930491589848688 -0.0030351229628078537 0.0020242527413923705 -0.0071621234239585578 0.00093521618445451188 0.0018612304894954773
leaf_weight=4665.9660233780742 380.51466791331768 157.33769604563713 1485.441429913044 248.15339739620686 185.10469766706228 424.03172995150089 613.68521471321583 6693.2432708889246 1278.8238083273172 398.99752552807331 402.95332719385624 1854.7110029160976 5377.3436942994595 52.062289029359818 2135.606811337173 436.69539679586887 165.22379833459854 943.75086605548859 946.0230862647295 286.85555495321751 803.0506374835968 3460.2052866369486 1231.7377259880304 71.568841025233269 346.62028382718563 4179.2010755389929 417.74077062308788 2110.2757480591536 275.28257028758526 2753.95009265095
leaf_count=20949 2307 667 6090 1044 850 1785 2605 28805 5771 1661 1653 7651 22358 248 9042 1867 722 4291 4234 1180 3391 14388 5163 296 1456 17513 1752 8917 1129 11411
internal_value=-0.000135368 -0.000616771 -0.00105853 0.00419175 0.00877098 0.00183852 -0.00405425 -0.00261196 0.00426714 -0.00112712 -0.00016183 0.000712482 0.00236083 -0.00110168 -0.0017961 -0.00126466 -0.00172583 -0.00719646 0.005312 0.00250887 0.00728879 0.0013336 -0.000889666 0.00371873 0.0111619 -0.00179303 -0.0035699 -0.00565551 0.0077282 0.00082815
internal_weight=44782.2 40306.8 35324.1 4475.33 1511.64 2963.69 861.839 12904.9 2101.85 823.029 22419.2 14598.7 7650.24 6948.44 7820.53 8238.91 7802.22 1108.97 1131.13 4982.73 960.388 4022.34 6896.38 5795.53 418.189 5664.64 4663.62 2528.02 562.138 3156.9
internal_count=191196 170939 150184 20257 7391 12866 3649 56634 9217 3446 93550 60775 31761 29014 32775 35685 33818 5013 5084 20755 4058 16697 28766 24110 1752 23603 19711 10669 2309 13064
cat_boundaries=0 1 2 3 4 5 6 7 8 9 10 11 12 13 14 15 16 17 18 19 20 21
cat_threshold=2066432 268578821 268437529 12478 159716364 827265 242752 67333121 2097411 6291739 268468513 641844 4718601 268492816 69696 17076812 1540 4194700 135290944 8549506 16793604
is_linear=0
shrinkage=0.04


Tree=66
num_leaves=31
num_cat=3
split_feature=62 57 6 2 9 61 18 52 18 10 10 52 34 37 5 40 36 41 52 37 2 61 41 39 5 39 41 41 33 41
split_gain=47.0282 35.1083 32.0681 23.5612 31.0685 25.6252 20.0555 17.8295 17.429 16.1048 20.4446 15.901 14.5017 14.2072 17.3543 14.0167 13.7817 11.985 11.776 11.7363 11.3724 10.0628 9.75911 13.687 9.3972 9.25906 9.17927 9.14141 9.13579 9.10816
threshold=3.5000000000000004 1.0000000180025095e-35 0.20344828069210055 31.500000000000004 24.500000000000004 1.0000000180025095e-35 0.85640648007392894 0 0.94974747300148021 13.500000000000002 46.500000000000007 1 1.0000000180025095e-35 0.89949494600296032 0.97633051872253429 -0.98296290636062611 0.036038961261510856 0.12940952181816107 2 0.57537877559661876 97.500000000000014 1.0000000180025095e-35 -0.7865660786628722 0.42933948338031774 0.96571314334869396 0.88273492455482494 0.78656607866287243 0.60355338454246532 0.98749998211860668 1.0000000180025095e-35
decision_type=2 10 2 2 10 2 10 1 10 2 2 1 8 10 2 2 10 2 1 10 2 2 2 10 2 10 2 2 10 2
left_child=1 2 3 8 5 11 -2 9 12 -8 13 -5 -1 -11 26 -13 27 25 24 -20 -19 -4 23 -6 -14 -7 -15 -10 -9 -3
right_child=6 29 21 4 22 17 7 28 16 10 -12 15 18 14 -16 -17 -18 20 19 -21 -22 -23 -24 -25 -26 -27 -28 -29 -30 -31
leaf_value=-0.013271110963778157 0.031452761813816024 0.0012097547252411145 -0.019247863271046998 -0.0021004611007307498 0.0057209021789502261 -0.0040097005236649965 -0.0027884590909033531 -0.0086317593844067175 0.0029651191698158103 0.0068505897836781161 -0.00047698920240784914 -0.01899523798775514 -0.0022616196572703916 -0.020426586601952509 0.018433191161199198 -0.0060611294196928111 0.00092991392334286775 0.00026629869844669809 -0.0038974582539481519 -0.00046556218294680054 0.012687518724891295 -0.0026119780616897783 0.0066027721786452798 -0.015000967904971288 0.00097320269879223756 0.00050376223229119089 0.009442156001553844 0.0097137789713705649 0.0020694376818688508 0.004553791209769383
leaf_weight=135.24118867516518 40.683985128998756 2835.9050990194082 189.3826302587986 2150.8355402201414 113.11638028919697 2377.6415942311287 215.18204843252897 140.85977712273598 860.68423879146576 594.09930216521025 295.38709987699986 139.30572202801704 1692.8824948817492 25.612029485404491 481.58718679100275 2707.8729952722788 3958.4592531323433 3226.0856886953115 2394.0331441015005 4807.1538605391979 117.62344166636467 89.770164608955383 820.83771303296089 84.202443614602089 9270.4638244956732 1034.5130208581686 30.204389825463295 526.72369639575481 1002.8045791238546 2448.4065047502518
leaf_count=581 234 11810 916 9286 483 10409 946 625 3582 2708 1323 659 7150 129 2715 11701 16647 13447 10220 20412 504 413 3415 359 38870 4537 136 2275 4681 10231
internal_value=5.58553e-05 -0.000280184 -0.000719662 -0.00061456 -0.00199865 -0.00258079 0.00504582 0.00459734 0.000132465 0.00724374 0.00882565 -0.00475183 -0.000453691 0.0112632 0.0159963 -0.00670964 0.00214126 -0.000969372 -0.000353534 -0.00160895 0.000727511 -0.0141086 0.00468201 -0.00317514 0.000470648 -0.0026367 -0.00448718 0.00556726 0.000696114 0.00276579
internal_weight=44807.6 41981.1 36696.8 36417.7 12772 11753.9 2826.42 2785.74 23645.6 1642.07 1426.89 4998.01 18299.8 1131.5 537.404 2847.18 5345.87 6755.86 18164.5 7201.19 3343.71 279.153 1018.16 197.319 10963.3 3412.15 55.8164 1387.41 1143.66 5284.31
internal_count=191404 177907 155866 154537 54800 50543 13497 13263 99737 7957 7011 21646 77233 5688 2980 12360 22504 28897 76652 30632 13951 1329 4257 842 46020 14946 265 5857 5306 22041
cat_boundaries=0 1 2 3
cat_threshold=99 37 23
is_linear=0
shrinkage=0.04


Tree=67
num_leaves=31
num_cat=8
split_feature=9 41 5 50 52 40 50 9 19 50 37 32 50 10 50 32 38 50 50 40 14 10 63 42 32 11 32 41 34 14
split_gain=49.8689 32.0593 29.7541 25.2336 27.2853 25.9965 24.5718 26.1159 27.1867 24.4431 25.1579 21.9589 20.3552 19.8339 19.5055 33.4891 19.4881 17.1289 16.9772 16.7894 16.4518 16.0527 15.9521 15.3293 15.027 14.9705 19.4188 13.6892 13.5445 12.6732
threshold=1.0000000180025095e-35 1.0000000180025095e-35 0.88284313678741466 0 1 -1.0000000180025095e-35 2 9.5000000000000018 -1.4999999999999998 3 0.96026313304901134 0.53371214866638195 4 20.500000000000004 5 0.016807910054922107 0.19462481886148456 6 7 0.78656607866287243 0.062828946858644499 84.500000000000014 1.8691406250000002 -0.60785761475563038 0.038711288943886764 40.500000000000007 0.25126262009143835 0.78656607866287243 1.0000000180025095e-35 0.050252525135874755
decision_type=8 2 2 9 1 2 9 8 2 9 8 10 9 2 9 10 8 9 9 2 10 2 2 2 10 8 10 2 8 10
left_child=1 17 11 22 14 12 7 8 13 10 -7 -2 20 23 24 -16 -10 -1 -8 21 -6 28 -3 -4 -5 27 -27 -20 -9 -25
right_child=2 3 6 4 5 9 18 19 16 -11 -12 -13 -14 -15 15 -17 -18 -19 25 -21 -22 -23 -24 29 -26 26 -28 -29 -30 -31
leaf_value=-0.001282547763978994 -0.0049870436458154793 -0.0055570800601940319 -0.0067614723038011172 0.0023218080681374599 -0.0081232688662506106 -0.012051159885277843 0.0156448959779436 -0.017244968849481485 0.0011273697781570497 0.0061489043899278905 0.0013896448657532093 -0.022255982243968964 0.0083426861778623778 -0.0070752593178467832 0.018164944570050096 0.0013984289595566713 -0.0022116071779757756 0.0039588940048942587 0.00081578265095606426 0.0076170381053641137 0.014244828276765502 0.012431877765386243 0.01429872281117623 0.0082015707172185277 0.012741990455468668 -0.0046453534305761057 0.0086533641794264895 0.0050022488229203915 0.00026969683705105216 -0.00161452339401951
leaf_weight=3637.0835235714912 574.32356336712837 535.85143542289734 918.08629333972931 798.43294295668602 234.05979984253645 422.72322362661362 111.36607161164284 66.945146188139915 4775.632958739996 468.07864372432232 458.31098516285419 146.69084344804287 1378.0328808426857 2292.5944248884916 675.09759575128555 269.76034362614155 6719.4088894277811 1357.1115265712142 8184.4382464587688 599.8694012016058 62.203671425580978 167.09121656417847 68.290625371038914 224.54381443560123 306.82991643249989 1290.0594379007816 197.69768489897251 1475.212414547801 3885.7360146045685 2481.976633399725
leaf_count=15507 2606 2216 4020 3502 1003 1805 456 288 20355 2185 2073 689 5938 10031 3392 1121 28814 6099 33760 2434 259 694 358 949 1291 5465 821 6119 16559 10541
internal_value=0.000101859 0.002488 -0.000644317 0.00454293 0.00545808 0.00300048 -0.000469427 -0.00124338 -0.00195969 -0.00110797 -0.00501178 -0.00865705 0.0063342 -0.00416233 0.00902461 0.0132917 -0.000822798 0.000145638 0.00105024 0.00139172 -0.00309912 0.000472279 -0.00312948 -0.00230716 0.0052298 0.000881817 -0.00284172 0.00145946 -4.33013e-05 -0.000779143
internal_weight=44783.5 10671.9 34111.7 5677.67 5073.53 3023.41 33390.7 22131.9 17412.2 1349.11 881.034 721.014 1674.3 5917.2 2050.12 944.858 11495 4994.2 11258.8 4719.64 296.263 4119.77 604.142 3624.61 1105.26 11147.4 1487.76 9659.65 3952.68 2706.52
internal_count=191350 46749 144601 25143 22569 13263 141306 94685 74710 6063 3878 3295 7200 25541 9306 4513 49169 21606 46621 19975 1262 17541 2574 15510 4793 46165 6286 39879 16847 11490
cat_boundaries=0 1 2 3 4 5 6 7 8
cat_threshold=16777289 97 50355213 268651540 401920 268716578 17292867 14680450
is_linear=0
shrinkage=0.04


Tree=68
num_leaves=31
num_cat=9
split_feature=51 38 7 5 34 62 5 51 2 9 2 51 51 51 17 52 38 38 51 37 51 51 12 2 34 38 2 12 38 33
split_gain=50.0717 26.8251 24.5231 24.6879 22.5728 18.8364 20.5241 19.0641 19.0377 28.3546 18.6443 18.4977 17.1696 17.1126 16.9142 13.3815 12.7526 12.254 14.7994 13.7276 12.0945 11.4597 11.3375 11.0804 10.7704 10.5691 10.4703 10.3345 9.74418 9.70733
threshold=0 1.0000000180025095e-35 2.5000000000000004 0.98850423097610485 1.0000000180025095e-35 3.5000000000000004 0.76533168554306041 1 22.500000000000004 24.500000000000004 18.500000000000004 2 3 4 0.40108695626258856 5 0.050252525135874755 0.027973395772278312 6 0.96178188920021068 7 8 3.5000000000000004 18.500000000000004 0.97080135345458995 0.42967033386230474 25.500000000000004 17.500000000000004 0.56306818127632152 0.98049408197402965
decision_type=9 8 2 2 8 2 2 9 2 8 2 9 9 9 10 1 10 8 9 8 9 9 10 2 10 8 2 10 10 10
left_child=2 -2 11 -4 22 6 -6 23 10 13 12 -1 -8 -10 25 20 -16 29 19 28 -13 -11 -3 -7 -21 -5 27 -20 -19 -17
right_child=1 4 3 14 5 7 8 -9 9 21 -12 15 -14 -15 16 17 -18 18 26 24 -22 -23 -24 -25 -26 -27 -28 -29 -30 -31
leaf_value=0.014769952557578665 0.0023630550638306679 -0.0077121121297055008 -0.012743849911927858 0.001246515929182158 -0.014981863895778432 -0.0073636672545732652 -0.0023847552405751728 0.0084079280582851218 -0.0055856691253174254 -0.0059889983321465825 0.0024788923636564464 0.010536763155517907 0.00058167191192551933 -0.0017992152696676622 0.0040199262241191096 0.0024444744450464575 -0.0067529389910285786 -0.0057645078205668856 0.0040929679156033348 0.0097239007967679456 0.0031499137784949424 0.0061979176253346051 -0.031795821939187244 0.0026630961502840888 -0.0019853692918411652 0.028862824723390332 0.00040104122031674953 0.013630268690437463 0.0080366665960855104 0.010948233108613733
leaf_weight=245.05475196242332 4652.610581971705 100.0479653775692 267.35289967060089 41.439103379845619 162.58092525601387 260.28046797215939 5572.2210209816694 683.58975329250097 2284.6948950737715 131.62583917379379 3760.3454864025116 760.09187848865986 7050.8030571490526 11862.129030048847 376.34068822860718 443.04133147001266 320.24318271875381 859.63320754468441 711.17422576248646 239.7326051145792 737.98869308829308 863.34029477834702 46.528391271829605 518.72619637101889 250.94447804987431 48.373470082879066 791.68930044025183 248.25685721635818 84.906564295291901 433.3141268491745
leaf_count=1442 19426 438 1112 169 792 1117 23838 3193 10120 580 15759 3363 29614 50683 1540 1879 1304 3601 3023 1019 3225 3589 207 2333 1155 197 3385 1141 355 1960
internal_value=8.93308e-05 -0.000479064 0.00323085 -0.00235732 -0.000877235 -0.000806057 -0.00101159 0.00362156 -0.000936544 -0.00195877 7.30462e-06 0.00425525 -0.000728077 -0.00241911 0.00120674 0.00374217 -0.000917048 0.00252268 0.00136392 -0.00163426 0.00697835 0.00454589 -0.0162857 -0.000678463 0.00373552 0.0170694 0.00381783 0.00663939 -0.00446704 0.00671011
internal_weight=44809.1 37949.5 6859.58 1053.75 33296.9 33150.3 31687.7 1462.6 31525.2 15141.8 16383.4 5805.83 12623 14146.8 786.396 5560.77 696.584 4062.69 3186.34 1435.22 1498.08 994.966 146.576 779.007 490.677 89.8126 1751.12 959.431 944.54 876.355
internal_count=191559 161689 29870 4322 142263 141618 134975 6643 134183 64972 69211 25548 53452 60803 3210 24106 2844 17518 13679 6130 6588 4169 645 3450 2174 366 7549 4164 3956 3839
cat_boundaries=0 1 2 3 4 5 6 7 8 9
cat_threshold=4194493 645378 8 4066306 295168 65 5 37 124928
is_linear=0
shrinkage=0.04


Tree=69
num_leaves=31
num_cat=10
split_feature=20 51 5 51 15 38 15 19 51 38 1 52 1 51 1 51 37 62 36 2 26 37 18 9 51 36 51 52 51 17
split_gain=39.4892 50.9699 41.4534 34.0455 21.3195 15.1183 14.277 16.3358 21.2287 16.524 15.3694 14.0532 15.5571 26.3648 21.3133 19.7644 16.2041 15.635 16.86 13.861 20.6409 12.898 12.3477 11.6936 11.5047 11.2799 11.2713 10.8763 17.7338 10.575
threshold=-1.4999999999999998 0 0.88284313678741466 1 0.26352339982986456 1.0000000180025095e-35 0.015038444194942715 -1.4999999999999998 2 0.066228073090314879 11.500000000000002 3 36.500000000000007 4 46.500000000000007 5 0.83419242501258861 5.5000000000000009 0.077350430190563216 31.500000000000004 -0.22150072455406186 0.36882591247558599 0.90054944157600414 24.500000000000004 6 0.55634921789169323 7 8 9 0.9261208474636079
decision_type=10 9 2 9 10 8 10 2 9 10 2 1 2 9 2 9 8 2 10 2 2 10 10 10 9 10 9 1 9 10
left_child=2 6 24 -4 5 -5 10 8 -8 -10 -2 -3 15 14 -14 16 -13 -17 -19 20 -7 -22 -12 29 -1 -9 -25 -24 -29 -6
right_child=1 11 3 4 23 19 7 25 9 -11 22 12 13 -15 -16 17 -18 18 -20 -21 21 -23 27 26 -26 -27 -28 28 -30 -31
leaf_value=-0.017227504848142654 -0.0066460585854286255 0.0051198319299448026 -0.0022821479473557056 0.0051281702711186098 0.0024811935749435967 -0.0097388039532815586 -0.01356195673632505 -0.00025040233061032551 0.0048030321808746343 -0.0083363087933694107 0.017661099399114543 -0.002559071170136686 0.0070419151322542294 0.00011146021295903808 -0.034921291903835049 0.0055444120430239293 0.0041124592234366552 0.03074907694279955 0.0059875427156394195 -0.0043253743685917776 -0.0063487375338803324 0.0032523097516819629 0.0033172789574278782 -0.0073722934021862255 -0.004599010627366726 -0.0056078981230002593 0.010938579356285994 0.0038821352846525317 -0.0034937641256999447 -0.020411999939177857
leaf_weight=296.23788557946682 358.62035405635834 4310.0886274427176 11908.420800223947 575.54078298807144 3709.3333837091923 273.94547681510448 370.73792017996311 6844.1360466331244 316.80281667411327 286.19608807563782 73.282997168600559 1028.8150173127651 24.132633820176125 1606.9121629148722 62.113095805048943 1242.8266832232475 1324.5237430334091 84.288367360830307 97.595749825239182 1833.6687775403261 253.97442553937435 1612.8715475052595 2638.2610176503658 52.307545453310013 240.38048653304577 688.72306983172894 426.86540025472641 859.20514340698719 1276.2744626328349 27.440364375710487
leaf_count=1388 1510 18651 50928 2404 15407 1150 1646 29310 1353 1234 340 4289 104 6863 259 5253 5632 571 529 7758 1064 6746 11450 216 1099 2951 1762 3739 5449 113
internal_value=7.26119e-05 0.00120253 -0.00117794 -0.000890491 0.000999462 -0.000894567 -0.000370701 -0.00138148 -0.00624604 -0.00139462 0.00127622 0.00340601 0.00204195 -0.00112931 -0.0209246 0.00347347 0.00118311 0.00716692 0.0180852 -0.00177709 0.00040128 0.00192198 0.00187273 0.00304931 -0.0121051 -0.000746282 0.00891658 0.00160795 -0.00051041 0.00228069
internal_weight=44704.5 23493.5 21211 20674.4 8765.95 4550 13712.2 8506.6 973.737 602.999 5205.64 9781.3 5471.21 1693.16 86.2457 3778.05 2353.34 1424.71 181.884 3974.46 2140.79 1866.85 4847.02 4215.95 536.618 7532.86 479.173 4773.74 2135.48 3736.77
internal_count=191168 101133 90035 87548 36620 19122 58982 36494 4233 2587 22488 42151 23500 7226 363 16274 9921 6353 1100 16718 8960 7810 20978 17498 2487 32261 1978 20638 9188 15520
cat_boundaries=0 1 2 3 4 5 6 7 8 9 10
cat_threshold=10475778 3534342 1507328 73 4 2106497 14386432 4097 99 9715968
is_linear=0
shrinkage=0.04


Tree=70
num_leaves=31
num_cat=9
split_feature=50 36 62 50 7 1 14 41 50 52 50 1 12 2 1 35 41 50 2 16 45 18 41 50 40 41 40 52 40 50
split_gain=38.3204 38.7362 34.1592 48.283 24.8553 23.1219 18.8642 17.6946 24.1257 26.0092 21.8345 19.9548 19.829 19.1925 17.5807 17.1582 16.6694 26.588 28.0399 16.3673 16.2683 20.2167 15.712 19.1043 16.7602 15.3273 15.2831 15.2322 15.0768 30.2201
threshold=0 0.018019480630755428 5.5000000000000009 1 1.5000000000000002 36.500000000000007 0.12435567006468774 1.0000000180025095e-35 2 3 4 32.500000000000007 47.500000000000007 16.500000000000004 22.500000000000004 0.90081965923309337 -0.12940952181816107 5 56.500000000000007 0.85786435008049022 1.0000000180025095e-35 0.90960165858268749 -0.37940952181816096 6 0.12940952181816109 0.78656607866287243 1.0000000180025095e-35 7 -1.0000000180025095e-35 8
decision_type=9 8 2 9 2 2 8 2 9 1 9 2 10 2 2 8 2 9 2 2 2 8 2 9 2 2 2 1 2 9
left_child=20 2 22 14 7 -5 26 10 11 28 -3 13 27 -9 -4 -8 -17 18 -18 -11 -1 -22 23 24 -2 -21 -6 -12 -10 -30
right_child=1 4 3 5 6 -7 15 8 9 19 12 -13 -14 -15 -16 16 17 -19 -20 25 21 -23 -24 -25 -26 -27 -28 -29 29 -31
leaf_value=0.020473818583922825 -0.0017589126733659306 -0.0023008449882733306 -0.020168524981482406 0.032123214489137727 -0.0062319266631672343 -0.014985437445089986 -0.009839638126786834 -0.0045990611402436724 0.0036630609852584058 -0.016238278812995454 0.0032727323617713334 -0.00796038752102525 -0.010548488519590506 0.0045686560216890429 0.0067655055358478156 0.00046933418713968056 -0.00186219486728657 -0.0084731802729204539 0.016706241009676791 0.0038820126093295514 -0.018502084894307803 0.015653087760413735 0.0030556732270507364 -0.0021264689061425727 0.0091335467696879429 -0.00069950503302731938 -0.00078607124571298788 -0.00069984166992653112 0.0019322380585871757 0.018112642283434503
leaf_weight=205.67511780560017 382.12866342067719 7735.3133087009192 54.710688538849354 178.4217364564538 2651.7334531843662 14.850819766521452 342.1107854694128 675.61722309887409 1313.134726241231 82.190721578896046 3083.7683849185705 678.78146223723888 229.55357591807842 783.15136887133121 104.79210572689772 5442.4306739419699 1207.3108769655228 991.73407822847366 140.74837976694107 2018.9952838420868 43.593599081039429 59.426645457744598 5263.864077270031 2623.074104398489 534.30736304819584 2747.4472154527903 1210.7681490778923 3061.1158920228481 360.58374825119972 399.50233299285173
leaf_count=896 1615 33735 276 1554 11585 90 1594 2841 5445 364 12879 2824 1000 3315 518 23116 5086 4257 587 8708 177 247 22247 10837 2193 11455 5118 12872 1566 1866
internal_value=-4.89756e-05 -0.000149531 0.00216656 0.0142915 -0.000753575 0.026766 -0.00223184 1.06788e-05 0.00139064 0.00253686 -0.000874107 -0.00231008 0.000856798 0.00030783 -0.00252992 -0.00113314 -0.000741757 -0.00356231 0.000115438 0.000920299 0.0136632 0.000827558 0.00167057 -0.00038508 0.00453586 0.001239 -0.00453322 0.00129574 0.00627417 0.0107876
internal_weight=44620.8 44312.1 9156.15 352.775 35156 193.273 11986.8 23169.2 9059.4 6921.85 14109.8 2137.55 6374.44 1458.77 159.503 8124.33 7782.22 2339.79 1348.06 4848.63 308.695 103.02 8803.37 3539.51 916.436 4766.44 3862.5 6144.88 2073.22 760.086
internal_count=190863 189543 39330 2438 150213 1644 51343 98870 38384 29404 60486 8980 26751 6156 794 34640 33046 9930 5673 20527 1320 424 36892 14645 3808 20163 16703 25751 8877 3432
cat_boundaries=0 1 2 3 4 5 6 7 8 9
cat_threshold=82837890 16964160 16777293 65 268467209 268676624 16908300 25 268519968
is_linear=0
shrinkage=0.04


Tree=71
num_leaves=31
num_cat=10
split_feature=51 51 36 1 12 32 51 5 51 33 51 43 34 51 34 7 27 42 12 9 28 11 52 51 39 51 30 52 27 30
split_gain=43.8462 27.2645 23.8942 16.0967 19.0678 19.5983 23.4737 16.6849 14.8906 14.5738 14.2323 13.814 12.9152 15.0535 12.4649 12.3619 12.2885 11.6096 11.7662 11.3049 11.2862 10.1013 9.63394 15.0112 9.77914 9.61873 9.57058 9.42426 8.80863 13.003
threshold=0 1 0.021390985697507862 11.500000000000002 31.500000000000004 0.10050505027174951 2 0.85053193569183361 3 0.99447497725486766 4 0.81174489855766307 0.71503761410713207 5 0.89949494600296032 2.5000000000000004 0.58937969803810131 0.6078576147556306 30.500000000000004 9.5000000000000018 -9.4999999999999982 41.500000000000007 6 7 0.38935969769954687 8 0.027777778916060928 9 0.043717153370380409 0.04557673633098603
decision_type=9 9 8 2 10 8 9 2 9 10 9 2 10 9 10 2 2 2 10 10 10 8 1 9 8 9 10 1 2 10
left_child=1 -1 8 10 5 25 21 -8 9 17 14 -9 -6 -14 -4 22 -17 19 -19 -2 -10 -7 23 -3 -24 28 27 -15 -5 -30
right_child=2 15 3 4 12 6 7 11 20 -11 -12 -13 13 26 -16 16 -18 18 -20 -21 -22 -23 24 -25 -26 -27 -28 -29 29 -31
leaf_value=0.015305810464362406 -0.0014806666374188949 0.010258013067571696 -0.010856421019593283 -0.0014105618242370561 0.0043441166858852473 -0.00445114569841894 -0.015814240218587034 -0.00083532505426902692 0.0096296664623820565 0.0090178438588723962 -0.0018401571908896539 0.0027663965097862609 -0.0052373119298721495 0.0026525860119492439 0.00040936879134366645 -0.0029660794816777809 0.012298331102910938 0.0068007358167597775 -0.00012143624458975791 0.0052056075211898692 -0.0012457349761371863 0.011751674567838318 0.010420589548745118 0.0020873740909647886 0.0015671443224061653 0.0028214847620170323 -0.0041591474260223409 -0.0027594644302030335 0.0058965253500261319 -0.0029103184908820922
leaf_weight=255.9239147901535 1725.3925058543682 666.34403075277805 695.53614987432957 2503.6477462798357 380.04023373126984 3214.9690282642841 104.09041990339756 8200.0685305893421 155.22724398970604 532.82443114370108 1499.5680513232946 2144.8960580080748 2984.3483175039291 1192.8557467162609 197.76665738224983 967.68744689226151 87.131396561861038 1140.829756744206 589.09138739109039 522.94187676906586 3139.0466676577926 57.446069836616516 206.98310708999634 823.34245882183313 3843.9461726099253 3666.2038657218218 1177.201089322567 881.08805319666862 755.25445155799389 407.24482573568821
leaf_count=1507 7192 2930 3011 10518 1627 14036 504 34675 646 2569 6424 8847 13264 5068 830 3967 357 4702 2441 2164 13405 246 909 3640 16585 15461 5107 3769 3217 1749
internal_value=-0.000107165 0.00283334 -0.000640599 -0.00115309 -0.000879549 -0.000289635 -0.00118241 -0.000251491 0.00132936 0.00281844 -0.00429938 -8.56461e-05 -0.00275228 -0.00319113 -0.0082597 0.00231271 -0.00163425 0.0019799 0.00443844 7.37235e-05 -0.000711248 -0.00413051 0.0030727 0.00582126 0.00203172 0.00137801 -0.00128155 0.000342106 -6.94096e-05 0.00279494
internal_weight=44718.9 6851.36 37867.6 30062.2 27669.4 21053.8 13721.5 10449.1 7805.35 4511.08 2392.87 10345 6615.53 6235.49 893.303 6595.43 1054.82 3978.26 1729.92 2248.33 3294.27 3272.42 5540.62 1489.69 4050.93 7332.35 3251.14 2073.94 3666.15 1162.5
internal_count=191367 29895 161472 128353 118088 89253 58308 44026 33119 19068 10265 43522 28835 27208 3841 28388 4324 16499 7143 9356 14051 14282 24064 6570 17494 30945 13944 8837 15484 4966
cat_boundaries=0 1 2 3 4 5 6 7 8 9 10
cat_threshold=4194493 8 2394114 12453376 11927808 9409024 65 5 1396226 105
is_linear=0
shrinkage=0.04


Tree=72
num_leaves=31
num_cat=15
split_feature=51 50 2 51 51 50 2 6 50 51 50 51 51 1 24 45 50 2 50 51 42 37 1 37 34 18 39 50 36 51
split_gain=36.1942 32.4562 61.8428 54.4184 39.5041 29.5551 23.8793 20.7292 20.5675 18.047 25.005 17.0577 16.996 23.8768 14.558 16.5271 18.8714 17.7891 14.0885 18.6053 13.5799 14.5176 13.527 13.4277 13.2978 15.7939 12.8642 17.1816 22.2625 21.391
threshold=0 1 53.500000000000007 2 3 4 31.500000000000004 0.077677227556705489 5 6 7 8 9 44.500000000000007 19.500000000000004 1.0000000180025095e-35 10 33.500000000000007 11 12 -0.60785761475563038 0.94151845574378978 78.500000000000014 0.94764256477355968 0.89504283666610729 0.90862709283828746 0.64334636926651012 13 0.33508773148059851 14
decision_type=9 9 2 9 9 9 2 2 9 9 9 9 9 2 10 2 9 2 9 9 2 10 2 10 8 10 10 9 10 9
left_child=5 2 3 -2 8 -1 26 11 -3 20 -11 -6 13 24 15 17 -17 -13 19 -4 21 -5 -16 -9 -8 -26 -7 28 -28 -29
right_child=1 4 18 9 7 6 12 23 -10 10 -12 14 -14 -15 22 16 -18 -19 -20 -21 -22 -23 -24 -25 25 -27 27 29 -30 -31
leaf_value=-0.0019306256604086933 0.0153000798892486 -0.02701577085933804 0.0062652296643048791 -0.00036792550043453383 0.016394159534152741 0.00037116911691206198 -0.016964547230754596 -0.0091232350546300023 0.00031116921493068715 0.0061861510348557892 -0.0010650683827637768 0.0063097517213220591 -5.1813757119241728e-07 0.0017767211422986418 0.0078721115201938752 -0.013121588361642511 0.0011763359224321245 0.0017919482058462921 -0.012390536099017555 -0.017709575555673131 -0.0026441518494272009 0.010128861896690902 0.028455837182084533 0.01582804286169652 0.022797824229810536 -0.0078695269078937636 0.016268281641244404 0.0065333753163285503 -0.0024602331527189135 -0.00014006973187073255
leaf_weight=17107.809949986637 386.47950995713472 89.975865855813026 165.56835073232651 742.798788189888 166.88367372006178 4311.7739351466298 309.24299231171608 282.96457892656326 82.521754339337349 1508.0063879340887 1510.2844581156969 3191.9146400094032 1782.2108625769615 362.56272140145302 319.94913847744465 156.76089815795422 1035.3609047979116 2509.7779806703329 731.85164557397366 57.567234501242638 3436.1474585831165 287.35051315277815 59.305822551250458 34.090478822588921 23.963213622570038 353.41977087408304 339.15700197219849 1253.7877664864063 139.91058607399464 1942.1268746852875
leaf_count=74297 1968 366 686 3152 937 18170 1401 1227 394 6308 6339 13590 7524 1631 1303 652 4188 10671 3059 244 14435 1272 243 144 108 1637 1392 5166 574 8198
internal_value=-1.39273e-05 0.00145461 -0.000212748 0.000953117 0.0033099 -0.000896067 0.000738543 0.00374436 -0.014857 0.000179229 0.00256389 0.00417862 -0.00241121 -0.00640697 0.00385669 0.00343246 -0.000833832 0.00432792 -0.00979984 -0.000562002 -0.00143103 0.00257552 0.0114713 -0.00617423 -0.0108314 -0.00559726 0.00185941 0.00359721 0.0105701 0.00249005
internal_weight=44681.5 16755.6 8826.05 7871.07 7929.51 27926 10818.2 7757.01 172.498 7484.59 3018.29 7439.95 2831.4 1049.19 7273.07 6893.81 1192.12 5701.69 954.987 223.136 4466.3 1030.15 379.255 317.055 686.626 377.383 7986.76 3674.98 479.068 3195.91
internal_count=191276 71178 37463 33474 33715 120098 45801 32955 760 31506 12647 31584 12301 4777 30647 29101 4840 24261 3989 930 18859 4424 1546 1371 3146 1745 33500 15330 1966 13364
cat_boundaries=0 1 2 3 4 5 6 7 8 9 10 11 12 13 14 15
cat_threshold=2092546 16934413 12 4 89161 2112 10489873 17412 24 507904 268468224 8200 12587017 7471520 19968
is_linear=0
shrinkage=0.04


Tree=73
num_leaves=31
num_cat=6
split_feature=15 51 35 51 39 62 18 51 34 51 12 37 37 22 27 29 51 24 42 34 37 51 33 23 26 56 57 62 30 2
split_gain=31.8649 22.2171 22.9158 19.2755 20.0408 22.987 18.5103 17.1458 19.3152 16.8717 20.9182 16.713 15.8073 15.6673 18.1209 12.9028 12.7011 12.6332 12.1106 11.5696 11.5125 11.483 10.8669 10.8102 12.7203 10.5152 10.2572 9.73391 10.2913 10.9301
threshold=0.015038444194942715 0 0.92919799685478222 1 0.76975053548812877 5.5000000000000009 0.46195203065872198 2 0.87564432621002208 3 65.500000000000014 0.97530490159988414 0.94413232803344738 1.5000000000000002 0.071796759963035597 1.0000000180025095e-35 4 42.500000000000007 -0.60785761475563038 0.20112359523773196 1.0000000180025095e-35 5 0.53333333134651195 5.5000000000000009 -0.07650501653552054 1.0000000180025095e-35 1.0000000180025095e-35 5.5000000000000009 0.010929288342595102 98.500000000000014
decision_type=8 9 8 9 8 2 8 9 10 9 10 8 10 2 2 10 9 10 2 10 8 9 8 10 2 10 10 2 10 2
left_child=3 12 -3 27 5 7 18 -5 -9 15 11 23 13 17 -15 -6 -8 22 -4 -16 -21 -22 -2 24 -11 -7 -18 28 29 -1
right_child=1 2 6 4 9 25 16 8 -10 10 -12 -13 -14 14 19 -17 26 -19 -20 20 21 -23 -24 -25 -26 -27 -28 -29 -30 -31
leaf_value=0.0012300527382749483 -0.016707579518423499 -0.0061601164655197228 -0.0042846750041890041 -0.0010845642334193688 -0.00065179373370401108 0.010068291964224983 0.014334854457308204 -0.0080526872391787456 0.010360190237402924 -0.013429548435273804 -0.018723879700823867 0.0039299650103469894 0.00049914498218330786 -0.0093098243550306034 -0.0086881757426217135 0.0051462452769936232 -0.00014648319801204869 0.022776251885698175 0.0057673658892873113 -0.026544206277919744 0.00057378311354881512 -0.0035153757632377589 -0.00095411168133858484 0.018715814898327063 -0.0032967163140076778 0.030181933216714016 0.0036702573896655027 0.0092379019078941034 0.0060355852885288818 0.015816427635496604
leaf_weight=2403.7232282608747 65.788502037525177 713.33085718750954 208.70794875919819 917.05701218545437 1761.3887224718928 157.82040771842003 90.023242622613907 103.70564244687557 557.0223526507616 234.03635607659817 129.09588129818439 500.53708722442389 5495.0881489217281 775.05499686300755 472.60277047753334 933.23820096254349 8732.0891388505697 30.604184806346893 1792.5843270272017 25.848568439483643 1767.3262259364128 2856.9921209067106 9343.7173631340265 26.447313129901886 1270.5866435989738 59.774904765188694 1287.1667318195105 503.52363592386246 1412.5719250440598 80.52532684803009
leaf_count=10505 296 3099 875 3888 7412 729 461 440 2318 1012 554 2310 23358 3458 2073 3954 36129 128 7333 114 7717 12435 40159 113 5470 530 5306 2992 5927 368
internal_value=7.98615e-05 -0.000531617 0.000776928 0.00194338 0.000575627 0.00418287 0.0011902 0.00246174 0.00729182 -0.000755876 -0.00337863 -0.00236673 -0.00133778 -0.00199802 -0.00361589 0.00134966 0.000491211 -0.000983736 0.00470104 -0.00274229 -0.00212502 -0.00195568 -0.00107519 -0.00444435 -0.00492533 0.0162373 0.000343099 0.0039927 0.00330908 0.00174172
internal_weight=44708 33656.9 12823.9 11051.1 6650.71 1795.38 12110.6 1577.79 660.728 4855.33 2160.7 2031.61 20833 15337.9 5897.82 2694.63 10109.3 9440.11 2001.29 5122.77 4650.17 4624.32 9409.51 1531.07 1504.62 217.595 10019.3 4400.34 3896.82 2484.25
internal_count=191463 142941 53203 48522 28730 7905 50104 6646 2758 20825 9459 8905 89738 66380 25797 11366 41896 40583 8208 22339 20266 20152 40455 6595 6482 1259 41435 19792 16800 10873
cat_boundaries=0 1 2 3 4 5 6
cat_threshold=12053506 13632569 2476800 2148866 8 8601600
is_linear=0
shrinkage=0.04


Tree=74
num_leaves=31
num_cat=20
split_feature=51 52 50 50 51 2 50 50 51 51 12 11 1 52 51 52 51 51 50 50 51 32 50 63 50 12 41 52 36 12
split_gain=31.3366 30.3696 29.6144 28.9341 25.4238 21.7086 26.5048 20.9117 29.5589 26.3823 21.0125 20.0379 27.2595 18.5996 31.9784 17.0783 20.1607 16.7465 26.7739 23.0918 16.2443 15.9789 15.8274 15.3677 15.2605 14.9445 17.0056 20.3553 14.7606 17.4972
threshold=0 1 2 3 4 25.500000000000004 5 6 7 8 40.500000000000007 51.500000000000007 95.500000000000014 9 10 11 12 13 14 15 16 0.63211598992347728 17 1.8691406250000002 18 38.500000000000007 0.98296290636062633 19 0.025158228352665905 56.500000000000007
decision_type=9 1 9 9 9 2 9 9 9 9 10 8 2 1 9 1 9 9 9 9 9 10 9 2 9 10 2 1 10 10
left_child=3 2 -2 13 -4 15 20 9 28 10 -3 17 -13 -1 24 21 -17 19 -19 -11 -7 -5 -10 -20 -15 26 -24 -28 -9 -30
right_child=1 7 4 5 -6 6 -8 8 22 11 -12 12 -14 14 -16 16 -18 18 23 -21 -22 -23 25 -25 -26 -27 27 -29 29 -31
leaf_value=-0.00081992875919485188 0.00060464501084848911 0.016639897876499797 0.002743758123902827 -0.00027580125073929862 0.015416858597217488 -0.0066083449049967446 0.013369509478111528 0.0028215304689045988 0.0033266982729861171 0.00037485084452165636 -0.0035654766530107966 -0.0084163569558596673 0.015163937346756645 0.009856819085494092 -0.005212059115297968 0.0062077159092555536 0.00086391984867574187 0.004025450317420032 -0.0032357081193654098 -0.0062105015021393043 -0.00046519804612097911 -0.018360236829611912 0.015963944137124989 0.014906037626431843 -0.00042326734918706588 0 0.015490692724579593 -0.012853559668046799 -0.0013160968855947864 -0.013738224964226256
leaf_weight=10857.638287745416 921.30463892966509 246.24021190404892 447.01337289065123 1453.3125189393759 649.35251254588366 1014.086994022131 163.46559773385525 1353.1662603914738 3234.6936369240284 2066.8412237092853 118.05884958803654 890.26096498966217 80.860263377428055 282.24555639922619 4533.5012925863266 2328.9111713320017 2227.5152293294668 2521.8441269025207 1661.4311835169792 1429.9361601322889 2129.3676102608442 77.799496471881866 502.88576324284077 72.990175470709801 1024.8334556370974 197.60813821852207 58.900905728340149 74.793528527021408 1852.9850044697523 197.12482811510563
leaf_count=46821 3906 1261 1940 6207 2901 4520 672 5737 13815 8629 560 3693 338 1261 20015 9567 9484 10577 6890 5990 9160 333 2170 458 4635 830 258 321 7627 807
internal_value=8.82477e-05 0.00134358 0.00596064 -0.000805086 0.0103745 0.000968509 -0.00163413 0.000774962 0.00234101 -0.000512116 0.00981244 -0.000961634 -0.00636484 -0.00180409 -0.00362343 0.00238739 0.00361106 -0.000279841 0.00140061 -0.00232742 -0.0024753 -0.00125633 0.00463714 -0.00240626 0.00186809 0.00954649 0.0126227 0 -0.000406643 -0.00255078
internal_weight=44671 18578.3 2017.67 26092.7 1096.37 9394.46 3306.92 16560.6 7472.16 9088.46 364.299 8724.16 971.121 16698.2 5840.58 6087.54 4556.43 7753.04 4256.27 3496.78 3143.45 1531.11 4068.88 1734.42 1307.08 834.188 636.58 133.694 3403.28 2050.11
internal_count=191383 78708 8747 112675 4841 39943 14352 69961 31565 38396 1821 36575 4031 72732 25911 25591 19051 32544 17925 14619 13680 6540 17394 7348 5896 3579 2749 579 14171 8434
cat_boundaries=0 1 2 3 4 5 6 7 8 9 10 11 12 13 14 15 16 17 18 19 20
cat_threshold=2092544 64 17057861 67329097 6295952 285254180 16901693 8388998 12 15 196608 96 1074688 2101251 67124 16835080 1507328 134617088 131080 48
is_linear=0
shrinkage=0.04


Tree=75
num_leaves=31
num_cat=18
split_feature=51 50 50 40 37 13 51 50 10 12 50 51 51 50 51 51 40 6 9 52 50 15 52 12 15 51 50 50 51 43
split_gain=38.9134 26.0902 23.5007 21.4218 20.4334 18.7349 16.2368 20.1838 23.158 16.233 26.0441 25.619 19.4804 18.0871 35.9974 22.1416 17.4351 16.2245 15.3592 15.1636 21.7977 14.755 14.308 14.0669 13.5126 17.4135 13.4721 12.8262 17.8978 15.9348
threshold=0 1 2 -0.7865660786628722 0.97633051872253429 0.071796759963035597 3 4 56.500000000000007 30.500000000000004 5 6 7 8 9 10 0.98296290636062633 0.20344828069210055 13.500000000000002 11 12 0.059262510389089591 13 23.500000000000004 0.46702899038791662 14 15 16 17 -0.56174489110708226
decision_type=9 9 9 2 10 2 9 9 2 8 9 9 9 9 9 9 2 2 10 1 9 10 1 8 10 9 9 9 9 2
left_child=2 3 -1 -2 9 19 7 -6 22 13 11 -11 -12 14 -3 -15 21 23 -16 20 -4 -17 -9 26 27 -26 -7 28 29 -8
right_child=1 4 5 -5 6 17 24 8 -10 10 12 -13 -14 15 18 16 -18 -19 -20 -21 -22 -23 -24 -25 25 -27 -28 -29 -30 -31
leaf_value=0.012280886926384906 -0.0030330656543164549 -0.0025592921173782403 0.011115455839367124 0.026272223297256696 0.0077208833939570645 0.0062385577945160723 -0.015962835152090155 0.0062783920307103317 -0.012793769499707817 0.00030417838334264842 0.0045568018597106283 -0.0081580527141080356 -0.0020385422550360326 -0.0035063919345322361 0.0072950441116937737 0.0017016597112434969 0.013581583112358115 -0.030668512798176058 -0.0072462255375446471 0.0013733049374893727 0.0024730185782012993 -0.0010576706373944258 -0.0017766921078957085 -0.0093378752125044037 -0.0067463695082075345 0.0083888774201749793 -0.0045235168001202851 -0.0030653393106274173 0.0047209455209148085 0.00028553131794113756
leaf_weight=390.87521719932556 59.820832952857018 1313.3868534564972 791.62124367803335 103.54527916014194 1176.3371486961842 384.48876056075096 137.97241097688675 736.63368532806635 173.08123990893364 807.44653879106045 870.30562323331833 1958.7952677533031 3733.8684417158365 4179.905314527452 1588.0994503349066 4106.7285481318831 139.36544213443995 27.063335686922073 120.06448404490948 2711.740484803915 1183.6825887709856 12572.877111554146 653.07031683623791 272.66631574928761 145.43456533551216 520.69524562358856 333.08327640593052 2160.4860510900617 999.75252298265696 289.88483980298042
leaf_count=1878 246 5364 3755 435 4991 1596 586 3186 712 3431 3567 8728 16376 18350 6469 17366 595 129 493 11821 5200 53297 2787 1116 598 2135 1366 9126 4344 1288
internal_value=-1.60296e-05 -0.000486396 0.00294932 0.0147737 -0.000557611 0.00227587 0.00139567 0.00378775 0.000769284 -0.000993737 -0.00263581 -0.00569248 -0.000776776 -0.000488608 0.00239606 -0.000905819 -0.000255779 -0.00262004 0.00620689 0.00334928 0.00600427 -0.000376784 0.00251817 -0.00168315 -0.00015097 0.00505346 0.00124233 -0.00112885 0.00179712 -0.00491817
internal_weight=44642.8 38547.6 6095.22 163.366 38384.2 5704.35 6993.35 2739.12 1562.79 31390.8 7370.42 2766.24 4604.17 24020.4 3021.55 20998.9 16819 1017.3 1708.16 4687.04 1975.3 16679.6 1389.7 990.238 4254.23 666.13 717.572 3588.1 1427.61 427.857
internal_count=191331 164470 26861 681 163789 24983 29753 11676 6685 134036 32102 12159 19943 101934 12326 89608 71258 4207 6962 20776 8955 70663 5973 4078 18077 2733 2962 15344 6218 1874
cat_boundaries=0 1 2 3 4 5 6 7 8 9 10 11 12 13 14 15 16 17 18
cat_threshold=4194365 14680450 345014306 12064768 1083416 285233708 3842 3145730 34865712 3381248 788482 97 226320 114 74880 16796224 269693509 57600
is_linear=0
shrinkage=0.04


Tree=76
num_leaves=31
num_cat=16
split_feature=39 50 51 51 5 51 50 51 1 50 51 50 52 39 37 28 50 10 3 51 9 51 1 50 30 39 50 16 23 50
split_gain=36.4641 32.3761 24.1766 18.7355 18.5694 17.669 29.3141 29.6343 26.5079 28.4938 28.0048 25.1888 19.948 18.925 17.8322 17.6488 17.9625 17.8988 21.951 17.2588 17.1982 12.8848 12.3202 11.5029 10.3008 10.0381 9.168 8.85169 8.62769 8.95426
threshold=0.98952850699424755 0 1 2 0.92349499464035045 3 4 5 41.500000000000007 6 7 8 9 0.90960165858268749 0.95854809880256664 -8.4999999999999982 10 16.500000000000004 19.500000000000004 11 42.500000000000007 12 30.500000000000004 13 0.03756720386445523 0.90960165858268749 14 0.99494948983192455 1.5000000000000002 15
decision_type=10 9 9 9 2 9 9 9 2 9 9 9 1 8 10 8 9 2 2 9 10 9 2 9 10 10 9 2 10 9
left_child=1 21 -3 23 15 8 20 13 11 10 -10 24 -9 -8 -11 -4 -17 18 -18 -13 22 -1 -7 -2 -6 -19 -5 -23 -28 -30
right_child=3 2 4 26 5 6 7 12 9 14 -12 19 -14 -15 -16 16 17 25 -20 -21 -22 27 -24 -25 -26 -27 28 -29 29 -31
leaf_value=0.019609087409623572 -0.0016159279390648297 0.011763108976873732 -0.018421605410816541 0.00036577906677306065 -0.00019711084388887495 0.0025421520838141594 -0.0027426106560450615 0.0051980581773497644 0.013951760912115809 -0.0087539118129021914 -0.0024671069589837584 0.0035955025070917037 -0.0019355736851544656 -0.011543361712699859 -0.0018040671455937653 0.0037748443296084276 -0.0048576840704677065 -0.020731456205078762 0.030426466539153738 -0.00026542173074856892 0.016576197703051031 -0.0054739647826152404 0 0.0042949984111628984 -0.0031283354687500387 0.0046859610577017685 0.0087255619150649975 0.011219789434247339 -0.0016146660798176306 0.0071064587350069576
leaf_weight=158.44239446520805 1410.0293906927109 238.1955446228385 135.55575200915337 456.22293415665627 2924.6182254850864 6595.9854426681995 904.36938176304102 868.0207466930151 217.77650971710682 1765.0095794349909 567.89194318652153 2663.1632947325706 2148.6679940223694 700.14599350839853 903.2947751134634 388.87114004790783 877.42937423288822 165.07336601614952 24.074219219386578 5982.3971717879176 115.45447194576263 85.79338726401329 5663.1643709689379 819.62071082741022 5657.8564534038305 25.754843577742577 1324.1147646233439 108.96450284123421 331.73398016393185 405.61123116314411
leaf_count=698 5867 1433 627 1905 12957 27480 3800 3695 979 8017 2498 11221 9048 2969 3975 1664 3924 738 161 25360 469 353 23548 3445 25071 111 5807 468 1393 1678
internal_value=-4.984e-05 -0.000444851 -0.000554981 0.00326172 -0.00063462 -0.000453741 0.000500893 -0.00221124 -0.00123877 -0.00443587 0.00223511 -0.000596254 0.00012602 -0.00657839 -0.00639254 -0.00482711 -0.00351173 -0.0061081 -0.00373075 0.000925749 0.00151678 0.0113599 0.00136786 0.000562203 -0.00213002 -0.0171668 0.00561414 0.00363113 0.00675499 0.00324539
internal_weight=44633.3 39886 39532.8 4747.33 39294.6 37677.8 16995.8 4621.2 20682 3453.97 785.668 17228 3016.69 1604.52 2668.3 1616.76 1481.2 1092.33 901.504 8645.56 12374.6 353.2 12259.1 2229.65 8582.47 190.828 2517.68 194.758 2061.46 737.345
internal_count=191359 171264 169745 20095 168312 161087 71009 19512 90078 15469 3477 74609 12743 6769 11992 7225 6598 4934 4085 36581 51497 1519 51028 9312 38028 849 10783 821 8878 3071
cat_boundaries=0 1 2 3 4 5 6 7 8 9 10 11 12 13 14 15 16
cat_threshold=83100034 8 391938 1047556 268521028 3146016 402687009 819200 68621 65 131637 77828 14726167 286445056 17957385 268445696
is_linear=0
shrinkage=0.04


Tree=77
num_leaves=31
num_cat=17
split_feature=50 38 51 34 51 50 51 50 50 51 51 11 62 2 37 39 2 51 52 52 29 24 33 51 50 50 51 28 24 50
split_gain=31.9733 32.3704 24.7863 19.1028 18.2614 25.3985 16.5354 33.9542 27.6891 34.0241 32.1784 23.8662 19.1426 19.0511 16.2222 12.5461 12.4799 12.4383 11.6705 10.7997 11.431 11.169 9.01566 9.0004 16.9504 13.2189 11.0812 8.83239 8.05285 7.87998
threshold=0 0.022599591873586181 1 1.0000000180025095e-35 2 3 4 5 6 7 8 37.500000000000007 4.5000000000000009 44.500000000000007 0.98229950666427623 0.90960165858268749 10.500000000000002 9 10 11 3.5000000000000004 12.500000000000002 0.95625004172325145 12 13 14 15 -1.4999999999999998 11.500000000000002 16
decision_type=9 8 9 8 9 9 9 9 9 9 9 8 2 2 8 10 2 9 1 1 10 10 8 9 9 9 9 8 10 9
left_child=17 4 -3 28 5 18 7 16 10 13 14 -11 -12 -10 -8 -6 -5 22 -2 21 -21 -9 -1 24 -17 26 -25 -18 -4 -7
right_child=1 2 3 6 15 29 8 19 9 11 12 -13 -14 -15 -16 23 27 -19 -20 20 -22 -23 -24 25 -26 -27 -28 -29 -30 -31
leaf_value=-0.0095021748424232201 0.010344358555323561 0.012208731657704254 -0.021620478482665854 0.0096879606451940013 -0.011130174517801229 0.0047498279698928265 -0.0040668948021252141 -0.00025615006300419341 -0.00053568888190698015 0.0052081429259867819 0.00039002295202164686 -0.00092837336525967095 0.011887870985482177 -0.011581234217991199 0.00070740372510946184 0.0058016588592210965 -0.0038073713818523943 0.019072496707995375 -0.016054554824094621 -0.0011514324254077522 -0.0053963899158840116 0.0052711430170795052 0.011653306730875879 -0.0054654578996062098 -0.0045334186556882997 0.0040256451693514213 0.0024295660064488894 -0.010139557738923935 -0.0027302657965607249 0.013848279950609365
leaf_weight=54.769345760345459 26.360252976417542 229.50815913081169 92.092042669653893 63.077236518263817 113.91968323290348 298.64555728435516 5092.6280603706837 5056.8537567481399 2485.0123978927732 4306.7913614064455 8521.853310123086 1317.2500859349966 233.39486776292324 273.51396141946316 1455.7777717038989 359.83997903764248 584.77811233699322 184.29178564250469 84.697743475437164 4969.7559749484062 1279.0448780506849 655.75908513367176 64.364554643630981 482.72114174067974 770.9088855907321 3386.7517225220799 647.47479927539825 971.77320940792561 64.296190932393074 469.03943652659655
leaf_count=223 117 1389 417 279 479 1289 21984 21840 10206 18203 35636 5576 1314 1142 6358 1541 2640 808 359 21765 5661 2789 287 2038 3365 14155 2716 4339 276 2089
internal_value=6.18814e-05 -2.84674e-05 -0.000483115 -0.000566215 0.00254491 0.00787712 -0.000506274 -0.00161819 0.000131259 0.00197789 -0.000879874 0.00376108 0.000704618 -0.00165111 -0.00299816 0.00170545 -0.00702913 0.0126918 -0.00914466 -0.000875967 -0.0020239 0.000378231 0.00164304 0.00198053 -0.00119412 0.00277662 -0.000952455 -0.00779325 -0.0143032 0.0104932
internal_weight=44596.9 44293.5 37653.2 37423.7 6640.36 878.743 37267.3 13581 23686.2 8382.57 15303.7 5624.04 8755.25 2758.53 6548.41 5761.62 1619.63 303.426 111.058 11961.4 6248.8 5712.61 119.134 5647.7 1130.75 4516.95 1130.2 1556.55 156.388 767.685
internal_count=191280 189962 161814 160425 28148 3854 159732 59313 100419 35127 65292 23779 36950 11348 28342 24294 7258 1318 476 52055 27426 24629 510 23815 4906 18909 4754 6979 693 3378
cat_boundaries=0 1 2 3 4 5 6 7 8 9 10 11 12 13 14 15 16 17
cat_threshold=82837890 8 524297 69697 1936384 4104 151022605 2114304 143527 2032524 65 7 385152 134362657 285368881 10492208 285214220
is_linear=0
shrinkage=0.04


Tree=78
num_leaves=31
num_cat=7
split_feature=50 36 62 50 1 50 12 50 14 6 39 9 12 33 1 12 36 14 50 52 33 38 34 27 50 1 42 37 38 18
split_gain=29.2424 27.5262 32.7159 46.2947 20.2682 18.7876 27.4018 20.1475 15.3978 17.9662 20.0405 15.064 18.6823 13.9438 13.7258 13.7055 13.2234 14.5366 14.6596 13.6959 10.8762 11.0349 10.6713 13.3979 11.9069 12.6266 10.5857 12.9148 12.34 10.5616
threshold=0 0.018019480630755428 5.5000000000000009 1 36.500000000000007 2 39.500000000000007 3 0.045804196968674667 0.067424245178699507 0.82392686605453502 12.500000000000002 33.500000000000007 0.91666671633720409 59.500000000000007 63.500000000000007 0.083771932870149626 0.043717153370380409 4 5 0.92708334326744091 1.0000000180025095e-35 0.94073748588562023 0.028778468258678917 6 13.500000000000002 0.6078576147556306 0.53390806913375866 0.25126262009143835 0.98095065355300914
decision_type=9 8 2 9 2 9 10 9 10 2 10 10 8 8 2 10 10 8 9 1 10 8 10 2 9 2 2 10 10 10
left_child=13 2 -2 4 -4 8 22 14 16 11 -11 12 -10 -1 -8 -16 17 18 19 -3 -18 -22 24 26 25 -7 28 -28 -24 -9
right_child=1 5 3 -5 -6 6 7 29 9 10 -12 -13 -14 -15 15 -17 20 -19 -20 -21 21 -23 23 -25 -26 -27 27 -29 -30 -31
leaf_value=-0.0006871209042214341 0.0014571004844811674 0.0060573143377237564 0.03215393677918682 -0.0019435381815258871 -0.012850945120127775 0.0032250159898755087 -0.0031549042154178433 -0.0090412914428269504 -0.0017905981935687437 -0.012031757009895208 0.0046811205034231404 0.0015739734395595329 -0.0070107170349861291 0.016036747682472971 0.020153959147066941 0.0010117902340982042 0.0027762373758697151 0.019355389884756036 -0.0051619547498852093 0.00017479058422689963 0.0033124234967138108 -0.00302008378222717 0.0011293108202259656 0.0078755367657619268 0.0018356132867153618 -0.0018295067373311185 -0.013568484007160105 0.00020259097743841384 0.0084648664039476944 -0.0018480874575568568
leaf_weight=108.71399363875389 8828.1893889904022 1116.9924378842115 167.4334958717227 166.40334661304951 14.334470823407171 971.61775650084019 280.04520356655121 895.81252303719521 7941.0853007733822 542.53270220756531 140.38114652037621 1695.9610348790884 1274.1845189779997 269.48757088929415 105.93365827202797 136.27038808912039 848.59109255671501 71.067940592765808 423.41841624677181 1467.3451524823904 498.5747856348753 3400.0367837622762 1215.3204545900226 741.44863738119602 5395.9751979261637 4117.2360284179449 129.98823016136885 550.53748766332865 526.97603136301041 529.50687304139137
leaf_count=448 37075 4877 1551 838 89 4071 1214 3847 34334 2516 626 7247 5675 1190 452 604 3657 308 1877 6396 2091 14761 5268 3099 22347 17315 554 2346 2312 2276
internal_value=8.52382e-05 -1.09513e-05 0.00193808 0.0138839 0.0268131 -0.000522485 0.00051041 -0.00391941 -0.00135253 -0.00227829 -0.0085581 -0.00187968 -0.00251796 0.0109454 0.00275365 0.00970327 1.52586e-05 0.00205756 0.00161076 0.00274529 -0.00130585 -0.00220192 0.00114554 0.00318082 0.000528169 -0.000856618 0.00172261 -0.00247845 0.00337735 -0.00635437
internal_weight=44571.4 44193.2 9176.36 348.171 181.768 35016.8 15596.7 1947.57 19420.2 11594.1 682.914 10911.2 9215.27 378.202 522.249 242.204 7826.03 3078.82 3007.76 2584.34 4747.2 3898.61 13649.1 3164.27 10484.8 5088.85 2422.82 680.526 1742.3 1425.32
internal_count=191261 189623 39553 2478 1640 150070 65705 8393 84365 50398 3142 47256 40009 1638 2270 1056 33967 13458 13150 11273 20509 16852 57312 13579 43733 21386 10480 2900 7580 6123
cat_boundaries=0 1 2 3 4 5 6 7
cat_threshold=116654466 268444685 16800777 134389792 23552 73 172036
is_linear=0
shrinkage=0.04


Tree=79
num_leaves=31
num_cat=16
split_feature=14 51 50 6 51 24 11 12 6 50 51 51 17 51 50 50 42 50 51 38 3 51 51 51 51 1 10 50 30 1
split_gain=29.0988 28.4387 26.3078 21.1349 20.6554 18.7806 20.8736 16.58 16.8443 16.3102 36.0313 15.9679 15.8538 15.0903 18.0803 15.0728 14.6099 13.8727 16.5247 16.3957 13.9284 13.7633 13.3841 12.7487 12.714 12.5702 12.8597 12.5678 13.2355 12.3837
threshold=0.050252525135874755 0 1 0.20344828069210055 2 24.500000000000004 20.500000000000004 38.500000000000007 0.1012820526957512 3 4 5 0.85037314891815197 6 7 8 1.0000000180025095e-35 9 10 0.039088362827897079 6.5000000000000009 11 12 13 14 25.500000000000004 97.500000000000014 15 0.0036498295376077299 45.500000000000007
decision_type=10 9 9 2 9 10 10 10 2 9 9 9 10 9 9 9 2 9 9 10 2 9 9 9 9 2 2 9 10 2
left_child=1 17 7 4 -4 6 -6 8 22 12 16 -12 -3 14 -14 -15 -11 20 25 21 29 -20 -2 -9 -10 -19 -27 28 -21 -1
right_child=2 9 3 -5 5 -7 -8 23 24 10 11 -13 13 15 -16 -17 -18 18 19 27 -22 -23 -24 -25 -26 26 -28 -29 -30 -31
leaf_value=0.0022886257660813432 0.0090243270260325411 0.012957367972310877 -0.0028573084793158958 -0.015471211382538055 0.00053416143780074304 0.0074606142232734995 -0.0035991477186534484 -0.016228413970088357 -0.016725509209717854 0.024269180950411591 -0.0045397311479465187 0.0035575726536367738 -0.0057273942839373817 0.0019757734527807297 0.0010211583197840891 -0.0017104416954370674 2.2009756116800677e-05 0.011417788427116118 0.0075312969063836997 -0.016535378812602513 0.028300969681610919 -0.0020222777784762499 0.0021078831844374923 -0.00055003179562859814 0.0020338177501274209 0.0038252984472286877 0.027306323404362325 0.0028424118714082602 -0.0019612801504726887 -0.002893367843169712
leaf_weight=3260.497832134366 501.07867643237114 128.03171855956316 8690.2304216176271 168.26381465792656 7168.8525328189135 481.42103579640388 2679.7147380262613 119.98884612321854 111.11879298090935 168.31921564042568 530.88580606132746 1344.4922078624368 1839.3231345415115 3380.1620163097978 959.03142913430929 3703.2011112496257 53.756261378526688 753.37182633578777 985.1006348580122 134.69560712575912 25.458144627511501 312.03694508224726 3803.7732145786285 237.4895723760128 104.68064744770527 1094.6229874193668 34.201073512434959 516.75072307884693 368.46469394862652 945.87206374108791
leaf_count=14182 2076 599 37372 856 30352 1997 11574 520 496 704 2345 5880 8039 14805 4031 15814 228 3381 4325 578 132 1358 15621 999 454 4678 152 2290 1566 4036
internal_value=6.06907e-05 0.0011669 -0.000882556 -0.0015495 -0.00142207 -0.00020896 -0.000589704 0.00173534 0.00239983 -7.48897e-05 0.00311767 0.00123696 -0.00074952 -0.000936357 -0.00341436 4.62508e-05 0.0178323 0.00294809 0.00457864 0.00227258 0.00131493 0.00526111 0.00295295 -0.00648185 -0.00836049 0.00736653 0.00467164 -0.00149372 -0.00591012 0.00111657
internal_weight=44604.9 20538.3 24066.6 19188.5 19020.2 10330 9848.57 4878.13 4520.65 12107.2 2097.45 1875.38 10009.7 9881.72 2798.35 7083.36 222.075 8431.07 4199.24 2317.05 4231.83 1297.14 4304.85 357.478 215.799 1882.2 1128.82 1019.91 503.16 4206.37
internal_count=191440 89123 102317 82151 81295 43923 41926 20166 18647 52445 9157 8225 43288 42689 12070 30619 932 36678 18328 10117 18350 5683 17697 1519 950 8211 4830 4434 2144 18218
cat_boundaries=0 1 2 3 4 5 6 7 8 9 10 11 12 13 14 15 16
cat_threshold=6301245 7406578 11873442 285334253 2 137600 295042 268453964 268503076 480891 6291992 1057 12583076 1369600 5868416 16779264
is_linear=0
shrinkage=0.04


Tree=80
num_leaves=31
num_cat=16
split_feature=51 50 50 34 15 16 6 9 2 51 51 50 50 50 14 51 2 51 50 50 10 2 52 52 13 33 50 34 52 41
split_gain=26.9644 21.3298 21.3262 21.7341 17.8786 18.8624 17.8122 19.448 20.1037 24.9693 21.4988 36.5542 34.371 19.4376 18.9862 18.3668 15.9905 15.2461 24.9643 20.8806 15.2137 13.823 13.6928 13.2114 13.1092 12.7844 12.6633 12.3912 9.90925 9.41542
threshold=0 1 2 0.98198053240776073 0.015038444194942715 0.42967033386230474 0.1012820526957512 21.500000000000004 41.500000000000007 3 4 5 6 7 0.067041199654340758 8 23.500000000000004 9 10 11 17.500000000000004 16.500000000000004 12 13 0.63693180680274974 0.983333319425583 14 0.76516544818878185 15 0.91597560048103344
decision_type=9 9 9 10 8 2 2 10 2 9 9 9 9 9 10 9 2 9 9 9 2 2 1 1 2 10 9 10 1 2
left_child=2 29 24 16 5 -3 7 8 10 22 12 -12 -6 -11 -8 26 20 18 28 -19 27 -21 -10 -18 -1 -23 -9 -4 -7 -2
right_child=1 4 3 -5 6 17 14 15 9 13 11 -13 -14 -15 -16 -17 23 19 -20 21 -22 25 -24 -25 -26 -27 -28 -29 -30 -31
leaf_value=0.00022538817738688963 0.0072099904321168374 0.024792745974099167 -0.00039854161966752533 0.016175256132532543 -0.0047396080938787253 0.0073588791411883583 0.0036224536985175367 -0.0013024398727245678 -0.0057216686097312664 0.0030884420415111563 0.0029284548219895329 -0.0011277282051443489 0.00029526216824727637 -0.0081174336138183072 -0.011156547411663045 -0.0013871242832768113 0.0065745637813438553 -0.0024017594249063222 -0.0010717044355230598 -0.002042361191929588 0.019153842417788804 -0.00011166159184514418 0.00079474867262831434 -0.0046979621933948817 0.024104173858299049 0.007435609674165706 0.010069042719013795 0.010991176348132696 0.0021341135367440099 0.029063584847472762
leaf_weight=2273.4107640534639 313.15716364979744 48.751309603452682 300.77378107607365 305.21650943160057 3976.6134786307812 1520.5168875530362 185.92753732204437 202.25726275146008 663.23722669482231 280.95265267789364 5922.2078416496515 8839.1173855662346 4740.8812526017427 1785.2800066024065 505.27792909741402 647.87473721802235 264.20052655041218 3268.4666842967272 1588.6465066596866 695.41302575170994 160.74280662834644 554.13300586491823 2134.446206882596 396.34331952035427 32.43675597012043 988.25238659232855 672.0141778588295 298.3383524492383 1008.8713538199663 32.206520110368729
leaf_count=9975 1309 249 1253 1747 17254 6526 831 853 2789 1284 24452 37701 20241 8101 2385 2724 1120 13978 6856 2949 696 2384 8901 1673 134 4581 2791 1273 4352 154
internal_value=4.51294e-05 -0.000264857 0.00315922 0.00650791 -0.000351994 0.00114539 -0.000826896 -0.000678594 -0.000915934 -0.00325576 -0.00042977 0.00049957 -0.00200337 -0.00657285 -0.00715495 0.00371616 0.00441276 0.00101072 0.00284684 -0.000364697 0.00835033 0.00259788 -0.00076524 -0.000115475 0.0006187 0.00471958 0.00743824 0.00528409 0.00530766 0.00942177
internal_weight=44606 40574.5 4031.46 1725.62 40229.1 9673.05 30556.1 29864.9 28342.7 4863.92 23478.8 14761.3 8717.49 2066.23 691.205 1522.15 1420.4 9624.3 4118.03 5506.27 759.855 2237.8 2797.68 660.544 2305.85 1542.39 874.271 599.112 2529.39 345.364
internal_count=191516 173645 17871 7762 172182 41875 130307 127091 120723 21075 99648 62153 37495 9385 3216 6368 6015 41626 17734 23892 3222 9914 11690 2793 10109 6965 3644 2526 10878 1463
cat_boundaries=0 1 2 3 4 5 6 7 8 9 10 11 12 13 14 15 16
cat_threshold=4194488 150208898 17246745 12061443 3966979 103028 37997 16924721 3019520 12059649 67193396 352377377 48 88 16912904 75
is_linear=0
shrinkage=0.04


Tree=81
num_leaves=31
num_cat=7
split_feature=38 34 51 51 12 51 2 14 62 36 39 18 51 40 6 14 39 10 39 38 36 24 1 12 2 37 51 51 1 51
split_gain=25.6546 20.9733 20.3266 13.4314 15.2419 23.1015 21.481 15.7755 15.1109 19.9439 12.0355 11.996 11.3567 10.705 12.2587 9.67885 9.5716 9.54594 8.50106 8.47625 8.32368 10.1713 8.41999 10.4373 9.14845 8.14696 8.14527 8.01292 7.25679 12.3529
threshold=1.0000000180025095e-35 1.0000000180025095e-35 0 1 38.500000000000007 2 98.500000000000014 0.020942983217537407 5.5000000000000009 0.027212143875658516 0.92215004563331615 0.8306388556957246 3 0.98296290636062633 0.15504807978868487 0.5872282385826112 0.77836257219314586 78.500000000000014 0.52512624859809887 0.17555713653564456 0.57537877559661876 10.500000000000002 25.500000000000004 24.500000000000004 26.500000000000004 0.88273492455482494 4 5 25.500000000000004 6
decision_type=8 8 9 9 8 9 2 8 2 10 10 8 9 2 2 10 8 2 8 8 8 8 2 10 2 8 9 9 2 9
left_child=10 25 -3 20 8 6 7 -6 13 16 -1 -7 -12 14 -5 28 -10 -13 -15 -8 22 -22 23 26 -24 -2 -4 -11 29 -14
right_child=1 2 3 4 5 11 19 -9 9 27 12 17 15 18 -16 -17 -18 -19 -20 -21 21 -23 24 -25 -26 -27 -28 -29 -30 -31
leaf_value=-0.0087251651640197232 -0.020687547357415272 0.011092118435982136 0.0010080231283225458 0.0005929964666530345 0.0018034398715498015 0.0061555408066703982 0.0015717575045423688 -0.0038123831069642633 0.029887393359578657 -0.0077825000122778154 0.00664951258215287 -0.0059880618269682363 0.013689675435533729 0.030217806467241568 -0.0072549476910168951 -0.0059696080238532609 0.0090750625566404924 -0.018879744064962723 0.0059658709539872025 0.022715785509314874 -0.0049289517726977617 0.0027987479932822289 -0.011841284595254062 0.016372806307845947 -0.0018282338610362367 -0.00085238474918402111 -0.0019487255559969582 0.0054191945850746073 0.00072240084608198659 0.003035874562625383
leaf_weight=141.13933801651001 106.63064840435982 237.114502415061 3943.2530275210738 19267.829024627805 1866.7736593335867 115.46203237771988 50.030888333916664 1391.0660872012377 70.09032815694809 84.420446768403053 1034.3758543655276 1271.4119291454554 181.26689566671848 25.176783710718155 318.51493816077709 225.62086948752403 86.197490960359573 97.684105455875397 133.61793214082718 85.447374686598778 1697.1992922127247 317.57636438310146 146.71996424347162 57.119848862290382 4798.729548163712 50.811898604035378 2375.1755585446954 269.75888693332672 2091.9983440563083 2027.2736671045423
leaf_count=593 481 1458 17024 80524 7918 502 218 5765 593 404 4555 5550 795 103 1530 928 630 418 545 371 7471 1403 637 291 21454 220 10360 1405 8783 8493
internal_value=7.9566e-05 -0.000287673 -0.000226925 -0.00030145 0.000242392 -0.00176249 6.28964e-05 -0.0005905 0.000726621 0.00749088 0.00258431 -0.00589532 0.00288255 0.000548882 0.000462533 0.0019918 0.0191699 -0.00698778 0.0107382 0.0153837 -0.00132703 -0.00369707 -0.000903197 5.4743e-05 -0.002141 -0.0146325 -0.000102442 0.00208649 0.0024252 0.00402383
internal_weight=44565.5 38863.8 38706.4 38469.3 25133.5 4877.88 3393.32 3257.84 20255.6 510.467 5701.67 1484.56 5560.54 19745.1 19586.3 4526.16 156.288 1369.1 158.795 135.478 13335.8 2014.78 11321 6375.55 4945.45 157.443 6318.43 354.179 4300.54 2208.54
internal_count=191422 167275 166574 165116 106476 20742 14272 13683 85734 3032 24147 6470 23554 82702 82054 18999 1223 5968 648 589 58640 8874 49766 27675 22091 701 27384 1809 18071 9288
cat_boundaries=0 1 2 3 4 5 6 7
cat_threshold=8 903170 15730193 655545 638976 4481 4194304
is_linear=0
shrinkage=0.04


Tree=82
num_leaves=31
num_cat=12
split_feature=8 50 51 50 6 50 51 12 51 36 11 40 26 50 37 50 51 38 2 51 51 12 38 27 50 2 24 41 1 38
split_gain=25.6192 29.2602 28.745 33.0228 25.9757 25.1578 26.9429 26.459 23.3801 22.3537 18.6762 16.6753 18.9366 16.0963 16.6526 16.0894 23.5957 15.4569 14.6167 24.0972 18.7979 19.1981 14.0835 13.8408 13.6504 13.5941 13.5135 13.4364 13.3207 15.0466
threshold=1.5000000000000002 0 1 2 0.1012820526957512 3 4 12.500000000000002 5 0.11050061136484148 28.500000000000004 -1.0000000180025095e-35 -0.022599591873586174 6 0.6820855736732484 7 8 0.58380147814750682 25.500000000000004 9 10 56.500000000000007 0.73717105388641369 0.020513359457254413 11 78.000000000000014 24.500000000000004 -0.12940952181816107 57.500000000000007 0.020942983217537407
decision_type=8 9 9 9 2 9 9 8 9 8 10 2 2 9 10 9 9 10 2 9 9 8 10 2 9 2 10 2 2 10
left_child=1 -1 25 11 5 6 7 -2 10 18 13 -4 -13 -7 -15 16 28 -16 19 -5 23 -22 -21 -20 -14 -3 -9 -27 29 -10
right_child=4 2 3 9 -6 8 -8 26 15 -11 -12 12 24 14 17 -17 -18 -19 20 22 21 -23 -24 -25 -26 27 -28 -29 -30 -31
leaf_value=0.016633186342542693 0.0032209146761645576 -0.00065408421548493868 -0.0040870821450807848 0.003538285279095792 -0.0092030303305614021 0.013939801352076982 -0.0031855839205405545 -0.0026453888375935915 0.012957925027242734 0.001617833620158389 -0.0013888448184512839 0.0081335547580132124 -0.0053520731449613881 -0.0024710839454042031 0.01083086022374233 0.0011641972975254447 -0.0099961082954847427 -0.014601672520362626 0.010403474990768729 0.014597045781063281 0.0035766097229209502 -0.0081719593960858546 -0.013722158934929308 -0.00079621747407644791 0.0025762806827518657 -0.016966021872023649 0.0070680731313712943 0.0087120752245941832 -0.020678540544703305 -0.0020701520513739047
leaf_weight=174.75431860238314 2795.7671861201525 12439.374194614589 1447.494518019259 756.96454856544733 587.06497879326344 440.28414410352707 7906.5010885745287 3317.1277926117182 176.73530255258083 3392.6187060847878 479.70924480259418 512.50501303374767 592.31697788089514 336.66087232530117 480.44848234951496 3477.3611936718225 554.27967649698257 36.572580695152283 764.99457882344723 833.15789419412613 751.88220575451851 310.15620784461498 24.58838690072298 223.99347200989723 795.64443524926901 30.462825864553452 240.41210131347179 389.03872206807137 32.376183196902275 250.7761569917202
leaf_count=794 11711 53757 6105 3292 2762 1829 34258 14226 751 14447 2030 2128 2546 1384 1979 14378 2331 150 3521 3814 3268 1325 108 938 3599 136 986 1638 137 1065
internal_value=7.01757e-05 0.000980819 0.000851326 0.00241308 -0.000939924 -0.000700421 -0.00162855 0.000308921 0.00140882 0.00396371 0.0052776 -0.000853196 0.00159919 0.00780089 0.00433591 -0.000126983 -0.00452604 0.0088709 0.006135 0.00898929 0.00386178 0.000103644 0.0135304 0.00777727 -0.000819805 -0.000412342 -0.00197436 0.00662243 0.00213215 0.00417426
internal_weight=44552 23439.9 23265.2 10406.3 21112.1 20525 14259.8 6353.31 6265.2 7058.36 1773.68 3347.96 1900.47 1293.97 853.682 4491.53 1014.17 517.021 3665.74 1614.71 2051.03 1062.04 857.746 988.988 1387.96 12858.9 3557.54 419.502 459.888 427.511
internal_count=191393 101416 100622 45091 89977 87215 61181 26923 26034 30713 7372 14378 8273 5342 3513 18662 4284 2129 16266 7214 9052 4593 3922 4459 6145 55531 15212 1774 1953 1816
cat_boundaries=0 1 2 3 4 5 6 7 8 9 10 11 12
cat_threshold=116392194 9402658 70265 127298573 4821784 8540348 268439584 268439552 5578754 1665 1049753 65609
is_linear=0
shrinkage=0.04


Tree=83
num_leaves=31
num_cat=22
split_feature=39 51 50 50 51 36 2 51 50 29 36 51 50 51 51 50 50 51 10 52 17 50 51 2 51 51 50 52 52 50
split_gain=27.0247 22.5203 32.7 19.634 24.9528 17.102 15.4104 13.1922 13.7638 13.3677 13.0485 12.7128 15.9422 21.4343 19.5377 16.191 15.361 14.1326 13.5035 13.2431 12.5319 20.8446 21.6108 19.5807 19.3544 15.1896 24.9778 13.8473 12.5195 12.4151
threshold=0.99494948983192455 0 1 2 3 0.018019480630755428 72.500000000000014 4 5 1.0000000180025095e-35 0.25126262009143835 6 7 8 9 10 11 12 80.500000000000014 13 0.98786765336990368 14 15 19.500000000000004 16 17 18 19 20 21
decision_type=10 9 9 9 9 8 2 9 9 10 8 9 9 9 9 9 9 9 2 1 10 9 9 2 9 9 9 1 1 9
left_child=1 2 -1 4 -3 20 7 8 9 -2 -4 16 13 15 -14 -13 17 19 -16 -7 25 23 27 24 -22 26 -5 -23 -9 -30
right_child=6 3 10 5 -6 11 -8 28 -10 -11 -12 12 14 -15 18 -17 -18 -19 -20 -21 21 22 -24 -25 -26 -27 -28 -29 29 -31
leaf_value=0.023533169364675418 -0.0054172897188814696 -0.010158647767811358 0.0061821166053573715 -0.0076879941578902461 0.0053003755467875358 0.0021732486681494334 0.012669190638748159 0.0071241283069914552 0.0040264370909370555 0.002612571579265653 -0.01060696963159613 0.0034894250131048423 -0.0036818102565232551 0.0036723274321943957 -2.0527206775004147e-05 -0.0034482843900423723 -0.0007398102954920793 -0.0045902060605749291 0.014734969079225209 -0.0037524356829368773 0.013350842519578399 0.011698686969130588 -0.0021367967852286372 0.021223452682876669 -0.012957717250776666 0.001400475435026293 0.0032606406500427965 0.001707886048803643 -0.009632540872688897 0.0029447392132050461
leaf_weight=139.57684671133757 845.46567457914352 172.52757703512907 243.71315607428551 858.15621784329414 1586.798768080771 1210.3671225756407 241.425715893507 1271.916997499764 905.6291242018342 536.09982697665691 100.19164016097784 767.51726123690605 3227.3973091840744 3174.1962836682796 5214.4459070414305 1706.8392690569162 9483.8645560443401 4377.4720207452774 96.109105333685875 1172.1779237836599 86.069552101194859 409.19744529575109 999.43250585347414 190.85882272571325 65.31366653740406 3560.0634753927588 527.99377530068159 508.56561150401831 135.47914751619101 740.04035962373018
leaf_count=906 3567 757 1361 3602 6751 5248 1039 5389 3843 2279 518 3148 13627 13223 21660 7062 41509 19482 397 5163 358 1798 4265 1167 293 14876 2224 2261 588 3134
internal_value=3.34219e-05 -0.000303584 0.00814371 -0.000410745 0.00370006 -0.000604836 0.00290904 0.00235951 0.00022296 -0.0022724 0.00111954 -0.00102025 -0.000142962 0.00150169 -0.0012341 -0.00128019 -0.00178373 -0.00324045 0.000255879 -0.000738998 0.0011454 0.00360999 0.00190928 0.0124999 0.00184599 1.30223e-05 -0.00351305 0.00630036 0.00459762 0.000846585
internal_weight=44554.9 39878.8 483.482 39395.4 1759.33 37636 4676.06 4434.63 2287.19 1381.57 343.905 30430.4 14186.5 5648.55 8537.95 2474.36 16243.9 6760.02 5310.56 2382.55 7205.65 2259.44 1917.2 342.242 151.383 4946.21 1386.15 917.763 2147.44 875.52
internal_count=191495 171656 2785 168871 7508 161363 19839 18800 9689 5846 1879 130519 59117 23433 35684 10210 71402 29893 22057 10411 30844 10142 8324 1818 651 20702 5826 4059 9111 3722
cat_boundaries=0 1 2 3 4 5 6 7 8 9 10 11 12 13 14 15 16 17 18 19 20 21 22
cat_threshold=24 45124 519045554 774 8780306 420629032 2083841 38464 6296064 8396966 32832 5196 148480 25 139268 12071045 7419398 4305026 16780804 74 83 285417481
is_linear=0
shrinkage=0.04


Tree=84
num_leaves=31
num_cat=18
split_feature=8 51 50 51 51 17 50 35 50 51 50 51 52 39 52 51 50 50 51 50 32 62 62 37 13 36 50 36 51 34
split_gain=21.7258 28.5974 22.5992 29.3293 24.5345 24.1778 17.8016 14.1726 12.9824 18.9717 19.2815 18.7209 13.505 14.0192 12.5975 21.3402 22.2354 20.5882 46.6107 17.1335 16.4095 13.1563 13.0445 12.5852 12.4675 13.1786 12.4349 17.442 12.8438 16.3719
threshold=1.5000000000000002 0 1 2 3 0.88832199573516857 4 0.85053193569183361 5 6 7 8 9 0.96178188920021068 10 11 12 13 14 15 0.31622806191444403 4.5000000000000009 1.5000000000000002 0.30825792253017431 0.029631255194544796 0.125657893717289 16 0.15424266457557681 17 0.5838744342327119
decision_type=10 9 9 9 9 10 9 10 9 9 9 9 1 10 1 9 9 9 9 9 8 2 2 8 2 10 9 8 9 10
left_child=1 8 4 -4 5 7 -3 -2 9 10 -1 12 13 -10 17 16 21 18 -8 20 -17 -16 -19 -6 25 -21 -5 28 29 -28
right_child=2 6 3 26 23 -7 14 -9 11 -11 -12 -13 -14 -15 15 19 -18 22 -20 24 -22 -23 -24 -25 -26 -27 27 -29 -30 -31
leaf_value=-0.015559499915841712 -0.015106789343195728 0.019258503892161865 0.00434546476497512 -0.0061936788123225653 -0.0082634462113904163 -0.006159370808561623 0.020069179282463497 0.0019745657200484017 0.0042010974644968993 -0.00044428214934440929 -0.0037441763455801943 -0.0010141526434315679 -0.00073217041371755065 0.015516384468828602 -0.0029024699066370523 -0.0057951448632252555 0.0073389481132926969 0.0046157252660737023 0.0022739084280826182 0.0014876364072216608 0.010264394860834089 0.012351489122009509 -0.001070058792306441 -0.0026196561767012809 0.0043923681727934738 -0.0031346337301352244 0.0085203615458075872 0.002129509006883603 -0.0072417227809113884 -0.0035271387705592006
leaf_weight=276.2277499884367 74.034903421998024 81.914518304169178 2571.7338305413723 620.21889737248421 684.50117014348507 743.02328146994114 362.14128828793764 4092.1118674129248 1060.249355264008 2517.0701460763812 1076.5794198289514 4551.4420957937837 721.76369454711676 209.52295964956284 693.12247611582279 1076.1204700767994 1522.7840404883027 1432.1428136378527 665.27463811635971 3044.0923108309507 107.00627557933331 98.750825144350529 1160.942494995892 8441.4241952002048 1330.876394405961 1454.1960759311914 249.51501196622849 2231.4177837073803 717.07044383883476 615.38855478167534
leaf_count=1165 359 408 10686 2644 3016 3237 1726 17155 4560 10836 4632 20110 3166 880 2939 4588 6634 5963 2965 13166 448 618 5082 36770 5527 6085 1028 9282 2968 2575
internal_value=3.78718e-05 0.000875708 -0.000894639 0.000958301 -0.00182032 0.000456666 0.00212375 0.00164848 -0.000685668 -0.00251832 -0.00631553 0.000398496 0.00362037 0.00608967 0.00199164 0.00120691 0.00452466 0.00399439 0.00876406 0.000101601 -0.00425295 -0.000898285 0.00205738 -0.00304612 0.0009975 -4.02029e-06 -0.00100997 -0.00014069 -0.00335298 0
internal_weight=44482.7 23442.2 21040.4 7005.34 14035.1 4909.17 13029.4 4166.15 10412.9 3869.88 1352.81 6542.98 1991.54 1269.77 12947.5 9326.95 2314.66 3620.5 1027.42 7012.29 1183.13 791.873 2593.09 9125.93 5829.16 4498.29 4433.61 3813.39 1581.97 864.904
internal_count=191218 101498 89720 29183 60537 20751 56149 17514 45349 16633 5797 28716 8606 5440 55741 40005 10191 15736 4691 29814 5036 3557 11045 39786 24778 19251 18497 15853 6571 3603
cat_boundaries=0 1 2 3 4 5 6 7 8 9 10 11 12 13 14 15 16 17 18
cat_threshold=2087168 127355917 12734619 594744 78905472 13001 1605888 64 1605632 15 65 6291608 9785 209936 15 16994305 4096 822788
is_linear=0
shrinkage=0.04


Tree=85
num_leaves=31
num_cat=17
split_feature=36 62 50 50 29 52 51 50 51 50 50 51 1 19 51 36 38 12 50 1 1 51 51 50 50 6 10 51 13 51
split_gain=20.3823 26.9044 48.3391 17.5741 16.1502 14.6436 25.6901 41.9675 17.8271 27.6505 17.7544 21.145 29.0581 19.3822 15.6109 16.8221 15.5246 14.8135 14.3598 14.0138 12.7587 25.374 12.7295 14.2652 12.7825 12.3055 12.2337 13.3336 12.0487 11.4684
threshold=0.016261236742138866 5.5000000000000009 0 1 5.5000000000000009 2 3 4 5 6 7 8 35.500000000000007 -2.4999999999999996 9 0.044610282406210906 0.8473193645477296 46.500000000000007 10 36.500000000000007 83.500000000000014 11 12 13 14 0.20344828069210055 44.500000000000007 15 0.059262510389089591 16
decision_type=8 2 9 9 8 1 9 9 9 9 9 9 2 2 9 8 8 8 9 2 2 9 9 9 9 2 2 9 2 9
left_child=1 22 -3 4 -2 6 7 -5 10 14 11 -7 13 -13 15 -10 17 26 -18 -4 -12 -22 24 -24 -1 -11 -8 -28 -9 -19
right_child=3 2 19 5 -6 8 16 28 9 25 20 12 -14 -15 -16 -17 18 29 -20 -21 21 -23 23 -25 -26 -27 27 -29 -30 -31
leaf_value=-0.0048006136924857628 0.008024508220269632 -0.0046438496267308619 0.029855734507523799 0.018207170312502376 -0.013569826484170542 -0.0042856934273060006 0.001400175232088437 0.003073713501061906 -0.011277674714071758 -0.00060312650020500269 -0.0030018146184828875 -0.0026858646386497256 -0.0055494354580774953 0.0076833399247691675 0.011235320021565322 0.0041701482774417669 0.0010187341570899145 -0.00070752522943199312 -0.0044023075930447316 -0.0056491163124376565 -0.02242071955331713 0.011788392665709323 -0.0035311172276351463 0.0025141337159843686 0.00271377079299666 -0.017778389208403678 0.017652146276098596 0 -0.012128224880085123 -0.012225991205287709
leaf_weight=372.72720223665237 595.84359673410654 148.84018141776323 171.30946327745914 326.52964802831411 55.89000491797924 957.56836178898811 5640.7136468887329 401.13734413683414 122.15060552954674 8607.9204833209515 10820.206357479095 364.99323144555092 502.01340821385384 1289.9090073108673 450.43143951892853 971.9519996792078 1306.0161821097136 430.38563951849937 1907.1297076269984 17.144980952143669 27.510221868753433 193.8213614076376 1550.5840530693531 1023.04300378263 5634.7142670750618 62.376325577497482 143.06625840067863 131.98774807155132 99.973616570234299 196.75210565328598
leaf_count=1578 2513 757 1619 1506 227 4120 24077 1738 517 37413 46535 1503 2115 5309 1959 4061 5623 1836 8141 101 117 812 6604 4342 23559 321 605 569 417 885
internal_value=-4.03366e-05 0.00166867 0.012673 -0.000469129 0.00596221 -0.000591987 0.000648635 0.0073501 -0.00113165 0.000140454 -0.00205017 0.000611509 0.00280943 0.00538313 0.00504596 0.00236233 6.76677e-05 0.00118774 -0.00220501 0.0251592 -0.00280257 0.00657689 0.00122666 -0.0011197 0.00223343 -0.000738319 0.00181078 0.00998464 -9.28829e-06 -0.00462558
internal_weight=44524.6 8918.36 337.295 35606.3 651.734 34954.5 10583.7 827.641 24370.9 10214.8 14156 3114.48 2156.92 1654.9 1544.53 1094.1 9756.05 6542.91 3213.15 188.454 11041.5 221.332 8581.07 2573.63 6007.44 8670.3 5915.77 275.054 501.111 627.138
internal_count=191479 38560 2477 152919 2740 150179 45397 3661 104782 44271 60511 13047 8927 6812 6537 4578 41736 27972 13764 1720 47464 929 36083 10946 25137 37734 25251 1174 2155 2721
cat_boundaries=0 1 2 3 4 5 6 7 8 9 10 11 12 13 14 15 16 17
cat_threshold=16964096 250610082 65 15 471552 10260231 268439616 262676 294915 6385664 2136 33796 12453643 134295137 268443697 11310464 15821856
is_linear=0
shrinkage=0.04


Tree=86
num_leaves=31
num_cat=15
split_feature=50 51 37 19 51 50 2 1 51 5 51 50 50 51 51 50 1 1 51 50 42 27 24 2 51 24 51 27 33 39
split_gain=21.2916 20.6873 17.8539 16.5179 25.5564 23.6716 17.3836 16.8848 16.1793 15.7574 14.3488 30.37 26.4992 22.5503 17.602 20.4674 15.5255 12.5873 12.5572 12.5344 14.2573 12.5188 12.3247 12.2808 12.2413 12.0382 10.5188 9.36438 10.6606 9.89338
threshold=0 1 0.97633051872253429 -1.4999999999999998 2 3 22.500000000000004 13.500000000000002 4 0.90990260243415844 5 6 7 8 9 10 12.500000000000002 35.500000000000007 11 12 -0.60785761475563038 0.024099883623421196 20.500000000000004 98.500000000000014 13 14.500000000000002 14 0.53001201152801525 0.98684212565422069 0.98346996307373058
decision_type=9 9 10 2 9 9 2 2 9 2 9 9 9 9 9 9 2 2 9 9 2 2 8 2 9 10 9 2 10 8
left_child=18 -2 3 4 5 7 19 -3 27 -8 11 14 24 25 15 -5 -14 -15 -1 20 -6 -16 -11 -18 -12 -13 -21 28 -4 -30
right_child=1 2 8 10 6 -7 9 -9 -10 22 12 13 16 17 21 -17 23 -19 -20 26 -22 -23 -24 -25 -26 -27 -28 -29 29 -31
leaf_value=0.018321082848387432 0.01122309889780288 -0.014527076579713409 -0.0022584506247889033 -0.028458505643323587 -0.0076389570143806079 -0.0015999126201228608 -0.020911304328848176 -0.0053737032493188707 0.0028821217163291285 -0.0028953318072657531 -0.0045240872056393506 0.0069135243466210096 -0.002241948459513564 0.0011021479360969245 -0.0029003999565474343 -0.0024207240461067347 0.0031108968778847572 -0.005744931862464199 0.0010533501887988453 -1.5695978609849434e-05 0.0012783959311813259 0.00030547826010524109 0.0043199757726831 0.024335494711266784 0.00053220548803652363 -0.0091272001934695739 0.006394130683302887 0.0084608110588107951 -0.0013494940647210067 0.0077623915356318674
leaf_weight=146.32567584514618 237.48795452713966 390.59503526985645 2720.3549306839705 75.361708983778954 364.42099787294865 3218.4761704206467 66.423101738095284 1936.1623425632715 4891.8573505505919 2641.4789814502001 1502.0463186874986 1346.7084260135889 938.66144643723965 2330.4652790799737 6193.8877702876925 129.08032602071762 5845.7322216778994 521.21108083426952 135.7196638584137 632.98330791294575 1272.1949836760759 2825.6404704153538 435.55175794661045 39.361560463905334 1535.593412861228 73.987495899200439 1146.6550588607788 167.09104713797569 382.26869218796492 366.9942188039422
leaf_count=649 1491 1783 11259 306 1587 13807 315 8631 21502 11371 6388 5543 3993 9780 26669 576 24818 2281 594 2625 5321 12299 1805 170 6672 301 4842 682 1759 1635
internal_value=-0.000120237 -0.000192273 -0.000258158 -0.000653796 -0.00185268 -0.0038472 -0.000155815 -0.00691706 0.00138372 -0.00230361 -3.13682e-05 -0.000879245 0.00112662 0.00190212 -0.00217068 -0.0133992 0.00250995 -0.000149657 0.010552 0.00181465 -0.000707931 -0.00189214 -0.00186217 0.00327679 -0.00197141 0.00599301 0.00412206 -0.000633704 -0.00109081 0.00310893
internal_weight=44510.8 44228.7 43991.2 35462.7 12104.9 5545.23 6559.71 2326.76 8528.57 3143.45 23357.7 13496.3 9861.39 4272.37 9223.97 204.442 6823.76 2851.68 282.045 3416.25 1636.62 9019.53 3077.03 5885.09 3037.64 1420.7 1779.64 3636.71 3469.62 749.263
internal_count=191454 190211 188720 151883 52087 24221 27866 10414 36837 13491 99796 57755 42041 17905 39850 882 28981 12061 1243 14375 6908 38968 13176 24988 13060 5844 7467 15335 14653 3394
cat_boundaries=0 1 2 3 4 5 6 7 8 9 10 11 12 13 14 15
cat_threshold=15729026 8 8267813 16860205 190338 8642054 285269065 134623260 1542 4 268437568 6353971 33638469 3670177 1424
is_linear=0
shrinkage=0.04


Tree=87
num_leaves=31
num_cat=9
split_feature=38 62 50 39 21 2 50 50 2 41 50 52 3 15 50 26 40 50 38 2 61 52 50 32 36 11 39 40 2 11
split_gain=18.6449 19.2084 47.2385 24.4275 15.2167 16.7108 29.4932 21.3821 25.1076 19.2844 17.8669 14.3274 13.9145 14.2517 13.6607 13.3936 12.2501 16.8657 11.5632 11.4546 11.3478 10.9432 12.6242 13.3741 10.5014 10.4184 10.3171 10.2781 12.4873 19.503
threshold=0.022599591873586181 4.5000000000000009 0 0.5025252401828767 -24.499999999999996 41.500000000000007 1 2 40.500000000000007 0.12940952181816107 3 4 2.5000000000000004 0.071067821234464659 5 -0.012132353149354456 -0.6035533845424651 6 0.10050505027174951 72.500000000000014 1.0000000180025095e-35 7 8 0.062828946858644499 0.17512886226177218 45.500000000000007 0.65039682388305675 1.0000000180025095e-35 19.500000000000004 25.500000000000004
decision_type=8 2 9 8 8 2 9 9 2 2 9 1 2 10 9 2 2 9 8 2 2 1 9 10 8 10 10 2 2 10
left_child=21 4 3 -3 14 7 -7 12 16 10 -8 15 -6 -14 -2 -11 17 -9 -5 -16 -12 22 23 25 -13 -1 -18 -4 -29 -30
right_child=1 2 27 18 5 6 9 8 -10 11 20 24 13 -15 19 -17 26 -19 -20 -21 -22 -23 -24 -25 -26 -27 -28 28 29 -31
leaf_value=0.021602890096536199 -0.0068468683377747195 0.026121076007251966 0.0024712101252700631 -0.0038483573869114015 -0.0010260434531705913 -0.0059895184695973906 0.010344541450142228 -0.0021447472837556568 0.022458793052523185 0.00053401597368220289 -0.0076062677844916209 -0.0028511756569186836 0.0074228473734518907 -0.016750687425904246 0.0039136473918770674 0.010671687819943392 0.0006765969712907463 0.0031571742140444857 0.010568837753799408 0.015525537903623056 -0.0011719090901667476 0.00021054617977237021 0.002345426984898875 0.0037018429472816133 0.005984982306158293 0.0044840536368178294 0.0036882429956354872 -0.018455462104002555 0.013675024621973621 -0.0087595606678869554
leaf_weight=164.81451500952244 137.21254481375217 146.30504057556391 315.35775708407164 106.39204075932503 16418.215036198497 2377.0332822650671 130.30073752999306 3510.1048412621021 81.942478463053703 370.64230100810528 854.1416649222374 832.35044902563095 46.28320537507534 163.7043337225914 690.8328030705452 486.46981348097324 4622.2921623885632 1303.1639609783888 436.52844812721014 169.07040706276894 917.77493844926357 3044.0886800512671 2967.4498858451843 373.95427545905113 284.13875094056129 95.279677465558052 3022.656171604991 107.63196436315775 79.647622004151344 224.74089762568474
leaf_count=836 580 993 1475 547 70734 10290 572 15017 341 1542 3887 3502 218 837 2890 2066 19220 5412 2518 704 4082 12901 12543 1546 1181 415 12559 499 417 1082
internal_value=3.72089e-05 -0.000305627 0.00425445 0.0116298 -0.000484114 -0.000622044 -0.00249796 -0.000218857 0.00102678 -0.000330196 -0.0032053 0.00243024 -0.0011594 -0.0112809 0.00437435 0.00626687 0.000876079 -0.000701245 0.00769777 0.00622444 -0.00427343 0.00199083 0.00347742 0.00856789 -0.000562924 0.0156101 0.00187159 -0.00285821 -0.00703454 -0.00269846
internal_weight=44480.5 37834.9 1416.6 689.226 36418.3 35421.2 6252.85 29168.4 12540.2 3875.82 1902.22 1973.6 16628.2 209.988 997.116 857.112 12458.2 4813.27 542.92 859.903 1771.92 6645.59 3601.5 634.048 1116.49 260.094 7644.95 727.378 412.02 304.389
internal_count=191406 163165 7531 4058 155634 151460 27122 124338 52549 16832 8541 8291 71789 1055 4174 3608 52208 20429 3065 3594 7969 28241 15340 2797 4683 1251 31779 3473 1998 1499
cat_boundaries=0 1 2 3 4 5 6 7 8 9
cat_threshold=378712141 16978540 17099801 281026833 73 17002496 75502148 99 13312
is_linear=0
shrinkage=0.04


Tree=88
num_leaves=31
num_cat=20
split_feature=38 50 39 51 50 51 10 50 9 38 51 52 51 34 51 52 12 17 50 51 50 63 35 52 52 50 52 51 50 51
split_gain=21.6072 22.0159 15.0514 14.9776 25.0878 20.3545 21.1287 17.723 21.1259 20.3598 19.5912 17.5141 15.6439 15.4561 14.6661 14.354 14.3408 14.3756 13.3712 15.7795 12.9734 14.9381 13.7801 12.8856 12.7419 12.0349 22.4345 12.5827 11.8815 24.569
threshold=1.0000000180025095e-35 0 0.92215004563331615 1 2 3 27.500000000000004 4 45.500000000000007 0.26352339982986456 5 6 7 0.97837775945663463 8 9 65.500000000000014 0.9212004840373994 10 11 12 1.4980468750000002 0.91734972596168529 13 14 15 16 17 18 19
decision_type=8 9 10 9 9 9 2 9 10 10 9 1 9 10 9 1 10 10 9 9 9 2 10 1 1 9 1 9 9 9
left_child=2 -2 -1 4 5 6 -3 9 12 10 18 -7 15 -11 23 -9 17 -12 24 -20 22 -22 -14 -4 -5 26 -6 -28 29 -16
right_child=1 3 14 7 25 11 -8 8 -10 13 16 -13 20 -15 28 -17 -18 -19 19 -21 21 -23 -24 -25 -26 -27 27 -29 -30 -31
leaf_value=-0.010172818818924336 0.010664626673602226 -0.0047390519471326642 0.0099801057608027884 0.0095083768774806721 -0.0069269131191685377 -0.004390941794074771 0.011396753441800338 -0.00050613567724276925 0.019406103076950818 0.003686117432768244 -0.0032202437366849468 -0.014254675974568967 -0.0084009438743816982 0.013403220919338614 -0.0040660365304022493 -0.0043019560176943859 -0.013656704665063964 0.0019587163083754013 -0.0099313956495019912 0.0027924568866215592 -0.0022000622900892005 0.0096579328109006515 0.0030647305605108989 0.003217299804468738 0.0013115472652243786 -0.0010533454463073008 0.016216640247210173 0.0037337631419736526 4.3865574101810329e-05 0.021402668249669202
leaf_weight=144.99948762357235 274.44709955155849 387.77975584566593 605.81831704080105 739.72854905575514 267.13648897409439 748.90505344420671 188.77329921722412 3917.3929632306099 78.823941618204117 1974.1664079874754 1791.5558789968491 506.73837749660015 171.70956013351679 301.43105969578028 109.71741111576557 2702.7898446395993 138.80447709560394 1632.0186725854874 195.85009192675352 582.62009707838297 2388.8932121247053 177.59873647242785 3101.5849908813834 1890.2454312443733 543.13673473149538 15038.195419557393 148.13865461200476 811.62133100628853 2837.5463232174516 113.81114189326763
leaf_count=609 1211 1764 2634 3190 1122 3307 875 16599 321 8203 7429 2245 771 1579 454 11513 593 6934 807 2534 10074 1068 12944 8075 2304 65964 649 3399 11937 466
internal_value=1.34538e-05 -0.000323991 0.00231194 -0.000406805 -0.00124463 -0.00566507 0.000552753 0.000334451 -0.000599206 0.00181732 0.00052237 -0.00850866 -0.000735582 0.0050086 0.00265015 -0.00206507 -0.00126986 -0.000746343 0.00361361 -0.000510677 0.000770845 -0.00134929 0.00243783 0.00491647 0.0061087 -0.000740695 0.00304183 0.00590091 0.000772064 0.00934813
internal_weight=44512 38809.8 5702.14 38535.4 18097.3 1832.2 576.553 20438.1 12538.8 7899.31 5623.71 1255.64 12460 2275.6 5557.14 6620.18 3562.38 3423.57 2061.34 778.47 5839.79 2566.49 3273.29 2496.06 1282.87 16265.1 1226.9 959.76 3061.07 223.529
internal_count=191574 167399 24175 166188 79325 8191 2639 86863 53290 33573 23791 5552 52969 9782 23566 28112 14956 14363 8835 3341 24857 11142 13715 10709 5494 71134 5170 4048 12857 920
cat_boundaries=0 1 2 3 4 5 6 7 8 9 10 11 12 13 14 15 16 17 18 19 20
cat_threshold=49283458 1022977 66560 819200 335644180 9437358 83 9454118 13108537 77 1536 130 16779328 66 106 335937568 12 4097 135401472 3441156
is_linear=0
shrinkage=0.04


Tree=89
num_leaves=31
num_cat=16
split_feature=38 50 62 51 50 42 50 34 51 51 6 51 17 50 50 51 51 10 51 50 39 1 24 39 50 37 50 1 1 50
split_gain=19.5671 20.1188 15.1101 27.3855 31.8677 14.7351 16.5988 14.4558 13.8928 12.128 12.0414 17.156 13.5656 12.6568 12.6039 16.9603 12.372 11.5878 11.5744 25.8685 11.1551 11.6608 10.9815 10.8934 10.6142 19.3545 10.5267 10.4403 13.8278 9.71884
threshold=1.0000000180025095e-35 0 3.5000000000000004 1 2 1.0000000180025095e-35 3 1.0000000180025095e-35 4 5 0.1012820526957512 6 0.49747474491596227 7 8 9 10 23.500000000000004 11 12 0.74305018782615673 15.500000000000002 45.500000000000007 0.92215004563331615 13 0.94151845574378978 14 12.500000000000002 32.500000000000007 15
decision_type=8 9 2 9 9 2 9 8 9 9 2 9 8 9 9 9 9 2 9 9 8 2 10 10 9 10 9 2 2 9
left_child=18 8 7 5 9 6 -4 -3 -2 -5 12 13 14 -12 16 -16 -9 -10 19 -1 -6 -22 26 -20 25 -7 -14 -11 -29 -23
right_child=1 2 3 4 20 24 -8 10 17 27 11 -13 22 -15 15 -17 -18 -19 23 -21 21 29 -24 -25 -26 -27 -28 28 -30 -31
leaf_value=-0.007632582092081063 0.018894425596952293 -0.01264359749692443 0.021218205806237362 -0.0025531755270648839 0.023459262683749166 -0.02720776776613076 0 0.00053350017801055629 -0.0080649147866137978 -0.01319571590537981 -0.0013014792667237396 0.0017589986050467795 -0.003119603829997826 -0.01534037934987555 0.006054673834753518 -0.0022586093328686263 0.0091294021903136451 0.012871783694849355 -0.010128340022450206 0.010507099716350226 -0.006691021217022061 0.017386114718064009 0.014188566637959423 0.0016892328503283858 -0.0027136654599609756 0.0024988167655774765 -0.00058732602482399214 0.016660815097217247 -0.0017280126176731823 -0.0054585139487403943
leaf_weight=148.27514989674091 131.49793351441622 156.66622166335583 51.369089029729366 432.14927148073912 178.46997306495905 91.514936864376068 555.3085752427578 491.27041310071945 88.659555695950985 28.817710407078266 177.61301226913929 309.93274562060833 2879.6573211848736 289.32805509865284 528.19154815375805 1401.524686858058 614.22272455692291 71.790940918028355 122.79127134382725 586.35278378427029 49.728822156786919 166.95080767571926 73.103392273187637 4793.8521870598197 363.44110964238644 52.079802103340626 29269.088862001896 182.2880185842514 96.368727587163448 32.033886656165123
leaf_count=640 601 704 249 2056 1099 391 2598 2064 378 137 838 1407 12712 1371 2200 5977 2573 316 517 2643 229 970 303 20173 1621 310 124598 904 498 148
internal_value=-9.96529e-05 -0.000420729 -0.000502309 0.0026502 0.00688934 -0.00182933 0.00233047 -0.000701991 0.00977713 0.00171914 -0.00064777 -0.00556053 -0.00053818 -0.0102485 0.00201433 3.57233e-05 0.0053856 0.00121447 0.00209755 0.00673969 0.0154338 0.00985557 -0.000779515 0.00137724 -0.00685555 -0.0155322 -0.000816374 0.00762527 0.0103125 0.0141515
internal_weight=44414.3 38763.1 38471.1 2280.52 1166.81 1113.71 606.678 36190.6 291.948 739.624 36033.9 776.874 35257.1 466.941 3035.21 1929.72 1105.49 160.45 5651.27 734.628 427.183 248.714 32221.8 4916.64 507.036 143.595 32148.7 307.474 278.657 198.985
internal_count=191225 167252 165957 11210 6041 5169 2847 154747 1295 3595 154043 3616 150427 2209 12814 8177 4637 694 23973 3283 2446 1347 137613 20690 2322 701 137310 1539 1402 1118
cat_boundaries=0 1 2 3 4 5 6 7 8 9 10 11 12 13 14 15 16
cat_threshold=82837890 580003 17194528 131081 14732339 9504276 8094596 285392933 268513864 1147265 3255555 524345 285413449 268637236 9 106564
is_linear=0
shrinkage=0.04


Tree=90
num_leaves=31
num_cat=8
split_feature=17 11 50 41 41 50 10 50 41 34 24 52 50 40 24 42 50 15 37 41 42 30 39 50 40 10 50 41 40 13
split_gain=21.2196 19.0879 18.9528 19.0339 17.6349 17.0925 18.1449 15.3437 15.0176 13.6372 13.4682 13.1511 16.1147 15.8506 12.6649 12.6376 20.4183 14.1919 15.3393 13.9926 13.3835 12.5159 18.5774 12.293 12.2452 12.193 13.0873 11.9391 19.8125 11.7911
threshold=0.94974747300148021 19.500000000000004 0 -0.6035533845424651 -0.37940952181816096 1 56.500000000000007 2 1.0000000180025095e-35 1.0000000180025095e-35 9.5000000000000018 3 4 -1.0000000180025095e-35 14.500000000000002 -0.60785761475563038 5 0.45049019157886511 0.9378221631050111 0.91597560048103344 1.0000000180025095e-35 0.013888889458030464 0.72264957427978527 6 0.78656607866287243 35.500000000000007 7 -0.12940952181816107 0.37940952181816107 0.35751880705356603
decision_type=8 10 9 2 2 9 2 9 2 10 10 1 9 2 10 2 9 10 10 2 2 10 8 9 2 2 9 2 2 2
left_child=1 7 4 29 -3 6 -2 -1 23 -9 -8 12 -10 -14 25 16 17 18 -11 21 -21 22 -17 -7 -15 -5 -27 28 -18 -4
right_child=5 2 3 14 -6 8 10 9 11 15 -12 -13 13 24 -16 19 27 -19 -20 20 -22 -23 -24 -25 -26 26 -28 -29 -30 -31
leaf_value=0.0025415208315346005 0.00026501167507057035 -0.0020406664040051436 -0.003117162184230127 0.0024433529862243962 -0.0081266228056031779 -0.00066981936453198651 -0.0081522136702473214 -0.011842084906562704 0.0031730354308461585 -0.0058430129029888415 0.0096767828181151816 0.0013979670711944617 0.0042317527907758876 0.017493522525925474 0.0058709628316441645 0.026412985981633309 0.0058244357248253831 -0.012953383198855506 0.005988742521722548 0.0013966488236147323 -0.0087246799603234344 0.00049423528194845936 0.0011327495610941277 0.0034938763607297489 0.0027154043728237955 0.0047512437640714169 -0.005464207285762814 -0.0042942459094048096 -0.0078018473292901626 -0.017400445151310222
leaf_weight=3268.1606331914663 6713.7940129712224 1749.177829310298 1837.0368335098028 1297.7208563536406 1367.0830550342798 3819.7209454402328 659.52809778600931 162.48059640824795 2128.9152753204107 985.55758590251207 70.288512885570526 2692.5614366531372 508.05678282678127 410.86768217384815 706.70756211876869 69.66352055221796 841.25870099663734 348.87016013264656 207.18043354153633 345.62986086308956 507.9714664965868 9932.5242121219635 129.35075885057449 1594.5472320467234 121.29425302147865 245.23121346533298 885.40626221895218 521.32773140072823 208.2356703877449 93.60312531888485
leaf_count=13625 28831 7649 7963 5522 5891 16655 2822 730 9323 4310 297 11717 2187 1973 2944 367 3677 1529 874 1439 2121 42136 553 7125 680 1043 3788 2282 892 395
internal_value=7.67126e-05 -0.000668667 -0.00226334 -0.000740022 -0.00471059 0.00110142 -0.000384558 7.50033e-05 0.00208236 -0.000491009 -0.00635373 0.00348695 0.00522961 0.00931471 0.00117763 -0.00035496 -0.00260336 -0.00584666 -0.0037547 0.000281156 -0.00461891 0.000698044 0.0105104 0.000560037 0.014219 -0.000189277 -0.00322602 0.000608622 0.00307763 -0.00386315
internal_weight=44429.8 25710.2 8181.97 5065.71 3116.26 18719.6 7443.61 17528.2 11276 14260.1 729.817 5861.7 3169.13 1040.22 3135.07 14097.6 3112.43 1541.61 1192.74 10985.1 853.601 10131.5 199.014 5414.27 532.162 2428.36 1130.64 1570.82 1049.49 1930.64
internal_count=191340 109730 35195 21655 13540 81610 31950 74535 49660 60910 3119 25880 14163 4840 13297 60180 13564 6713 5184 46616 3560 43056 920 23780 2653 10353 4831 6851 4569 8358
cat_boundaries=0 1 2 3 4 5 6 7 8
cat_threshold=25256476 16863849 88277664 105 268470278 8410181 67275794 32833
is_linear=0
shrinkage=0.04


Tree=91
num_leaves=31
num_cat=23
split_feature=51 50 52 51 50 50 51 51 50 50 51 38 51 50 50 51 51 50 37 52 30 12 50 50 50 52 52 37 14 1
split_gain=20.9864 25.8769 15.628 33.8966 26.6176 21.2449 26.2185 19.3893 25.9035 15.3412 16.9667 14.111 14.9568 17.8715 13.5089 34.5928 29.3397 18.2273 16.1796 14.9087 13.7026 13.2137 12.7724 12.7234 12.1692 11.4088 11.3942 14.7587 11.2519 11.0938
threshold=0 1 2 3 4 5 6 7 8 9 10 0.036038961261510856 11 12 13 14 15 16 0.96026313304901134 17 0.03756720386445523 56.500000000000007 18 19 20 21 22 0.59896907210350048 0.44258241355419164 40.500000000000007
decision_type=9 9 1 9 9 9 9 9 9 9 9 8 9 9 9 9 9 9 8 1 8 10 9 9 9 1 1 8 10 2
left_child=2 -2 5 23 -5 6 -1 -7 29 10 -3 12 13 -11 16 17 18 20 19 -13 -16 -17 -20 -4 -14 -26 28 -28 -18 -9
right_child=1 9 3 4 -6 7 -8 8 -10 11 -12 14 24 -15 15 21 26 -19 22 -21 -22 -23 -24 -25 25 -27 27 -29 -30 -31
leaf_value=-0.0084399475609329075 0.014658591366785162 -0.0092477594175253437 -0.0088042537196631656 0.0060700758837616501 -0.0015310216416238836 0.0023382648417313127 -0.00064482188279668955 -0.0019780916907753596 0.0031043376441440831 -0.0059277436322514318 0.0013807509245325014 -0.0016533261098297353 0.004962796206247521 0.0094770383406336308 -0.0094222856554898125 0.0010514073136013392 0.0016728684115219312 0.012393872209374582 0.0032243838307560793 -0.0084045805567910057 0.010691014035388637 -0.010698802014953599 -0.0058124039906548679 -0.0033637742535979416 0.0027132125367127771 -0.003124925480641473 -0.005359459553693705 0.00073716503246054306 0.0079314173808910822 -0.0080733555278400988
leaf_weight=929.82148418575525 201.98701959848404 489.70582091063261 1217.9001389741898 856.12472266703844 4768.5646951720119 6097.062555283308 2616.2741383016109 2732.2764273658395 1611.7173721417785 130.98478783667088 452.50977955013514 963.04257234930992 1168.697771422565 851.13770650327206 126.03624391555786 3586.2342290952802 3541.6876314580441 687.0312946587801 785.0878514572978 1212.8562914282084 87.147850438952446 154.78560234606266 348.82652150094509 1729.1528449580073 1094.0502930954099 1020.292743422091 800.54812872409821 2988.9606208354235 527.46559497714043 580.48010650277138
leaf_count=4120 921 2067 5414 3694 21013 25696 11406 11958 6879 560 1948 4120 4889 3854 566 15220 14921 3098 3400 5142 366 660 1525 7585 4628 4292 3391 12835 2168 2707
internal_value=0 0.000908091 -0.000833038 -0.00218682 -0.000357457 -3.36578e-05 -0.00272134 0.000831794 -0.00103078 0.000764629 -0.00418075 0.00100068 0.00304236 0.00734419 0.000448459 0.00225885 -0.000304509 0.00923431 -0.0034563 -0.00548244 -0.0010058 0.000544815 0.000390796 -0.00565206 0.00171263 -9.68015e-05 0.00102444 -0.000549416 0.00249167 -0.00305352
internal_weight=44358.5 21219.1 23139.4 8571.74 5624.69 14567.6 3546.1 11021.5 4924.47 21017.1 942.216 20074.9 4265.16 982.122 15809.7 4641.24 11168.5 900.215 3309.81 2175.9 213.184 3741.02 1133.91 2947.05 3283.04 2114.34 7858.66 3789.51 4069.15 3312.76
internal_count=191043 90571 100472 37706 24707 62766 15526 47240 21544 89650 4015 85635 18223 4414 67412 19910 47502 4030 14187 9262 932 15880 4925 12999 13809 8920 33315 16226 17089 14665
cat_boundaries=0 1 2 3 4 5 6 7 8 9 10 11 12 13 14 15 16 17 18 19 20 21 22 23
cat_threshold=3664384 78905760 15 1313280 318906752 398344 2164736 3410432 67201668 16777217 8392979 524313 65620 109644 174 524327 268451858 97 11264 285274219 99420 114 19
is_linear=0
shrinkage=0.04


Tree=92
num_leaves=31
num_cat=19
split_feature=37 50 43 51 50 50 51 51 10 51 50 37 51 5 51 52 51 50 30 52 34 50 62 30 50 51 51 27 43 51
split_gain=18.772 14.5027 13.5753 20.6492 20.3836 20.2162 20.6043 19.343 19.0129 17.227 24.8502 15.5775 12.8897 12.8648 12.3008 11.7477 11.4936 15.1421 12.6183 12.5073 11.2754 20.5822 24.3519 12.7818 16.4728 14.6353 14.2019 14.1987 12.2767 11.5264
threshold=0.98963701725006115 0 0.81174489855766307 1 2 3 4 5 36.500000000000007 6 7 0.093386627733707442 8 0.92349499464035045 9 10 11 12 0.035898379981517799 13 0.98260739445686351 14 5.5000000000000009 0.083333339542150511 15 16 17 0.05298245698213578 1.0000000180025095e-35 18
decision_type=10 9 2 9 9 9 9 9 2 9 9 10 9 2 9 1 9 9 10 1 10 9 2 10 9 9 9 2 2 9
left_child=1 14 3 4 7 6 -5 -3 13 -4 12 -12 -11 -8 -1 -7 17 18 -6 -19 23 22 -22 27 26 28 -25 -2 -26 -29
right_child=20 2 9 5 16 15 8 -9 -10 10 11 -13 -14 -15 -16 -17 -18 19 -20 -21 21 -23 -24 24 25 -27 -28 29 -30 -31
leaf_value=0.018958772261749978 -0.001882047392213952 0.0088443241823346359 0.0029680420798504476 -0.00015234143178435137 0.0064633520749248731 -0.0023631357149803073 -0.0029380621991055081 -0.00020834099800700581 -0.0017910614682696735 -0.0026006118593248566 -0.012308606094434654 0.0017109990964829787 -0.012644815238963283 0.012199486138753355 0.0019019797076593871 0.00046814527812714046 -0.0018401269860720221 -0.01164836652392736 -0.0035608483362578286 -0.0044296471892999803 0.003057427232432517 0.00261856049495859 0.03022785820313811 0.0052017246625639174 -0.0092178712967360896 0.0094261290500142376 -0.003264439317252964 -0.00024610268583715356 0.0094418220412791059 0.0090834025615338151
leaf_weight=96.091916114091873 2696.5741977989674 462.29474437236786 3549.6003134027123 1102.2944348305464 283.75786006450653 3459.4018082097173 97.467967666685581 1794.9658908098936 260.15648303180933 532.90690594911575 128.45409363508224 2471.8283262997866 347.66381458938122 761.24082314968109 207.67144446074963 7181.7396021187305 12066.681972958148 583.91735969483852 653.49354302883148 1295.1550533771515 107.37239620089531 922.45059738308191 104.97834499925375 525.75697726011276 141.51930285990238 834.18888150155544 750.58413068950176 459.89010407030582 86.276140913367271 376.77768589556217
leaf_count=451 11398 1926 14802 4609 1269 14969 421 7471 1102 2300 554 10617 1507 3282 892 30910 52155 2676 2946 5771 470 4296 1108 2188 575 3446 3098 1948 349 1553
internal_value=-0.000137146 -0.00049413 -0.000567409 -0.000938622 -0.00184701 0.000271812 0.00373031 0.00168302 0.00752451 0.00101264 -0.000982734 0.00098468 -0.00673393 0.0104511 0.00799867 -0.000452449 -0.0023849 -0.00468982 -0.00048144 -0.00675789 0.00176136 0.00540686 0.0162215 0.00104938 0.00334117 0.00697854 0.000227412 -0.000464267 -0.00193077 0.0040655
internal_weight=44343.2 37336.8 37033 30002.6 17140.3 12862.3 2221.16 2257.26 1118.87 7030.45 3480.85 2600.28 880.571 858.709 303.763 10641.1 14883 2816.32 937.251 1879.07 7006.37 1134.8 212.351 5871.57 2338.33 1061.98 1276.34 3533.24 227.795 836.668
internal_count=191059 160630 159287 129507 74214 55293 9414 9397 4805 29780 14978 11171 3807 3703 1343 45879 64817 12662 4215 8447 30429 5874 1578 24555 9656 4370 5286 14899 924 3501
cat_boundaries=0 1 2 3 4 5 6 7 8 9 10 11 12 13 14 15 16 17 18 19
cat_threshold=250610050 2009863 328224 268505200 2180096 524294 1591199 268772388 14977024 14691379 34 786436 9237 96 268443652 268450872 1061120 4591873 13035778
is_linear=0
shrinkage=0.04


Tree=93
num_leaves=31
num_cat=8
split_feature=36 51 23 51 2 62 41 51 15 24 34 16 13 52 51 37 11 39 51 39 51 33 16 24 42 51 6 12 9 6
split_gain=17.6507 18.8476 14.4622 13.8508 19.7995 13.7701 14.667 11.8203 10.6894 10.1716 11.7268 11.4366 9.59074 9.57609 13.9134 12.6084 11.028 12.1889 9.24421 8.99758 12.9689 13.5556 8.98392 12.3507 8.95331 21.9893 11.0365 9.07613 8.84759 8.8008
threshold=0.018019480630755428 0 -1.0000000180025095e-35 1 22.500000000000004 5.5000000000000009 0.91597560048103344 2 0.016807910054922107 19.500000000000004 0.20112359523773196 0.91341829299926769 0.16774892061948779 3 4 0.97837775945663463 71.500000000000014 0.94974747300148021 5 0.95854809880256664 6 0.80000004172325145 0.95854809880256664 11.500000000000002 -0.60785761475563038 7 0.05505050532519818 3.5000000000000004 14.500000000000002 0.075235851109027876
decision_type=8 9 10 9 2 2 2 9 8 10 10 2 2 1 9 8 10 10 9 8 9 10 2 10 2 9 2 10 10 2
left_child=1 5 7 8 24 19 -7 -2 13 10 -10 12 -11 14 -4 18 17 -16 -15 -1 21 -21 23 -6 25 -5 28 -28 -26 -25
right_child=2 -3 3 4 22 6 -8 -9 9 11 -12 -13 -14 15 16 -17 -18 -19 -20 20 -22 -23 -24 29 26 -27 27 -29 -30 -31
leaf_value=0.00083195948837703321 0.0059204090889195806 -0.00018483792876078758 0.0055813400927827638 -0.014955652092756472 -0.004329799139642555 0.024053880982429755 0.00061231018131823768 -0.020783143482584823 -0.0074408167596462984 -0.013564298746364065 -0.0016604295734446296 0.0067922406999438717 0.0007968070906503727 0.0002788319621478249 -0.0010262063434901306 0.0086290496262709359 -0.014430061174893464 0.0075210641854754389 -0.005190864624072534 0.01837559886435353 0.001874204969677261 0.0058957078407452391 0.00020966525338473547 0.0018848455098014727 0.0029270825963037127 0.00068880392557279461 -0.017007612645537722 -0.00072451206005363174 0.016390522515817796 -0.017135791471948977
leaf_weight=1805.1011270731688 32.4213877171278 4792.0994387492537 1069.9305116683245 141.33628402650356 2152.0606085807085 99.369966216385365 75.768418550491333 81.692816838622093 584.88174858689308 87.879589378833771 13050.175372794271 466.1110560297966 361.57999940216541 979.18289296329021 1447.4230082929134 173.14416696131229 77.443858399987221 321.65034781396389 975.44114805757999 165.96792466938496 1321.1721010804176 881.3322277367115 4039.1266739964485 934.9527927339077 5698.9091223701835 1761.4327854067087 55.132516220211983 663.2379651889205 75.163515791296959 35.489601820707321
leaf_count=7669 139 20369 4464 604 9329 906 453 371 2586 377 56586 1979 1562 4122 6296 748 328 1381 4192 691 5616 3895 17722 3889 23863 7646 244 2854 309 162
internal_value=-2.05943e-05 0.00154484 -0.000427079 -0.000379291 0.000510826 0.003446 0.0143221 -0.0143461 -0.00108665 -0.00163746 -0.00191248 0.00242474 -0.00208545 0.000496146 0.00198263 -0.00153391 -0.000120008 0.00053339 -0.00247192 0.00297647 0.00459725 0.00789531 -0.00103171 -0.00264166 0.00182952 -0.000573705 0.00253683 -0.00211075 0.00311983 0.00108448
internal_weight=44406.6 9140.81 35265.8 35151.7 15556.8 4348.71 175.138 114.114 19594.8 14550.6 13635.1 915.571 449.46 5044.22 2916.45 2127.77 1846.52 1769.07 1954.62 4173.57 2368.47 1047.3 7161.63 3122.5 8395.21 1902.77 6492.44 718.37 5774.07 970.442
internal_count=191352 39599 151753 151243 66622 19230 1359 510 84621 63090 59172 3918 1939 21531 12469 9062 8005 7677 8314 17871 10202 4586 31102 13380 35520 8250 27270 3098 24172 4051
cat_boundaries=0 1 2 3 4 5 6 7 8
cat_threshold=12453949 12520455 263427 99 3145731 12125184 917505 512
is_linear=0
shrinkage=0.04


Tree=94
num_leaves=31
num_cat=17
split_feature=38 50 51 51 50 50 62 51 50 6 2 1 50 51 12 51 39 51 2 51 52 12 51 50 11 50 17 51 28 11
split_gain=15.4388 16.0758 21.3383 15.7996 24.7794 13.7801 13.0823 23.4023 19.4479 19.0631 11.3382 11.1149 10.6982 10.6666 9.78116 9.73398 9.30283 8.95456 8.57446 9.45257 9.77861 9.04154 24.186 22.4784 18.543 17.9016 11.3614 11.0811 8.00374 7.68086
threshold=1.0000000180025095e-35 0 1 2 3 4 4.5000000000000009 5 6 0.25357143580913549 18.500000000000004 36.500000000000007 7 8 17.500000000000004 9 0.92215004563331615 10 97.500000000000014 11 12 50.500000000000007 13 14 49.500000000000007 15 0.98894992470741283 16 -14.499999999999998 43.500000000000007
decision_type=8 9 9 9 9 9 2 9 9 2 2 2 9 9 10 9 10 9 2 9 1 8 9 9 10 9 10 9 10 10
left_child=3 2 5 4 -1 -2 9 10 -9 18 -8 -12 17 29 -6 -11 -14 -5 21 -20 -21 24 23 -23 27 -26 -24 -3 -19 -4
right_child=1 6 13 12 14 -7 7 8 -10 15 11 -13 16 -15 -16 -17 -18 28 19 20 -22 22 26 -25 25 -27 -28 -29 -30 -31
leaf_value=0.011730891982749443 -0.016902709182475807 0.0067028800307683076 0.014519209741697918 0.0061945127037872838 -0.015242395195184862 0.007311837777010448 0.0018427977399797068 -0.0075388809081791052 0.0043105381518078328 0.0028030377874554277 0.02149274433487422 0.0037473404399092198 -0.013767711931056857 0.0034410426043627934 0.0024068347335902021 -0.018716473990572829 9.0597705626416171e-05 0.018930194812290701 0.014310722695084195 -0.011861753507377148 0.010459217040432352 0.0021655828179294795 -0.010167348678705435 -0.0069891573886741564 0.013205716926902087 -0.00081901209634872559 -2.0840905312793434e-05 -0.00059765732554584649 -0.00062140188491285192 -0.0083336362799528094
leaf_weight=539.17660216242075 108.33012828975916 320.93266662955284 269.02919793874025 957.3513058796525 79.157317653298378 45.980642519891262 139.48932068049908 344.04721947014332 563.61055091768503 44.672420755028725 186.49174954742193 87.769321575760841 74.374687820672989 973.72582249343395 118.15229022502899 122.96826584637165 3194.866981908679 30.133572429418564 114.23609234392643 55.899905622005463 41.537638440728188 1615.5987318456173 762.44014957547188 567.23259535431862 297.27021613717079 272.96947690844536 234.50396785140038 31510.587725803256 702.27617923915386 21.40405048429966
leaf_count=2455 484 1517 1244 3991 330 208 683 1609 3011 226 1220 464 317 4155 522 636 13505 124 497 239 178 6883 3422 2394 1280 1152 1018 134562 2947 92
internal_value=-1.67434e-05 -0.000303417 0.0038523 0.00192625 0.0073383 -0.00956072 -0.000463469 0.00343551 -0.000208844 -0.000607883 0.0111244 0.0160542 0.00109488 0.00559813 -0.00455162 -0.0138728 -0.000238383 0.00366551 -0.000543268 0.00738347 -0.00204254 -0.000592017 -0.00262685 -0.000235741 -0.000391334 0.00672398 -0.00773543 -0.000520465 0.00027506 0.0122405
internal_weight=44396.2 38700.7 1418.47 5695.49 736.486 154.311 37282.3 1321.41 907.658 35960.8 413.75 274.261 4959 1264.16 197.31 167.641 3269.24 1689.76 35793.2 211.674 97.4375 35581.5 3179.78 2182.83 32401.8 570.24 996.944 31831.5 732.41 290.433
internal_count=191365 167174 6183 24191 3307 692 160991 6987 4620 154004 2367 1684 20884 5491 852 862 13822 7062 153142 914 417 152228 13717 9277 138511 2432 4440 136079 3071 1336
cat_boundaries=0 1 2 3 4 5 6 7 8 9 10 11 12 13 14 15 16 17
cat_threshold=351535522 774 524345 60944 268435456 16197128 85008 134288500 4214833 1065351 12623490 14680577 43 16271387 134265920 18953 12
is_linear=0
shrinkage=0.04


Tree=95
num_leaves=31
num_cat=21
split_feature=37 51 50 51 27 7 51 50 50 6 51 50 51 52 50 50 51 52 11 12 29 51 51 50 51 27 51 50 52 14
split_gain=17.7371 14.5115 15.5559 17.0035 13.1076 12.2083 20.2517 24.5126 17.5985 14.8663 14.0455 17.6514 17.2709 19.0991 18.9236 15.4847 14.3965 23.5818 13.9123 13.6607 12.4051 15.7148 12.5729 11.1933 12.5164 11.9962 11.9924 12.6085 11.3377 11.1887
threshold=0.98346996307373058 0 1 2 0.53001201152801525 1.5000000000000002 3 4 5 0.14434523880481723 6 7 8 9 10 11 12 13 45.500000000000007 52.500000000000007 1.5000000000000002 14 15 16 17 0.48507130146026617 18 19 20 0.11050061136484148
decision_type=10 9 9 9 2 2 9 9 9 2 9 9 9 1 9 9 9 1 10 10 10 9 9 9 9 2 9 9 1 10
left_child=5 2 3 -2 -3 8 7 -7 -1 23 11 16 13 -13 -15 -12 17 -10 -19 -14 22 -22 -18 24 -8 -26 28 -28 29 -25
right_child=1 4 -4 -5 -6 6 9 -9 10 -11 15 12 19 14 -16 -17 20 18 -20 -21 21 -23 -24 26 25 -27 27 -29 -30 -31
leaf_value=0.016975407948965154 0.0036762767608704769 6.1322656877776138e-05 0.0060512760186335448 -0.0092292269959986118 0.010807543545813184 -0.00012878197301282459 -0.00059535396105494544 -0.0068839216600511738 0.0019052685355955979 -0.011867506124957659 -0.0016260092269446116 0.015000818683585148 0.00078328867027264298 0.0082202157865119349 -0.014571143412551127 0.0021925304788561121 0.0001009348349704614 -0.011731945268242495 -0.042305943820257721 -0.013668323107252108 0.0067828400628009902 -0.00293392932832572 -0.0030758912970255802 -0.014521450375668755 0.0033281978098262661 0.014465849059891853 -0.0061824150972877639 0.0011704202553024961 -0.001398194505706046 -0.0038963092714875349
leaf_weight=83.944369964301586 435.55113589018583 4750.6615683808923 1885.7706449106336 241.02569294720888 184.00483937561512 1529.0883280038834 1300.7533851414919 1985.9794236421585 106.46958014369011 171.62639981508255 2211.9045635685325 275.81071880459785 4522.7801492959261 131.70240221917629 81.631736755371094 7142.0948399603367 3098.5848041847348 61.137098073959351 44.714277222752571 102.04614725708961 604.17590990662575 454.45718052983284 5537.2927893027663 238.76687988638878 1012.8506265282631 181.19416598975658 404.1478104442358 3367.6632519513369 1701.4101007282734 492.91267096996307
leaf_count=385 1903 20411 8433 1042 756 6557 5502 8786 468 850 9597 1189 19047 552 340 30736 13247 265 184 443 2588 2008 24133 1100 4315 760 1701 14053 7638 2194
internal_value=-1.68827e-05 0.00175551 0.00418862 -0.000992758 0.00047565 -0.000378249 -0.00140128 -0.00396407 0.000139196 -0.000377022 6.99321e-05 -0.000686731 0.00121734 0.00825217 -0.000797557 0.00128628 -0.001672 -0.0116474 -0.0239892 0.000444719 -0.00143381 0.00263476 -0.00193776 -0.000141789 0.00211082 0.00504619 -0.00105339 0.000355917 -0.00323507 -0.00736577
internal_weight=44342.2 7497.01 2562.35 676.577 4934.67 36845.1 12386.4 3515.07 24458.7 8871.33 24374.8 15020.8 5113.97 489.145 213.334 9354 9906.83 212.321 105.851 4624.83 9694.51 1058.63 8635.88 8699.7 2494.8 1194.04 6204.9 3771.81 2433.09 731.68
internal_count=191183 32545 11378 2945 21167 158638 53456 15343 105182 38113 104797 64464 21571 2081 892 40333 42893 917 449 19490 41976 4596 37380 37263 10577 5075 26686 15754 10932 3294
cat_boundaries=0 1 2 3 4 5 6 7 8 9 10 11 12 13 14 15 16 17 18 19 20 21
cat_threshold=3870781 1593 1703949 3940389 269593136 115343616 9297414 419486920 6 97 1442304 134619292 4 73 8424962 8933376 134361562 4230936 186368 269516801 40
is_linear=0
shrinkage=0.04


Tree=96
num_leaves=31
num_cat=16
split_feature=50 37 63 50 1 38 52 51 50 38 50 51 51 11 50 51 12 51 6 50 37 2 28 51 1 32 38 50 51 50
split_gain=13.8916 13.3043 13.7128 39.3388 15.8473 11.7016 11.2218 16.2931 16.8502 15.7078 14.5527 18.5651 16.188 11.7106 11.5263 23.8475 21.468 12.1827 16.2011 14.1423 11.3685 10.9545 10.3322 12.0153 9.60617 9.08912 8.46864 8.403 8.14389 20.447
threshold=0 0.98346996307373058 1.8691406250000002 1 36.500000000000007 0.40103092789649969 2 3 4 0.61577314138412487 5 6 7 14.500000000000002 8 9 56.500000000000007 10 0.022347066551446918 11 0.95854809880256664 21.500000000000004 3.5000000000000004 12 22.500000000000004 0.45049019157886511 0.69905659556388866 13 14 15
decision_type=9 10 2 9 2 8 1 9 9 8 9 9 9 10 9 9 10 9 2 9 8 2 10 9 2 10 8 9 9 9
left_child=5 6 28 4 -4 -1 10 8 -8 25 12 22 26 -11 15 16 21 18 19 -16 -19 -9 -12 -24 -5 -10 -2 -20 -3 -30
right_child=1 2 3 24 -6 -7 7 14 9 13 11 -13 -14 -15 17 -17 -18 20 27 -21 -22 -23 23 -25 -26 -27 -28 -29 29 -31
leaf_value=0.015500071595344863 -0.0043488276319277102 0.0021385542297543722 0.029622737006606663 -0.018507975798884461 -0.014213634917030054 -0.0012995926657296834 0.0065551551549798779 0.00091019364061986413 -0.0020532259767904993 0.012490064961660956 0.0031818516182587305 -0.0022854598789032957 0.0091124365951905581 0.00059828815251327218 0.0030913521577815091 0.0035120419159779255 -0.021633769151904406 -0.002380649162754937 0.0048430974303075736 -0.0015189825712933148 0.00038156211492945766 -0.0041669461049801586 -0.008668924900934169 0.0038516570984652426 0.0024125614378248538 -0.014924326057174482 0.0066004393198952297 -0.0075836585134234471 0.0037707685660694663 -0.0035361220901645985
leaf_weight=167.53997348994017 314.46793504059315 4635.827537946403 127.44842415302992 50.841215871274471 11.065059967339037 103.23033998161554 944.65619367361069 1616.6559845209122 829.58571515232325 204.3088141977787 2797.5115174725652 2561.9675128534436 672.39350721240044 373.01452830433846 2578.3994173407555 2504.7487305551767 80.072074487805367 13991.898153625429 93.970180124044418 1789.2461740225554 2857.359723649919 1161.1730117499828 260.96978266537189 208.19306643307209 88.479216426610947 94.590179607272148 169.55029420554638 525.10633708536625 991.6916701644659 1548.9420980662107
leaf_count=753 1307 19660 1373 276 73 451 4234 6665 3631 868 11881 10978 2789 1632 11200 10536 352 60636 403 7899 12389 4891 1094 854 455 392 700 2373 4114 6459
internal_value=5.18086e-06 -5.13367e-05 0.00148793 0.0101373 0.0239402 0.00879632 -0.000365303 -0.000705479 0.00240994 -0.000223849 0.0010745 0.000252398 0.00514476 0.00491212 -0.000987579 0.000670493 -0.0018183 -0.00139588 0.000337536 0.00120213 -0.00190993 -0.00120861 0.00225022 -0.00319025 -0.00510615 -0.00346534 -0.000435259 -0.00568557 0.00114347 -0.000670788
internal_weight=44354.9 44084.1 7454.3 277.834 138.513 270.77 36629.8 29644.8 2446.16 1501.5 6985.05 5828.64 1156.41 577.323 27198.6 5362.65 2857.9 21836 4986.72 4367.65 16849.3 2777.83 3266.67 469.163 139.32 924.176 484.018 619.077 7176.46 2540.63
internal_count=191318 190114 32410 2177 1446 1204 157704 128101 10757 6523 29603 24807 4796 2500 117344 22444 11908 94900 21875 19099 73025 11556 13829 1948 731 4023 2007 2776 30233 10573
cat_boundaries=0 1 2 3 4 5 6 7 8 9 10 11 12 13 14 15 16
cat_threshold=217055616 268444676 1 4194456 268543076 426064 1855262 4000432 302256688 3514112 2199552 16934978 265728 172033 16453899 285286957
is_linear=0
shrinkage=0.04


Tree=97
num_leaves=31
num_cat=10
split_feature=1 36 50 6 40 50 52 34 38 50 40 6 41 38 1 50 40 2 10 50 50 50 41 41 52 41 2 36 38 52
split_gain=12.281 11.0897 17.2078 14.2078 14.6119 31.967 13.3099 13.7509 12.411 12.2767 13.4703 11.9818 11.1092 20.2515 10.6441 23.8141 12.9908 10.64 31.5322 17.9262 12.2969 12.2866 14.2707 16.3407 10.2793 9.94646 9.85147 9.88685 9.74787 9.52401
threshold=97.500000000000014 0.055867666378617294 0 0.016001024283468727 0.78656607866287243 1 2 0.98346996307373058 0.14213564246892932 3 -0.6035533845424651 0.44703525304794317 0.91597560048103344 0.23117408901453021 13.500000000000002 4 0.37940952181816107 25.500000000000004 24.500000000000004 5 6 7 1.0000000180025095e-35 0.91597560048103344 8 0.37940952181816107 39.500000000000007 0.40103092789649969 0.47520491480827337 9
decision_type=2 8 9 2 2 9 1 8 10 9 2 2 2 10 2 9 2 2 2 9 9 9 2 2 1 2 2 8 10 1
left_child=1 11 6 4 14 25 7 -3 -7 26 -11 17 -8 -14 15 -4 -17 18 21 24 -20 29 -23 -24 -19 -6 -5 -28 -15 -1
right_child=-2 2 3 9 5 8 12 -9 -10 10 -12 -13 13 28 -16 16 -18 19 20 -21 -22 22 23 -25 -26 -27 27 -29 -30 -31
leaf_value=0.0034104437597364951 0.0085481690764786754 0.00078453956803662696 -0.0064306304161345007 0.0049638763542138699 -0.0072548257259672953 0.0041456908218131996 -0.0021680021333983566 -0.0086099042705519713 0.012768719936041475 -0.0082492585407708523 -0.0016839411596333983 0.027110675325752415 -0.0034165777932828392 -0.02480901874696783 0.00077981782944951594 -0.00020293179082419999 0.010661570315588106 -0.00047390560454132412 0.029697598140047111 0.0012492481421998282 0.0028035547408072408 0.0006885110540034541 0.0092587298014802141 0.0014015234745609029 -0.0051329805496932073 0.016584810400004056 -0.019266795245622297 0.008044175722541071 -0.0073981989910565683 -0.0033298223203949225
leaf_weight=457.15735761076212 256.39404153078794 3621.301841750741 1096.041226066649 514.97476493567228 362.95876874029636 636.89078865200281 6891.7150148823857 262.62481665611267 477.53565686941147 690.75901290774345 1832.6298026442528 22.6484754383564 708.67473119497299 120.79115049540997 11426.835004158318 1028.7657735496759 206.60216134786606 1687.8593823984265 75.420773811638355 5150.9195068180561 59.612058214843273 2295.4924767278135 891.9806232303381 819.21409983187914 1391.2936492785811 25.165573418140411 53.126342564821243 28.612527266144753 104.09152127802372 1141.1937067732215
leaf_count=1982 1124 15663 4665 2228 1530 2683 30333 1140 2016 3106 7821 165 2940 501 48660 4329 861 7335 601 22225 257 9705 3923 3630 6040 159 228 121 433 4884
internal_value=-9.51537e-05 -0.000146842 -0.00057984 0.000183038 0.000687127 0.00442656 -0.00177731 0.000133563 0.00782915 -0.00227269 -0.00348802 0.000782723 -0.00272672 -0.00682554 0.000275827 -0.00218218 0.0016205 0.000728924 0.00205024 -0.000190886 0.0208127 0.00157652 0.00275605 0.00552388 -0.00260022 -0.00533132 0.00283068 -0.00956345 -0.0171733 -0.0013758
internal_weight=44339.3 44082.9 30090.1 18380.9 15260.8 1502.55 11709.2 3883.93 1114.43 3120.1 2523.39 13992.8 7825.27 933.557 13758.2 2331.41 1235.37 13970.1 5740.07 8230.07 135.033 5605.04 4006.69 1711.19 3079.15 388.124 596.714 81.7389 224.883 1598.35
internal_count=191288 190164 129417 78407 64903 6388 51010 16803 4699 13504 10927 60747 34207 3874 58515 9855 5190 60582 24982 35600 858 24124 17258 7553 13375 1689 2577 349 934 6866
cat_boundaries=0 1 2 3 4 5 6 7 8 9 10
cat_threshold=134367241 286629888 65 277155872 268506624 286290477 25088 337017 106 3
is_linear=0
shrinkage=0.04


Tree=98
num_leaves=31
num_cat=16
split_feature=39 50 51 50 30 30 50 51 50 52 1 12 51 50 11 2 10 11 37 50 51 62 50 51 6 51 50 51 22 2
split_gain=14.1718 11.9706 10.7899 31.1677 10.8074 9.5169 12.3402 9.45051 14.0109 12.9784 12.2528 9.17705 29.119 31.1633 14.8784 18.9986 13.8848 12.7876 11.756 11.1166 17.9334 11.0203 31.0244 18.9892 11.9854 17.2233 11.2711 10.898 10.4566 10.3045
threshold=0.99494948983192455 0 1 2 0.012500000651925804 0.0060249709058552989 3 4 5 6 15.500000000000002 50.500000000000007 7 8 80.500000000000014 69.500000000000014 92.500000000000014 49.500000000000007 0.64334636926651012 9 10 5.5000000000000009 11 12 0.21483516693115237 13 14 15 1.0000000180025095e-35 57.500000000000007
decision_type=10 9 9 9 10 10 9 9 9 1 2 10 9 9 10 2 2 10 8 9 9 2 9 9 2 9 9 9 2 2
left_child=1 -1 3 4 -3 6 -5 9 -9 -2 -11 17 13 14 15 -13 18 21 -14 20 -19 24 -23 -24 26 -26 -4 29 -21 -15
right_child=7 2 11 5 -6 -7 -8 8 -10 10 -12 12 16 27 -16 -17 -18 19 -20 28 -22 22 23 -25 25 -27 -28 -29 -30 -31
leaf_value=0.0079104564310746254 0.0078909134715051902 0.025522928985547345 -0.0012562280215127582 0.0059744966446326668 0.004727987954286794 0.0051671118921939518 -0.010784651854384189 0.005575433553820691 -0.000820700585992532 -0.0067124206501419439 0.0039589441634944704 0.0048663566750517849 0.0052643244212094258 0.00082725786361826249 0.010408541154209718 -0.0067382564135802341 -0.026494055686633527 -0.0013130573083650343 -0.0087468678263108186 -0.013475651615309153 0.015102892755118167 -0.0068107014432539636 -0.00026105821744377235 0.018060159362701552 -0.017386196227120409 0.0026759239313565064 0.00024587464290620368 -0.0019860276536007872 0.0051271924809385807 -0.01364203410369927
leaf_weight=270.23307041823864 855.73956283181906 123.54009506106377 13063.368390455842 94.119050718843937 65.713801845908165 243.0838834643364 196.77470240741968 704.76058901846409 2273.9693606942892 238.38418678194284 580.22261425852776 729.17270362377167 104.14292331039906 99.65378075838089 393.21538062393665 320.26249055564404 59.939055800437927 171.91737343370914 767.97166550159454 79.096345186233521 266.32697163522243 219.44867585599422 143.6449813619256 248.18235010281205 142.18134512007236 118.29837617278099 20506.964442119002 810.01665112376213 107.5600209236145 321.93561264872551
leaf_count=1210 3653 827 56356 635 314 1117 1077 3003 9599 1014 2553 3142 463 413 1708 1362 259 751 3406 333 1120 1029 837 1659 726 587 86842 3447 455 1328
internal_value=-6.78609e-06 -0.000252303 -0.000311727 0.00447684 0.0177967 -0.000564882 -0.00544785 0.00207994 0.000706282 0.00447161 0.000795539 -0.000403496 -0.00232412 -0.000173324 0.00379095 0.00129078 -0.00834907 -0.000205219 -0.00703046 0.00544099 0.00878868 -0.000309017 0.00498955 0.0115324 -0.000406069 -0.00887484 -0.00033845 -0.00482269 -0.00265866 -0.00997159
internal_weight=44319.8 39666.8 39396.5 723.232 189.254 533.978 290.894 4653.08 2978.73 1674.35 818.607 38673.3 3606.31 2674.26 1442.65 1049.44 932.054 35067 872.115 624.901 438.244 34442.1 611.276 391.827 33830.8 260.48 33570.3 1231.61 186.656 421.589
internal_count=191225 171403 170193 3970 1141 2829 1712 19822 12602 7220 3567 166223 15528 11400 6212 4504 4128 150695 3869 2659 1871 148036 3525 2496 144511 1313 143198 5188 788 1741
cat_boundaries=0 1 2 3 4 5 6 7 8 9 10 11 12 13 14 15 16
cat_threshold=15729026 56 268472388 9216 5898633 73845 19 16336899 34816 23561 5486724 16865392 6531 15405312 201435145 11534336
is_linear=0
shrinkage=0.04


Tree=99
num_leaves=31
num_cat=19
split_feature=50 51 1 11 50 50 51 51 51 50 50 50 2 51 39 33 1 1 51 5 50 51 52 18 50 51 50 52 62 38
split_gain=14.4577 17.7703 11.6666 31.0626 36.2685 22.6554 50.3538 48.9212 21.0497 24.8782 17.9927 16.7793 18.6424 13.6151 12.8894 13.6475 12.4204 23.0041 12.8723 12.3749 17.1671 11.6505 10.8745 10.7209 10.6783 10.5811 14.5866 13.1053 10.388 9.97478
threshold=0 1 25.500000000000004 24.500000000000004 2 3 4 5 6 7 8 9 29.500000000000004 10 0.92893216013908397 0.9062500298023225 83.500000000000014 69.500000000000014 11 0.94160273671150219 12 13 14 0.99494948983192455 15 16 17 18 5.5000000000000009 0.23117408901453021
decision_type=9 9 2 10 9 9 9 9 9 9 9 9 2 9 10 8 2 2 9 2 9 9 1 10 9 9 9 1 2 10
left_child=1 -1 3 8 23 6 -4 16 9 29 -10 28 -13 24 -8 -16 17 -7 -19 20 -15 -14 -21 -5 -12 -11 -27 -28 -9 -2
right_child=2 -3 5 4 -6 7 14 11 10 25 13 12 21 19 15 -17 -18 18 -20 22 -22 -23 -24 -25 -26 26 27 -29 -30 -31
leaf_value=-0.0031011975629079516 -0.004488005462204612 0.01972495062872396 0.00023902212358911182 0.0067116142026098303 8.382244351651384e-06 0.003102548955013806 -0.0048584082003604815 -0.0031724314281539705 0.0058194739945393549 0.0019499094933500614 -0.00026514343704010904 -0.010670251549003711 -0.0037481376761090723 0.0085566906249515545 -0.0025028588771948148 -0.014049739943067274 0.0082335530649919088 -0.0014795993461833941 -0.016287437815055688 0.0024695744322984566 -0.0061199337216602812 0.0043748250406681968 -0.00049124103537135483 0.037674213956562307 0.014728620718192385 0.0042554427939535139 -0.0055908247624950301 -0.00036667018340661871 -0.01822924949632684 -0.00059535200913046651
leaf_weight=90.705480799078941 2972.0149133130908 116.79747743904591 4367.1800357252359 27.12689220905304 158.93532007187605 4639.8344298377633 2355.7856083810329 4560.7881393432617 1423.7017954960465 4265.5412586294115 125.12956435233355 185.2787581384182 351.16314370930195 139.19321347773075 237.61800408363342 577.47690796852112 629.23103489726782 306.63585197925568 129.12554217875004 4609.6753257215023 753.36382894217968 1239.4943827986717 3457.7334453687072 90.507362328469753 190.47554588317871 746.36103196442127 1046.8179377391934 2838.7108512744308 70.400642611086369 1652.2498463317752
leaf_count=386 12808 525 18798 116 690 20093 10568 19797 6180 17946 598 773 1516 617 1034 2542 2732 1283 588 19566 3291 5172 14725 694 1038 3066 4545 12186 349 7201
internal_value=-4.91466e-05 0.0101207 -0.00010081 0.000480983 0.013692 -0.000827135 -0.0025464 0.000243735 0.000326512 -0.000721278 0.00165142 -0.00215096 0.00114211 0.00100115 -0.00637204 -0.0107437 0.00293531 0.00227286 -0.00645095 0.000703298 -0.00374678 0.00256682 0.00120101 0.028905 0.00898116 0.000514314 -0.000805459 -0.00179535 -0.00341767 -0.00309694
internal_weight=44355.1 207.503 44147.6 24497.5 276.57 19650 7538.06 12112 24221 13521.7 10699.3 6407.13 1775.94 9275.57 3170.88 815.095 5704.83 5075.6 435.761 8959.97 892.557 1590.66 8067.41 117.634 315.605 8897.43 4631.89 3885.53 4631.19 4624.26
internal_count=191423 911 190512 105267 1500 85245 32942 52303 103767 57752 46015 27607 7461 39835 14144 3576 24696 21964 1871 38199 3908 6688 34291 810 1636 37743 19797 16731 20146 20009
cat_boundaries=0 1 2 3 4 5 6 7 8 9 10 11 12 13 14 15 16 17 18 19
cat_threshold=216007042 1524228 26624 285630988 4226831 12451899 4074755 268706905 285220912 1055745 44 12058634 132097 49284 85 19528 2760960 34603520 40
is_linear=0
shrinkage=0.04


Tree=100
num_leaves=31
num_cat=14
split_feature=38 34 50 43 51 9 2 50 51 1 51 50 63 51 37 50 42 8 50 18 15 50 51 3 51 2 50 30 50 10
split_gain=15.0009 13.6282 12.233 12.1723 18.7467 11.2848 11.8068 22.1974 31.7706 20.8906 18.2278 30.2592 14.4366 11.0036 11.0609 10.0879 9.9581 9.61649 15.2832 9.36566 9.1252 8.57933 18.0191 8.48756 8.48065 11.759 9.19664 8.80511 8.67192 7.73533
threshold=0.022599591873586181 1.0000000180025095e-35 0 1.0000000180025095e-35 1 42.500000000000007 41.500000000000007 2 3 83.500000000000014 4 5 1.8691406250000002 6 0.95675548911094677 7 1.0000000180025095e-35 6.5000000000000009 8 0.30053764581680303 0.30053764581680303 9 10 1.0000000180025095e-35 11 25.500000000000004 12 0.0036498295376077299 13 28.500000000000004
decision_type=8 8 9 2 9 10 2 9 9 2 9 9 2 9 10 9 2 10 9 10 10 9 9 2 9 2 9 10 9 2
left_child=3 -2 -3 -1 -5 6 10 8 9 -8 11 -4 -10 -9 -15 -7 -13 24 19 -19 -20 22 -12 -23 25 26 -6 -27 -26 -29
right_child=1 2 5 4 17 15 7 13 12 -11 21 16 -14 14 -16 -17 -18 18 20 -21 -22 23 -24 -25 28 27 -28 29 -30 -31
leaf_value=0.00022752341488509471 -0.011856039740973537 0.011849343897210299 0.017017270362586125 0.0090571408081005327 -0.0019390299633906679 0.015874168674143055 0.0015673715705050435 -0.0011979885871563202 -0.0033439139143455368 0.013129814017167609 -0.0066800720700879879 -0.012121568664602088 -0.022161908043826874 -0.0088452219869089091 -0.0019385405568501815 -0.0030462763036085833 0.0073001440805859135 0.022445015433727088 8.6683431170370644e-05 -0.00072700653869023346 -0.01917434848156822 0 0.0045363259619865468 -0.0019487732561365028 0.0048011997212152411 -0.0093299070689419946 0.01220202900718197 -0.011601802681843385 -0.0038146884771835805 0.0050429268689448515
leaf_weight=3695.5320225805044 157.93822473287582 117.95462867617607 240.49157089740038 755.19833972305059 89.360877931118011 112.99479764699936 2226.5071254521608 977.10238036513329 1756.6645067185163 278.04911953955889 260.55959061533213 106.42447696626186 63.482105761766434 1163.4998819679022 560.58872274309397 66.426280543208122 62.502363197505474 33.203785821795464 55.687235459685326 96.86402927339077 113.91213519871235 23948.077771149576 1366.7761436067522 4194.7648181393743 291.19776040315628 97.348531551659107 391.15720475465059 43.95645247399807 463.64075817912817 470.78552351891994
leaf_count=15772 718 522 1359 3223 370 464 9581 4101 7787 1220 1125 534 275 5222 2419 282 312 138 235 404 475 102775 5926 18285 1254 430 1681 185 1998 1959
internal_value=-1.27409e-06 -0.000310018 -0.000259286 0.00175692 0.00369369 -0.000302693 -0.000352171 -0.00182838 -4.02252e-05 0.00287113 -7.597e-06 0.0082228 -0.00404793 -0.00466115 -0.00658509 0.00956379 -0.00455541 0.00173114 -0.00482944 0.00526256 -0.0122146 -0.00012554 0.00268363 -0.000290031 0.00282561 0.00504695 0.00974955 0.0013555 -0.000436129 0.00348513
internal_weight=44258.6 37660.8 37502.9 6597.84 2902.31 37384.9 37205.5 7025.89 4324.7 2504.56 30179.6 409.418 1820.15 2701.19 1724.09 179.421 168.927 2147.11 299.667 130.068 169.599 29770.2 1627.34 28142.8 1847.45 1092.61 480.518 612.091 754.839 514.742
internal_count=191031 162907 162189 28124 12352 161667 160921 30605 18863 10801 130316 2205 8062 11742 7641 746 846 9129 1252 542 710 128111 7051 121060 7877 4625 2051 2574 3252 2144
cat_boundaries=0 1 2 3 4 5 6 7 8 9 10 11 12 13 14
cat_threshold=14680448 525581 268495889 16548633 12 1225221 4202935 35392 268448333 336920610 3968 15995392 229969 136772
is_linear=0
shrinkage=0.04


Tree=101
num_leaves=31
num_cat=18
split_feature=1 50 51 51 50 37 50 51 51 51 50 51 37 51 51 50 11 18 2 51 15 16 50 37 39 51 52 11 2 51
split_gain=13.7642 13.8169 37.3394 30.7538 21.0798 19.0603 22.4861 20.7436 18.9441 17.6191 19.2139 19.0098 17.2586 16.0764 15.2301 14.7252 13.9018 13.9063 13.7636 17.4797 13.4499 12.3395 11.6341 11.3589 11.2056 10.728 11.6252 10.526 10.2805 9.89713
threshold=97.500000000000014 0 1 2 3 0.82998797297477733 4 5 6 7 8 9 0.81501609086990368 10 11 12 30.500000000000004 0.96178188920021068 21.500000000000004 13 0.5025252401828767 0.98936051130294811 14 0.84654632210731517 0.80104166269302379 15 16 30.500000000000004 10.500000000000002 17
decision_type=2 9 9 9 9 8 9 9 9 9 9 9 8 9 9 9 10 10 2 9 10 2 9 8 8 9 1 8 2 9
left_child=1 3 4 -1 14 7 16 -5 -8 21 12 -12 -11 15 -3 -14 17 20 23 -20 -7 -4 -23 -6 -21 -18 -27 -15 -9 -2
right_child=29 2 9 5 18 6 8 28 -10 10 11 -13 13 27 -16 -17 25 -19 19 24 -22 22 -24 -25 -26 26 -28 -29 -30 -31
leaf_value=-0.0020821309407806732 0.012961479172320668 -0.00025536924697383459 0.0014138006941464625 -0.0046038644117198171 9.5669828229861357e-05 0.0017776017640669473 0.0026110884692709031 -0.0090662405914388299 -0.0077263439712487673 0.0031251934113807086 -0.0030882669810605992 0.0059132733182909571 -0.0024464418203430701 -0.0016603348422692646 -0.0054619094158024533 0.0042411179226956195 0.0050038430577605325 0.0092641033487348718 0.0013232890464046488 0.00021623898333776804 0.0097052415755987109 0.022470433031449605 0.0064922667799673008 0.0045652617130310979 -0.0071598878896440479 0.0030208882921505358 -0.0031266815678724713 -0.0086010574173484306 0.0015738313158707756 -0.0050011293850539349
leaf_weight=11828.303971260786 200.8963668346405 1548.7598184123635 200.87072008103132 1742.2351243793964 2083.5649756640196 1848.8023687899113 507.62373890727758 148.64261564612389 610.22510150820017 2947.9097944200039 427.04346506297588 2680.9959851056337 925.26385835558176 1035.6973790116608 2184.2901164852083 1181.8862674199045 766.06495302170515 863.15623360872269 1607.0065278410912 486.0519855171442 419.39616043865681 141.33309123665094 213.13142359256744 1623.1689477860928 983.80548328906298 836.97542807459831 1148.2840573936701 532.98046927899122 2569.8033546060324 57.041451014578342
leaf_count=52063 883 6629 1000 7250 8733 7851 2157 647 2695 12213 1746 11177 3845 4475 9354 4976 3241 3918 7043 2136 1737 932 1156 6870 4229 3678 5050 2291 11288 254
internal_value=7.14401e-05 1.65713e-05 0.000765904 -0.000651995 -0.00090831 0.000822998 0.00212627 -0.0012161 -0.00304197 0.00247825 0.00207106 0.00466117 0.000844911 -0.000977843 -0.00331683 0.00129861 0.00311338 0.00494105 0.000418566 -0.00155334 0.00327037 0.00933665 0.0139484 0.00206179 -0.00468298 0.00103211 -0.00052168 -0.00402551 0.000965574 0.00919627
internal_weight=44351.2 44093.3 20803.8 23289.5 10516.6 11461.2 7000.53 4460.68 1117.85 10287.1 9731.78 3108.04 6623.74 3675.83 3733.05 2107.15 5882.68 3131.35 6783.6 3076.86 2268.2 555.335 354.465 3706.73 1469.86 2751.32 1985.26 1568.68 2718.45 257.938
internal_count=191517 190380 88805 101575 44994 49512 30327 19185 4852 43811 40723 12923 27800 15587 15983 8821 25475 13506 29011 13408 9588 3088 2088 15603 6365 11969 8728 6766 11935 1137
cat_boundaries=0 1 2 3 4 5 6 7 8 9 10 11 12 13 14 15 16 17 18
cat_threshold=184634377 4049185 442006 274496 84992 14680065 4210945 28 268608134 512 4204034 2424833 8704 575489 45060 3670056 88 15204867
is_linear=0
shrinkage=0.04


Tree=102
num_leaves=31
num_cat=9
split_feature=14 50 38 12 50 63 50 36 3 32 40 14 50 10 39 37 50 1 2 50 38 40 40 50 26 22 17 52 50 39
split_gain=14.5012 12.5153 10.5391 12.4643 17.1391 15.5622 26.6315 28.1633 15.2482 12.5599 14.126 16.8842 12.005 12.7728 11.8514 11.5441 11.2086 10.1956 16.9545 11.6827 8.98533 8.55698 8.27472 7.67849 10.9119 10.2311 10.127 7.68607 10.5093 8.27284
threshold=0.96225070953369152 0 1.0000000180025095e-35 39.500000000000007 1 1.8691406250000002 2 0.050252525135874755 5.5000000000000009 0.18230694532394412 0.78656607866287243 0.011173533275723459 3 44.500000000000007 0.71509739756584179 0.68989801406860363 4 24.500000000000004 25.500000000000004 5 0.13299319893121722 0.37940952181816107 -0.7865660786628722 6 -0.27223320305347437 13.500000000000002 0.38935969769954687 7 8 0.94474968314170849
decision_type=10 9 8 10 9 2 9 10 2 10 2 10 9 2 10 8 9 2 2 9 10 2 2 9 2 2 10 1 9 10
left_child=1 22 23 5 -5 8 7 14 12 10 11 -6 13 -4 -7 -12 -11 19 -19 -8 -9 -14 -1 24 -3 26 -25 28 -28 -29
right_child=-2 2 3 4 9 6 17 20 -10 16 15 -13 21 -15 -16 -17 -18 18 -20 -21 -22 -23 -24 25 -26 -27 27 29 -30 -31
leaf_value=-0.00043517824027171999 -0.017878587996605678 -0.015458656845976677 -0.00065934596823592046 -0.004750313636812659 0.0025120491581421605 0.03152039750470037 0.0003894651353817043 -0.0058567890223802732 -0.013086172884607988 0.010818622007242807 0.013081845770430455 -0.0027795384072879792 0.00052383100723263614 0.0056214597353399899 0.0051655954215690594 -0.01395911487706881 -0.0026091452652851157 0.031625628474324 -0.0025463655907039095 -0.018266103710474033 0.0099257234851481344 0.003097355508866962 0.017261655346511365 -0.0071303300477252333 -0.00030454655049578654 0.013635985119860045 0.0087281521283145008 -0.010935736076749709 0.0024162975167307428 0.0010799040241210249
leaf_weight=62.442253038287163 66.586032062768936 82.147213697433472 19128.122807703912 2048.236707277596 1715.1213732659817 123.00983891636133 124.70344714075327 88.909035705029964 135.75053270161152 268.40130946040154 24.096666902303696 2188.9291318356991 8608.3443873077631 526.97896414995193 39.968436233699322 198.22452837228775 147.39071518182755 26.942101016640663 79.737247966229916 81.208387523889542 142.62175495922565 2728.7125649228692 111.95649405568838 182.61692593991756 621.66839168965816 119.07693676650524 539.75733999162912 90.84011909365654 1999.078682333231 2036.4429987445474
leaf_count=261 292 348 82714 8873 7485 1222 626 489 681 1140 103 9696 36209 2225 346 881 633 145 414 373 793 11258 511 755 2647 493 2412 379 8449 8644
internal_value=0.000107915 0.000137435 9.28462e-05 -0.000144302 -0.00172726 0.00018299 0.00602995 0.0127041 4.85814e-05 -0.000344725 -0.00101983 -0.00044949 0.000108861 -0.000488297 0.0255224 -0.010717 0.00623185 -0.0027123 0.00693429 -0.00797937 0.00378491 0.0011451 0.0103988 0.00170193 -0.00216749 0.0022556 0.00196289 0.0023303 0.00380941 0.0005305
internal_weight=44338 44271.4 44097 38425.4 6590.4 31835 707.1 394.509 31127.9 4542.16 4126.37 3904.05 30992.2 19655.1 162.978 222.321 415.792 312.591 106.679 205.912 231.531 11337.1 174.399 5671.63 703.816 4967.81 4848.74 4666.12 2538.84 2127.28
internal_count=191497 191205 190433 166306 28811 137495 4408 2850 133087 19938 18165 17181 132406 84939 1568 984 1773 1558 559 999 1282 47467 772 24127 2995 21132 20639 19884 10861 9023
cat_boundaries=0 1 2 3 4 5 6 7 8 9
cat_threshold=48234882 286331460 336638989 16907273 51201 16974400 286392329 99 78848
is_linear=0
shrinkage=0.04


Tree=103
num_leaves=31
num_cat=17
split_feature=14 16 50 51 51 52 6 51 51 14 50 1 50 8 50 1 1 51 50 50 51 51 38 42 51 18 16 38 50 51
split_gain=12.76 15.9012 16.0653 26.8478 16.1911 16.1079 14.0378 16.4969 14.2884 22.7795 17.654 15.4001 15.9097 12.8394 12.4112 23.4347 12.2447 12.2211 35.0337 32.6143 15.2403 13.7287 12.1084 11.6645 18.8362 16.8027 13.1352 11.9445 12.5056 12.3336
threshold=0.050252525135874755 0.53390806913375866 0 1 2 3 0.11269841343164445 4 5 0.17974359542131427 6 31.500000000000004 7 8.5000000000000018 8 51.500000000000007 53.500000000000007 9 10 11 12 13 0.067041199654340758 -0.60785761475563038 14 0.77836257219314586 0.92893216013908397 0.032433379441499717 15 16
decision_type=8 2 9 9 9 1 2 9 9 10 9 2 9 10 9 2 2 9 9 9 9 9 10 2 9 8 2 10 9 9
left_child=1 -1 3 -3 16 17 8 -8 10 11 -2 -10 -13 -9 15 -11 -4 18 20 21 -6 -19 -20 25 26 -12 -25 29 -29 -27
right_child=6 2 4 -5 5 -7 7 13 9 14 23 12 -14 -15 -16 -17 -18 19 22 -21 -22 -23 -24 24 -26 27 -28 28 -30 -31
leaf_value=0.017871510998652283 -0.0035735988005157434 -0.0092655452953175291 -0.00048125883264129709 -0.00010003001842158868 0.0054042812283872079 0.00069178105916603702 -0.011697154389196588 0.0055161054466953442 0.00021858996799390543 -0.005848102153286832 -0.0070309080658246537 -0.0090518942030095827 -0.00065890846873516346 -0.019460270564135931 0.0031974305683544956 0.027062049097690229 -0.0092843950079942606 -9.4038765863190205e-05 0.0076016494578916459 0.003892615370097371 -0.005938928871596018 -0.011589536426160459 0.017534242571189421 0.0012966345076311089 0.00077016494902974774 -0.012764960961760708 -0.021266017594563751 -0.0021524935548461188 0.0088503887461564741 0.00059205411335270098
leaf_weight=82.491037867963314 3714.0081944316626 593.85829050093889 2856.2055662274361 3235.4794690087438 389.69760086387396 7471.3034930117428 362.04845127463341 210.50704051554203 3701.1987690776587 465.39906205236912 903.39415925741196 673.6476833075285 791.09009678661823 33.75182256102562 4811.7460654228926 32.285286590456963 273.22315441071987 354.74113453924656 451.58623479679227 3560.9390210770071 341.33687349408865 313.28583876788616 379.92294465750456 62.575351417064667 7037.4678789675236 165.33918638527393 105.20412561297417 298.08133134245872 342.7645790874958 283.86630417406559
leaf_count=415 16210 2617 12609 13859 1758 32630 1787 970 15686 1962 3937 2967 3435 163 20205 135 1238 1473 2073 15600 1455 1335 1783 257 29648 738 431 1288 1507 1214
internal_value=0.000106045 0.000844308 0.000769458 -0.00155724 0.00131467 0.00192578 -0.000517885 -0.00650369 -0.000360499 0.000735598 -0.00125079 -0.00115155 -0.00461627 0.00159932 0.00257624 -0.00335865 -0.00126577 0.00350835 0.0065361 0.00236578 6.81474e-05 -0.00565051 0.0120969 -0.000306488 0.000440426 -0.00301207 -0.0122332 0.00031722 0.00382824 -0.00463464
internal_weight=44298.4 20304.1 20221.6 3829.34 16392.2 13262.8 23994.4 606.307 23388.1 10475.4 12912.7 5165.94 1464.74 244.259 5309.43 497.684 3129.43 5791.51 1562.54 4228.97 731.034 668.027 831.509 9198.69 7205.25 1993.45 167.779 1090.05 640.846 449.205
internal_count=191385 88845 88430 16476 71954 58107 102540 2920 99620 44390 55230 22088 6402 1133 22302 2097 13847 25477 7069 18408 3213 2808 3856 39020 30336 8684 688 4747 2795 1952
cat_boundaries=0 1 2 3 4 5 6 7 8 9 10 11 12 13 14 15 16 17
cat_threshold=16842857 1605668 399744 73 8102656 3976739 76944393 285349892 336625665 524303 277891076 131712 524289 1172480 2 268452422 790016
is_linear=0
shrinkage=0.04


Tree=104
num_leaves=31
num_cat=7
split_feature=51 9 39 38 23 10 40 9 11 37 51 51 35 42 51 38 52 51 36 13 51 29 30 16 36 18 2 2 38 12
split_gain=13.1553 9.52521 9.68309 8.82837 10.2399 9.47854 13.8633 12.1307 19.6767 11.9498 11.8453 9.87716 13.1957 11.479 9.73863 9.36877 9.02014 20.019 12.968 8.82758 7.60131 9.78018 7.15486 6.75077 6.47369 9.74656 7.9598 6.72744 6.55492 6.41764
threshold=0 43.500000000000007 0.42933948338031774 0.024695121683180336 -1.0000000180025095e-35 39.500000000000007 0.98296290636062633 11.500000000000002 77.500000000000014 0.70991116762161266 1 2 0.86754387617111217 -0.60785761475563038 3 0.48666429519653326 4 5 0.42967033386230474 0.041885966435074813 6 22.500000000000004 0.43750001490116125 0.97700846195220958 0.22287581861019137 0.78611555695533764 72.500000000000014 12.500000000000002 0.44504831731319433 9.5000000000000018
decision_type=9 10 8 8 8 2 2 10 10 10 9 9 8 2 9 8 1 9 10 2 9 10 10 2 8 10 2 2 8 8
left_child=24 3 -3 16 -5 6 11 14 10 -8 -9 12 -6 -13 15 -7 17 18 29 -19 21 -18 -4 -16 26 -26 27 -1 -29 -2
right_child=1 2 22 4 5 7 9 8 -10 -11 -12 13 -14 -15 23 -17 20 19 -20 -21 -22 -23 -24 -25 25 -27 -28 28 -30 -31
leaf_value=-0.0090598814481851302 0.01902721950925837 0.028982716431420363 0.0097070224955527976 -0.014184964937067222 -0.0080544011149907748 -0.0030792651748616944 0.020768228600856968 0.0057546630823117418 0.020507860616596759 0.001342706122803714 -0.0027825461502740375 -0.0024273538925386343 0.0011150457503098228 -7.8937617660938732e-05 -0.0075615877788969632 0.001170171364086269 0.0017792523719857493 0.0017455871541812336 -0.0070672917084467655 -0.007802755792407347 -0.001019538090914229 0.024148832224494425 -0.0067375514805664448 -0.0028715727503727862 0.020203468141617921 -0.0038413234032797922 -0.0061230342826461906 0.018147962792263241 0.003711191804061883 0.0076442613327687191
leaf_weight=17.486553780734539 89.932262122631073 26.596286132931709 129.11635927855968 80.152526542544365 251.77621871978045 1714.7722799032927 89.996299169957638 413.4992398172617 80.90150685608387 115.30799583718181 645.11375711858273 4308.1969739459455 10647.754863619804 14700.015374258161 756.44739738106728 1592.268801599741 2264.1978506967425 447.80074389278889 84.293220162391663 229.25431697070599 2731.4259676635265 26.926107004284859 56.240113660693169 1483.1670813262463 27.701417252421379 148.25303266197443 38.432467624545097 180.70204917341471 78.438600689172745 809.25568799674511
leaf_count=101 372 111 536 372 1212 7454 390 1778 339 529 2709 19066 45300 63123 3354 6905 9665 1899 353 970 11564 112 234 6447 135 886 215 1116 507 3520
internal_value=3.38139e-05 -3.9853e-05 0.00831982 -8.19452e-05 -0.000324818 -0.000292163 9.76621e-06 -0.00165396 0.00208886 0.0102444 0.000572644 -6.15224e-05 0.000896981 -0.000612433 -0.00242769 -0.00102544 0.00125455 0.00379711 0.00741087 -0.00147015 0.00039868 0.00209375 0.0045665 -0.00445803 0.00644665 0.000287297 0.00996722 0.0123427 0.0140068 0.00890377
internal_weight=44265.4 43774.4 211.953 43562.5 36879.4 36799.2 30113 6686.17 1139.51 205.304 1058.61 29907.7 10899.5 19008.2 5546.66 3307.04 6683.09 1660.54 983.481 677.055 5022.55 2291.12 185.356 2239.61 491.014 175.954 315.06 276.627 259.141 899.188
internal_count=191274 188314 881 187433 158978 158606 129620 28986 4826 919 4487 128701 46512 82189 24160 14359 28455 7114 4245 2869 21341 9777 770 9801 2960 1021 1939 1724 1623 3892
cat_boundaries=0 1 2 3 4 5 6 7
cat_threshold=24 9165056 12661156 6876163 66 15308037 5376675
is_linear=0
shrinkage=0.04


Tree=105
num_leaves=31
num_cat=9
split_feature=37 23 34 1 51 51 12 37 1 39 51 28 51 51 2 51 24 51 14 14 23 39 16 17 51 30 2 51 37 37
split_gain=14.5822 10.8401 10.7238 11.8258 20.177 15.1734 13.9678 16.6433 10.8949 10.8088 12.307 10.4307 23.8058 12.297 10.4053 9.40171 10.0405 10.3623 9.34847 10.2779 9.2124 9.13564 10.9442 13.7583 13.4164 9.78761 9.0861 8.958 8.94448 8.88723
threshold=0.97419247031211864 -1.0000000180025095e-35 0.20112359523773196 31.500000000000004 0 1 52.500000000000007 0.97241246700286876 12.500000000000002 0.92215004563331615 2 -1.0000000180025095e-35 3 4 97.500000000000014 5 12.500000000000002 6 0.86715686321258556 0.64549729228019725 14.500000000000002 0.96992313861846935 0.53390806913375866 0.98786765336990368 7 0.060000000521540649 49.500000000000007 8 0.54598310589790355 0.25126262009143835
decision_type=10 8 8 2 9 9 8 10 2 8 9 8 9 9 2 9 10 9 10 10 10 8 2 10 9 10 2 9 10 10
left_child=1 -1 15 4 8 14 7 -7 27 -8 -11 13 -13 -6 -5 20 17 -17 19 -18 -3 -2 -23 24 -24 -25 -26 -4 -15 -29
right_child=21 2 3 5 11 6 9 -9 -10 10 -12 12 -14 28 -16 16 18 -19 -20 -21 -22 22 23 25 26 -27 -28 29 -30 -31
leaf_value=-0.01482284908967978 0.00015727054664125374 -0.012190396638041641 -0.0063923706017131156 -7.2436289856185314e-05 0.00094275758549104791 -0.0015190358539066558 -0.0011112799117028171 -0.021146496856820275 -0.00016200653248999507 -0.0047791311984250366 -0.016889636639201202 -0.0017799889408843064 0.003531346203960466 0.0015337174391895625 0.012419391165824386 -0.011164789197625797 0.0057152212405022738 0.0011760778293421965 0.011229452724347356 -0.0082910124521983312 -0.00042576227757663609 0.0123082553427193 0.00299743265306073 0.0041345044353125757 -0.00041838013573443301 0.01447380791234441 -0.0081929108705145869 0.006044843083041828 0.0067994689776378929 -0.0025854358715711383
leaf_weight=77.506846278905869 4388.6493291556835 322.16220365464687 861.4712685495615 5510.4829008728266 2285.3427529335022 4059.5580140501261 304.61261720955372 65.566347122192383 10749.923828832805 344.23408229649067 257.17336025834084 3133.9082250744104 2347.2155418619514 780.53844115138054 103.75087386369705 225.63236078619957 170.71468389034271 196.0413264632225 140.57892525196075 154.6856751292944 163.77533546090126 178.83293700218201 1577.4148768410087 1482.9874536469579 870.79219546169043 161.43616345524788 330.90287388861179 221.90479065477848 1606.5852303951979 1177.2902564257383
leaf_count=359 19113 1423 3739 23838 9663 18007 1359 290 45819 1505 1132 13378 10432 3337 450 994 724 850 591 653 706 736 6729 6920 3620 673 1381 954 6870 5032
internal_value=3.0454e-05 -0.000335784 -0.000301199 -0.000159553 0.000346924 -0.00126316 -0.0028545 -0.00186107 -0.000694804 -0.00735198 -0.0104447 0.00168245 0.000495209 0.00307247 0.000165404 -0.00375996 -0.00120018 -0.00566805 0.00279219 -0.000907104 -0.00814492 0.00146836 0.00271271 0.00230681 0.000579977 0.00520246 -0.00257948 -0.00321665 0.00507164 -0.00117744
internal_weight=44251.7 35260.7 35183.1 33809.6 23164.2 10645.4 5031.14 4125.12 13010.6 906.02 601.407 10153.6 5481.12 4672.47 5614.23 1373.59 887.653 421.674 465.979 325.4 485.938 8991.02 4602.37 4423.53 2779.11 1644.42 1201.7 2260.67 2387.12 1399.2
internal_count=191277 152105 151746 145805 99224 46581 22293 18297 55544 3996 2637 43680 23810 19870 24288 5941 3812 1844 1968 1377 2129 39172 20059 19323 11730 7593 5001 9725 10207 5986
cat_boundaries=0 1 2 3 4 5 6 7 8 9
cat_threshold=4074275 7998747 8445952 115840 12652564 9683968 6818304 12539905 3801090
is_linear=0
shrinkage=0.04


Tree=106
num_leaves=31
num_cat=16
split_feature=34 1 50 40 50 51 21 51 50 51 21 14 16 50 51 51 50 50 26 52 18 51 24 30 50 50 38 16 36 51
split_gain=11.6583 10.7888 14.1805 12.5717 10.5598 9.92082 9.56484 16.2739 12.7961 13.0484 10.8236 9.74645 14.3469 13.9581 22.3462 12.96 9.01836 8.44119 11.3941 8.61015 6.91254 6.8309 7.71255 6.10921 5.96676 5.28387 4.89836 7.80249 4.70116 3.92729
threshold=1.0000000180025095e-35 97.500000000000014 0 1.0000000180025095e-35 1 2 -24.499999999999996 3 4 5 -36.499999999999993 0.050252525135874755 0.53390806913375866 6 7 8 9 10 -0.034286834299564355 11 0.86715686321258556 12 11.500000000000002 0.0060249709058552989 13 14 0.32173123955726629 0.96449580788612377 0.26352339982986456 15
decision_type=8 2 9 2 9 9 8 9 9 9 10 10 2 9 9 9 9 9 2 1 8 9 10 10 9 9 8 2 8 9
left_child=21 4 -3 -4 20 17 7 26 10 -10 -9 12 24 15 -15 -13 -14 19 -19 28 -2 -1 -23 -21 -8 -24 27 -7 -6 -22
right_child=1 2 3 -5 5 6 11 8 9 -11 -12 13 16 14 -16 -17 -18 18 -20 23 29 22 25 -25 -26 -27 -28 -29 -30 -31
leaf_value=0.0077534349563674965 -0.0020981709640195611 -0.011719197552871439 0.018074654886460439 -0.0025329374586972541 0.019799780014105837 -0.028035894813667986 -0.0036744766728277261 -0.01489716553666102 0.0019517728752355887 0.012683713643893198 0.0024673713299914143 0.00047711991289907033 -0.00067468216797433324 -0.0014978161047508427 0.0022125797931948298 -0.0023927527321235026 0.0011227454004746863 -0.012176809107237086 0.023355480512730901 -0.019622724467386742 0.0050052374500893547 -0.021435303095885011 0.0073785833427300615 0.0027909589415014337 0.020619976207034974 -0.011431288554331006 -0.0022845324973142706 0 -0.0018242291292378935 0.025119154270133504
leaf_weight=22.281859025359154 39.861601904034615 37.813673138618469 161.39150476455688 62.406833663582802 38.750264100730419 35.79041750729084 20.263952374458313 71.099590569734573 349.15580853819847 417.07377831637859 226.08306927978992 3520.718328744173 6864.8222985863686 4989.6011020541191 5379.6807069182396 8727.205843552947 12681.906659875065 13.200814664363859 84.126481465995312 35.644834518432617 59.200352877378464 83.007756903767586 32.054902732372284 32.658122539520264 63.989240758121014 34.173984676599503 85.88697324693203 24.660216048359871 21.69936940073967 38.31532821059227
leaf_count=97 169 163 732 265 234 154 87 299 1431 1736 952 14932 29353 21120 22845 37825 55652 70 662 232 256 393 138 169 341 149 376 106 121 189
internal_value=0.000103865 0.000145377 0.00816842 0.0117954 9.60967e-05 5.89275e-05 1.35723e-05 0.00351343 0.00523691 0.00795035 -0.00174097 -8.65711e-05 0.000564926 -0.000652933 0.000425662 -0.00156659 0.000490683 0.00815101 0.0163804 0.000730976 0.0106085 -0.0101538 -0.0127949 -0.00807246 0.0165728 -0.00273658 -0.00842713 -0.0172952 0.0105705 0.0168816
internal_weight=44254.5 44083 261.612 223.798 43821.4 43684 43457.9 1209.75 1063.41 766.23 297.183 42248.2 19631 22617.2 10369.3 12247.9 19546.7 226.08 97.3273 128.753 137.377 171.519 149.237 68.303 84.2532 66.2289 146.338 60.4506 60.4496 97.5157
internal_count=191248 190471 1160 997 189311 188697 187209 5054 4418 3167 1251 182155 85433 96722 43965 52757 85005 1488 732 756 614 777 680 401 428 287 636 260 355 445
cat_boundaries=0 1 2 3 4 5 6 7 8 9 10 11 12 13 14 15 16
cat_threshold=4096 81789312 8 59395 17003016 5309952 169135125 3739441 1575345 16847465 17254920 29 14592 16778756 133704 512000
is_linear=0
shrinkage=0.04


Tree=107
num_leaves=31
num_cat=16
split_feature=38 34 51 50 50 52 10 50 51 18 11 51 51 12 51 50 8 51 51 10 50 12 10 38 35 15 34 51 50 51
split_gain=15.2405 10.1033 9.94861 21.1056 13.2567 9.18945 8.58976 9.78832 8.54091 9.89264 8.57189 8.32593 8.29264 7.53869 23.105 22.156 14.3312 13.0394 11.3037 10.3644 10.3548 13.8558 12.862 10.2116 9.1722 7.88943 15.7601 13.9169 14.9216 13.8615
threshold=1.0000000180025095e-35 1.0000000180025095e-35 0 1 2 3 84.500000000000014 4 5 0.99494948983192455 60.500000000000007 6 7 50.500000000000007 8 9 14.500000000000002 10 11 51.500000000000007 12 84.500000000000014 61.500000000000007 0.41213235259056097 0.96992313861846935 0.036038961261510856 0.43613053858280187 13 14 15
decision_type=8 8 9 9 9 1 2 9 9 10 10 9 9 8 9 9 10 9 9 2 9 10 2 10 10 10 10 9 9 9
left_child=2 -2 4 12 5 -1 7 -5 10 -10 -9 -3 -4 25 15 18 20 19 24 -17 21 -16 -22 -20 -15 26 -13 -28 -29 -27
right_child=1 11 3 6 -6 -7 -8 8 9 -11 -12 13 -14 14 16 17 -18 -19 23 -21 22 -23 -24 -25 -26 29 27 28 -30 -31
leaf_value=0.0091716152165741225 -0.01028147881995671 0.0072003673991214738 -0.0083376177618306856 0.0070799380690158764 0.0088786177147815032 1.3201229261667447e-05 0.012811822837598179 0.003530634833265954 -0.0052263796548655539 0.0048165362474049643 -0.01126541338172049 0.017806298718126161 -0.00114082658285486 0.024725027121832457 -0.0094764126285960606 0.022229556144959611 0.014218883067609038 -0.01211940475904735 -0.0014454091797231102 -0.0028015437954320406 -0.011153117628832834 -0.029398642269389496 0.0030406478968915459 0.01175728266370441 0.0048238248953926298 -0.0015021035115233543 -0.00074091444993853257 0.0041542070053544444 -0.00062961232866989598 0.00037772881562379786
leaf_weight=201.13200159370899 156.81609877943993 222.5912364423275 406.02171435207129 501.95274405181408 650.95112229883671 961.54868283867836 122.60422529280186 1310.1064044088125 560.64432573318481 210.90140213817358 60.413109600543976 82.036166623234749 709.23871525377035 35.241391494870186 491.91444066166878 24.325331822037697 42.502609044313431 315.49447809159756 1123.5636518746614 264.51983161270618 174.05314701795578 61.746611937880516 230.79880613088608 97.132937803864479 708.86522223055363 11740.019097775221 5027.8353355005383 2725.9399826042354 1674.2044778876007 13432.645069167018
leaf_count=879 721 1465 1708 2067 2834 4220 518 5489 2372 902 260 418 2992 156 2209 104 182 1329 4780 1135 760 263 1027 411 3127 50479 22033 12093 7511 57151
internal_value=-1.88239e-05 -0.000304126 0.00191142 0.000751413 0.00434636 0.00171114 0.00262606 0.00213282 0.000913222 -0.00241102 0.00280491 -0.00026161 -0.00385446 -0.000308291 -0.00205761 -2.34039e-05 -0.00716112 -0.00663381 0.0020346 -0.000273766 -0.00827311 -0.0117666 -0.0030011 -0.000332145 0.00587339 -0.000127461 0.000853007 0.00069401 0.00233353 -0.000498763
internal_weight=44327.8 38632.2 5695.51 3881.88 1813.63 1162.68 2766.62 2644.02 2142.07 771.546 1370.52 38475.4 1115.26 38252.8 3570.16 2569.14 1001.02 604.34 1964.8 288.845 958.513 553.661 404.852 1220.7 744.107 34682.7 9510.02 9427.98 4400.14 25172.7
internal_count=191595 167354 24241 16308 7933 5099 11608 11090 9023 3274 5749 166633 4700 165168 15483 11042 4441 2568 8474 1239 4259 2472 1787 5191 3283 149685 42055 41637 19604 107630
cat_boundaries=0 1 2 3 4 5 6 7 8 9 10 11 12 13 14 15 16
cat_threshold=4981789 286450177 16981096 2 69712 10525472 8 10490144 15886355 47180 3287042 4210705 16910413 505219 361762340 12340259
is_linear=0
shrinkage=0.04


Tree=108
num_leaves=31
num_cat=5
split_feature=14 16 50 50 2 2 12 50 36 40 41 50 33 42 40 38 3 24 29 36 36 34 39 15 50 2 2 40 38 36
split_gain=12.7725 19.3689 12.4451 12.0213 11.895 11.9072 28.6635 30.4354 14.9664 14.1065 12.9551 13.2154 16.8251 16.4115 11.1682 10.5535 10.45 10.5427 11.5091 9.99334 10.2815 12.5766 10.041 9.67407 15.2382 14.0984 9.47252 9.40135 11.5417 9.35986
threshold=0.050252525135874755 0.45534290373325353 0 1 10.500000000000002 25.500000000000004 24.500000000000004 2 0.45738498866558081 -0.98296290636062611 0.12940952181816107 3 0.9375000298023225 0.6078576147556306 -0.37940952181816096 0.019419306889176372 3.5000000000000004 9.5000000000000018 9.5000000000000018 0.56787469983100902 0.18230694532394412 0.59896907210350048 0.70871210098266613 0.016807910054922107 4 40.500000000000007 70.500000000000014 0.78656607866287243 0.53390806913375866 0.26713615655899053
decision_type=10 2 9 9 2 2 10 9 10 2 2 9 8 2 2 10 2 10 10 8 10 10 10 8 9 2 2 2 8 10
left_child=1 -1 -3 16 -4 6 8 -8 14 -10 15 12 -12 -13 -6 -7 17 18 23 20 -5 -22 27 24 -2 -25 -17 -21 -29 -23
right_child=3 2 4 19 5 10 7 -9 9 -11 11 13 -14 -15 -16 26 -18 -19 -20 22 21 29 -24 25 -26 -27 -28 28 -30 -31
leaf_value=0.022810359769981189 -0.0062363780434435655 -0.00084657349451720679 -0.0072120886990474017 -1.6313343738033237e-05 0.0054527363431201631 -0.0038125272992456678 0.031409275490204877 -0.0039088283659727916 0.018958387310097077 -0.0033749184606983256 0.0094370815626263968 0.008387752108793823 -0.00029127573065359331 -0.0018018006596788039 0.0015695842305350855 0.0010339073912691338 -0.011461454722040451 0.00072114483281448627 -0.010237783993141956 -0.0018417952123111776 -0.0012265657652844677 0.0091444204226230862 -0.0090038910549037621 -0.0014701197297133529 0.0031292016488046709 -0.0068598301005298023 -0.013934201704719833 0.03060218444957016 0.0016159033990632858 0.0030870818432470167
leaf_weight=58.714356429874897 330.0998091250658 5835.1934594064951 249.95807826519012 3048.6201603114605 2129.6734624058008 1517.1424561738968 95.461929775774479 61.200779139995575 42.524857476353645 887.50175360590219 308.3025173842907 880.71567825227976 3055.431709844619 347.68231108784676 2721.6046912968159 2070.8629212900996 151.3391427397728 4045.3055243641138 238.94326509535313 844.84943011403084 678.94022083282471 614.71124514937401 280.55034258961678 10047.909125566483 1410.8824247270823 840.31451712548733 64.829710766673088 27.659850984811783 74.142637774348259 1271.7475311607122
leaf_count=324 1413 24923 1063 12679 9313 6725 734 267 189 3797 1284 3967 13244 1492 12110 9278 793 17258 1058 3517 2832 2555 1161 43442 6066 3774 293 114 306 5274
internal_value=4.21606e-05 0.000779611 0.000709194 -0.000584074 0.00133931 0.00149486 0.00286052 0.0194954 0.00238984 -0.00223643 0.000507754 0.00192271 0.000605325 0.00544773 0.00328224 -0.00126577 -0.00115203 -0.00105592 -0.00161619 0.000829998 0.00154824 0.0034117 -0.00242571 -0.0014475 0.00131141 -0.00189087 0.000538718 -0.000418114 0.0107427 0.00509042
internal_weight=44232.8 20326.8 20268.1 23906 14432.9 14182.9 5937.97 156.663 5781.3 930.027 8244.97 4592.13 3363.73 1228.4 4851.28 3652.84 17064.8 16913.5 12868.1 6841.22 5614.02 2565.4 1227.2 12629.2 1740.98 10888.2 2135.69 946.652 101.802 1886.46
internal_count=191245 89003 88679 102242 63756 62693 26410 1001 25409 3986 36283 19987 14528 5459 21423 16296 73804 73011 55753 28438 23340 10661 5098 54695 7479 47216 9571 3937 420 7829
cat_boundaries=0 1 2 3 4 5
cat_threshold=151061096 60062733 26624 268466197 5121
is_linear=0
shrinkage=0.04


Tree=109
num_leaves=31
num_cat=19
split_feature=32 50 51 51 15 51 38 32 23 24 51 50 10 51 50 50 51 50 1 50 50 52 13 51 50 18 51 50 30 51
split_gain=12.5458 12.7557 16.84 11.7783 9.92308 14.2495 13.6282 14.1589 12.3815 12.1975 23.3076 16.0724 14.9814 28.1653 21.3332 14.4504 14.1132 16.3288 14.7841 12.8164 11.5086 11.4524 15.5593 14.1881 22.4962 13.2381 11.1102 11.0874 10.4205 10.4025
threshold=0.95040982961654674 0 1 2 0.015038444194942715 3 0.20101010054349902 0.11050061136484148 5.5000000000000009 9.5000000000000018 4 5 48.500000000000007 6 7 8 9 10 9.5000000000000018 11 12 13 0.16774892061948779 14 15 0.87564432621002208 16 17 0.010929288342595102 18
decision_type=10 9 9 9 8 9 10 10 10 10 9 9 2 9 9 9 9 9 2 9 9 1 2 9 9 10 9 9 10 9
left_child=1 2 -1 -2 5 6 8 26 -3 12 19 -12 16 14 -14 -15 18 -18 27 29 -20 -7 23 24 -23 -25 -8 -6 -16 -11
right_child=3 4 -4 -5 9 21 7 -9 -10 10 11 -13 13 15 28 -17 17 -19 20 -21 -22 22 -24 25 -26 -27 -28 -29 -30 -31
leaf_value=0.014574297121729148 0.0038014388722545566 -0.0031248931781534747 0.0010190795373640898 -0.016320635543963839 0.010141081354635924 0.0036168896948151927 -0.00074778500830284468 -0.0084575236467475477 0.017380510288339115 0.0070507656662143273 -0.0029169785845033591 0.0034899763482979613 -0.016345612120811835 -0.013881751041243479 0.012102768094746148 -0.0045595074413924659 0.0031841591332954634 -0.00024890649565478015 -0.0036564959154673717 -0.0060040883374119927 -0.00048200144433050492 -0.0063631988601991788 0.01372009561994178 0.02423138229938648 0.0056201824078750198 -0.0027230770754604911 0.0087789687433668367 -0.014404646948452728 0.0014742556087053672 -0.0032341347811804966
leaf_weight=212.58378064632416 65.768253654241562 2263.1249289549887 444.26450368762016 124.19042982161045 25.245282962918282 3921.8751330897212 321.21280165016651 140.81058156490326 42.936801746487617 273.50392307341099 717.12157927453518 4401.4065828472376 74.156376153230667 362.52049995958805 200.33667051792145 1117.8689994513988 3102.9409676045179 7638.0093677043915 2202.8405358195305 912.87759147584438 10581.29367993772 309.09956751018763 130.99140854179859 24.509826488792896 1104.6365457773209 1912.8016508594155 481.9634234495461 190.98369051516056 551.35888747870922 330.87148126959801
leaf_count=945 285 10069 1862 548 115 17659 1463 615 184 1135 3061 18566 320 1590 868 4913 12909 32817 9595 3928 45466 1427 551 119 4958 8248 2184 869 2364 1430
internal_value=0.000148077 0.000193368 0.00566333 -0.00997463 0.000108025 0.0011682 -0.00103406 0.00299078 -0.00269767 -0.000237046 0.00129233 0.00258255 -0.000627606 -0.00370274 0.00219782 -0.00697208 -0.000327327 0.000744066 -0.00121364 -0.00303832 -0.00103502 0.00213617 0.00045433 -7.658e-05 0.00294684 -0.00229843 0.00506252 -0.0114768 0.00433726 0.00144594
internal_weight=44184.1 43994.1 656.848 189.959 43337.3 10654 3250.05 943.987 2306.06 32683.3 6635.78 5118.53 26047.6 2306.24 825.852 1480.39 23741.3 10741 13000.4 1517.25 12784.1 7403.91 3482.04 3351.05 1413.74 1937.31 803.176 216.229 751.696 604.375
internal_count=191063 190230 2807 833 187423 47477 14515 4262 10253 139946 28120 21627 111826 10055 3552 6503 101771 45726 56045 6493 55061 32962 15303 14752 6385 8367 3647 984 3232 2565
cat_boundaries=0 1 2 3 4 5 6 7 8 9 10 11 12 13 14 15 16 17 18 19
cat_threshold=82837922 13128739 5309696 1028484 107671 16932864 6309937 268460544 16794180 4098835 268477008 16830532 268472328 105 15728696 401945 360704 16925184 1152
is_linear=0
shrinkage=0.04


Tree=110
num_leaves=31
num_cat=16
split_feature=51 50 51 38 11 51 50 50 14 52 50 51 1 51 11 29 34 9 2 50 51 51 51 50 2 39 29 50 18 34
split_gain=14.6027 11.1062 17.4122 9.30528 8.07325 9.35819 16.2154 11.9402 9.0303 8.85037 8.39635 10.053 7.87356 15.0591 8.99351 8.13187 7.60437 7.05617 9.17726 18.6473 21.8706 17.7904 11.7826 26.2759 12.6435 9.14735 8.33434 6.73858 6.70882 6.59135
threshold=0 1 2 1.0000000180025095e-35 11.500000000000002 3 4 5 0.071067821234464659 6 7 8 53.500000000000007 9 60.500000000000007 -3.4999999999999996 1.0000000180025095e-35 43.500000000000007 41.500000000000007 10 11 12 13 14 9.5000000000000018 0.42933948338031774 5.5000000000000009 15 0.8306388556957246 0.46195203065872198
decision_type=9 9 9 8 10 9 9 9 10 1 9 9 2 9 10 10 8 10 2 9 9 9 9 9 2 8 10 9 8 10
left_child=-1 2 -2 4 5 6 -3 -7 -9 12 11 -11 13 -6 -14 -15 -5 18 22 20 -20 -21 23 -18 -24 -19 -27 -16 -4 -8
right_child=1 3 28 16 9 7 29 8 -10 10 -12 -13 14 15 27 -17 17 25 19 21 -22 -23 24 -25 -26 26 -28 -29 -30 -31
leaf_value=0.0097540890148199843 -0.0042015226217022453 0.0098670216003915786 0.0015673239451838422 -0.0091802871059072817 0.0030809212020326228 0.0046392650164130541 0.0030483807784583697 0.003906199308069042 -0.0098603571904379225 0.017256328058664842 0.0025002963290903417 0.0035343568204404862 0.014020979224887584 0.010526714137258924 0.0037020944338954326 -0.0075313286060039956 0.0070268306262424073 0.027570472365113754 0.0019795929430149522 9.6220939555679362e-05 -0.0035088823542074828 -0.0064083593431764852 -0.011833385451125228 8.5857108560733687e-05 -0.00027969835174952777 0.010176811170855418 -0.0084112003365191413 -0.014091729609823802 0.026747039589569328 -0.011062412270537737
leaf_weight=228.89662552624941 81.174990504980087 233.5043870806694 24.258197963237762 149.80228786170483 496.7653327062726 163.47377795726061 84.535215571522713 86.908106461167336 438.86375805735588 134.97137887775898 2760.311323300004 261.11066326498985 110.76677174866199 37.700053125619888 125.49387313425541 567.11936902999878 1155.5691976770759 25.688130378723145 3129.8947500139475 1046.8062311559916 1826.9348920732737 1866.3023907393217 147.57330267131329 3464.9228230640292 25215.185994584113 98.591492176055908 55.944328442215919 29.86471027135849 77.981027834117413 122.52698457241058
leaf_count=1531 349 972 104 692 2101 675 351 365 1841 620 11758 1157 473 156 550 2406 5023 107 13374 4449 8209 8201 629 14950 108690 410 233 125 368 509
internal_value=-5.96593e-06 -6.04741e-05 0.00938074 -0.000103627 0.00140944 -0.0015998 0.00288471 -0.00447238 -0.00739248 0.0021663 0.00332438 0.00871804 -0.000514609 -0.00202661 0.0055733 -0.00619427 -0.000328378 -0.000291785 -0.000330358 -0.00154559 -4.37508e-05 -0.00407563 -1.05153e-05 0.00184321 -0.000349893 0.00749202 0.00326959 -0.000574336 0.0194931 -0.00503381
internal_weight=44249.4 44020.5 183.414 43837.1 5653.92 1129.81 440.567 689.246 525.772 4524.1 3156.39 396.082 1367.71 1101.58 266.125 604.819 38183.2 38033.4 37853.2 7869.94 4956.83 2913.11 29983.3 4620.49 25362.8 180.224 154.536 155.359 102.239 207.062
internal_count=191378 189847 821 189026 24059 4713 1832 2881 2206 19346 13535 1777 5811 4663 1148 2562 164967 164275 163525 34233 21583 12650 129292 19973 109319 750 643 675 472 860
cat_boundaries=0 1 2 3 4 5 6 7 8 9 10 11 12 13 14 15 16
cat_threshold=8 81789314 999428 692609 154624 268501508 12 268513328 4290565 1445377 402713649 16517651 25507 12468 268480592 38984
is_linear=0
shrinkage=0.04


Tree=111
num_leaves=31
num_cat=16
split_feature=1 51 17 50 51 1 10 51 51 50 50 13 50 16 50 51 50 2 39 17 12 38 50 17 51 51 51 11 1 51
split_gain=12.0246 25.1975 9.23417 14.8349 23.7763 15.5493 29.2649 28.2716 21.1227 19.1305 14.6966 14.8703 13.0023 17.5242 12.4904 12.2493 14.195 14.983 15.3308 15.4966 12.0374 11.9025 11.3531 11.0738 10.9419 10.6569 10.5201 10.0719 12.6173 11.1507
threshold=94.500000000000014 0 0.94974747300148021 1 2 25.500000000000004 24.500000000000004 3 4 5 6 0.043717153370380409 7 0.97162976861000072 8 9 10 10.500000000000002 0.89949494600296032 0.4552139043807984 21.500000000000004 0.096464019268751158 11 0.9813067913055421 12 13 14 37.500000000000007 34.500000000000007 15
decision_type=2 9 8 9 9 2 2 9 9 9 9 2 9 2 9 9 9 2 10 10 10 10 9 10 9 9 9 10 2 9
left_child=2 -2 14 4 -4 6 7 10 -7 -8 24 -12 13 -10 25 16 26 -18 19 -19 -20 -14 -9 -15 -5 -1 -16 28 -27 -30
right_child=1 -3 3 5 -6 8 9 22 12 -11 11 -13 21 23 15 -17 17 18 20 -21 -22 -23 -24 -25 -26 27 -28 -29 29 -31
leaf_value=-0.00085560577283044098 0.0095100649250631601 -0.0098033239241599301 -0.0065173536864437777 0.0093394923919912238 0.00059069560465747754 0.0017035121142246429 0.026774275536749253 0.0078117564212034857 -0.0070172696935437455 0.0036863843879936034 -0.0034523909413186277 0.0028439572487277448 -0.0058071817995439222 0.011541580244881045 -0.0052823879892839485 0.00024576464085033302 0.0078962580369803317 0.003055462927954489 0.0042036480022806522 -0.0027249296893086068 -0.0024706331213681203 6.5200803887998146e-05 0.0024439236676128541 0.00080675462890350894 -0.00029703298346408748 0.0031393570244959063 -0.0014145699701746495 -0.0071363507998675156 -0.0035635163290372485 0.015655130974872814
leaf_weight=1141.2727473676205 494.40080194920301 124.46650736033916 1106.0774937048554 382.79040327295661 2279.1133286207914 4969.6494323834777 115.40983859077096 1352.2714013457298 253.94028948247433 133.46005466580391 1970.0220741070807 854.54387302696705 1676.1846457123756 261.44041239470243 2372.9731101542711 9535.1928036659956 309.05060894787312 849.32107093185186 1348.0149709433317 5541.576970435679 627.42655356228352 812.25209925696254 1266.7314950749278 375.93135028332472 358.13137191534042 1096.6856526210904 2217.8546996712685 109.06014105677605 57.267143860459328 246.75233262777328
leaf_count=4790 2159 532 4806 1627 9780 21581 816 6001 1117 572 8598 3616 7469 1149 10138 40787 1321 3702 5687 23827 2713 3668 5576 1702 1556 4552 9837 466 243 1013
internal_value=2.72717e-05 0.00554156 -5.11304e-05 0.000637115 -0.00174441 0.00118461 0.00266255 0.0021106 4.3948e-05 0.0159881 -0.000209389 -0.00153335 -0.00238729 0.00172723 -0.000543214 -0.000846075 -0.00163174 -0.000674165 -0.000998476 -0.00195183 0.00207282 -0.00387054 0.0052518 0.00529672 0.00474167 0.00204631 -0.00342886 0.0042399 0.00519229 0.0123625
internal_weight=44239.3 618.867 43620.4 18167.9 3385.19 14782.8 6433.36 6184.49 8349.4 248.87 3565.49 2824.57 3379.75 891.312 25452.4 22801.4 13266.2 8675.39 8366.34 6390.9 1975.44 2488.44 2619 637.372 740.922 2651.04 4590.83 1509.77 1400.71 304.019
internal_count=191401 2691 188710 79634 14586 65048 28362 26974 36686 1388 15397 12214 15105 3968 109076 98012 57225 37250 35929 27529 8400 11137 11577 2851 3183 11064 19975 6274 5808 1256
cat_boundaries=0 1 2 3 4 5 6 7 8 9 10 11 12 13 14 15 16
cat_threshold=14549019 16842985 1868039 9600147 12069915 26624 346292752 278299906 6357472 6776355 110103570 268486660 9462912 10021015 4326914 263168
is_linear=0
shrinkage=0.04


Tree=112
num_leaves=31
num_cat=15
split_feature=15 24 51 50 51 50 12 50 50 2 2 6 40 50 1 2 42 51 51 50 50 16 2 50 1 51 2 50 50 12
split_gain=11.3284 11.8485 19.7278 18.6595 15.3386 36.8286 13.2236 14.3914 12.0295 11.706 17.5186 11.6332 14.9509 12.8295 19.8784 11.575 10.306 29.985 12.9766 12.6547 12.3212 10.0306 9.3869 9.10439 9.0516 8.64617 14.7941 8.5358 8.39605 8.32632
threshold=0.015038444194942715 9.5000000000000018 0 1 2 3 35.500000000000007 4 5 21.500000000000004 20.500000000000004 1.0000000180025095e-35 0.60355338454246532 6 11.500000000000002 9.5000000000000018 -1.0000000180025095e-35 7 8 9 10 0.42967033386230474 53.500000000000007 11 48.500000000000007 12 31.500000000000004 13 14 19.500000000000004
decision_type=8 8 9 9 9 9 10 9 9 2 2 2 2 9 2 2 2 9 9 9 9 2 2 9 2 9 2 9 9 8
left_child=21 4 6 -4 8 24 7 -3 9 10 -2 12 27 -14 -15 -10 17 20 19 -18 -17 -1 -9 -20 25 -6 -27 -7 -11 -24
right_child=1 2 3 -5 5 11 -8 22 15 28 -12 -13 13 14 -16 16 18 -19 23 -21 -22 -23 29 -25 -26 26 -28 -29 -30 -31
leaf_value=0.017238760021129552 0.0023681349811229919 -0.0033351677590674968 -0.01388686852604747 -0.00060026483445429753 0.014419246975601725 -0.0025091456695641211 0.00824668098485473 0.0039305717154870766 -0.014317292610324869 -0.0031257932178899561 0.019546922422246159 -0.0035528507916781737 0.011175569971500337 0.022741995615191607 -0.0027901554112846018 0.0017033838301563878 -0.0089794488211463012 -0.006679636016722809 -0.0025806104571118875 -0.00056255211472585318 -0.0037322626521502002 0.0010134930639919284 0.0055218681271345217 0.00037961727273490709 -0.0043714892481861072 0.0084804978231776476 -0.0083316777384912829 0.00062689590249728755 0.011554785091199981 -0.0089639504500384822
leaf_weight=56.500819303095341 1111.9546620100737 663.23127466440201 166.08560757339001 2694.3020260632038 306.89450711011887 1952.1458584070206 620.46120208501816 2522.4467074126005 115.1376234292984 857.21707202494144 99.733884438872337 1497.1730910390615 340.56419821083546 51.389395862817764 355.00606986880302 1661.1784712672234 595.22566698491573 2257.9232950359583 2300.6993268579245 564.40601159632206 1092.2343827784061 10827.653574649245 92.295485302805901 5858.1872362196445 84.83898863196373 516.98285408318043 94.428103819489479 4696.0028127729893 52.267389729619026 174.58932994306087
leaf_count=319 4544 2780 696 11715 1303 8294 2599 10490 496 3594 405 6516 1451 209 1491 7325 2487 9973 9760 2328 4710 48265 383 25151 373 2145 412 20415 222 722
internal_value=-1.24986e-05 -0.000378219 0.00109199 -0.00144711 -0.000764329 0.000480205 0.00287613 0.00190299 -0.00150823 0.00129353 0.00387307 -0.000342189 0.00030662 0.00565398 0.000612096 -0.00192195 -0.00181735 -0.0032812 -0.00102663 -0.00495937 -0.000454164 0.00110743 0.00316002 -0.000455885 0.00768753 0.00892418 0.00571234 -0.00029498 -0.00210951 -0.00387141
internal_weight=44279.2 33395 6933.41 2860.39 26461.6 9895.43 4073.02 3452.56 16566.2 2121.17 1211.69 8892.28 7395.11 746.96 406.395 14445 14329.9 5011.34 9318.52 1159.63 2753.41 10884.2 2789.33 8158.89 1003.14 918.305 611.411 6648.15 909.484 266.885
internal_count=191573 142989 29385 12411 113604 42609 16974 14375 70995 8765 4949 38376 31860 3151 1700 62230 61734 22008 39726 4815 12035 48584 11595 34911 4233 3860 2557 28709 3816 1105
cat_boundaries=0 1 2 3 4 5 6 7 8 9 10 11 12 13 14 15
cat_threshold=14291752 196656 12472066 276987938 286449696 3474336 5697 10635266 8388610 285362200 285350920 268604432 4198405 202445317 66080
is_linear=0
shrinkage=0.04


Tree=113
num_leaves=31
num_cat=13
split_feature=36 50 51 12 10 2 51 50 51 51 18 10 10 62 50 2 39 50 2 12 50 51 51 38 5 5 50 51 30 5
split_gain=11.9551 12.0019 17.8333 11.7388 10.6746 10.5191 10.0548 11.7914 28.0749 10.2151 9.82205 9.70879 8.29846 8.26803 10.2336 9.51119 8.30264 11.0213 8.20059 10.8626 8.04256 16.7592 14.3932 12.4788 13.0745 11.228 9.10341 14.9212 12.1308 9.79981
threshold=0.021390985697507862 0 1 58.500000000000007 69.500000000000014 54.500000000000007 2 3 4 5 0.80982521176338207 30.500000000000004 8.5000000000000018 5.5000000000000009 6 56.500000000000007 0.41712453961372381 7 58.500000000000007 91.500000000000014 8 9 10 0.082903780043125166 0.97332859039306652 0.78660714626312267 11 12 0.27800180017948156 0.9745212495326997
decision_type=8 9 9 10 2 2 9 9 9 9 10 2 2 2 9 2 8 9 2 10 9 9 9 8 2 2 9 9 10 2
left_child=1 2 5 -4 -5 11 13 9 12 10 -8 -1 -9 16 15 -15 -3 -18 -10 -20 22 -22 26 -23 -25 -24 27 28 29 -2
right_child=20 6 3 4 -6 -7 7 8 18 -11 -12 -13 -14 14 -16 -17 17 -19 19 -21 21 23 25 24 -26 -27 -28 -29 -30 -31
leaf_value=0.002343742052351079 0.016044457046817225 -0.0041879344847515791 -0.0020024236977942583 -0.026158906269537707 -0.0031464130341662434 -0.010989223227785351 0.0057893383683574919 0.016176643612121427 0.012317356097245347 -0.0050661249376223591 -0.00096509876890203087 0.013204680404702874 -0.006313441675857864 -0.015338478882823759 0.021575447545474895 0.015779253233805472 0.00018369504423041306 0.005279893946680575 -0.016833030846424783 0.012531186654593058 0.0026365063591493581 -0.0046474637043508243 -0.014209896133389464 -0.0056280542378184363 0.0010760854583887506 0.00044770849213643501 -0.0019015740394432202 -0.0021131779835339235 0.020537883121962759 0.0012233331998637948
leaf_weight=349.19769105315208 83.520458474755287 218.36618600785732 1889.6198149397969 59.057993069291115 72.706080913543701 54.865211322903633 452.54321420192719 23.423397243022919 460.26590594276786 654.01906887069345 1379.5602530650795 215.05789496004581 313.46428735181689 30.416442736983299 71.694984819740057 23.09309720993042 989.72583967447281 2273.8627672791481 35.032039508223534 35.313474714756012 4029.0033047571778 1065.159161105752 79.151859909296036 529.87485326826572 3569.7953209877014 11800.135017715394 12250.563624441624 733.22642469406128 80.529858902096748 394.24558228999376
leaf_count=1542 355 916 8018 247 302 248 1856 98 2087 2885 5864 933 1411 167 753 123 4248 9805 147 145 17147 4433 444 2271 14871 50917 53914 3189 338 1674
internal_value=4.02077e-05 0.00128908 -0.00100017 -0.0028256 -0.0141863 0.00485408 0.00215879 0.000568378 0.00454544 -0.000830307 0.000699817 0.00659799 -0.00435028 0.00362342 0.0135981 -0.00116694 0.00325042 0.00375988 0.0101944 -0.00197337 -0.000305754 0.000706387 -0.000672669 -0.000798684 0.000198915 0.000342137 -0.00156374 0.00161049 0.00646311 0.00399505
internal_weight=44216.5 9601.29 2640.5 2021.38 131.764 619.121 6960.78 3353.62 867.499 2486.12 1832.1 564.256 336.888 3607.16 125.205 53.5095 3481.95 3263.59 530.611 70.3455 34615.2 9193.83 25421.4 5164.83 4099.67 11879.3 13542.1 1291.52 558.296 477.766
internal_count=191348 41795 11290 8567 549 2723 30505 14493 3888 10605 7720 2475 1509 16012 1043 290 14969 14053 2379 292 149553 38722 110831 21575 17142 51361 59470 5556 2367 2029
cat_boundaries=0 1 2 3 4 5 6 7 8 9 10 11 12 13
cat_threshold=151274593 1982648 11079229 100868 1106176 5267714 35328 268546560 17005581 12723901 9858087 69632 8527906
is_linear=0
shrinkage=0.04


Tree=114
num_leaves=31
num_cat=19
split_feature=51 50 2 51 51 52 50 51 12 39 7 51 52 36 50 52 2 50 51 51 42 50 51 30 50 52 36 38 42 50
split_gain=11.8874 19.9313 27.7558 21.3813 20.9298 35.5938 19.4169 18.5164 17.5943 15.8338 15.1376 17.1672 14.9698 12.7704 12.0184 11.5318 10.712 16.1053 14.7987 12.3001 10.392 10.3671 10.1122 16.4097 14.3796 13.5568 10.1021 9.93588 9.65408 11.0646
threshold=0 1 12.500000000000002 2 3 4 5 6 31.500000000000004 0.40129870176315313 1.5000000000000002 7 8 0.020101009868085388 9 10 22.500000000000004 11 12 13 -0.60785761475563038 14 15 0.016575092449784282 16 17 0.59870129823684703 0.48666429519653326 -1.0000000180025095e-35 18
decision_type=9 9 2 9 9 1 9 9 10 8 2 9 1 10 9 1 2 9 9 9 2 9 9 8 9 1 10 10 2 9
left_child=6 3 7 8 5 -4 -1 12 -2 -5 11 28 -3 22 -7 -13 -15 18 -18 -19 -10 -9 23 -8 25 -24 -21 -23 29 -6
right_child=1 2 4 9 10 14 13 21 20 -11 -12 15 -14 16 -16 -17 17 19 -20 26 -22 27 24 -25 -26 -27 -28 -29 -30 -31
leaf_value=-0.0019188288568280224 0.017149165206905698 0.0099931965214424389 -0.026894740744058235 0.0047651749165629051 -0.0034950758572742458 -0.012446952322289357 -0.016758882997441299 -0.0048370152517353592 -0.012467886147320442 -0.001617937762942371 0.00047361634378240711 0.0084556950980209152 -0.0041913250834436583 0.00084164969199581024 0.0115971897044411 0.0021928147017395835 -0.0081602766529349866 0.0062759542282277529 -0.0017286808267730968 0.00024681366228609963 0.0077232517690556026 -0.022270707806802851 0.0042989899873070803 0.0011413758531700837 0.005546783141397703 -0.0061164815071004545 -0.014605935552931007 0.00084463900926486481 0.010059178221300133 0.0084552686354770583
leaf_weight=9541.3381017521024 189.7573703341186 185.82516039907932 89.070302374660969 672.89981224387884 218.67256371304393 34.158935338258743 99.038064293563366 376.33764936029911 65.52314930409193 7374.6103403866291 2980.8242603987455 515.77609947323799 277.33599984645844 6824.7144834697247 93.050941839814186 4827.6455598510802 701.02610169351101 601.48757970333099 3053.5132156461477 857.64952212572098 91.34065593034029 145.75500296801329 382.0715738683939 375.90988484025002 1850.2617118060589 387.18354305624962 74.879411622881889 34.573315516114235 984.18522394448519 252.15966597944498
leaf_count=42227 1086 781 387 2895 986 138 487 1602 318 31257 12470 2256 1156 28952 446 20824 3251 2550 13353 3673 452 643 1584 1614 8136 1599 317 156 4289 1245
internal_value=7.51658e-05 0.000816293 0.00193473 -0.000649856 0.00257947 -0.00932953 -0.000505429 -0.00432784 0.00886208 -0.00107776 0.00285614 0.00390092 0.00159279 0.000381041 0.00436825 0.00282305 -0.000203327 -0.00155514 -0.00296255 0.001882 -0.00071178 -0.00912579 0.00267287 -0.00263048 0.00364137 -0.00093457 -0.000985511 -0.0169151 0.00774997 0.00298888
internal_weight=44158.6 19409.5 11015.4 8394.13 9995.54 216.28 24749.1 1019.83 346.621 8047.51 9779.26 6798.44 463.161 15207.7 127.21 5343.42 12113.3 5288.56 3754.54 1534.02 156.864 556.666 3094.46 474.948 2619.52 769.255 932.529 180.328 1455.02 470.832
internal_count=191130 83387 47379 36008 43041 971 107743 4338 1856 34152 42070 29600 1937 65516 584 23080 52096 23144 16604 6540 770 2401 13420 2101 11319 3183 3990 799 6520 2231
cat_boundaries=0 1 2 3 4 5 6 7 8 9 10 11 12 13 14 15 16 17 18 19
cat_threshold=519842 152183373 12 4 52 67456000 4369 1572888 82 2048 64 285258380 327808 141442 22528 49152 151028272 76 268453888
is_linear=0
shrinkage=0.04


Tree=115
num_leaves=31
num_cat=17
split_feature=1 10 50 50 51 50 51 51 29 51 51 1 51 50 24 51 62 11 50 51 1 51 14 1 51 50 38 14 50 1
split_gain=8.19699 26.5752 27.0172 23.0045 22.2853 20.4004 26.2051 21.0496 18.0542 21.8074 17.8829 17.7085 16.6196 15.1055 19.5193 14.9639 14.9134 14.2588 13.6846 16.2226 13.2629 15.8897 13.1221 12.8813 17.0721 22.0989 12.8474 12.6965 12.7589 12.12
threshold=25.500000000000004 24.500000000000004 0 1 2 3 4 5 1.0000000180025095e-35 6 7 38.500000000000007 8 9 10.500000000000002 10 5.5000000000000009 48.500000000000007 11 12 46.500000000000007 13 0.46702899038791662 17.500000000000004 14 15 0.23117408901453021 0.13367697596549991 16 40.500000000000007
decision_type=2 2 9 9 9 9 9 9 8 9 9 2 9 9 10 9 2 10 9 9 2 9 10 2 9 9 10 10 9 2
left_child=1 5 16 10 -5 7 26 8 9 -1 -2 -12 -10 14 15 -6 -3 -16 -9 22 29 -22 -20 -8 -25 -26 -7 -14 -29 -15
right_child=3 2 -4 4 13 6 23 18 12 -11 11 -13 27 20 17 -17 -18 -19 19 -21 21 -23 -24 24 25 -27 -28 28 -30 -31
leaf_value=-0.0075198609402214326 -0.0069315805194846069 0.011669684910179466 -0.0047741960470533721 0.0018820692764684975 -0.0076627329390849567 -0.0023250414622612405 0.0023581764734463815 0.0030210027414944523 -0.0025301689601011888 -0.001665010184202284 -0.0045853968842477985 0.00078038895581405282 0.0048566515290762195 0.00087539934446138022 -0.00015416603977098624 -0.002144357223909159 0.033330574361735484 0.011798616061878571 -0.0034640966671080345 0.0045913276593391649 0.003256063488027048 -0.0084550208938482859 0.0047602470791472638 0.0032498272349475521 0.00076981305870913201 0.016477272455109521 0.0027778240684978727 0.0035775409489685983 -0.0051402609128892015 0.0079163910173104899
leaf_weight=1391.9693659618497 1281.207985535264 194.21901759505272 121.39974234998226 6906.4605857469141 1250.9545723162591 2311.68932864815 2774.0673107653856 3418.7882862649858 1949.609575137496 3820.1250258907676 1706.9751729294658 2300.2036428302526 1423.1756956726313 1634.010784342885 903.35333785414696 2202.9983174614608 72.537344086915255 188.14101146161556 2047.2213862687349 714.47198820114136 307.33708745241165 428.42420308291912 359.39577083289623 978.73698203638196 221.09685537219048 468.95688404887915 1190.5323588363826 504.66263391077518 540.12191411852837 513.52366723120213
leaf_count=6029 5601 823 521 29929 5602 9776 11714 14560 8636 16478 7427 10107 6055 7037 3806 9745 664 795 8872 3178 1338 1841 1538 4081 944 2075 5148 2160 2332 2208
internal_value=2.44229e-05 0.0005127 0.0108303 -0.000584215 0.000247285 0.000343585 0.00200169 -0.00047122 -0.00166048 -0.00325578 -0.00283515 -0.00149947 0.000215033 -0.00127061 -0.00270546 -0.00418533 0.0174945 0.0019323 0.00127664 -0.000633029 0.000986792 -0.00361737 -0.00221112 0.0040376 0.00682613 0.0115963 -0.000581544 0.00239303 -0.00092815 0.00258283
internal_weight=44126.4 24502.8 388.156 19623.6 14335.2 24114.6 7945.08 16169.5 9629.66 5212.09 5288.39 4007.18 4417.57 7428.74 4545.45 3453.95 266.756 1091.49 6539.88 3121.09 2883.3 735.761 2406.62 4442.86 1668.79 690.054 3502.22 2467.96 1044.78 2147.53
internal_count=191020 105584 2008 85436 62301 103576 33738 69838 41690 22507 23135 17534 19183 32372 19948 15347 1487 4601 28148 13588 12424 3179 10410 18814 7100 3019 14924 10547 4492 9245
cat_boundaries=0 1 2 3 4 5 6 7 8 9 10 11 12 13 14 15 16 17
cat_threshold=96768 285237768 11668507 9665611 2593043 9334307 19456 11796664 925728 134518788 819972 157696 7438592 4497440 552064 33312 140360
is_linear=0
shrinkage=0.04


Tree=116
num_leaves=31
num_cat=15
split_feature=7 51 27 51 50 17 50 51 42 2 50 51 1 50 50 2 37 35 39 1 9 2 2 51 50 51 24 51 50 50
split_gain=7.89323 18.4105 24.3323 17.7443 29.66 17.4181 14.3151 23.8168 14.1279 15.3152 13.1872 21.807 13.2463 13.1047 13.0745 12.7313 15.0943 12.3833 12.0649 12.0041 11.9559 11.9042 16.3337 22.3527 17.7426 15.7903 12.4163 11.4523 20.4341 17.1949
threshold=1.5000000000000002 0 0.018693221732974056 1 2 0.85786435008049022 3 4 -1.0000000180025095e-35 73.500000000000014 5 6 12.500000000000002 7 8 33.500000000000007 0.44529914855957037 0.93377193808555614 0.78611555695533764 42.500000000000007 6.5000000000000009 69.500000000000014 79.500000000000014 9 10 11 41.500000000000007 12 13 14
decision_type=2 9 2 9 9 8 9 9 2 2 9 9 2 9 9 2 10 8 8 2 10 2 2 9 9 9 8 9 9 9
left_child=1 2 6 4 -2 18 7 8 15 -10 11 19 14 -5 -12 16 -1 -15 -6 -3 27 26 25 24 -24 -23 -14 29 -29 -4
right_child=3 10 20 13 5 -7 -8 -9 9 -11 12 -13 21 17 -16 -17 -18 -19 -20 -21 -22 22 23 -25 -26 -27 -28 28 -30 -31
leaf_value=-0.0067834026744501208 -0.0058529749558516196 -0.0059292749334778514 -0.0047597350378036814 -0.0012258867609374075 -0.0018138620441953935 -0.0035316169205307519 0.00022799160041951498 -0.0043170854250725067 -0.0030146047723825491 0.012049155370701335 0.0031441313554793405 0.0013533536012966941 0.002845713455902058 -0.0053100972157188236 -0.005196594194194131 -0.001825755494441021 0.011405188839655687 0.0025032209902056029 0.0045989048257395687 -0.026282383230855487 -0.0028499776537757133 0.0045776934773287163 -0.008593568401340285 -0.015154122307831915 0.0095332327169365422 -0.016351440793483902 0.025284854390566155 0.00099614953281543434 0.0077623227902577797 0.0033962916474528661
leaf_weight=82.030115351080894 2380.3742727488279 576.76150533184409 715.82968464493752 4062.5237725824118 721.688660338521 1358.8906377404928 4457.4762056469917 4603.3776408433914 1262.4160543680191 112.76073311269283 488.6242496445775 1375.7266114875674 9173.8910733684897 345.61537078022957 732.3215740993619 287.17014136910439 450.43827015906572 4195.3728732317686 1308.1833169460297 47.089823484420776 766.84462903439999 77.502168551087379 99.99836528301239 88.157542608678341 358.91898785531521 177.02413557469845 34.948074176907539 1622.9116797745228 1290.5194814950228 937.34346215426922
leaf_count=346 10754 2526 3044 17327 3124 5962 19050 19583 5474 507 2125 6286 40385 1527 3205 1256 1965 17616 5613 206 3237 357 415 416 1595 777 144 6941 5577 4001
internal_value=3.89469e-05 0.000410493 -0.000476262 -0.000730414 -0.00244388 -2.81004e-05 -0.00153184 -0.00268438 0.000737042 -0.00172575 0.0015228 -0.00145754 0.00205641 0.000419339 -0.00185984 0.00488768 0.00852887 0.00189479 0.00231026 -0.0075737 0.00174613 0.00253881 -0.00211167 0.00176271 0.00539421 -0.0103898 0.00294672 0.00252457 0.0040245 -0.00013435
internal_weight=44192.7 29820.1 16589.1 14372.6 5769.14 3388.76 11255.7 6798.19 2194.82 1375.18 13231 1999.58 11231.4 8603.51 1220.95 819.639 532.468 4540.99 2029.87 623.851 5333.45 10010.4 801.601 547.075 458.917 254.526 9208.84 4566.6 2913.43 1653.17
internal_count=191341 129418 70981 61923 25453 14699 48181 29131 9548 5981 58437 9018 49419 36470 5330 3567 2311 19143 8737 2732 22800 44089 3560 2426 2010 1134 40529 19563 12518 7045
cat_boundaries=0 1 2 3 4 5 6 7 8 9 10 11 12 13 14 15
cat_threshold=8511362 4104233 75588621 285473089 8458240 134619288 3670048 361958433 269517409 7864353 16777732 1449996 8458242 269794816 286310985
is_linear=0
shrinkage=0.04


Tree=117
num_leaves=31
num_cat=7
split_feature=50 11 24 1 5 42 18 50 40 40 10 42 50 24 6 28 50 24 50 11 10 26 29 11 50 38 17 37 52 40
split_gain=8.48756 8.32923 7.32421 14.6213 12.9747 10.7511 10.018 9.74158 21.0308 17.1529 18.025 16.4148 15.2975 9.71364 9.91096 9.69947 12.0597 10.679 9.41618 9.27455 8.4765 8.30018 10.2478 8.18953 8.11304 9.57543 7.91702 11.2967 7.03353 6.96056
threshold=0 97.500000000000014 9.5000000000000018 68.500000000000014 0.90990260243415844 0.87837970256805431 0.94974747300148021 1 1.0000000180025095e-35 0.37940952181816107 79.500000000000014 1.0000000180025095e-35 2 -1.0000000180025095e-35 0.5045454502105714 -1.0000000180025095e-35 3 16.500000000000004 4 77.500000000000014 68.500000000000014 -0.18697033822536466 4.5000000000000009 12.500000000000002 5 0.47520491480827337 0.95266106724739086 0.94764256477355968 6 1.0000000180025095e-35
decision_type=9 10 10 2 2 2 10 9 2 2 2 2 9 8 2 10 9 10 9 10 2 2 10 10 9 10 10 8 1 2
left_child=-1 2 3 6 -4 19 13 8 -5 10 20 -10 -11 -2 18 16 17 -7 -15 24 -9 26 23 -23 -6 -26 28 -28 -8 -3
right_child=1 29 4 7 5 15 21 9 11 12 -12 -13 -14 14 -16 -17 -18 -19 -20 -21 -22 22 -24 -25 25 -27 27 -29 -30 -31
leaf_value=0.010350894469905367 -0.017821291790267257 0.014914622424070273 -0.010099282321673272 -0.015092931408840644 -0.002604514076993547 0.021585223874292798 -0.0071270620706290434 0.0065136193215064343 0.010448187094880726 -0.024179726988166391 0.0051846808870722018 -0.017474358733017024 0.0052738437905027191 -0.001152994023473612 0.021944840589581717 0.0017095309039004362 0.00092736192588343646 0.0056585013951690934 0.00055065466301702239 0.010832612488952479 -0.0078651487803854097 -0.0022989964690310997 -0.0059138844035854692 0.0012209996789626818 0.00055604616317019094 0.0057711463584216947 0.004521521847619764 0.029473163841390326 0.0067380053060780353 -0.0022292408995991378
leaf_weight=115.41057661920786 46.701498091220856 105.18779268860817 150.81325860321522 299.08508777618408 1014.2671981602907 160.79460881650448 72.280651524662971 72.648052826523781 116.90042801201344 77.275779113173485 507.46103805303574 41.372904494404793 38.167148225009441 13205.428083650768 26.533524669706821 576.73690877854824 187.5306283980608 128.31273350119591 8518.8180804848671 140.74125218391418 404.51631428301334 1152.8634704500437 356.64649374783039 11862.489550888538 3819.1874911189079 658.77098576724529 76.884216710925102 46.610787391662598 164.6258856356144 53.136095315217972
leaf_count=519 240 498 718 1263 4302 678 307 320 524 329 2198 181 184 57373 198 2414 799 539 35803 594 1756 4943 1556 52766 16161 2783 324 197 704 227
internal_value=0.000159294 0.00012861 9.46429e-05 -0.000126693 0.00129739 0.00156479 3.92826e-05 -0.00391393 -0.00873539 -0.00176581 -1.83806e-05 0.00271509 -0.0160309 -0.000493213 -0.000451002 0.00526787 0.00946953 0.0143142 -0.000484319 0.000864702 -0.00558966 0.000885843 0.000721353 0.000906909 0.00059601 0.00133034 0.0068408 0.0148751 0.00234911 0.0091463
internal_weight=44198.2 44082.8 43924.5 37087.3 6837.16 6686.34 35529.9 1557.43 457.358 1100.07 984.625 158.273 115.443 21797.5 21750.8 1053.37 476.638 289.107 21724.2 5632.97 477.164 13732.4 13372 13015.4 5492.23 4477.96 360.402 123.495 236.907 158.324
internal_count=191398 190879 190154 161166 28988 28270 154411 6755 1968 4787 4274 705 513 93614 93374 4430 2016 1217 93176 23840 2076 60797 59265 57709 23246 18944 1532 521 1011 725
cat_boundaries=0 1 2 3 4 5 6 7
cat_threshold=14680448 16782848 2120 16833089 100690957 16965664 9
is_linear=0
shrinkage=0.04


Tree=118
num_leaves=31
num_cat=0
split_feature=1 41 40 1 11 62 21 7 41 37 17 30 17 27 1 2 2 18 12 38 30 40 1 21 40 32 33 17 2 2
split_gain=9.59625 11.2214 12.7639 7.58141 13.9324 19.9374 10.1756 9.95808 13.7259 10.7138 10.737 10.5834 11.1143 12.0408 10.4245 13.8029 10.3293 9.70628 9.04396 8.9621 9.15812 11.706 12.5774 8.86622 8.51809 11.1153 8.49323 8.36045 8.14021 17.8615
threshold=11.500000000000002 -0.6035533845424651 0.91597560048103344 25.500000000000004 24.500000000000004 5.5000000000000009 -24.499999999999996 1.5000000000000002 0.98296290636062633 0.4803846031427384 0.96329966187477123 0.014705882873386146 0.87564432621002208 0.16774892061948779 38.500000000000007 31.500000000000004 41.500000000000007 0.2639319002628327 28.500000000000004 0.5721726417541505 0.16120071709156039 -0.91597560048103321 56.500000000000007 -19.499999999999996 0.60355338454246532 0.6683848798274995 0.99044543504714977 0.94764256477355968 55.500000000000007 52.500000000000007
decision_type=2 2 2 2 10 2 8 2 2 8 10 8 10 2 2 2 2 8 10 10 10 2 2 8 2 10 10 10 2 2
left_child=1 -1 -3 4 -2 -6 19 8 9 10 -8 26 14 -14 15 -13 -16 -11 -10 20 -5 22 -22 -19 -23 -26 -9 -15 29 -20
right_child=3 2 -4 6 5 -7 7 11 18 17 -12 12 13 27 16 -17 -18 23 28 -21 21 24 -24 -25 25 -27 -28 -29 -30 -31
leaf_value=0.00082559617803354987 0.00063262069137113121 -0.0046320692530777583 0.0080693763050366744 0.011644614026491836 0.0026248296618727397 0.026709185046709348 -0.00082468783109735028 0.0095185105284787807 0.013370204479286019 -0.022256295044263234 0.0080557128460062299 0.00061693792776131495 -0.0047301337393458624 -0.0063106603589432875 0.0074027168557402679 -0.0069336742445114466 -0.00026219758867039296 0.0076028407096120788 0.0011416951358750103 0.012973305213364815 0.016516408086739345 -0.0045500824210547445 -0.0024294194491231999 -0.00079791268722321129 0.012705100586334719 -0.0045430226372643731 -0.0087993469303329318 0.015958428250370728 0.0067307981749639076 -0.0313525528921876
leaf_weight=1373.5639081969857 20796.264805305749 1956.679317727685 129.75631295144558 131.97782750427723 192.496203571558 74.059521220624447 400.79608324915171 203.95844216644764 148.83459129929543 28.388387009501457 460.61215057224035 843.28524416685104 2569.2041967362165 36.16192415356636 392.9031151086092 703.60123929381371 943.19378288090229 199.63203231990337 475.16542083024979 128.67846672236919 127.73387865722179 532.11578699946404 92.257875964045525 10387.898887105286 121.12529242038727 107.69675904512405 44.960631966590881 73.537349179387093 443.89628338813782 23.656624957919121
leaf_count=5873 89246 8545 547 551 819 670 1730 878 656 121 1993 3586 11352 157 1700 3077 4105 843 2066 537 548 2229 398 45393 491 438 195 310 2016 98
internal_value=5.15968e-05 -0.00196857 -0.0038152 0.000224115 0.000751351 0.00975862 -0.000340883 -0.000578857 5.28249e-05 -0.000353914 0.00391984 -0.00194751 -0.0023129 -0.0041666 -0.00057927 -0.00281584 0.00199609 -0.000704265 0.00432991 0.00315409 0.00194792 0.000570564 0.00860479 -0.000634111 -0.00176708 0.00457806 0.00602299 0.00848805 0.00281853 -0.000655501
internal_weight=44144.1 3460 2086.44 40684.1 21062.8 266.556 19621.3 18379.7 12568.9 11477.3 861.408 5810.81 5561.89 2678.9 2882.98 1546.89 1336.1 10615.9 1091.55 1241.59 1112.91 980.93 219.992 10587.5 760.938 228.822 248.919 109.699 942.718 498.822
internal_count=191168 14965 9092 176203 90735 1489 85468 80276 54916 50080 3723 25360 24287 11819 12468 6663 5805 46357 4836 5192 4655 4104 946 46236 3158 929 1073 467 4180 2164
is_linear=0
shrinkage=0.04


Tree=119
num_leaves=31
num_cat=15
split_feature=7 51 50 50 51 27 10 50 51 27 37 18 38 26 39 51 50 50 10 51 2 42 51 3 50 51 50 50 40 2
split_gain=11.1963 14.8129 22.5729 20.8084 15.255 12.1236 11.3959 10.6634 11.3532 10.1918 9.36854 9.76288 9.30025 9.2454 11.8035 8.29937 25.8253 18.3196 13.236 11.9517 21.506 13.4266 11.8238 14.6801 12.0759 9.73258 9.68157 9.53058 8.90489 8.79836
threshold=1.5000000000000002 0 1 2 3 0.45512083172798162 10.500000000000002 4 5 0.0372685194015503 0.91709622740745556 0.59896907210350048 0.1179633140563965 -0.094987470656633363 0.74305018782615673 6 7 8 49.500000000000007 9 12.500000000000002 -0.87837970256805409 10 3.5000000000000004 11 12 13 14 0.37940952181816107 30.500000000000004
decision_type=2 9 9 9 9 2 2 9 9 2 10 10 8 2 8 9 9 9 2 9 2 2 9 2 9 9 9 9 2 2
left_child=7 3 4 9 5 6 -3 -1 -9 -2 12 -12 -6 14 -13 17 22 18 25 26 -21 -22 -17 24 -24 -10 -18 28 -19 -28
right_child=1 2 -4 -5 10 -7 -8 8 15 -11 11 13 -14 -15 -16 16 19 27 -20 20 21 -23 23 -25 -26 -27 29 -29 -30 -31
leaf_value=0.011175674508374785 -0.020565893881631037 -0.007552265938654509 -0.00099983837864215026 -0.0004730129760652103 -0.0077090139558701554 0.020579850467767107 0.0086643620421341088 0.0096568013384143569 0.0054012422552504758 -0.0052606264569304466 -0.0017528044567497946 0 0.0013923305522208537 0.0016707867231197651 0.024863848293390844 0.001195873652748685 0.0058728824795272038 -0.0043579441767401519 -0.0098471575246974492 -0.0067053661123272828 -0.0039113923530984113 0.0068902435591006493 -0.00019893265625336976 0.021565630029882033 -0.0051548131889499939 0.00054017565011517019 0.0022531652786850812 -0.00070318479873725877 -0.021826042333080779 -0.0014660162825991683
leaf_weight=132.91668543964624 69.071905791759491 76.680377170443535 7559.0460409671068 2806.4450032562017 226.4601776599884 114.41996915638447 444.5069135427475 195.75937563925982 1498.7462353780866 1927.0647405683994 136.16004405915737 42.503420874476433 791.67406426370144 99.824935361742973 101.26285314559937 2313.3885094672441 665.81564465537667 233.51169241964817 123.51436488330364 229.41185337305069 195.55207719653845 2167.8433454521 1493.8888407796621 34.764673385769129 1685.6059635803103 1205.4230028875172 2455.939459733665 13419.559748575091 56.359300024807453 1724.9050409942865
leaf_count=645 312 329 32292 12183 952 482 1932 1374 6423 8613 567 178 3372 422 423 10067 2954 1048 526 999 889 9268 6403 176 7322 5229 10761 57401 270 7752
internal_value=1.36257e-05 -0.000901918 5.62835e-06 -0.00271128 0.00373294 0.00881555 0.00619137 0.000456146 0.000401729 -0.0058212 0.0013387 0.00667062 -0.000640284 0.0114001 0.017738 0.000334768 0.00109211 -0.000258322 0.00266292 0.00262961 0.00482212 0.00598168 -0.000975069 -0.00254205 -0.00285335 0.00326866 0.00144132 -0.000864563 -0.00786776 0.000712332
internal_weight=44228 14395.1 9592.54 4802.58 2033.49 635.607 521.187 29832.9 29700 1996.14 1397.89 379.751 1018.13 243.591 143.766 29504.2 12967.1 16537.1 2827.68 7439.47 2592.81 2363.4 5527.65 3214.26 3179.49 2704.17 4846.66 13709.4 289.871 4180.84
internal_count=191564 62057 40949 21108 8657 2743 2261 129507 128862 8925 5914 1590 4324 1023 601 127488 56591 70897 12178 32623 11156 10157 23968 13901 13725 11652 21467 58719 1318 18513
cat_boundaries=0 1 2 3 4 5 6 7 8 9 10 11 12 13 14 15
cat_threshold=3973181 266440 25448525 200706 80740352 8 8740614 2565084 35987764 4366465 4333712 644 8652294 268468227 268435586
is_linear=0
shrinkage=0.04


Tree=120
num_leaves=31
num_cat=7
split_feature=50 41 6 50 39 2 50 40 30 1 50 41 2 50 18 2 2 40 39 42 36 39 16 50 62 62 50 17 42 16
split_gain=10.0669 9.79485 7.29555 15.6432 9.47692 7.18379 16.3051 21.7164 16.3511 14.8741 17.6653 10.6221 10.6158 10.3491 9.54864 8.84471 15.9944 8.23263 16.6379 9.17124 6.91949 7.17437 13.1182 11.9002 21.2445 9.13554 8.16927 7.087 6.76399 6.5192
threshold=0 0.60355338454246532 0.23166368901729587 1 0.38935969769954687 85.500000000000014 2 0.37940952181816107 0.027777777053415779 68.500000000000014 3 -0.12940952181816107 78.000000000000014 4 0.75128865242004406 73.500000000000014 70.500000000000014 -1.0000000180025095e-35 0.87312766909599315 1.0000000180025095e-35 0.016261236742138866 0.95266106724739086 0.87564432621002208 5 5.5000000000000009 4.5000000000000009 6 0.98260739445686351 -1.0000000180025095e-35 0.93717104196548473
decision_type=9 2 2 9 8 2 9 2 8 2 9 2 2 9 8 2 2 2 8 2 8 8 2 9 2 2 9 10 2 2
left_child=1 28 5 4 -4 9 17 11 13 20 14 -8 15 -9 -11 16 -12 18 -7 -19 21 23 26 24 -2 -25 -23 -24 -1 -30
right_child=2 -3 3 -5 -6 6 7 8 -10 10 12 -13 -14 -15 -16 -17 -18 19 -20 -21 -22 22 27 25 -26 -27 -28 -29 29 -31
leaf_value=-0.00095064180103563204 0.0019072722416672112 0.024370990714322902 0.018803062472144728 -0.016637065053983668 -0.003634144004894565 0.011811831068960006 -0.010439723165273751 0.0036357747409587306 0.013221794346180558 0.015392595835142115 -0.0045011850199582551 0.0089960681765762062 -0.020620964503597076 -0.028645069711291642 -0.00073989462719715473 0.0020067661173357341 -0.022013705435292703 0.0095910112526436352 -0.015439621250606004 -0.010660247455601971 -0.00018160203657366033 0.0098615087300426493 -0.00030773445032178766 -0.0010598096265842644 0.023984176912958871 -0.013708935940262901 0.00061605299423822719 0.0034512565035940113 -0.0035986113462110154 0.017441512595359986
leaf_weight=160.4721646681428 922.60808784514666 41.556471481919289 37.301928639411926 113.48884551227093 97.841137588024139 41.034237205982208 42.694887921214104 23.147629164159298 25.890659302473068 69.923318818211555 327.389065310359 785.38760031759739 96.935145601630211 46.759226709604263 260.27986480295658 146.1056901216507 110.98535220324993 99.089571803808212 158.99033349752426 49.122302114963531 33599.689268603921 505.83494947850704 1964.8144585415721 2609.4507571309805 70.911397654563189 90.144459381699562 238.16084125638008 1340.8816375285387 28.721118271350861 78.570080682635307
leaf_count=695 3858 241 247 617 485 176 198 112 106 289 1407 3393 419 203 1135 638 484 436 670 210 145037 2101 8264 10948 794 500 978 6278 120 346
internal_value=5.05336e-05 0.00707191 -9.23307e-07 -0.00676575 0.00267522 3.79427e-05 0.00299398 0.0057414 -0.0117262 -5.07132e-05 -0.00483091 0.00791333 -0.00842626 -0.0214987 0.0027143 -0.00635505 -0.00917827 -0.00425847 -0.00959983 0.00261969 6.63408e-05 0.00114429 0.00230621 -0.000125814 0.00357938 -0.00150857 0.0070924 0.00121388 0.00417554 0.0117217
internal_weight=44184.2 309.32 43874.9 248.632 135.143 43626.2 1272.12 923.88 95.7975 42354.1 1011.62 828.082 681.415 69.9069 330.203 584.48 438.374 348.236 200.025 148.212 41342.5 7742.81 4049.69 3693.11 993.519 2699.6 743.996 3305.7 267.763 107.291
internal_count=191385 1402 189983 1349 732 188634 5504 4012 421 183130 4372 3591 2948 315 1424 2529 1891 1492 846 646 178758 33721 17621 16100 4652 11448 3079 14542 1161 466
cat_boundaries=0 1 2 3 4 5 6 7
cat_threshold=217055618 268501097 16781824 49216 132100 268567556 89608
is_linear=0
shrinkage=0.04


Tree=121
num_leaves=31
num_cat=17
split_feature=50 14 18 8 51 50 50 51 51 42 51 13 40 51 12 36 13 51 50 5 51 50 8 15 51 50 51 52 50 39
split_gain=9.99922 8.34747 8.09095 6.41828 12.4828 18.9685 17.9785 21.0699 18.3455 17.3833 13.931 15.7612 11.9055 11.6104 16.5521 10.6716 10.5436 10.3223 17.6755 25.4842 18.5969 16.351 12.5995 11.1076 18.2671 12.8903 15.7779 12.8004 10.2018 9.94527
threshold=0 0.96225070953369152 0.8306388556957246 1.5000000000000002 1 2 3 4 5 -1.0000000180025095e-35 6 0.022347066551446918 0.12940952181816109 7 76.500000000000014 0.90121948719024669 0.062828946858644499 8 9 0.91734972596168529 10 11 3.5000000000000004 0.17974359542131427 12 13 14 15 16 0.66849818825721752
decision_type=9 10 8 10 9 9 9 9 9 2 9 2 2 9 10 10 2 9 9 2 9 9 10 10 9 9 9 1 9 8
left_child=2 3 -1 4 5 -2 7 -6 9 16 11 28 -13 14 -10 -11 -8 18 19 -5 22 29 -21 24 -20 26 -25 -26 -7 -19
right_child=1 -3 -4 17 6 10 8 -9 13 15 -12 12 -14 -15 -16 -17 -18 21 23 20 -22 -23 -24 25 27 -27 -28 -29 -30 -31
leaf_value=-0.0055335461900954579 -0.0023765837577073767 -0.01381950197218893 0.016055686859323674 -0.012494499789336313 -0.0022797854596334727 0.013750100789587293 -0.0020785109310281712 0.0024685290806874777 -0.0040577285733662842 0.0049294383731959121 -0.0018909721809221298 -0.0031876026062193485 0.014772331931885164 0.00060640988807535482 -0.038098687264009064 0.024554455372822553 0.0063663074164296684 -0.0055223048332692535 -0.0086436482423950366 0.0017289718279806898 0.0020156457245123177 0.00071175628458063566 0.01387814358392492 -0.011878585614933679 0.0039666745975590586 0.0013090389173385435 0.00016799685096589962 -0.0026757720253604801 0.004458241096931808 -0.0017989174121390192
leaf_weight=32.543806135654449 4940.1226170621812 65.470625251531601 106.53866750001907 148.87867541611195 4096.2659221217036 257.86458652466536 1025.2237327173352 2333.2253964580595 115.48643582314253 3748.8188533782959 1007.661867108196 527.49826903641224 61.26294369995594 3881.5508215613663 24.595024257898331 40.769062012434006 301.93345399200916 1499.5320003479719 607.18159446120262 204.0352511703968 1701.7518712133169 3543.3479718267918 445.17257408797741 265.89001731574535 617.14967922866344 4542.1071652919054 456.77839314937592 1726.90632404387 821.19571700692177 5022.7822966873646
leaf_count=139 21822 289 495 676 17309 1139 4499 10863 526 15944 4211 2236 247 17429 102 172 1302 6634 2712 870 7145 15062 1871 1113 2684 19078 1949 7442 3407 21988
internal_value=-2.68331e-05 -6.28537e-05 0.0101444 -4.03582e-05 0.000416687 -0.00090802 0.00106598 -0.000551811 0.00220544 0.00379223 0.00179429 0.00402975 -0.00117646 0.000175016 -0.0105521 0.00517791 -0.000125585 -0.000551169 0.000311577 0.00324741 0.00429096 -0.00147018 0.00998027 -0.000583551 -0.00254761 0.000513895 -0.00438858 -0.00090435 0.00691832 -0.00265752
internal_weight=44169.5 44030.5 139.082 43965 23183.5 7615.61 15567.9 6429.49 9138.38 5116.75 2675.48 1667.82 588.761 4021.63 140.081 3789.59 1327.16 20781.5 10715.9 2499.84 2350.96 10065.7 649.208 8216.01 2951.24 5264.78 722.668 2344.06 1079.06 6522.31
internal_count=191355 190721 634 190432 101208 33062 68146 28172 39974 21917 11240 7029 2483 18057 628 16116 5801 89224 45540 10562 9886 43684 2741 34978 12838 22140 3062 10126 4546 28622
cat_boundaries=0 1 2 3 4 5 6 7 8 9 10 11 12 13 14 15 16 17
cat_threshold=81789312 479618 419482653 33961537 16256512 7867920 458754 4 8606617 266360 135168 1465388 131328 269582337 896 80 1187840
is_linear=0
shrinkage=0.04


Tree=122
num_leaves=31
num_cat=13
split_feature=15 17 24 38 50 51 51 27 50 50 50 38 62 50 10 12 12 42 51 51 32 52 51 37 37 37 18 50 51 32
split_gain=8.77795 12.572 12.0553 10.4296 23.5517 19.5764 17.0595 19.2273 13.6374 12.7074 12.3345 11.7992 13.4341 18.1532 11.3594 10.7329 10.5823 13.9262 13.6051 9.74706 8.60228 8.52282 8.15704 8.66565 8.20176 8.4532 8.00945 7.57744 11.8005 12.2855
threshold=0.015038444194942715 0.46702899038791662 -1.0000000180025095e-35 0.26352339982986456 0 1 2 0.019419306889176372 3 4 5 0.35751880705356603 5.5000000000000009 6 29.500000000000004 81.500000000000014 12.500000000000002 -0.60785761475563038 7 8 0.18786764889955523 9 10 0.36882591247558599 0.66877639293670665 0.84654632210731517 0.92893216013908397 11 12 0.30825792253017431
decision_type=10 8 10 10 9 9 9 2 9 9 9 10 2 9 2 10 10 2 9 9 10 1 9 10 10 10 10 9 9 10
left_child=1 -1 -2 6 22 11 7 8 15 20 19 14 -13 -14 -6 21 18 -18 -10 -9 -8 -3 24 -24 -5 -26 -12 28 -4 -30
right_child=2 3 27 4 5 -7 9 10 16 -11 26 12 13 -15 -16 -17 17 -19 -20 -21 -22 -23 23 -25 25 -27 -28 -29 29 -31
leaf_value=0.015064831565662138 -0.019406122553414853 0 0.0061258962344157277 0.014602066971812941 0.016629211694701006 0.012020714312707997 -0.0044485395679287939 0.009510370857590645 -0.01464734118087852 0.0023434932316026588 0.018535685119344805 -0.0068258465255213062 0.026226545441626115 -0.011631846210782964 -0.0075289474205888201 0.0090076069556398238 0.0065153164344170502 6.2074413827882229e-05 0.0017969593285583722 -0.015525486070640138 0.0075103311949976303 -0.0179364017654823 -0.014659370066754917 -0.0012451658744735983 -0.011215509419401089 0.0055059864598413734 0.0052785615138375664 -0.00029700840594292096 0.002022386895635205 -0.012138812239865586
leaf_weight=97.343359928578138 47.282050341367722 71.566852897405624 718.41861164569855 92.929530546069145 112.30578699707985 638.13690004870296 1962.9123249202967 25.080285236239433 143.43810435384512 699.42109890654683 74.119987308979034 270.75698811560869 36.340643759816885 24.183862760663033 37.769214242696762 38.728156208992004 655.72658377885818 2847.854703668505 160.02359943836927 67.841994032263756 95.570489794015884 135.02874981611967 81.052210338413715 806.36461883038282 62.800815440714359 162.75336938351393 1542.3645865321159 31920.832432866096 339.58233992755413 131.4060248285532
leaf_count=487 247 313 2999 406 528 2989 8746 104 606 3290 314 1161 341 146 185 158 3066 12682 705 285 412 601 357 3543 271 709 6526 136962 1413 546
internal_value=0.00011366 0.00109605 -0.000210053 0.000961936 0.00333409 0.00746439 0.000310549 0.00154967 4.50264e-05 -0.0022665 0.00510347 0.00120302 -0.00294862 0.0132883 0.0103737 -0.00880848 0.000652987 0.00128312 -0.00643901 -0.0082002 -0.00384812 -0.012793 -0.000555782 -0.00253957 0.00477745 0.00062123 0.00591756 -0.000179111 0.00293416 -0.001932
internal_weight=44099.9 10942.4 33157.5 10845.1 2325.39 1119.49 8519.68 5761.77 4052.37 2757.9 1709.41 481.356 331.281 60.5245 150.075 245.324 3807.04 3503.58 303.462 92.9223 2058.48 206.596 1205.9 887.417 318.484 225.554 1616.48 33110.2 1189.41 470.988
internal_count=191098 48931 142167 48444 10636 5350 37808 25360 18131 12448 7229 2361 1648 487 713 1072 17059 15748 1311 389 9158 914 5286 3900 1386 980 6840 141920 4958 1959
cat_boundaries=0 1 2 3 4 5 6 7 8 9 10 11 12 13
cat_threshold=67460200 6605880 15748651 268435497 293834311 204833 268468229 9455618 1064960 18 7868436 207946162 14512416
is_linear=0
shrinkage=0.04


Tree=123
num_leaves=31
num_cat=6
split_feature=2 50 40 41 2 34 39 50 2 50 37 37 16 2 2 2 41 40 30 38 34 62 50 39 10 40 50 40 50 2
split_gain=6.49484 23.4056 27.277 18.3698 15.8213 14.3446 10.961 9.51579 9.20736 13.9675 8.1622 8.12629 8.63136 7.31571 12.0548 18.563 12.5581 7.05453 6.98827 6.8611 6.63388 6.21922 32.2284 22.1063 22.2881 14.2513 13.0779 12.4439 14.2312 10.5943
threshold=79.500000000000014 0 0.37940952181816107 -0.12940952181816107 78.000000000000014 0.88273492455482494 0.87312766909599315 1 68.500000000000014 2 0.98786765336990368 0.98473194241523754 0.98692753911018383 69.500000000000014 73.500000000000014 70.500000000000014 0.91597560048103344 1.0000000180025095e-35 1.0000000180025095e-35 0.33508773148059851 0.9378221631050111 5.5000000000000009 3 0.63693180680274974 21.500000000000004 0.37940952181816107 4 0.78656607866287243 5 25.500000000000004
decision_type=2 9 2 2 2 10 8 9 2 9 10 10 2 2 2 2 2 2 10 8 10 2 9 8 2 2 9 2 9 2
left_child=4 6 3 -3 8 -4 20 -7 21 13 -5 -11 -13 17 15 16 -15 -10 -16 -17 -2 -1 23 26 25 -25 -23 28 -24 -26
right_child=1 2 5 10 -6 7 -8 -9 9 11 -12 12 -14 14 18 19 -18 -19 -20 -21 -22 22 27 24 29 -27 -28 -29 -30 -31
leaf_value=-0.00016262645661107599 0.018256962041045467 -0.013474894745945626 0.0094969963657387958 0.013374443061289081 -0.021944599057045929 0.0034716167462071424 -0.0083451087804907783 -0.026953111044446431 0.014663425310064867 -0.0075175827576295763 0.0052090312987123182 -0.034147393750639771 -0.003015873058048488 0.0090040490498928503 -0.011602327163752804 -0.029503587608383952 -0.014504792639014743 -0.00533584760161514 0.0058770875697368224 -0.0077060051724013451 -0.002620663396256908 0.031952861915943966 0.0084949228902928883 -0.01834505159787337 0.026747643844269812 0.0045527937999043522 0.004642837526894387 -0.017720027992330464 -0.007047817726484734 0.00637143061291498
leaf_weight=40777.820483662188 39.61623378098011 53.124281346797943 30.413024708628654 459.24001717567444 48.491440445184708 23.184309378266335 350.78551904112101 56.763299211859703 77.638598740100861 187.02908090502024 374.58600978553295 41.947259500622749 24.106298014521599 93.987091019749641 38.288381025195122 62.637139245867729 52.405987232923508 37.835062071681023 221.73219640552998 46.679624319076538 48.218679554760456 82.482447579503059 135.70641122758389 75.513189755380154 62.531413767486811 89.042345780879259 65.887572932988405 87.756237871944904 236.30026031285524 124.27877008914948
leaf_count=174917 169 252 126 1930 206 113 1495 246 344 808 1670 172 105 415 180 276 229 159 955 203 207 797 864 380 625 566 378 517 1097 750
internal_value=-0.000111576 0.00252869 0.00588519 0.0082998 -0.00020118 -0.0123557 -0.00505705 -0.0209739 -0.000173402 -0.00420132 0.00978299 -0.0118415 -0.0240791 -0.000838244 -0.00292835 -0.00903364 0.000255115 0.00799514 0.00305742 -0.0211149 0.00705649 -8.70906e-05 0.00308658 0.00996924 0.00449295 -0.006068 0.0228884 -0.00449598 -0.00124899 0.0138157
internal_weight=44106 1435.93 997.311 886.95 42670.1 110.361 438.62 79.9476 42621.6 884.287 833.826 253.083 66.0536 631.204 515.73 255.71 146.393 115.474 260.021 109.317 87.8349 41737.3 959.499 499.736 351.366 164.556 148.37 459.763 372.007 186.81
internal_count=191151 6208 4337 3852 184943 485 1871 359 184737 3846 3600 1085 277 2761 2258 1123 644 503 1135 479 376 180891 5974 3496 2321 946 1175 2478 1961 1375
cat_boundaries=0 1 2 3 4 5 6
cat_threshold=16781828 132096 51712 343978509 268435469 1246210
is_linear=0
shrinkage=0.04


Tree=124
num_leaves=31
num_cat=12
split_feature=13 6 51 15 50 38 2 1 10 62 50 51 51 50 51 50 2 51 1 32 51 50 39 50 29 40 10 36 1 1
split_gain=8.72592 7.42398 16.4488 13.3966 10.9968 8.69778 8.50047 7.9911 21.777 20.6269 20.1083 27.4534 24.9672 16.3387 14.4956 17.8864 18.1489 19.9545 19.1821 14.224 13.3484 12.9853 12.8942 11.8675 11.7816 14.6191 11.6083 11.5981 12.8503 24.1239
threshold=0.94590643048286449 0.067424245178699507 0 0.062828946858644499 1 0.027973395772278312 14.500000000000002 25.500000000000004 24.500000000000004 5.5000000000000009 2 3 4 5 6 7 22.500000000000004 8 19.500000000000004 0.10557275637984277 9 10 0.84240093827247631 11 1.0000000180025095e-35 -0.6035533845424651 3.5000000000000004 0.72776681184768688 83.500000000000014 68.500000000000014
decision_type=2 2 9 8 9 8 2 2 2 2 9 9 9 9 9 9 2 9 2 10 9 9 10 9 8 2 2 10 2 2
left_child=1 7 3 -3 -4 6 -6 8 14 20 12 23 13 19 21 26 18 -18 -17 22 -10 -1 -9 -12 25 -23 -16 28 29 -13
right_child=-2 2 4 -5 5 -7 -8 10 9 -11 11 27 -14 -15 15 16 17 -19 -20 -21 -22 24 -24 -25 -26 -27 -28 -29 -30 -31
leaf_value=0.002088454582165695 -0.015407825231707722 0.0033893865192402839 -0.0083368448104766211 -0.010121670748963949 0 0.00052633147915260865 0.019616548173094824 -0.0011969088802405397 -0.004382636079337812 0.028380472923242927 -0.0025889870022506819 0.0024601648640637228 -0.00065878184006932454 -0.0093657979057127951 0.011056500123724364 0.002237862841520975 -0.025532664892119965 -0.0010456066056996022 0.0079338365010746537 0.0028184743689618173 0.012021889795624774 0.00030222793844416051 -0.012868056724954795 0.0021649283490244903 0.00022651522263680317 -0.004739025593024449 -0.00038755010699887175 0.014351491809256007 0.0082134705983856679 -0.0070680966499108017
leaf_weight=2068.8090564310551 53.713358104228973 143.23385654389858 181.65069983899593 556.65146797895432 62.533332541584969 943.95486537367105 76.563575137406588 357.9433334171772 129.01255895197392 74.399472154676914 3821.138829678297 4882.9243977814913 6311.138576425612 1004.8182776048779 140.01918177306652 4946.4304145239294 53.549874693155289 268.08002975583076 1173.3057396560907 487.04143933951855 169.82556714117527 1413.3615519590676 264.61313199996948 1060.6658822819591 3445.4822283089161 2592.7225478813052 6338.5120434761047 124.84705646336079 518.75995466858149 459.96282683312893
leaf_count=8768 239 657 840 2578 264 4210 377 1516 542 685 16803 21144 27783 4444 586 21068 221 1140 5074 2054 724 6163 1119 4469 14895 11139 26981 531 2276 1967
internal_value=1.87023e-06 2.28505e-05 -0.0023769 -0.00722134 0.00036017 0.00193102 0.0111098 0.000135559 0.000642616 0.0101634 -0.000462973 0.000672692 -0.0019283 -0.00567687 0.000481142 0.00135353 0.00284415 -0.00632597 0.00333877 -0.00223813 0.00516985 -0.000701438 -0.00625252 -0.00154856 -0.00148133 -0.00295731 -0.000128593 0.00248673 0.00222283 0.00163031
internal_weight=44125.7 44072 1964.59 699.885 1264.7 1083.05 139.097 42107.4 22813.5 373.238 19293.9 10868.3 8425.55 2114.42 22440.3 12919.9 6441.37 321.63 6119.74 1109.6 298.838 9520.38 622.556 4881.8 7451.57 4006.08 6478.53 5986.49 5861.65 5342.89
internal_count=191257 191018 8926 3235 5691 4851 641 182092 97986 1951 84106 47190 36916 9133 96035 55070 27503 1361 26142 4689 1266 40965 2635 21272 32197 17302 27567 25918 25387 23111
cat_boundaries=0 1 2 3 4 5 6 7 8 9 10 11 12
cat_threshold=5867776 16859152 352383516 4322996 12320896 268472832 1461379 43202123 8388864 2222593 57688704 461825
is_linear=0
shrinkage=0.04


Tree=125
num_leaves=31
num_cat=7
split_feature=38 11 42 50 10 11 5 50 10 40 50 34 28 39 42 41 18 50 39 40 10 6 50 2 10 62 10 50 50 24
split_gain=10.9405 11.5049 7.70106 9.6679 9.39967 9.1462 7.66408 8.68465 11.4577 8.7483 8.14746 6.47413 6.33914 6.38531 6.11691 7.74904 8.30756 6.58697 6.91949 6.07766 6.49418 5.80997 5.69724 16.3737 17.6207 19.1635 17.207 16.8603 12.3251 11.6063
threshold=1.0000000180025095e-35 11.500000000000002 0.87837970256805431 0 22.500000000000004 39.500000000000007 0.96026313304901134 1 27.500000000000004 0.37940952181816107 2 1.0000000180025095e-35 -1.0000000180025095e-35 0.94474968314170849 -0.60785761475563038 0.78656607866287243 0.90862709283828746 3 0.94474968314170849 0.60355338454246532 20.500000000000004 0.56306818127632152 4 25.500000000000004 24.500000000000004 5.5000000000000009 25.500000000000004 5 6 9.5000000000000018
decision_type=8 10 2 9 2 10 2 9 2 2 9 8 10 10 2 2 10 9 10 2 2 2 9 2 2 2 2 9 9 10
left_child=1 12 3 19 14 -4 10 9 -9 -8 -6 -2 13 -1 15 -5 -17 18 -16 -3 -21 22 29 24 -24 -26 27 -25 -28 -13
right_child=11 2 5 4 6 -7 7 8 -10 -11 -12 21 -14 -15 17 16 -18 -19 -20 20 -22 -23 23 26 25 -27 28 -29 -30 -31
leaf_value=-0.009806167468659005 -0.0082811305338078532 0.011533452101958181 -0.0043705437147617864 -0.0053653127963558802 -0.0067679743453085703 0.0053615782125647181 -0.006895603494319627 -0.0093908743886521092 0.0029537038684206442 0.0061554007623613929 0.017499287479967471 -0.00097881673181216206 -0.0046568895144376236 0.003180590089641595 -0.0096895951896011565 -0.0078677353327708238 0.014559531975059579 0.010258728155260856 0.0049487408656100559 -0.017621561675818919 0.0086189061768251075 0.017106214145431703 0.0012431422141968946 -0.014477358107501006 0.0052847537282491594 0.036125668969072704 0.0098476593743213776 -0.00051650516413113089 -0.00093485938095344491 0.001370649716462963
leaf_weight=64.973189413547516 154.88214437663555 323.74010866880417 481.98317267745733 171.78621027618647 23.909390367567539 220.33269090950489 400.35199801623821 126.5196250602603 1355.2658379673958 97.340034686028957 66.040222451090813 20496.27387008816 621.2355969324708 431.51671244204044 51.277741745114326 33.097860708832741 81.060888424515724 441.00724626332521 574.50156676769257 21.688970595598221 29.16555655002594 25.943033922463655 8455.7988954000175 282.81959883868694 114.72817829251289 42.312020156532526 161.00281079113483 277.92065331339836 4568.2343683987856 4013.8718001097441
leaf_count=278 722 1444 2041 734 102 949 1701 539 5848 417 274 89711 2592 1797 215 142 361 1878 2433 92 155 202 35937 1200 480 426 734 1194 19915 17108
internal_value=-4.72106e-06 0.00164342 0.00254727 0.0032599 0.00254793 -0.00127276 0.000844736 0.000301105 0.00184578 -0.00418419 0.0119517 -0.000245285 -0.00197207 0.00136037 0.00514483 0 0.00783209 0.00653166 0.00359327 0.00928061 -0.00278995 -0.000211314 -0.000225755 0.00042 0.00149688 0.0145761 -0.0013285 -0.00792402 -0.000534714 -0.000592801
internal_weight=44210.6 5616.79 4499.07 3796.75 3422.16 702.316 2069.43 1979.48 1481.79 497.692 89.9496 38593.8 1117.73 496.49 1352.73 285.945 114.159 1066.79 625.779 374.595 50.8545 38438.9 38413 13902.8 8612.84 157.04 5289.98 560.74 4729.24 24510.1
internal_count=191621 23992 19325 16335 14644 2990 8881 8505 6387 2118 376 167629 4667 2075 5763 1237 503 4526 2648 1691 247 166907 166705 59886 36843 906 23043 2394 20649 106819
cat_boundaries=0 1 2 3 4 5 6 7
cat_threshold=77840 16925188 50184 268470341 167779405 16949296 13631762
is_linear=0
shrinkage=0.04


Tree=126
num_leaves=31
num_cat=12
split_feature=2 2 63 1 51 51 51 42 51 51 36 38 36 35 52 51 52 51 1 8 51 51 42 38 51 39 1 42 37 29
split_gain=6.78505 16.7474 14.5368 20.6517 13.7088 13.65 13.4255 9.73929 13.9899 9.4045 9.40324 9.78668 9.32181 8.84207 8.81997 21.3369 8.77854 11.0511 9.38383 10.3316 10.0171 9.16638 8.52085 8.16312 7.97317 10.9522 9.41878 10.0497 9.06485 7.81945
threshold=25.500000000000004 18.500000000000004 1.8691406250000002 24.500000000000004 0 1 2 -1.0000000180025095e-35 3 4 0.63060203194618236 0.39314988255500799 0.41213235259056097 0.89009663462638866 5 6 7 8 12.500000000000002 8.5000000000000018 9 10 1.0000000180025095e-35 0.29442724585533148 11 0.93717104196548473 29.500000000000004 0.6078576147556306 0.98019608855247509 2.5000000000000004
decision_type=2 2 2 2 9 9 9 2 9 9 10 10 10 10 1 9 1 9 2 8 9 9 2 10 9 8 2 2 8 10
left_child=1 6 9 5 14 23 13 8 -6 12 11 -10 -3 -1 15 -2 17 -8 19 20 -19 22 -18 -4 26 -26 -9 -28 -27 -23
right_child=4 2 3 -5 7 -7 16 24 10 -11 -12 -13 -14 -15 -16 -17 21 18 -20 -21 -22 29 -24 -25 25 28 27 -29 -30 -31
leaf_value=-0.0063605830069569918 0.007571416557103962 0.0054001926337356732 -0.0175186764867638 0.029613653260524064 -0.0075319859628877927 0.011627664313098583 -0.0054016755605131011 -0.0044818189741057356 -0.0021891296399790088 0.00068067060295980977 -0.013549243412994816 0.0060574519341049758 -0.001843017440909355 0.001612322990229215 -3.9892092349561568e-05 -0.0044573755087318383 -0.0082500136766800111 0.0014675595856519636 0.0012233005412809154 -0.014092859283594548 -0.0042474922109642741 -0.00019818135984196435 -0.0019375201116864213 0.008600502039320463 0.00044162229258627001 -0.0026567439489745583 0.0030962912973380241 -0.0012429912955491576 -0.0093601310822620451 -0.0051267901417464679
leaf_weight=226.55728323757648 732.25856722891331 1503.2477210611105 53.170275203883648 66.08741208165884 971.49509324878454 130.28020465373993 595.35534909367561 565.95727149397135 1798.0640873461962 5037.2991945669055 98.021845430135727 258.20987273752689 343.00659781694412 5304.760409027338 8981.5094370469451 332.87757950276136 719.80130220577121 983.79828201979399 4604.6857893802226 103.06700605154037 948.59409102797508 2404.6131763011217 674.75086426734924 23.690461054444313 1110.6315659359097 1063.2302760183811 1820.0950679294765 1592.9541649743915 471.4385277107358 653.95947547256947
leaf_count=1049 3115 6372 286 653 4310 925 2543 2410 8071 21332 436 1159 1431 22844 38986 1646 3221 4178 19484 453 4067 10352 2858 163 4990 4723 7716 6784 2089 2849
internal_value=-0.000116739 0.000329437 0.00195545 0.0109339 -0.000667093 0.00432239 -0.000345561 -0.00173453 -0.00357702 0.00158849 -0.00172804 -0.00113171 0.00402065 0.0012744 0.000368558 0.00378395 -0.00111423 -0.000249355 0.000220731 -0.00203387 -0.00134566 -0.00250945 -0.00519076 -0.00818972 -0.000862684 -0.00255793 0.000266864 0.00106633 -0.00475267 -0.00126104
internal_weight=44173.5 24376.7 7156.78 273.228 19796.7 207.141 17219.9 9750.1 3125.79 6883.55 2154.3 2056.27 1846.25 5531.32 10046.6 1065.14 11688.6 7235.5 6640.15 2035.46 1932.39 4453.12 1394.55 76.8607 6624.31 2645.3 3979.01 3413.05 1534.67 3058.57
internal_count=191495 105060 31162 2027 86435 1374 73898 42688 13976 29135 9666 9230 7803 23893 43747 4761 50005 30725 28182 8698 8245 19280 6079 449 28712 11802 16910 14500 6812 13201
cat_boundaries=0 1 2 3 4 5 6 7 8 9 10 11 12
cat_threshold=12195899 12563 4309404 263044 12592166 64 11538435 23 35 273920 1312256 272132
is_linear=0
shrinkage=0.04


Tree=127
num_leaves=31
num_cat=6
split_feature=13 5 50 38 34 16 50 40 11 41 38 34 16 37 50 18 50 13 50 17 11 40 29 50 9 11 16 15 15 32
split_gain=7.46341 6.07455 12.8428 13.8917 9.50638 14.9491 8.29098 14.9359 13.8341 9.02103 8.27724 8.24844 11.7251 6.77839 10.9669 9.40984 9.35288 6.72433 12.8275 9.62328 8.38775 9.24602 7.69347 15.4972 8.62812 7.87569 7.59126 7.44788 6.30581 9.08883
threshold=0.94590643048286449 0.92349499464035045 0 0.14359351992607119 0.33514493703842169 0.83245614171028148 1 -0.98296290636062611 22.500000000000004 -0.91597560048103321 0.071067821234464659 0.41712453961372381 0.72792208194732677 0.62087112665176403 2 0.90054944157600414 3 0.50263157486915599 4 0.94474968314170849 1.5000000000000002 -1.0000000180025095e-35 3.5000000000000004 5 43.500000000000007 8.5000000000000018 0.96449580788612377 0.64346247911453258 0.058481533080339439 0.043717153370380409
decision_type=2 2 9 8 10 2 9 2 10 2 8 10 2 8 9 8 9 2 9 8 10 2 10 9 10 10 2 10 10 8
left_child=1 2 -1 4 -4 11 7 8 -3 -9 -11 -6 -13 16 15 -15 -5 20 -19 -20 21 -8 24 25 26 -24 -22 -26 29 -12
right_child=-2 6 3 13 5 -7 17 9 -10 10 28 12 -14 14 -16 -17 -18 18 19 -21 22 -23 23 -25 27 -27 -28 -29 -30 -31
leaf_value=0.0086495406464462583 -0.014170765170332012 0 -0.0085245973582862705 -0.014516213903461431 0.030997644411437712 -0.0025262498815523371 -0.015281303964950787 -0.015170167182904983 0.031806707940732835 -0.014447347754157666 0 -0.0034274907512476583 0.01884029745701768 0.0084400780179694195 -0.0064594485558983408 -0.01324386845051314 -0.0030159022124889067 0.0078818334189994493 -0.00025219756803146866 0.023166501180460878 0.0010771177244336769 0.0026017301442084625 -0.0087252739146806077 -0.0020918611364099515 0.025094031104902343 0.0046966864179941075 -0.00015649516418384993 0.0037703103683067968 0.00057613313642237496 -0.019618442146576806
leaf_weight=141.63288341462612 54.442636698484421 57.704793304204941 91.310182437300682 247.2746610045433 32.193326480686665 175.71159519255161 112.14227099716663 123.5920730009675 29.115628078579903 91.297772660851479 88.43673025816679 64.954797610640526 77.695870630443096 174.84305932372808 435.35889822244644 33.710540920495987 247.45488341152668 506.53859803080559 1144.7618072926998 23.754614859819412 12979.414087988436 71.54206645488739 70.755381271243095 4953.7255694121122 35.18333375453949 837.97595281898975 20654.721499379724 90.634981200098991 459.2916689068079 63.455372989177704
leaf_count=629 243 263 427 1168 224 756 486 553 131 389 420 299 342 756 2002 148 1155 2125 4865 98 55450 298 295 21407 146 3546 90249 377 2016 275
internal_value=-6.43109e-06 1.21994e-05 -0.00231261 -0.00336508 0.00258159 0.00560989 0.000107372 -0.00363114 0.0116112 -0.00536108 -0.00351202 0.0137405 0.00879268 -0.00572087 -0.00293392 0.00440705 -0.00924255 0.000191386 0.00267066 0.000300948 8.62802e-05 -0.00832578 0.000126828 -0.00120933 0.00035959 0.00354888 0.000319051 0.0106173 -0.00174208 -0.00867434
internal_weight=44170.6 44116.2 1722.14 1580.51 441.866 350.556 42394 912.894 86.8204 826.074 702.482 174.844 142.651 1138.64 643.912 208.554 494.73 41481.2 1675.06 1168.52 39806.1 183.684 39622.4 5862.46 33760 908.731 33634.1 125.818 611.184 151.892
internal_count=191538 191295 7906 7277 2048 1621 183389 4047 394 3653 3100 865 641 5229 2906 904 2323 179342 7088 4963 172254 784 171470 25248 146222 3841 145699 523 2711 695
cat_boundaries=0 1 2 3 4 5 6
cat_threshold=131121 262145 307716 16849420 268444232 151028160
is_linear=0
shrinkage=0.04


Tree=128
num_leaves=31
num_cat=14
split_feature=9 51 39 50 30 2 12 51 30 11 1 10 50 51 50 2 51 51 39 51 2 11 51 50 2 50 2 12 50 51
split_gain=6.29429 13.3318 13.4209 9.17103 7.7812 8.73604 9.47516 9.12299 7.14447 6.4857 6.69899 14.7622 20.2213 17.6104 14.1601 23.5796 29.291 24.044 21.037 16.6035 15.1524 13.7122 13.1791 20.8208 13.0278 17.8055 12.1964 11.2946 12.3672 10.6218
threshold=24.500000000000004 0 0.41712453961372381 1 0.43750001490116125 56.500000000000007 35.500000000000007 2 0.17318619042634967 97.500000000000014 25.500000000000004 24.500000000000004 3 4 5 46.500000000000007 6 7 0.63693180680274974 8 39.500000000000007 49.500000000000007 9 10 22.500000000000004 11 79.500000000000014 19.500000000000004 12 13
decision_type=10 9 8 9 10 2 10 9 10 8 2 2 9 9 9 2 9 9 8 9 2 10 9 9 2 9 2 10 9 9
left_child=9 3 -3 -2 5 -5 7 -7 -4 10 11 22 13 -13 15 16 18 26 -12 -16 -20 -19 23 -1 27 -26 -17 28 -24 -29
right_child=1 2 8 4 -6 6 -8 -9 -10 -11 14 12 -14 -15 19 17 -18 21 20 -21 -22 -23 24 -25 25 -27 -28 29 -30 -31
leaf_value=-0.0025222272944709283 -0.0015637642241207888 0.017545428864191751 0.0066804771437834736 0.016272569414470698 1.3445036119028035e-05 -0.013827102464730246 0.014033138513987985 0.0051876431525267686 -0.0084157472003209485 0.0072598466081459125 -0.008266856877737809 -0.0081004560064972704 -0.0029971639194124201 0.020396179458006473 0.00022000750654482939 0 0.0010690803858694469 -0.016699220468830739 0.018070369896914216 -0.0025308874115342744 0.0045657821970858025 -0.0041724445016270454 0.0058870605931600241 0.0010195212646638579 0.0025257964488293117 -0.0083466110066925548 0.015495716809845062 -0.0014119366143860086 0.00071761926747554981 0.0094333222416403146
leaf_weight=5663.6446965932846 212.13735961914062 38.611868306994438 54.862086296081543 224.76260025799274 151.82314518094063 44.905982345342636 108.8354713767767 108.43026675283909 294.44717422127724 186.23501785099506 77.4516666457057 36.773793745785952 156.71696905791759 185.00473411381245 6338.8957772478461 598.53036871552467 2060.4892885237932 221.18459925055504 383.26997598260641 7823.3159752190113 215.54969111084938 394.98500841856003 781.62804773822427 4969.3802222758532 428.34250072389841 519.59362941980362 89.489605940878391 201.01904994249344 11049.52827231586 482.98435014113784
leaf_count=24922 888 165 232 928 629 192 450 443 1254 850 345 200 671 1123 27345 2562 8776 966 1751 34821 956 1700 3446 21169 1866 2246 377 866 46777 2328
internal_value=-6.56155e-06 0.00279802 -0.00326361 0.00556095 0.00793932 0.010506 0.00527546 -0.00106112 -0.00592749 -8.84005e-05 -0.000121782 0.000309826 0.0080973 0.0153728 -0.000703114 0.00138009 0.00349426 -0.00302694 0.0106204 -0.00129927 0.0133205 -0.00866015 0.000185019 -0.000865996 0.00101649 -0.00348633 0.00210974 0.00136121 0.00106875 0.00634633
internal_weight=44102.8 1238.82 387.921 850.895 638.757 486.934 262.172 153.336 349.309 42864 42677.8 24474.6 378.495 221.779 18203.2 4040.95 2736.76 1304.19 676.271 14162.2 598.82 616.17 24096.1 10633 13463.1 947.936 688.02 12515.2 11831.2 684.003
internal_count=191244 5181 1651 3530 2642 2013 1085 635 1486 186063 185213 105614 1994 1323 79599 17433 11828 5605 3052 62166 2707 2666 103620 46091 57529 4112 2939 53417 50223 3194
cat_boundaries=0 1 2 3 4 5 6 7 8 9 10 11 12 13 14
cat_threshold=12452608 16986628 393728 96256 2561 147850610 9830460 13691306 2104991 4066323 281287803 270534265 293601280 41472
is_linear=0
shrinkage=0.04


Tree=129
num_leaves=31
num_cat=9
split_feature=34 1 11 62 52 51 37 51 40 10 27 29 39 2 51 52 51 34 39 37 51 51 36 1 39 37 51 32 12 24
split_gain=6.48851 6.88556 13.8998 17.5092 11.576 13.3289 15.7214 12.4339 9.82492 9.70203 11.8788 20.2804 9.61958 9.59695 13.3246 10.8098 12.3182 11.7609 10.768 15.0581 11.7582 8.36728 9.43625 8.17128 6.87296 11.4487 7.19372 9.34616 6.50072 6.1817
threshold=1.0000000180025095e-35 25.500000000000004 24.500000000000004 3.5000000000000004 0 1 1.0000000180025095e-35 2 0.98296290636062633 33.500000000000007 0.1179633140563965 6.5000000000000009 0.52512624859809887 18.500000000000004 3 4 5 0.95854809880256664 0.94474968314170849 0.64334636926651012 6 7 0.033520599827170379 36.500000000000007 0.96992313861846935 0.97927406430244457 8 0.024695121683180336 19.500000000000004 -1.0000000180025095e-35
decision_type=8 2 10 2 1 9 10 9 2 2 2 10 8 2 9 1 9 10 10 10 9 9 10 2 8 10 9 10 10 10
left_child=-1 2 8 -4 5 -3 -7 9 13 -6 11 23 -10 14 -2 18 28 -18 20 -20 -15 -12 -23 -11 26 -26 -8 -28 -17 -16
right_child=1 4 3 -5 7 6 24 -9 12 10 21 -13 -14 15 29 16 17 -19 19 -21 -22 22 -24 -25 25 -27 27 -29 -30 -31
leaf_value=-0.0076555956366434474 -0.0014811939854582582 -0.006865251783694978 0.0010732254060650869 0.022023221302670409 -0.0010441507182899442 0.023812459105316756 0.0021343059716351954 -0.00096331985851464124 0.029307594871739773 0.0081706718006530708 0.015081815671609454 -0.017828936486610387 0.0046799489517579404 0.0049232632069051256 -0.012183371148098181 -0.0015702098906677498 0.0004738121997031389 0.011280771403709904 -0.0028433333561004061 0.0092426886336802096 2.887070787016475e-05 0.016181995343561479 -0.0089955845453371392 0.0016392995698669259 -0.0018858135212200667 0.0079081283938143721 -0.015916015534516322 -0.0037344285869114978 -0.0083238685749829778 0.00086086893778819832
leaf_weight=171.19542571902275 7326.8816376700997 903.75012017041445 163.25097125023603 102.74874488636851 1951.6426567882299 35.054491251707077 230.71611171960831 10535.010642036796 29.356986988335848 332.82296253740788 174.76553779840469 77.406081095337868 119.2810703329742 1189.9406013265252 53.315491169691086 685.39737011864781 1370.3041771948338 178.44333893433213 206.84797210991383 733.32616790384054 2290.0586377345026 31.910879597067833 62.135288566350937 3631.4670238569379 650.38536627590656 263.7976960465312 120.73579025268555 581.83296401798725 346.85040268674493 9583.7506813667715
leaf_count=795 31372 3900 692 816 8380 158 1053 46220 142 1518 726 328 516 5184 240 2903 5927 926 863 3152 9764 136 269 15679 2846 1154 534 2528 1512 41156
internal_value=4.5497e-06 3.57009e-05 0.00048474 0.00949649 -0.000522276 -0.00290303 -0.000951091 -0.000123625 0.000382554 0.00128476 0.00234681 0.00179215 0.0104697 0.000316985 -0.000196275 0.00156273 -0.000489911 0.00175285 0.00275988 0.0065615 0.00172706 0.0104283 0 0.00220228 -0.0014999 0.000946223 -0.00390954 -0.00587079 -0.00385088 0.000779541
internal_weight=44134.4 43963.2 24379.8 266 19583.4 2786.27 1882.52 16797.2 24113.8 6262.15 4310.51 4041.7 148.638 23965.1 16963.9 7001.17 2581 1548.75 4420.17 940.174 3480 268.812 94.0462 3964.29 1847.47 914.183 933.285 702.569 1032.25 9637.07
internal_count=191389 190594 105165 1508 85429 12173 8273 73256 103657 27036 18656 17525 658 102999 72768 30231 11268 6853 18963 4015 14948 1131 405 17197 8115 4000 4115 3062 4415 41396
cat_boundaries=0 1 2 3 4 5 6 7 8 9
cat_threshold=16 1319830 3672475 3808291 27 5792642 6451260 2621698 53288
is_linear=0
shrinkage=0.04


Tree=130
num_leaves=31
num_cat=14
split_feature=11 14 24 51 50 5 50 51 52 50 51 42 50 1 50 9 18 9 51 29 51 50 12 51 42 50 1 7 11 14
split_gain=7.18315 5.61231 5.89866 23.5403 16.5386 11.9393 10.3649 9.51379 31.5926 18.4162 29.3609 26.5348 16.738 15.777 13.7364 11.3267 12.1069 10.8733 12.4368 17.7322 10.0898 13.6023 9.34457 9.20827 14.1809 12.2283 8.1127 11.1663 7.82542 7.6555
threshold=97.500000000000014 0.96225070953369152 9.5000000000000018 0 1 0.90990260243415844 2 3 4 5 6 1.0000000180025095e-35 7 57.500000000000007 8 1.0000000180025095e-35 0.84654632210731517 2.5000000000000004 9 1.0000000180025095e-35 10 11 55.500000000000007 12 -0.87837970256805409 13 15.500000000000002 1.0000000180025095e-35 12.500000000000002 0.42933948338031774
decision_type=8 10 10 9 9 2 9 9 1 9 9 2 9 2 9 8 8 8 9 10 9 9 10 9 2 9 2 2 10 10
left_child=1 2 7 4 -4 -5 23 8 20 17 -11 13 -13 -12 15 28 -17 18 19 -9 21 -1 -16 25 -25 -7 -22 -28 -10 -8
right_child=-2 -3 3 5 -6 6 29 9 14 10 11 12 -14 -15 22 16 -18 -19 -20 -21 26 -23 -24 24 -26 -27 27 -29 -30 -31
leaf_value=0.0039171615178629562 0.0075602755644333334 -0.011509894910523158 0.0019398856356663452 -0.010640439863909548 -0.0051835669836161223 -0.00099630956069713642 0.00277640876330933 -2.9336416779892406e-05 -0.0053478320243749719 0.010954172458165375 0.0046906895784807369 -0.0054262179840271841 0.0025850112512686369 -0.0072191874875066776 0.0011436664533816775 -0.00097274688699900498 -0.0056764151639763063 -0.0016935193810778046 -0.00042012402949908402 0.0054300578631412515 -0.005422535719364025 -0.0092580609228900563 -0.010472001469193231 -0.0081956667977537666 0.0072181290730721909 0.0071828283765890399 -0.0055132678161301284 -0.020960712184781155 0.0042625175326252663 -0.0029088056032307917
leaf_weight=219.77051747217774 194.40463064610958 63.262359321117401 847.4288803935051 99.981803953647614 1309.9975514709949 866.41036000847816 856.97916953265667 2318.9148815609515 167.40104199945927 551.76887614652514 2426.6260020062327 1124.63069357723 645.50630524381995 186.36086538434029 5035.0835803374648 1926.3923469930887 1623.1278663277626 6524.5928364396095 11164.915317539126 1601.2082750499249 226.03197832405567 257.56095769256353 108.05964323878288 96.262275353074074 1606.5706490576267 422.87828838825226 126.03276134282351 216.9651390761137 614.77844266965985 670.25773534178734
leaf_count=1009 887 283 3621 481 5653 3575 3597 10276 707 2789 10532 4789 2819 800 21465 8279 7128 28277 48708 6828 1013 1136 485 439 6835 1749 576 991 2762 2802
internal_value=-1.3799e-05 -4.86478e-05 -3.03431e-05 0.00105377 -0.00238222 0.00266308 0.00297913 -0.000229208 -0.00124638 0.000173769 0.00237511 0.00125691 -0.00251049 0.00382146 -0.000510085 -0.00216735 -0.00313423 -0.000329315 0.000259554 0.00219399 -0.00779329 -0.00321684 0.00088408 0.00433959 0.00627687 0.00172281 -0.0114168 -0.0155029 0.00215941 0.000265208
internal_weight=44100.2 43905.8 43842.5 6776.77 2157.43 4619.34 4519.36 37065.7 10521.2 26544.5 4934.89 4383.12 1770.14 2612.99 9474.84 4331.7 3549.52 21609.6 15085 3920.12 1046.36 477.331 5143.14 2992.12 1702.83 1289.29 569.03 342.998 782.179 1527.24
internal_count=191291 190404 190121 28752 9274 19478 18997 161369 45551 115818 21729 18940 7608 11332 40826 18876 15407 94089 65812 17104 4725 2145 21950 12598 7274 5324 2580 1567 3469 6399
cat_boundaries=0 1 2 3 4 5 6 7 8 9 10 11 12 13 14
cat_threshold=2206871 17879108 268516873 1966848 64 51465805 4124 143536 276871179 2100392 1179648 285427716 12587528 268442624
is_linear=0
shrinkage=0.04


Tree=131
num_leaves=31
num_cat=13
split_feature=35 50 39 51 51 32 51 51 38 15 39 36 16 36 21 39 18 34 51 50 51 51 30 34 10 51 50 51 36 50
split_gain=7.60628 16.2321 13.9652 12.633 12.446 10.59 8.61166 8.00451 7.54998 7.158 7.50419 7.01099 6.64781 7.61317 7.32827 6.64634 6.62637 7.41538 8.56472 6.51315 23.6453 15.946 10.892 11.8168 10.8545 27.9566 10.6818 13.2992 9.67795 8.54051
threshold=0.98657658696174633 0 0.45534290373325353 1 2 0.036038961261510856 3 4 0.39314988255500799 0.69274476170539867 0.63693180680274974 0.35032467544078832 0.59290647506713878 0.125657893717289 -23.499999999999996 0.72776681184768688 0.94974747300148021 0.96571314334869396 5 6 7 8 0.55046296119689953 0.09175084158778192 10.500000000000002 9 10 11 0.18786764889955523 12
decision_type=10 9 8 9 9 10 9 9 10 10 10 10 2 10 10 10 10 10 9 9 9 9 10 10 2 9 9 9 10 9
left_child=1 2 5 8 12 -1 -2 11 15 -6 -11 -7 13 -3 -15 -4 -5 18 -18 20 -8 -21 24 -24 25 29 -26 -28 -23 -22
right_child=6 4 3 16 9 7 19 -9 -10 10 -12 -13 -14 14 -16 -17 17 -19 -20 21 22 28 23 -25 26 -27 27 -29 -30 -31
leaf_value=0.02650339616719502 0.0087829778875419193 -0.015249500443211867 -0.014222913725389979 0.0015135666279486441 -0.004594097331824136 -0.012809304754761915 -0.0024113071861791087 0.013314405861670342 0.011923068247898062 0.01201143319915194 -0.0065290442871938246 0.009033494466885332 0.00031259047959464103 0.016835033016337063 -0.0048080751126458269 -0.0017676109106497613 -0.00097918911268686992 -0.0065427153325955025 0.020183207278349689 0.0027210093977988064 0.0072702106069913158 -0.00086675315582841847 -0.0004598732272053025 0.019531521060070972 0.0014530627854691645 -0.011080683388174768 0.0010683581890148168 -0.0058002340116379402 0.0013770524737415719 -0.001122481596300414
leaf_weight=52.445828922092915 175.8383444622159 92.46224769949913 144.69599410891533 990.5823817923665 2565.4634000658989 47.947282195091248 5683.6747295930982 91.958956614136696 27.513656750321388 82.299123764038086 52.597730129957199 36.776107028126717 2572.0164404138923 25.231126219034195 138.06041280925274 137.0264433324337 48.102780401706696 30.166903704404831 86.64386522769928 5002.7699529267848 240.80082350969315 7466.5874362699687 84.924424856901169 96.082745522260666 9894.082769908011 430.34512908756733 1040.6539649143815 773.33721524477005 5221.1965734660625 784.18367922306061
leaf_count=323 1225 402 656 4320 11247 212 24928 398 123 364 226 164 11068 106 642 621 212 134 378 21296 1028 32302 363 405 42800 1834 4607 3447 22175 3363
internal_value=7.13351e-05 -0.00111475 0.0022938 0.000839612 -0.00216413 0.0113859 0.000304169 0.00618256 -0.00614521 -0.00410127 0.00466436 -0.00281613 -0.000295347 -0.00638592 -0.000944214 -0.00837103 0.00277361 0.0101206 0.0140949 0.000259368 -0.000253456 0.000811843 0.000665798 0.0102843 0.000528669 -0.00271998 0.000935177 -0.00187247 5.51631e-05 0.000906414
internal_weight=44116.5 7221.99 1693.86 1464.73 5528.13 229.128 36894.5 176.682 309.236 2700.36 134.897 84.7234 2827.77 255.754 163.292 281.722 1155.5 164.914 134.747 36718.6 19028.1 17690.6 13344.4 181.007 13163.4 1455.33 11708.1 1813.99 12687.8 1024.98
internal_count=191369 31596 7541 6444 24055 1097 159773 774 1400 11837 590 376 12218 1150 748 1277 5044 724 590 158548 82775 75773 57847 768 57079 6225 50854 8054 54477 4391
cat_boundaries=0 1 2 3 4 5 6 7 8 9 10 11 12 13
cat_threshold=9867321 9502892 14708280 8 3660800 4379136 1448985 273956 4204212 250241 138256 4411523 131080
is_linear=0
shrinkage=0.04


Tree=132
num_leaves=31
num_cat=18
split_feature=52 51 50 50 51 50 50 51 16 52 40 51 50 20 38 50 24 38 51 35 39 51 38 50 51 39 36 16 51 51
split_gain=7.29721 25.334 28.5549 22.832 18.8795 27.8374 16.6922 26.6716 13.036 11.4948 11.3554 10.9665 12.5484 10.1963 11.0838 10.1931 15.2727 10.386 17.3879 10.0124 14.7074 9.94712 10.1037 9.61635 10.5767 10.392 9.53052 9.47972 10.5878 9.42058
threshold=0 1 2 3 4 5 6 7 0.88273492455482494 8 1.0000000180025095e-35 9 10 -2.4999999999999996 0.95040982961654674 11 1.0000000180025095e-35 0.020942983217537407 12 0.99494948983192455 0.72776681184768688 13 0.091372914612293257 14 15 0.98229950666427623 0.125657893717289 0.96684980392456066 16 17
decision_type=1 9 9 9 9 9 9 9 2 1 2 9 9 10 8 9 8 10 9 10 10 9 10 9 9 8 10 2 9 9
left_child=4 3 -3 9 5 8 7 -6 -1 29 -4 15 -13 19 -15 -8 -17 18 -18 20 -7 -11 -23 24 -9 -26 27 28 -25 -2
right_child=1 2 10 -5 6 13 11 23 -10 21 -12 12 -14 14 -16 16 17 -19 -20 -21 -22 22 -24 26 25 -27 -28 -29 -30 -31
leaf_value=0.001815476174993296 -0.015614389858758643 -0.00078958113239688526 0.0021394077623698294 -0.00056358513998944247 0.0022415685559218786 -0.02850913246970244 0.00038448588023751824 0.000511662222994339 -0.0079500690155687188 -0.0014187240907803172 0.0069449315567770755 -0.00019752767485854534 0.0037537962391012911 -0.00011382119233409075 0.00637968865303598 0.0089169626467772798 0.015647902802029483 0.00062286679115687409 0.0034649880845802612 -0.0014428023602619995 0.0026440919127439992 -0.009576271889771679 -0.0024567285721776889 -0.012704153425691525 -0.0023006465492678182 -0.013789985685721064 -0.011781884154952096 -0.0098247332054900213 0.009405580217500575 -0.0051227390673247572
leaf_weight=258.95143000781536 239.95117385685444 7556.066796515137 3634.8694707304239 6841.5741310715675 1924.6724674031138 54.700873538851738 1732.5010574497283 870.56159114837646 1251.8735249750316 1798.3054169639945 1011.337574660778 5630.2284879162908 1648.5966666191816 1284.6677158996463 615.99349140375853 832.61575880646706 203.48853681981564 1709.8876168131828 1629.7176630795002 337.35426531732082 37.667501971125603 657.16244792938232 642.47087169066072 32.066917568445206 346.69765317440033 200.21089908853173 435.81559328734875 138.66193473339081 123.94368176162243 412.01964684575796
leaf_count=1139 1094 33011 15790 29763 8462 233 7367 3670 5441 7843 4669 24683 7029 5572 2673 3532 844 7102 6712 1426 160 2913 2835 133 1505 895 1830 588 523 1873
internal_value=-1.74198e-05 -0.000515126 0.000725824 -0.00194569 0.000514226 -0.00201785 0.00107369 -0.00116306 -0.00622157 -0.0044497 0.00318921 0.00175619 0.000700553 0.000721332 0.00199141 0.00300608 0.00403464 0.0028821 0.00497105 -0.00479191 -0.0161161 -0.00338725 -0.00604861 -0.0042174 -0.00222405 -0.00651171 -0.00793598 -0.00234436 0.0042786 -0.00927839
internal_weight=44094.6 22793.8 12202.3 10591.5 21300.9 3841.21 17459.7 4072.63 1510.82 3749.91 4646.21 13387 7278.83 2330.38 1900.66 6108.21 4375.71 3543.09 1833.21 429.723 92.3684 3097.94 1299.63 2147.96 1417.47 546.909 730.488 294.673 156.011 651.971
internal_count=191310 99791 53470 46321 91519 16644 74875 17606 6580 16558 20459 57269 31712 10064 8245 25557 18190 14658 7556 1819 393 13591 5748 9144 6070 2400 3074 1244 656 2967
cat_boundaries=0 1 2 3 4 5 6 7 8 9 10 11 12 13 14 15 16 17 18
cat_threshold=7 3968932 151276231 276885610 8454147 285328428 201536816 1495324 64 3672992 16796300 269779017 524320 2363008 67118352 4720128 1536 787200
is_linear=0
shrinkage=0.04


Tree=133
num_leaves=31
num_cat=14
split_feature=14 21 50 51 39 39 51 50 50 51 51 40 39 11 50 38 12 11 42 50 50 34 38 51 35 15 38 51 50 50
split_gain=7.55045 7.0241 13.4682 13.3409 8.12992 6.78251 15.2187 18.1769 18.0669 16.2873 13.435 12.9075 11.0293 13.6986 12.6396 10.8002 10.254 13.701 9.99338 9.89527 8.90311 12.6407 10.8879 9.11819 12.7966 8.30581 14.0422 12.9018 14.8772 12.4675
threshold=0.96225070953369152 -24.499999999999996 0 1 0.90862709283828746 0.89504283666610729 2 3 4 5 6 0.12940952181816109 0.98346996307373058 27.500000000000004 7 0.091372914612293257 51.500000000000007 39.500000000000007 0.87837970256805431 8 9 0.78611555695533764 0.091372914612293257 10 0.93377193808555614 0.016807910054922107 0.124143835157156 11 12 13
decision_type=10 8 9 9 10 10 9 9 9 9 9 2 10 10 9 10 10 10 2 9 9 8 10 9 10 10 8 9 9 9
left_child=1 2 -1 -4 -5 25 7 11 10 18 -8 15 13 -11 -14 -7 17 -12 -10 -20 23 -22 -23 -9 -25 -3 -27 29 -29 -28
right_child=-2 5 3 4 -6 6 8 20 9 12 16 -13 14 -15 -16 -17 -18 -19 19 -21 21 22 -24 24 -26 26 27 28 -30 -31
leaf_value=-0.0028185830980838301 -0.013316281915758493 0.00081598147307256172 0.011506643465014134 0.0046821389041560154 -0.0070349721120323717 0.0014469498603035796 0.013002793730953362 0.0056693741995357269 0.00090900598462494446 -0.0029804650212936845 0.00086956052358853778 0.012962812495701319 0.0094242222873454438 -0.01270289277299499 -0.0041037233339662445 0.025041715318231423 -0.0076547043307012555 0.01175026391894647 -0.01768476596925387 -0.0023734037518737027 0.0038113394751234609 -0.0033120537824225904 0.0091947018185919837 0.017744643562297498 0.00046452446521993887 -0.0054837847885309465 -0.0033988534968417646 -0.0011384743565675242 0.001599634616086493 -0.00045301426139762491
leaf_weight=408.36021837592125 62.799266830086708 7273.5621609315276 367.04258516430855 308.9180284589529 130.12212382256985 463.2770162075758 168.13783439993858 1050.3721310049295 2165.1214686743915 454.72598733007908 1154.089403398335 383.73168024048209 126.04356990754604 491.56697462499142 493.9560778401792 28.592653259634972 168.73887541890144 217.04363021254539 74.813199564814568 344.36725191026926 731.83305485546589 1604.0238372683525 114.15302183479071 66.191855132579803 1982.8660072088242 949.90239085257053 3829.9294079989195 5984.5684906840324 6722.7560945600271 5795.6372410207987
leaf_count=1726 281 32740 1523 1293 539 2016 718 4647 9305 2014 4927 1642 531 2185 2119 123 713 922 319 1467 3064 6979 506 287 8574 4129 16477 26145 29142 24375
internal_value=2.1086e-05 4.20613e-05 0.0030358 0.00598631 0.00109952 -4.26837e-05 0.000750415 0.00209304 -0.000721476 -0.0021476 0.00272103 0.00740831 -0.00534842 -0.00809218 -0.00118302 0.00309697 0.00147089 0.00264289 -0.000180277 -0.00580236 0.00123308 -0.000561976 -0.00244525 0.00265432 0.0010691 -0.000362234 -0.000731265 -0.000527044 0.000308717 -0.00163068
internal_weight=44117.2 44054.4 1214.44 806.083 439.04 42840 12283.6 6425.04 5858.6 4150.59 1708.01 875.601 1566.29 946.293 620 491.87 1539.87 1371.13 2584.3 419.18 5549.44 2450.01 1718.18 3099.43 2049.06 30556.4 23282.8 22332.9 12707.3 9625.57
internal_count=191428 191147 5081 3355 1832 186066 53058 27838 25220 17940 7280 3781 6849 4199 2650 2139 6562 5849 11091 1786 24057 10549 7485 13508 8861 133008 100268 96139 55287 40852
cat_boundaries=0 1 2 3 4 5 6 7 8 9 10 11 12 13 14
cat_threshold=16986636 11403520 2735641 4202628 1250657 13648128 34 520 285237248 159553832 2101273 12065299 248965252 25236493
is_linear=0
shrinkage=0.04


Tree=134
num_leaves=31
num_cat=15
split_feature=50 17 38 51 50 1 62 51 36 35 38 21 1 36 18 40 51 50 50 11 17 51 50 51 52 50 40 50 50 50
split_gain=6.0372 11.193 7.13058 6.01725 35.7852 18.4627 12.7048 8.40892 7.18744 6.88448 10.6546 7.61472 6.70923 5.94611 10.2989 15.8516 15.143 15.6009 14.407 12.4125 10.6769 13.4215 13.25 12.7056 10.3544 10.2096 9.77735 9.51295 9.45613 9.35315
threshold=0 0.9212004840373994 0.19462481886148456 1 2 73.500000000000014 1.5000000000000002 3 0.082903780043125166 0.98963701725006115 0.089087303727865233 -5.4999999999999991 11.500000000000002 0.05298245698213578 0.70064935088157665 0.78656607866287243 4 5 6 10.500000000000002 0.98786765336990368 7 8 9 10 11 0.78656607866287243 12 13 14
decision_type=9 10 10 9 9 2 2 9 8 10 10 10 2 8 10 2 9 9 9 10 10 9 9 9 1 9 2 9 9 9
left_child=1 2 -1 4 5 6 7 -2 -8 10 -6 -12 -9 14 16 20 18 19 -5 -18 21 29 -22 -24 25 -17 -20 -28 -23 -16
right_child=3 -3 -4 13 9 -7 8 12 -10 -11 11 -13 -14 -15 15 24 17 -19 26 -21 22 28 23 -25 -26 -27 27 -29 -30 -31
leaf_value=-0.020355182588234003 0.0095488853563404554 0.015030591758194671 0.0061408214387082306 0.01110490889780499 -0.0066277685757226545 -0.027376526399055013 -0.00098780903307129015 0.0098219871614169483 -0.016968287883321734 0.0079018361391079515 -0.010902947204448329 0.012616009771112323 -0.0057967915353063348 -0.00026840197099608809 -0.003205507472612802 0.012884037588113934 -0.018295172762223678 0.0024616354600081681 0.0055092365805146605 -0.001466999744457747 0.0038230435142801661 0.00054552601208352424 0.0046354932761090376 -0.004312348579576835 -0.014118062000897019 -0.0078126501285358217 0.0012801769994662483 -0.020199345679236921 -0.0036181857706966873 0.0027402801022282479
leaf_weight=24.957628607749939 112.31689716875553 111.35985928028822 30.132831960916519 552.66312780231237 145.91746205091476 50.909836456179619 74.138728231191635 48.751161336898804 124.93305107951164 971.49200561270118 21.88697013258934 117.94470498710871 228.78280030190945 28865.245213329792 508.0099248290062 49.288883332163095 103.87587659060955 1616.3101388216019 220.77691578865051 208.27161611616611 2473.5388878025115 1372.5672733411193 361.97562970966101 761.93911892920732 186.4046225734055 78.530523288995028 75.457116827368736 43.702003017067909 2347.568291425705 2205.9715129584074
leaf_count=104 494 525 127 2343 691 219 400 203 613 5021 94 586 943 124222 2134 206 438 6778 930 869 11450 5867 1547 3285 814 360 307 181 10161 9440
internal_value=0.000183371 0.00746711 -0.00622476 0.000152736 0.00234756 -0.00526096 -0.00318969 0.000983884 -0.0112848 0.00625177 0.000748681 0.00854733 -0.0027595 5.23968e-05 0.000757066 0.000170352 0.00289757 0.000859766 0.00715929 -0.00710619 0.000451264 -0.000522072 0.00219596 -0.00138989 -0.00860168 0.000543197 0.000489997 -0.00845641 -0.00208058 0.0016085
internal_weight=44095.6 166.45 55.0905 43929.2 1897.07 639.832 588.923 389.851 199.072 1257.24 285.749 139.832 277.534 42032.1 13166.9 10345.8 2821.06 1928.46 892.599 312.147 10031.6 6434.12 3597.45 1123.91 314.224 127.819 339.936 119.159 3720.14 2713.98
internal_count=191352 756 231 190596 9264 2872 2653 1640 1013 6392 1371 680 1146 181332 57110 45264 11846 8085 3761 1307 43884 27602 16282 4832 1380 566 1418 488 16028 11574
cat_boundaries=0 1 2 3 4 5 6 7 8 9 10 11 12 13 14 15
cat_threshold=216006914 188 17254424 44 393475 268440577 16931849 10511361 269499420 3624960 35 268438016 68 268674132 144385
is_linear=0
shrinkage=0.04


Tree=135
num_leaves=31
num_cat=9
split_feature=6 50 37 40 34 50 15 40 38 50 50 37 36 52 38 14 2 50 2 50 2 50 40 2 50 2 18 36 2 2
split_gain=5.72031 13.0342 9.71434 8.39869 7.5497 11.1987 10.9123 8.83553 10.0142 10.9016 9.25732 7.73489 12.6183 7.49791 8.0134 8.15726 7.45536 19.2563 34.5344 19.2316 20.9366 16.7585 14.824 14.0547 17.1884 25.4103 13.1348 13.057 12.3877 16.0106
threshold=0.040202019736170776 0 0.33514493703842169 -1.0000000180025095e-35 0.90862709283828746 1 0.071067821234464659 -0.37940952181816096 0.13367697596549991 2 3 0.63693180680274974 0.22287581861019137 4 0.032433379441499717 0.040202019736170776 25.500000000000004 5 24.500000000000004 6 46.500000000000007 7 -0.7865660786628722 18.500000000000004 8 22.500000000000004 0.99494948983192455 0.9506097435951234 39.500000000000007 32.500000000000007
decision_type=2 9 8 2 8 9 10 2 10 9 9 8 10 1 8 10 2 9 2 9 2 9 2 2 9 2 10 8 2 2
left_child=16 3 -3 -2 6 -6 13 8 10 -10 -8 -7 -13 14 -4 -16 17 27 23 20 22 -20 -18 -19 -25 -26 -23 -1 29 -21
right_child=1 2 4 -5 5 11 7 -9 9 -11 -12 12 -14 -15 15 -17 19 18 21 28 -22 26 -24 24 25 -27 -28 -29 -30 -31
leaf_value=-0.00065559934174903595 0.010511396574994725 -0.007746747925732469 0.016920362234105313 -0.0028641410655816696 0.0028996290554737436 -0.026725215274364254 0.0036512897113051318 -9.630500867168889e-05 0.0052911315820041906 -0.013499276136218411 -0.0073988520429494452 -0.011618563756713631 0.013388631673869564 -0.001619027537747677 -0.0025655251920896479 0.0086865165755352532 0.0086695751621588615 0.00032859695699645242 0.019961094243285619 -0.00096379761850695275 -0.0021297398281085915 -0.0088244821632600997 0.0020975852659383906 0.0072317883811200048 0.0029775450897237517 -0.0080593909710001358 0.021736842889259506 -0.0085713042818805658 -0.0002031357643764892 -0.0051956374208902848
leaf_weight=7189.3646670132875 221.86396941542625 440.57693791389465 89.417689952999353 106.57189697027206 137.39909163862467 39.869332887232304 244.04921789467335 1231.1841357201338 53.52411912381649 285.4405867010355 213.05823694169521 209.52129697799683 32.994355097413063 308.26702273637056 176.7241288125515 229.88588224351406 736.61697682738304 9349.8430389948189 221.11248017475009 3798.9649936556816 1423.6604542061687 74.700200781226158 2189.228072039783 1163.740264557302 2387.3828508779407 382.34815545380116 26.343001961708069 345.42973253875971 8472.1247490793467 2307.0096830576658
leaf_count=30913 967 1993 425 486 615 173 1092 5272 237 1319 973 928 143 1369 767 994 3194 39953 1267 16410 6087 320 9461 5081 10180 1594 147 1515 37152 10322
internal_value=-6.6075e-05 -0.00150373 -0.00219 0.00595482 -0.00142687 -0.00640556 -0.000671728 -0.00224072 -0.00551095 -0.0106789 -0.00156134 -0.0107029 -0.00793379 0.00324767 0.00620652 0.00377572 7.78478e-05 0.000594497 0.00149268 -0.000498147 0.00183054 0.0143389 0.00377095 0.00117547 0.00318043 0.00142981 -1.7365e-05 -0.00102523 -0.00119513 -0.00256892
internal_weight=44088.2 4020.35 3691.91 328.436 3251.34 419.784 2831.55 2027.26 796.072 338.965 457.107 282.385 242.516 804.295 496.028 406.61 40067.9 21140.3 13605.5 18927.6 4349.51 322.156 2925.85 13283.3 3933.47 2769.73 101.043 7534.79 14578.1 6105.97
internal_count=191349 17753 16300 1453 14307 1859 12448 8893 3621 1556 2065 1244 1071 3555 2186 1761 173596 90970 58542 82626 18742 1734 12655 56808 16855 11774 467 32428 63884 26732
cat_boundaries=0 1 2 3 4 5 6 7 8 9
cat_threshold=268697633 40988 16916496 17012740 75 9639017 147916130 10752 18923652
is_linear=0
shrinkage=0.04


Tree=136
num_leaves=31
num_cat=14
split_feature=50 51 51 1 50 2 17 52 51 51 36 29 6 39 51 50 50 51 10 50 11 37 27 51 15 30 17 11 50 37
split_gain=6.05619 21.0375 8.87436 16.7013 12.071 14.4334 8.68899 7.69169 8.10528 7.96678 12.4193 7.80877 7.67153 13.8695 17.8995 16.4982 14.5933 14.4097 11.8399 10.9165 9.51523 9.48524 8.86874 21.9475 9.03913 8.60986 13.639 7.76036 7.69859 7.6331
threshold=0 1 2 56.500000000000007 3 14.500000000000002 0.99494948983192455 4 5 6 1.0000000180025095e-35 5.5000000000000009 0.040202019736170776 0.87312766909599315 7 8 9 10 20.500000000000004 11 46.500000000000007 0.41742423176765447 0.65485891699790966 12 0.72029411792755138 0.19444445520639422 0.91341829299926769 14.500000000000002 13 0.79431909322738659
decision_type=9 9 9 2 9 2 10 1 9 9 8 10 2 10 9 9 9 9 2 9 10 10 2 9 10 10 10 10 9 10
left_child=12 -2 3 4 5 -3 -6 9 -9 -4 -11 -12 22 14 16 18 -14 19 27 -15 -18 -20 -1 24 28 26 -21 -16 -24 -28
right_child=1 2 7 -5 6 -7 -8 8 -10 10 11 -13 13 17 15 -17 20 -19 21 25 -22 -23 23 -25 -26 -27 29 -29 -30 -31
leaf_value=-4.7348711558919792e-05 -0.0070126291869927106 -0.0072103356921280823 0.00064180600589961887 -0.020656136365500528 0.0093061803871305974 0.023949244958263529 -0.0077516674969998591 0.0035654238590182665 -0.0078396399683979059 -0.0083734254438691657 0.013869443807990836 -0.0052126589516189236 0.0078666515000109256 -0.0062258565839938785 0.0051273291350701425 -0.0039406108646798631 -0.0074764418799958387 -0.0029057433258203101 0.013863137818927574 0.018431809873148033 0.016002353132881498 -0.012170300817871148 0.0056113711796720945 0.0088107695249027337 0.001345699497236691 -0.0021780765714729741 -0.011492217171125117 0.017529710084240271 -0.01562653024020488 0.008499886155145648
leaf_weight=37507.840375728905 318.25077697262168 24.501095645129681 457.44493278115988 23.071686685085297 145.15031650662422 155.00423153489828 64.489866144955158 174.90183679014444 196.82774006575346 52.983981307595968 289.16092596203089 34.596693977713585 101.88151761889458 74.616472110152245 370.50536575913429 649.79048885405064 1482.163305927068 428.97767341136932 24.268822267651558 215.49304236471653 23.077040374279022 88.741009786725044 29.510875433683395 549.87825663387775 200.78468643128872 75.0883918851614 40.855841532349586 104.66500052809715 110.37837798893452 85.378024101257324
leaf_count=162478 1423 106 1899 97 609 743 290 743 884 262 1245 143 451 321 1649 2846 6670 1850 107 915 99 395 124 2337 855 321 170 508 475 363
internal_value=-2.12482e-05 0.00215677 0.00402027 0.00903072 0.0113104 0.0185047 0.00373336 0.00220127 -0.00249159 0.00432312 0.00854625 0.0117212 -0.000122474 -0.00184435 -0.0032269 0.00039343 -0.00598594 0.00240201 0.00519353 0.00697611 -0.00700507 -0.00605965 4.60451e-05 0.0039802 -0.00391521 0.00951996 0.012417 0.00805492 -0.0116604 0.00168567
internal_weight=44100.3 1936.38 1618.13 412.217 389.146 179.505 209.64 1205.92 371.73 834.187 376.742 323.758 42163.9 3765.5 2845.09 1237.97 1607.12 920.409 588.18 491.432 1505.24 113.01 38398.4 890.552 340.674 416.815 341.727 475.17 139.889 126.234
internal_count=191378 8444 7021 1845 1748 849 899 5176 1627 3549 1650 1388 182934 16665 12725 5505 7220 3940 2659 2090 6769 502 166269 3791 1454 1769 1448 2157 599 533
cat_boundaries=0 1 2 3 4 5 6 7 8 9 10 11 12 13 14
cat_threshold=17038925 2098062 5263408 276824322 120 829440 952320 16488577 87561 131073 6495873 16847872 11025409 20544
is_linear=0
shrinkage=0.04


Tree=137
num_leaves=31
num_cat=15
split_feature=43 51 50 2 51 38 50 34 51 50 2 51 1 50 51 10 38 22 32 38 51 50 15 50 1 23 1 51 50 50
split_gain=6.24817 13.214 16.2561 11.4371 10.4875 13.3837 14.6559 14.4233 11.8982 11.1693 17.7591 12.3768 9.57244 13.0005 12.5711 9.52758 9.29389 8.88451 8.33584 8.24875 8.18936 8.50964 14.5033 8.12994 9.00725 8.84246 7.82753 8.92193 11.5982 8.51745
threshold=1.0000000180025095e-35 0 1 29.500000000000004 2 0.78896763920784008 3 0.16774892061948779 4 5 62.500000000000007 6 17.500000000000004 7 8 92.500000000000014 0.42967033386230474 23.500000000000004 0.85839599370956432 0.78896763920784008 9 10 0.54598310589790355 11 85.500000000000014 11.500000000000002 61.500000000000007 12 13 14
decision_type=2 9 9 2 9 8 9 8 9 9 2 9 2 9 9 2 10 2 10 10 9 9 10 9 2 10 2 9 9 9
left_child=1 -1 18 12 9 6 15 8 -7 10 11 -2 -4 -14 -15 -6 20 -11 -3 26 -8 22 -22 24 -5 -25 27 28 -9 -29
right_child=4 2 3 23 5 7 16 19 -10 17 -12 -13 13 14 -16 -17 -18 -19 -20 -21 21 -23 -24 25 -26 -27 -28 29 -30 -31
leaf_value=-0.0014023892646313166 -0.0090179247150702687 -0.00066970870700459905 0.0015813425025768713 -0.0013640466408767974 -0.0014928067575048186 0.0073347426537916077 0.0028678789252056624 -0.0028002131906443885 -0.020828697081229346 0.0025387637907731005 0.014937015592589699 0.00092303079010903585 -0.001096603065158537 0.0014825643251621114 0.010062794580944875 -0.023661125450763047 0.0054260035165865916 -0.011575141670302052 -0.010064543098298087 -0.0088377814985852333 -0.003537219891272344 0.0024421613971235077 0.012643808562062122 0.00071334336744051873 -0.0132404171934873 0.011383775473469649 -0.0081835408816740111 0.0035600398180579058 0.0037822253958921521 -0.0037486904984944782
leaf_weight=11033.612627636641 406.99423296749592 6873.5106325857341 2688.0055685564876 1275.193117517978 2355.7490449249744 26.03619210422039 2300.6084326691926 662.73621486872435 91.568570211529732 6288.6301953420043 79.466296911239624 377.27143016830087 376.5405949652195 427.14185360819101 873.28498262912035 26.61597491055727 1005.2557622864842 66.835752740502357 149.96531596779823 229.33652982488275 1321.8005757927895 938.21045124158263 89.67421455681324 710.43112692609429 107.04618103057146 147.15695624053478 229.40691457688808 290.97870713472366 1147.26090400666 1563.3398471176624
leaf_count=47812 1761 29999 11572 5613 10126 116 9947 2920 398 26780 352 1729 1639 1789 3790 119 4451 275 646 990 6006 4064 398 3208 456 641 1002 1238 5013 6815
internal_value=4.85656e-05 -0.000373971 0.000458084 0.00188163 0.000583998 -0.000126505 0.000830803 -0.00194487 -0.0154863 0.00179215 -0.00243733 -0.00433749 0.0030763 0.00544884 0.00730876 -0.00179039 0.00193884 0.00237448 -0.000878919 -0.00153549 0.00117987 -0.000477124 -0.00243688 -0.000430907 -0.00232586 0.00259283 -0.00108948 -0.00062935 0.00135788 -0.00257175
internal_weight=44159.7 24661.9 13628.3 6604.8 19497.8 12278.6 8037.91 4240.66 117.605 7219.2 863.732 784.266 4364.97 1676.97 1300.43 2382.37 5655.55 6355.47 7023.48 4123.06 4650.29 2349.69 1411.47 2239.83 1382.24 857.588 3893.72 3664.32 1810 1854.32
internal_count=191665 107165 59353 28708 84500 53603 35111 18492 514 30897 3842 3490 18790 7218 5579 10245 24866 27055 30645 17978 20415 10468 6404 9918 6069 3849 16988 15986 7933 8053
cat_boundaries=0 1 2 3 4 5 6 7 8 9 10 11 12 13 14 15
cat_threshold=3447047 1518787 1578287 151376416 4456448 276865075 525600 33603624 548992 10554000 67120136 285217284 15106048 285650956 285380624
is_linear=0
shrinkage=0.04


Tree=138
num_leaves=31
num_cat=14
split_feature=50 24 43 51 50 8 11 50 27 38 51 37 41 50 13 51 50 51 13 1 37 50 51 51 38 2 1 50 39 50
split_gain=6.27016 6.90598 5.50784 15.2875 21.0473 11.9609 11.4625 10.7394 13.8392 13.2498 10.5141 8.89801 8.72757 17.0933 8.05956 8.04555 14.8881 26.5279 21.2897 13.7169 13.2967 11.4434 19.7509 17.632 16.1553 14.5004 24.8149 14.7406 12.4326 10.6086
threshold=0 1.5000000000000002 0.81174489855766307 1 2 2.5000000000000004 51.500000000000007 3 1.0000000180025095e-35 inf 4 0.25126262009143835 -0.7865660786628722 5 0.12435567006468774 6 7 8 0.020513359457254413 15.500000000000002 0.89949494600296032 9 10 11 0.022599591873586181 46.500000000000007 43.500000000000007 12 0.86700680851936351 13
decision_type=9 10 2 9 9 8 8 9 2 8 9 8 2 9 2 9 9 9 2 2 10 9 9 9 10 2 2 9 8 9
left_child=1 -1 15 5 6 7 -5 9 -9 10 -4 -10 13 -7 -12 16 17 29 19 -19 -18 22 -17 24 -23 26 27 -24 -27 -2
right_child=2 -3 3 4 -6 12 -8 8 11 -11 14 -13 -14 -15 -16 21 20 18 -20 -21 -22 23 25 -25 -26 28 -28 -29 -30 -31
leaf_value=0.017503144997860657 -0.0025386463388832642 -0.00030346966780598255 0.0019351937122258039 -0.0049110491299958403 0.00087727738980623458 -0.01245349760015957 -0.020905070979406668 -0.0014585391034388762 0.024340762486122682 0.00010958693323025065 0.013400588236151662 0.0050366194000496592 0.0016122635529346521 0.0035186866565382713 -0.0076075550335346831 -0.0028429279491512588 -0.0011160025189901053 -0.015963784303662524 -0.0019160507882301865 -0.006349559523789434 0.0011772561947434083 0.0019742521757075862 0.0036536921840882655 0.0028907273539176821 -0.0039621332557005454 0.005746936706028917 0.020555222143187595 -0.0034285140305896477 -0.0058069471191836541 0.003533575369532966
leaf_weight=67.213178776204586 757.33538665622473 62.861740857362747 237.86642791330814 747.84721766784787 2439.8179974891245 212.37586481869221 76.499255999922752 822.4349319525063 37.256663143634796 319.42586370930076 615.02074079960585 584.8789314776659 1329.0344067662954 193.68280239403248 26.349457487463951 3306.8458827249706 8616.9739945307374 328.45731017738581 1560.7085921615362 926.94358747825027 7615.1288893930614 1483.8109976798296 2013.6593368165195 5568.8733127340674 1437.0938059911132 187.5056020617485 116.43181470036507 597.79868266358972 643.4863770455122 1122.2555640414357
leaf_count=335 3213 269 1014 3260 10629 903 331 3496 155 1372 2686 2460 5506 821 109 14567 37563 1422 6613 4034 32858 6473 8960 24363 6213 809 521 2691 2737 4855
internal_value=0.000128777 0.00843263 0.000100833 0.00107666 -0.000990332 0.00261789 -0.00645862 0.00431524 0.00191338 0.00709839 0.0096801 0.00640939 3.07338e-05 -0.00505362 0.0122646 -0.000104251 -0.000614725 -0.00259468 -0.00504419 -0.0089342 -3.88562e-05 0.000590154 -0.000621448 0.0015717 -0.000938205 0.00144038 0.00285674 0.00202224 -0.00315722 0.00107564
internal_weight=44055.9 130.075 43925.8 7642.49 3264.16 4378.33 824.346 2643.23 1444.57 1198.66 879.237 622.136 1735.09 406.059 641.37 36283.3 20927.8 4695.7 2816.11 1255.4 16232.1 15355.5 6865.73 8489.78 2920.9 3558.88 2727.89 2611.46 830.992 1879.59
internal_count=191238 604 190634 32742 14220 18522 3591 11292 6111 5181 3809 2615 7230 1724 2795 157892 90558 20137 12069 5456 70421 67334 30285 37049 12686 15718 12172 11651 3546 8068
cat_boundaries=0 1 2 3 4 5 6 7 8 9 10 11 12 13 14
cat_threshold=111149440 1861391 285541920 17232916 1835264 16833025 1371907 268578881 303106 17073695 2297856 8913060 16778772 268435520
is_linear=0
shrinkage=0.04


Tree=139
num_leaves=31
num_cat=13
split_feature=14 14 35 50 51 51 50 1 5 3 37 51 37 51 50 38 6 42 51 50 52 51 33 29 12 52 36 39 32 51
split_gain=6.55015 5.95552 11.3372 12.5597 30.5434 15.5067 16.519 12.6683 11.8519 13.3347 9.4805 12.1468 9.32967 9.26661 25.427 20.4194 13.0403 14.2107 15.1785 11.5248 12.2901 12.2284 9.98425 9.37482 11.1991 9.31259 11.207 9.69284 10.7948 8.9572
threshold=0.96225070953369152 0.050252525135874755 0.85053193569183361 0 1 2 3 57.500000000000007 0.8015151619911195 17.500000000000004 0.89949494600296032 4 0.33514493703842169 5 6 0.29442724585533148 0.067424245178699507 -1.0000000180025095e-35 7 8 9 10 0.90322580933570873 -1.4999999999999998 11.500000000000002 11 0.28660714626312261 0.90862709283828746 0.65978723764419567 12
decision_type=10 10 8 9 9 9 9 2 2 2 10 9 8 9 9 10 2 2 9 9 1 9 10 10 8 1 10 10 10 9
left_child=1 2 8 4 -4 6 7 29 9 -1 12 -12 -8 19 16 25 17 18 -15 -3 22 -22 -21 -23 -25 27 -27 28 -16 -5
right_child=-2 13 3 5 -6 -7 10 -9 -10 -11 11 -13 -14 14 15 -17 -18 -19 -20 20 21 23 -24 24 -26 26 -28 -29 -30 -31
leaf_value=-0.0094167029242128511 -0.012344231498534322 -0.0021873185584459589 -0.010169391351508074 0.0044660699864574197 -0.00014552092015319274 -0.00016311732120194279 0.0088949240929592794 -0.011666371641545544 0.025147644791900285 0.023429851714539502 0.010555391400357597 0.00368349539258905 0.00078603631901048594 0.003711018626057625 -0.011674718703455407 0.0025175630360873046 -0.0056176191197036349 0.0054175990741352643 -0.0048921868975367131 0.0048064082368066202 0.001319923633507977 -0.0085989204846734207 -0.00090721580649669035 0.0037223937393854861 -0.0049443443933614257 -0.0030794414521105378 0.001072728223824758 -0.00017639393054271911 0.0059053612626214771 -0.0021241981628822406
leaf_weight=54.803380891680717 64.59585890173912 7768.7042301893234 567.66897036135197 475.33731017634273 2983.7419105395675 9997.0833624266088 250.61027906090021 159.7266019359231 55.546493694186211 24.452317170798779 530.86610558629036 2012.6903223358095 2126.4689879491925 798.76966445147991 457.0609430372715 1872.9512515962124 260.17443482577801 2350.8437336236238 534.49335964024067 1283.1173396855593 1350.1708649098873 468.68703463673592 778.49475584924221 372.13278430700302 638.88615570962429 2938.6319808661938 1596.1806569546461 270.21861691772938 58.887616604566574 993.78462470322847
leaf_count=257 292 34082 2530 2336 12787 44104 1060 715 249 195 2492 8820 9228 3437 1956 7929 1192 9883 2307 5416 5635 1985 3278 1587 2732 12543 6747 1142 246 4281
internal_value=-8.10717e-05 -6.12274e-05 0.000442723 0.000362643 -0.00178941 0.000826732 0.0023376 -0.00114046 0.0117989 0.00126891 0.00349294 0.00519934 0.00166621 -0.000490516 0.000349685 -0.00106326 0.00292605 0.00354956 0.000232907 -0.00123044 0.000287249 -0.00141695 0.00262948 -0.00391579 -0.00173201 -0.00233062 -0.00161042 -0.0063229 -0.00959241 1.83311e-05
internal_weight=44095.8 44031.2 20232.8 20098 3551.41 16546.6 6549.48 1628.85 134.802 79.2557 4920.64 2543.56 2377.08 23798.4 11138.2 7193.93 3944.28 3684.11 1333.26 12660.2 4891.49 2829.88 2061.61 1479.71 1011.02 5320.98 4534.81 786.167 515.949 1469.12
internal_count=191443 191151 89054 88353 15317 73036 28932 7332 701 452 21600 11312 10288 102097 47382 30563 16819 15627 5744 54715 20633 11939 8694 6304 4319 22634 19290 3344 2202 6617
cat_boundaries=0 1 2 3 4 5 6 7 8 9 10 11 12 13
cat_threshold=131305 1605680 7889976 340480 1572888 16591874 16929002 151601 26631195 38 14683136 8 24600
is_linear=0
shrinkage=0.04


Tree=140
num_leaves=31
num_cat=8
split_feature=14 30 51 29 51 16 51 16 51 1 16 51 42 51 30 36 38 32 14 14 51 17 30 38 5 38 51 36 39 33
split_gain=6.79202 6.48358 6.75017 6.52693 23.4443 6.10945 8.39161 7.16658 12.6043 11.7501 8.24421 8.7014 8.11637 6.31101 11.0577 8.80155 6.22601 5.99383 10.4457 9.64874 9.53245 8.27501 8.06541 7.13621 7.07274 6.84073 7.50705 6.53264 5.80428 5.77669
threshold=0.96225070953369152 0.55046296119689953 0 3.5000000000000004 1 0.55028089880943309 2 0.73375529050827037 3 14.500000000000002 0.80104166269302379 4 -0.60785761475563038 5 0.4504902064800263 0.77167919278144848 0.024695121683180336 0.60172414779663097 0.64549729228019725 0.10050505027174951 6 0.4552139043807984 0.33333335816860205 0.019419306889176372 0.93377193808555614 0.27823315560817724 7 0.021390985697507862 0.96449580788612377 0.57396888732910167
decision_type=10 10 9 10 9 2 9 2 9 2 2 9 2 9 10 10 10 8 10 10 9 10 10 10 2 10 9 8 10 10
left_child=1 3 -3 5 -5 6 -1 8 9 -7 11 12 -9 14 -12 -15 -8 21 19 -19 -20 22 -6 -22 -24 27 -27 -23 -13 -21
right_child=-2 2 -4 4 17 7 16 10 -10 -11 13 28 -14 15 -16 -17 -18 18 20 29 23 25 24 -25 -26 26 -28 -29 -30 -31
leaf_value=-0.0050023672085811209 -0.01241441705360077 0.012273880706132672 0.0017354425554364338 0.0011044823548401516 0.02248820509873577 0.010249691214271476 0.002552507919598772 -0.008908872742285124 -0.0075236973726272921 -0.0093748366394032362 -0.00026099999764251546 0.0098469786488500684 0.0030479839801558044 0.0006059203126974874 -0.018472929136240872 0.0059789134432532707 0.027986246234852939 0.0022449946542455329 -0.0099897752796112987 -0.010176815554718338 0.019706760335708957 0 -0.017240388022053341 -0.0008024405245675273 0.0046591778792082006 -0.0036920766588907621 0.0041442925798669894 -0.00541411664404454 -0.0065704679625256416 -0.024874076454761244
leaf_weight=38.79169388115406 64.541573628783226 118.80889619886875 430.70076566934586 3955.493009775877 30.122659415006638 150.63224445283413 27.908416926860809 110.23289620876312 453.93137588351965 65.685791149735451 17441.632296200842 379.50221176445484 421.15555182099342 16129.813245069236 48.545935660600662 499.25569526106119 39.964391138404608 50.916095495223999 74.681764721870422 123.0342418551445 42.056291773915291 437.25800284743309 22.720197528600693 59.134577393531799 149.5981706827879 396.01625046133995 358.13409718871117 1818.6573308706284 32.921904891729355 82.676065742969513
leaf_count=215 292 510 1830 16774 147 660 129 478 2033 289 76206 1661 1771 69643 209 2106 252 222 323 560 185 1863 106 262 651 1745 1587 8070 139 366
internal_value=7.435e-05 9.45368e-05 0.00439279 3.92055e-05 -0.00102457 0.000265467 0.00961181 0.000235667 -0.00384389 0.00394485 0.000314757 0.00399377 0.000461796 0.000211832 -0.000317776 0.000769722 0.0164395 -0.0033327 -0.00776767 -0.0128363 -0.000110784 -0.00272861 0.00497606 0.00736601 0.0012542 -0.00326082 1.16885e-05 -0.00436126 0.00822841 -0.0166287
internal_weight=44054.5 43990 549.51 43440.5 7600.5 35840 106.665 35733.3 670.249 216.318 35063.1 943.813 531.388 34119.2 17490.2 16629.1 67.8728 3645.01 432.499 256.626 175.873 3212.51 202.441 101.191 172.318 3010.07 754.15 2255.92 412.424 205.71
internal_count=191284 190992 2340 188652 32861 155791 596 155195 2982 949 152213 4049 2249 148164 76415 71749 381 16087 1918 1148 770 14169 904 447 757 13265 3332 9933 1800 926
cat_boundaries=0 1 2 3 4 5 6 7 8
cat_threshold=5249024 8542094 4448769 113280 3298211 8899206 3155969 6037536
is_linear=0
shrinkage=0.04


Tree=141
num_leaves=31
num_cat=8
split_feature=37 51 29 36 10 29 37 52 36 37 51 1 51 39 51 12 39 10 12 33 16 33 51 51 29 30 51 34 37 18
split_gain=7.16428 7.78237 11.4859 8.31366 9.36637 6.92194 9.96628 5.8627 19.4986 16.0056 12.5659 12.5986 11.8527 11.5924 18.7799 10.4514 10.2341 10.0758 9.82876 9.67525 9.62041 9.29043 8.82663 8.80599 10.3256 22.6222 11.8373 11.3503 8.75178 8.06255
threshold=0.95854809880256664 0 13.500000000000002 0.03141447342932225 27.500000000000004 18.500000000000004 0.98473194241523754 1 0.35032467544078832 0.5838744342327119 2 19.500000000000004 3 0.99494948983192455 4 35.500000000000007 0.5025252401828767 63.500000000000007 37.500000000000007 0.98760247230529796 0.53390806913375866 0.6093750298023225 5 6 -1.0000000180025095e-35 0.035898379981517799 7 0.63686314225196849 0.27346041798591619 0.86501669883728038
decision_type=10 9 10 10 2 10 10 1 10 8 9 2 9 10 9 10 8 2 10 10 2 10 9 9 10 8 9 10 10 10
left_child=7 3 -3 -2 -5 -4 -7 8 13 10 17 29 15 22 -15 -10 -14 20 -17 -13 -9 -22 -1 24 25 -11 27 -27 -23 -12
right_child=1 2 5 4 -6 6 -8 9 12 23 11 19 16 14 -16 18 -18 -19 -20 -21 21 28 -24 -25 -26 26 -28 -29 -30 -31
leaf_value=-0.0033470651337059554 0.0014866172325927653 -0.00054787981564702836 0.018444922423160228 -0.00010337989696917393 0.011654372246964235 -0.010806154182412056 0.013865600140692221 0.0013364791503739459 -0.00092984802899210726 0.008342914817191396 0.0057079757711880055 -0.0063223915147180018 0.0085160538789497385 0.013053006332365507 0.00021905100684240273 0.023165935600007979 0.0026622523389760976 0.014614581172070219 0.0036334572736267585 0.0076714550340158342 -0.018130444595197866 -0.00074483143257595395 -0.00049500525807802268 0.00096144277768758031 -0.0022207421620950274 0.0017632729812082745 0.001520812753353324 -0.010300596437491854 -0.0067315693805481969 -0.0015879803777051496
leaf_weight=2287.6888879388571 5153.0884541720152 5063.3321745544672 76.359051212668419 170.8470805361867 276.14802699536085 44.428412064909935 50.269736424088478 333.71748912706971 2194.1417047530413 523.8860719949007 582.59612870588899 571.20720633119345 586.18133301287889 226.31898880004883 774.91071592271328 44.906056195497513 2671.6592305898666 37.650544539093971 280.80253304541111 86.078344024717808 91.955457553267479 523.3737006187439 7213.2236776165664 6420.1411471813917 4365.9136787354946 187.20262640714645 869.46867647767067 347.46569775044918 1650.0333600193262 403.55962889641523
leaf_count=9672 22763 22002 321 740 1213 191 209 1497 9423 2266 2573 2512 2482 955 3234 198 11218 161 1227 390 418 2260 31439 28037 19141 840 3678 1568 7116 1778
internal_value=1.81623e-05 0.00091172 -0.000195062 0.00194592 0.00716473 0.0098427 0.0021286 -0.000272284 0.000269281 -0.000791878 -0.00290664 -0.000132115 0.00213571 -0.000755894 0.00332227 5.90584e-05 0.00372168 -0.00460694 0.00669644 -0.00441547 -0.00493828 -0.00587235 -0.00118929 -7.81339e-05 -0.00114137 0.001286 -0.00135302 -0.00595214 -0.00530411 0.00270916
internal_weight=44108.6 10834.5 5234.39 5600.08 446.995 171.057 94.6981 33274.1 16279.8 16994.2 4280.17 1643.44 5777.69 10502.1 1001.23 2519.85 3257.84 2636.73 325.709 657.286 2599.08 2265.36 9500.91 12714.1 6293.94 1928.02 1404.14 534.668 2173.41 986.156
internal_count=191522 47439 22723 24716 1953 721 400 144083 69848 74235 18705 7253 24548 45300 4189 10848 13700 11452 1425 2902 11291 9794 41111 55530 27493 8352 6086 2408 9376 4351
cat_boundaries=0 1 2 3 4 5 6 7 8
cat_threshold=11732541 19 12371841 9088055 2785281 10551936 4070194 395298
is_linear=0
shrinkage=0.04


Tree=142
num_leaves=31
num_cat=13
split_feature=51 50 33 50 51 51 50 50 34 50 51 37 50 12 29 37 51 51 15 34 37 29 40 52 10 33 12 30 16 42
split_gain=6.15885 19.5891 9.75969 13.3958 22.5837 17.0239 21.5259 13.4378 11.4973 15.1093 15.7799 11.4295 10.7345 15.2231 11.7632 11.7772 11.5903 10.6793 9.34017 15.881 9.44349 9.20434 10.4183 9.15808 9.09427 10.6108 9.02152 8.9136 8.78764 8.58761
threshold=0 1 0.90000000596046459 2 3 4 5 6 0.78611555695533764 7 8 1.0000000180025095e-35 9 42.500000000000007 -1.0000000180025095e-35 0.5838744342327119 10 11 0.055867666378617294 0.94474968314170849 0.71503761410713207 2.5000000000000004 0.12940952181816109 12 76.500000000000014 0.98049408197402965 32.500000000000007 0.012500000651925804 0.96329966187477123 -0.60785761475563038
decision_type=9 9 10 9 9 9 9 9 8 9 9 8 9 10 10 10 9 9 8 10 8 10 2 1 2 10 10 10 2 2
left_child=1 18 8 4 7 6 21 -4 11 10 -10 -2 13 -7 -14 -16 -17 27 19 20 28 -5 -23 -8 -19 -26 -22 -9 -1 -13
right_child=2 -3 3 5 -6 12 23 17 9 -11 -12 29 14 -15 15 16 -18 24 -20 -21 26 22 -24 -25 25 -27 -28 -29 -30 -31
leaf_value=-0.0061687099896099717 -0.017179487483512914 -0.00085624538689615644 0.005914761592529281 -0.0032697693079636238 -0.00069770750273765228 0.00040615513819060658 0.0045361737095965535 -0.025826742951817905 0.0013038177075396522 0.0014807012840681128 0.016781025064143935 -0.0018046859054582981 -0.00067710572573598227 -0.0097203613964933818 -0.00096511608223370435 0.0090533001201432203 0.0032034953831102391 -0.0058679278834402682 0.00095850880575024903 0.002624442676598514 0.017165174091333831 -0.018362112072974626 -0.0022574648028856007 -0.0019584136940344983 -0.014143752038183457 0.0089056074601540167 0.0057287028527787612 0 0.016814631383695898 0.00077874187456055365
leaf_weight=89.833147518336773 55.436588123440742 4238.3967929556966 156.3108709231019 2143.4855688102543 8034.3580964095891 1588.8557079844177 878.29046585783362 78.393738739192486 205.71578423678875 1496.8268975168467 234.23011031746864 2575.3015238493681 1354.4181099683046 273.60584492981434 688.79842541366816 759.1629963926971 2068.8824191205204 2087.2281581498682 1849.5942612290382 1508.2283694930375 294.44843604415655 142.44007134437561 122.31856821477413 554.80142582580447 36.282526448369026 133.57033185660839 196.2221405506134 28.75214347243309 31.974034175276756 10143.909547716379
leaf_count=381 251 18843 698 9253 35100 6960 3781 330 896 6473 1018 11374 5722 1191 2942 3322 8980 9227 7763 6955 1281 644 529 2406 155 544 825 117 133 43174
internal_value=4.31341e-05 0.00103075 -0.00018285 -0.00073402 -0.00174112 0.00027101 -0.00184724 -0.00503538 0.000607291 0.00347552 0.00986955 0.000169682 0.00148377 -0.001087 0.00247109 0.00369546 0.00483735 -0.00580048 0.00304583 0.0048647 0.010283 -0.00415137 -0.0111757 0.00201383 -0.00511728 0.00360396 0.0127359 -0.0176328 0.000131748 0.000253591
internal_weight=44050.1 8208.7 35841.4 21130 10554.9 10575.1 3841.34 2520.54 14711.4 1936.77 439.946 12774.6 6733.72 1862.46 4871.26 3516.84 2828.05 2364.23 3970.3 2120.71 612.478 2408.24 264.759 1433.09 2257.08 169.853 490.671 107.146 121.807 12719.2
internal_count=191268 36181 155087 91901 46171 45730 16613 11071 63186 8387 1914 54799 29117 8151 20966 15244 12302 10373 17338 9575 2620 10426 1173 6187 9926 699 2106 447 514 54548
cat_boundaries=0 1 2 3 4 5 6 7 8 9 10 11 12 13
cat_threshold=6291641 361809986 402737257 295174 204032 26256896 134283265 106537 697606 4100 524294 4 57
is_linear=0
shrinkage=0.04


Tree=143
num_leaves=31
num_cat=9
split_feature=9 50 41 23 41 52 37 34 40 18 50 28 37 50 39 38 50 50 32 50 33 33 38 41 12 6 43 50 16 50
split_gain=5.59862 9.27661 11.2045 7.72911 8.70969 5.54456 5.74157 5.37784 10.8308 11.9318 11.9487 8.61442 8.56899 7.4176 7.06419 8.26714 7.44459 6.96944 6.54773 6.44599 6.27438 6.25647 6.25763 5.66956 5.35582 5.11585 5.0811 14.486 12.8774 10.1832
threshold=24.500000000000004 0 -0.6035533845424651 30.500000000000004 -0.6035533845424651 1 0.73375529050827037 0.2356245890259743 0.78656607866287243 0.2639319002628327 2 -14.499999999999998 0.86501669883728038 3 0.83419242501258861 0.28660714626312261 4 5 0.7926556169986726 6 0.76794922351837169 0.41437973082065588 0.025807525962591175 0.12940952181816107 9.5000000000000018 0.37668919563293463 0.81174489855766307 7 0.57223114371299755 8
decision_type=10 9 2 10 2 1 10 10 2 10 9 8 10 9 8 10 9 9 10 9 10 10 8 2 8 2 2 9 2 9
left_child=7 2 -2 4 -3 6 -6 8 9 11 12 13 23 -1 15 -13 18 -10 -16 -17 -18 22 -9 -11 -19 26 -23 28 -28 -30
right_child=1 3 -4 -5 5 -7 -8 21 17 10 -12 14 -14 -15 16 19 20 24 -20 -21 -22 25 -24 -25 -26 -27 27 -29 29 -31
leaf_value=0.015350400642784971 -0.0021273491192163661 0.0091410659633116651 0.0077679271444166817 -0.011412810310529454 0.01317582492633183 -0.011923932699428447 -0.0067519632065347413 0.032635954265715673 -0.0051545781069857587 0.002861967506942661 -0.018637796844831776 -0.016733734761105935 0.017126728320011428 -0.0024415182431462156 0.014990766984309897 0.0047951480349521626 -0.0019502144550426659 0.013564236012954058 0.00023237379367016902 -0.0071336288842414391 -0.018540625404580308 -0.0002185352559095093 -0.0016201648317820711 -0.020108064890868957 -0.0034742061878232046 -0.014387130086707153 0.011521398744205793 0.0022749648488657502 -0.0012685262811585744 -0.010388263101506985
leaf_weight=64.933663308620453 252.12119863927364 115.39324973523617 621.58171214163303 108.16690693795681 38.105809181928635 73.081377029418945 44.123248353600502 13.731746729463341 62.315593719482422 32.531034871935844 135.92763832211494 104.9870797097683 28.005385965108871 66.447724491357803 72.172293543815613 89.934993475675583 364.23010243475437 133.40508486330509 135.67560248076916 234.2922777235508 36.431714788079262 33943.907941222191 12.928211078047751 26.673956215381622 33.069480061531067 34.66280397772789 110.94023336470127 4652.054793804884 2216.0025174617767 202.55807296559215
leaf_count=280 1052 491 2572 464 162 312 186 145 262 148 626 470 121 285 317 382 1575 549 578 1031 154 147896 68 128 137 182 470 19916 9491 900
internal_value=-2.55512e-05 0.0026044 0.0048388 -0.00255168 0.000966699 -0.00507765 0.0022244 -0.000103267 -0.00235961 -0.0036954 -0.0120856 -0.00203236 0.00035011 0.00739219 -0.00327446 -0.00717543 -0.00045425 0.00558864 0.00542774 -0.0038125 -0.00362855 -1.37004e-05 0.01776 -0.00793535 0.009506 -2.78543e-05 -1.35177e-05 0.000952201 -0.00147547 -0.00210852
internal_weight=44060.4 1252.57 873.703 378.871 270.704 155.31 82.2291 42807.8 1621.03 1392.24 223.138 1169.11 87.2104 131.381 1037.72 429.214 608.51 228.79 207.848 324.227 400.662 41186.8 26.66 59.205 166.475 41160.1 41125.5 7181.56 2529.5 2418.56
internal_count=191350 5239 3624 1615 1151 660 348 186111 7043 6095 1023 5072 397 565 4507 1883 2624 948 895 1413 1729 179068 213 276 686 178855 178673 30777 10861 10391
cat_boundaries=0 1 2 3 4 5 6 7 8 9
cat_threshold=268471873 7 268464664 16922632 249893 285368388 16974400 269583913 34313
is_linear=0
shrinkage=0.04


Tree=144
num_leaves=31
num_cat=7
split_feature=10 1 50 40 22 50 42 50 39 38 45 24 24 28 50 61 8 37 39 17 27 15 11 37 27 50 34 33 50 50
split_gain=10.8459 5.69018 8.23017 7.2681 4.13131 17.4234 8.42602 11.8196 11.3109 11.0727 8.65168 13.8277 9.4205 7.58111 10.7903 9.57469 8.10538 9.66762 7.90757 7.5605 8.1798 7.53344 7.35678 6.78233 6.67261 6.15897 6.03023 6.43491 9.78644 8.85926
threshold=1.0000000180025095e-35 97.500000000000014 0 1.0000000180025095e-35 9.5000000000000018 1 0.87837970256805431 2 0.95480081439018261 0.20101010054349902 1.0000000180025095e-35 8.5000000000000018 41.500000000000007 -3.4999999999999996 3 1.5000000000000002 4.5000000000000009 0.82385262846946727 0.29442724585533148 0.94974747300148021 0.20126582682132724 0.53371214866638195 4.5000000000000009 0.92893216013908397 0.70638945698738109 4 0.2356245890259743 0.90322580933570873 5 6
decision_type=2 2 9 2 2 9 2 9 8 10 2 8 10 10 9 2 8 10 10 10 2 10 8 10 2 9 8 8 9 9
left_child=-1 4 -3 -4 13 -6 10 21 9 -9 19 24 -13 14 16 22 23 -18 -17 20 -7 -8 25 -2 -12 -16 -15 28 -28 -29
right_child=1 2 3 -5 5 6 7 8 -10 -11 11 12 -14 26 15 18 17 -19 -20 -21 -22 -23 -24 -25 -26 -27 27 29 -30 -31
leaf_value=-0.021169427007461813 -0.0075914994471362801 -0.0091794709944194221 0.013809423678728122 -0.0018052232829274281 -0.010633560969520277 -0.017033397878109532 -0.010538957589833017 -0.013216135602958068 0.021922587748235019 0.013470503390047722 -0.020542611131575437 0.00623968993336497 -0.012701539222532325 -0.0028221404571483091 0 0.016280576022833806 0.0018079649762371842 -0.0056904248254348016 0.0022602897185108779 0.01563237913186304 -0.0010376620438071701 0.0069845843555033892 -0.0010569942898718142 -0.0013450542685194728 0.0018442625196510012 0.015249221028264074 0.0041425052800196718 0.0074982270892555661 0.00060424619705182095 -0.00014752082592369806
leaf_weight=33.396595120429993 867.77049601078033 36.927749700844288 154.23514547944069 63.538730144500732 157.64793272316456 49.818409651517868 67.526966288685799 35.047525882720947 124.01677221059799 59.914663076400757 46.401742324233055 911.25639525055885 38.81558121740818 1030.7188170850277 96.162380047142506 93.122787803411484 738.62210083007812 430.14622738957405 205.51961404085159 35.367197528481483 857.93627977371216 80.00187124311924 2798.7919984310865 424.3019182831049 32.482122138142586 68.559169858694077 1462.2678465843201 229.8659300506115 8412.1721261739731 24398.395940065384
leaf_count=167 3784 160 721 269 660 213 293 150 520 253 206 3900 164 4431 424 403 3212 1846 889 147 3679 339 12177 1800 141 290 6284 1093 35896 106779
internal_value=7.8136e-05 9.7118e-05 0.0060013 0.00882925 6.16085e-05 0.00164027 0.0025317 0.00808297 0.0135634 0.00325283 0.00148486 0.00401742 0.00538245 -3.36117e-05 -0.00138446 0.000123467 -0.00337453 -0.000947141 0.00689407 -0.0012637 -0.00202593 -0.000926949 -0.000562137 -0.00556875 -0.0115254 0.0075116 0.000183557 0.000274323 0.00113687 -7.08564e-05
internal_weight=44040.7 44007.4 254.702 217.774 43752.7 2496.23 2338.59 366.508 218.979 94.9622 1972.08 1028.96 950.072 41256.4 5723 3262.16 2460.84 1168.77 298.642 943.122 907.755 147.529 2963.51 1292.07 78.8839 164.722 35533.4 34502.7 9874.44 24628.3
internal_count=191290 191123 1150 990 189973 10665 10005 1555 923 403 8450 4411 4064 179308 24825 14183 10642 5058 1292 4039 3892 632 12891 5584 347 714 154483 150052 42180 107872
cat_boundaries=0 1 2 3 4 5 6 7
cat_threshold=4096 1245232 268448780 67135029 268470280 1073185 250610050
is_linear=0
shrinkage=0.04


Tree=145
num_leaves=31
num_cat=15
split_feature=50 51 34 37 51 50 51 50 50 51 10 51 51 50 38 37 26 2 32 33 26 51 30 50 51 1 39 50 2 2
split_gain=7.55412 7.07964 5.06466 8.96184 6.89805 5.40538 5.14906 21.8591 17.1123 16.9308 16.0537 18.8995 12.0564 11.2908 17.7241 11.6777 9.66927 9.19095 8.93659 12.547 8.63022 19.5448 18.6321 15.3125 12.9517 11.7274 8.54255 8.52488 8.07453 29.8732
threshold=0 1 1.0000000180025095e-35 0.87564432621002208 2 3 4 5 6 7 47.500000000000007 8 9 10 0.30825792253017431 0.43364779651165014 -0.019049347378313538 94.000000000000014 0.10050505027174951 0.91259920597076427 -0.022100122645497319 11 0.13246434926986697 12 13 47.500000000000007 0.68217894434928905 14 79.500000000000014 69.500000000000014
decision_type=9 9 8 8 9 9 9 9 9 9 2 9 9 9 10 10 2 2 8 10 2 9 10 9 9 2 10 9 2 2
left_child=1 -1 3 4 -2 -5 7 9 10 -4 11 27 13 26 15 -15 17 -12 19 -13 21 23 -23 -14 -22 -26 -9 -8 29 -10
right_child=2 -3 6 5 -6 -7 8 12 28 -11 16 18 20 14 -16 -17 -18 -19 -20 -21 24 22 -24 -25 25 -27 -28 -29 -30 -31
leaf_value=-0.00054238650694895304 0.0035608339298715038 0.01904723299531285 0.013442188764499168 -0.007277843628214169 -0.018003023684801799 0.013406496460242792 0.0035803270724974723 -0.011427081985570209 0.00097341946340810605 0.0011237586500007285 -0.0053053842676406273 0.013596305445200504 -0.0010671315084542455 0.0024583037153661932 0.008609244480754492 -0.028020646240777873 -0.012311957469802123 0.015972393509890163 -0.0048063366223287732 -0.0014718841760547885 0.00056768251033060939 0.0035663888464757621 -0.0016188445468288946 -0.0078534814925171857 -0.0046276084389206013 5.793468777942848e-05 0.0089184172565443254 -0.0054665030144654533 0.0049653603458096971 -0.0096862427714797007
leaf_weight=57.081650510430336 30.012636587023735 51.758229672908783 170.39843133836985 23.096886217594147 81.343688897788525 32.433569341897964 1470.9757343046367 52.858621723949909 17680.392137091607 5446.7279907502234 154.21185749769211 88.037067711353302 1883.3665618151426 21.923568293452263 31.792172715067863 112.40803239494562 334.55463141202927 35.690495863556862 1603.4717834591866 1731.0906636863947 1780.0538061149418 2549.5751326680183 1948.9986777454615 738.74599887430668 3402.3759138695896 1129.4660452455282 71.857995755970478 173.67777110636234 743.40647329390049 425.65077528357506
leaf_count=248 142 246 811 107 396 141 6318 253 76924 23205 665 382 8436 97 140 480 1425 148 6805 7632 7874 11041 8364 3464 14540 4774 340 785 3323 1857
internal_value=-7.31855e-05 0.00979057 -0.000101384 -0.00695539 -0.0133572 0.00559478 -7.40329e-05 -0.000561802 0.000311265 0.0015358 -0.00162799 -0.000932988 -0.00142257 -0.00929443 -0.0158285 -0.0229931 -0.00826382 -0.000896631 -0.00262428 -0.000696423 -0.00124046 -0.000283194 0.00131324 -0.00302048 -0.00231811 -0.00344905 3.07513e-05 0.00257215 0.000888445 0.000719115
internal_weight=44057.4 108.84 43948.6 166.887 111.356 55.5305 43781.7 19340.5 24441.2 5617.13 5591.71 5067.25 13723.4 290.84 166.124 134.332 524.457 189.902 3422.6 1819.13 13432.6 7120.69 4498.57 2622.11 6311.9 4531.84 124.717 1644.65 18849.4 18106
internal_count=191363 494 190869 786 538 248 190083 83819 106264 24016 24160 21922 59803 1310 717 577 2238 813 14819 8014 58493 31305 19405 11900 27188 19314 593 7103 82104 78781
cat_boundaries=0 1 2 3 4 5 6 7 8 9 10 11 12 13 14 15
cat_threshold=106955136 507904 1179904 18440 1461766 404161029 135594501 4 8913288 4 16819200 1441792 15456 1441792 66052
is_linear=0
shrinkage=0.04


Tree=146
num_leaves=31
num_cat=10
split_feature=6 50 51 39 51 51 17 38 15 29 50 15 52 18 51 23 5 33 50 10 43 12 35 39 17 2 51 51 17 33
split_gain=6.1606 8.25052 13.7963 10.7437 10.5926 9.20681 13.7061 8.49605 8.1514 17.3792 13.3158 14.8508 8.07574 9.37297 8.49128 8.03568 7.40058 7.28941 7.03196 6.77488 6.51036 6.39032 6.33867 6.33154 6.31407 6.22582 7.95673 7.57368 6.84541 6.09428
threshold=0.040202019736170776 0 1 0.87312766909599315 2 3 0.91341829299926769 0.076505016535520567 0.46446608006954199 2.5000000000000004 4 0.048003071919083602 5 0.90960165858268749 6 1.5000000000000002 0.86754387617111217 0.59308028221130382 7 14.500000000000002 0.81174489855766307 46.500000000000007 0.90081965923309337 0.97883537411689769 0.65133896470069896 21.500000000000004 8 9 0.5025252401828767 0.85733491182327282
decision_type=2 9 9 10 9 9 10 10 8 10 9 10 1 8 9 8 2 10 9 2 2 10 10 8 10 2 9 9 10 10
left_child=-1 2 8 4 17 6 24 16 9 10 11 -2 13 -4 -15 -9 -7 22 19 -18 -20 25 -3 -11 -5 26 28 -27 -6 -13
right_child=1 3 12 5 21 7 -8 15 -10 23 -12 29 -14 14 -16 -17 18 -19 20 -21 -22 -23 -24 -25 -26 27 -28 -29 -30 -31
leaf_value=7.7036024139298998e-05 0.022654243179959059 -0.018109080687058614 0.015305278310230009 0 0.00022459307669703271 0.010713254326810237 -0.0050238290798450347 -0.0031524226450787575 -0.014447243821432887 0.022613486394306583 -0.014543529936866839 0.0020259105915939753 0.001579099326086744 -0.016320058836346695 0.0099018451632008914 0.021040517502279907 -0.011145980888587188 0.0020896166514923161 -0.018386188964742579 0.0083817631418026239 0.0006013025859209815 0.011745823883041516 -4.4116604332401161e-05 0 0.014869348045592992 -0.0039266519463544494 -0.0018184712899442621 -0.016805297856492946 -0.011662642380524306 -0.017260183016184129
leaf_weight=40013.540422484279 37.68841552734375 54.31195242702961 178.29603443294764 63.450819507241249 94.546901568770409 31.345122292637825 118.28647862374783 42.927171438932419 94.517929673194885 49.216023534536362 132.48655968904495 64.598963916301727 509.27320834994316 23.542245805263519 26.30580285936594 35.566827744245529 44.220523253083229 534.15299335867167 121.52329674363136 62.256006792187691 34.436153724789619 26.100141435861588 70.055576279759407 31.104192703962326 184.77109803259373 169.58699284493923 618.77074535191059 173.98368608951569 352.490399107337 36.555671617388725
leaf_count=173478 194 271 792 275 452 140 505 188 422 224 579 293 2298 103 126 154 185 2301 512 265 143 112 293 139 786 767 2740 786 1562 158
internal_value=-7.24662e-05 -0.00156512 0.00122357 -0.00273211 -0.00420469 0.00137831 0.00576864 -0.00298398 -0.00422127 -0.00137097 -0.00627569 0.00254036 0.00456298 0.0106332 -0.00364658 0.00817377 -0.00621887 1.36996e-05 -0.0084785 0 -0.0133515 -0.00610478 -0.00848278 0.0143601 0.0112161 -0.00653301 -0.00494899 -0.011248 -0.00893202 -0.00524007
internal_weight=44029.9 4016.37 1183.59 2832.78 2094 738.783 366.508 372.275 446.168 351.65 271.33 138.843 737.417 228.144 49.848 78.494 293.781 658.521 262.436 106.477 155.959 1435.48 124.368 80.3202 248.222 1409.38 1065.81 343.571 447.037 101.155
internal_count=191243 17765 5328 12437 9284 3153 1566 1587 2009 1587 1224 645 3319 1021 229 342 1245 2865 1105 450 655 6419 564 363 1061 6307 4754 1553 2014 451
cat_boundaries=0 1 2 3 4 5 6 7 8 9 10
cat_threshold=268865593 1640324 10044 6921349 131129 72 8572929 16786436 2850945 3969153
is_linear=0
shrinkage=0.04


Tree=147
num_leaves=31
num_cat=5
split_feature=43 5 36 2 50 18 37 38 32 32 10 36 50 38 50 50 2 26 41 50 40 10 12 38 40 36 42 2 35 34
split_gain=7.29529 9.44734 7.01445 9.26642 13.9344 12.8286 12.2148 11.0985 10.2996 8.93769 8.76835 7.31458 9.22654 6.97747 10.6136 9.87509 8.43479 10.0571 8.00759 14.4202 14.1716 11.0283 8.75468 8.01848 9.97658 7.99573 7.71306 7.54765 7.53075 7.45517
threshold=1.0000000180025095e-35 0.98657658696174633 0.028778468258678917 28.500000000000004 0 0.90501254796981823 0.35653753578662878 0.19462481886148456 0.37567204236984258 0.46702899038791662 54.500000000000007 0.023392613045871261 1 0.10733487084507944 2 3 40.500000000000007 -0.047338936477899544 0.78656607866287243 4 0.12940952181816109 50.500000000000007 90.500000000000014 0.2356245890259743 0.98296290636062633 0.52419984340667736 0.6078576147556306 10.500000000000002 0.81980520486831676 0.91709622740745556
decision_type=2 2 8 2 9 8 10 8 8 10 2 10 9 8 9 9 2 2 2 9 2 2 10 10 2 8 2 2 10 10
left_child=1 2 11 4 5 9 -6 -7 -8 -4 -5 12 -1 15 28 -2 -17 -18 21 22 25 23 27 -16 -25 -21 -27 -20 -15 -22
right_child=13 -3 3 10 6 7 8 -9 -10 -11 -12 -13 -14 14 18 16 17 -19 19 20 29 -23 -24 24 -26 26 -28 -29 -30 -31
leaf_value=-0.0061733551501356818 -0.0014544230731647612 -0.00013917994660145902 0.010771194888944867 -0.0076548841930150161 -0.01294690931548334 0.0082778484036766624 -0.0045806479162048136 -0.017957554754976849 0.0048244556953641257 -0.0042851802267067267 0.0019788517139735407 0.01076895946714196 0.0020042320518711978 0.010720715338792557 -0.00042410666237304394 0.0037747438650713224 -0.0071539291563160502 0.0015929155726590704 -0.01553880338146596 0.0069308065764965704 0.0022718762806372677 -0.0052303882355920752 0.016478093736467948 0.0021044918641822292 0.025432965953381494 0.002177116926265698 -0.021529042822911858 0.00060935097607745284 -0.0017410138618759764 0.022094658259749315
leaf_weight=310.21230295300484 1216.8318397700787 20794.38914996013 301.30702472478151 958.01815111190081 191.7766105607152 36.828799992799759 645.99183946847916 62.322006188333035 254.70927573740482 74.36092221736908 173.44947500526905 94.105964779853821 670.0726492293179 73.641951456665993 4091.791614331305 3082.705384593457 248.85800494253635 1219.990763053298 43.228173241019249 342.65424705296755 43.215048685669899 537.84094469249249 48.675073534250259 2702.5701070725918 24.882564678788185 56.463763386011124 28.938102826476097 1157.6322960704565 4429.8640129379928 136.22178565338254
leaf_count=1316 5103 90276 1302 4239 884 161 2867 269 1170 322 757 415 2903 365 17793 13403 1073 5337 181 1483 180 2396 219 11642 105 241 122 4891 19373 627
internal_value=-1.57255e-05 -0.000474554 -0.00231492 -0.00340222 -0.00138659 0.00423939 -0.00386162 -0.00809102 -0.00188695 0.00772121 -0.00615826 0.000400839 -0.000623786 0.000561702 6.91726e-05 0.00172843 0.00258193 7.81794e-05 0.000848109 0.00319328 0.0081647 0.000252825 0.000667048 0.000691737 0.00237079 0.00418579 -0.00638085 -1.73793e-05 -0.00151777 0.01762
internal_weight=44053.5 24567.5 3773.16 2698.76 1567.3 474.819 1092.48 99.1508 900.701 375.668 1131.47 1074.39 980.285 19486 13717.6 5768.39 4551.55 1468.85 9214.11 1857.03 607.493 7357.09 1249.54 6819.24 2727.45 428.056 85.4019 1200.86 4503.51 179.437
internal_count=191415 106881 16605 11971 6975 2054 4921 430 4037 1624 4996 4634 4219 84534 59618 24916 19813 6410 39880 7944 2653 31936 5291 29540 11747 1846 363 5072 19738 807
cat_boundaries=0 1 2 3 4 5
cat_threshold=268636705 285320736 427872293 268501616 1051720
is_linear=0
shrinkage=0.04


Tree=148
num_leaves=31
num_cat=7
split_feature=50 11 9 38 15 24 32 28 52 15 11 40 24 2 61 50 50 40 50 9 50 23 50 1 24 13 1 40 9 1
split_gain=5.38801 5.11833 4.91393 8.37103 8.81001 6.86532 5.86229 5.79105 6.26542 6.1905 5.00313 4.85813 4.727 8.98676 12.9647 11.1558 10.6779 8.50916 15.2254 12.8797 9.61301 7.99609 17.5464 7.96237 7.86787 7.26229 6.61812 4.23696 4.06739 3.50099
threshold=0 97.500000000000014 43.500000000000007 0.5721726417541505 0.63211598992347728 37.500000000000007 0.73105624318122875 -20.499999999999996 1 0.72029411792755138 18.500000000000004 -0.7865660786628722 9.5000000000000018 41.500000000000007 1.0000000180025095e-35 2 3 -0.91597560048103321 4 9.5000000000000018 5 9.5000000000000018 6 40.500000000000007 20.500000000000004 0.22305141389369967 15.500000000000002 0.37940952181816107 2.5000000000000004 60.500000000000007
decision_type=9 8 10 10 10 10 10 10 1 10 10 2 8 2 2 9 9 2 9 10 9 10 9 2 10 2 2 2 8 2
left_child=11 2 5 4 -4 12 -6 -7 -9 -10 29 -1 13 21 16 -16 -15 18 19 -14 25 23 -23 -2 -20 -19 -22 28 -3 -8
right_child=1 27 3 -5 6 7 10 8 9 -11 -12 -13 17 14 15 -17 -18 20 24 -21 26 22 -24 -25 -26 -27 -28 -29 -30 -31
leaf_value=-0.0018812412535017479 1.3984000816330251e-05 0.012830549290696006 0.01637627643453236 0.025931323134293131 -0.01695106486429665 0.0032748333196507095 -0.01575980633640249 0.0030763741630773292 -0.026759775510090678 -0.0029868158569257446 0.010270634470938362 0.014237628707816618 0.033194937029460699 -0.00014430985538613962 -0.0047800831574919449 0.00034006528018197117 -0.0063205657082057581 -0.00034340756332882055 -0.0037786214784872184 0.0066007551768800885 -0.01475612762899956 0.0028456217118568395 -0.016592718816681912 0.0093233364118848853 0.0074202841115409614 0.002985807201772024 -0.0027679810725977079 -0.0064621625539083181 -0.00040941902024795528 0.0034966641048979987
leaf_weight=42.148623377084732 29438.424912191927 114.80874203145504 48.135047912597656 24.258124977350235 30.049796313047409 44.967400908470154 25.83039915561676 31.013204112648964 54.534470275044441 29.67057278752327 51.428670048713684 77.420819401741028 26.459804177284241 688.84775593876839 796.83169354498386 4185.2695381641388 1347.9602717459202 3018.0561208724976 421.91304048895836 650.55090275406837 82.419698104262352 148.65099273622036 128.22410002350807 142.76830174028873 125.6967491954565 1593.8034756034613 553.68483562767506 29.568545311689377 49.201907947659492 24.12106104195118
leaf_count=179 128059 541 201 101 125 189 107 129 228 123 215 361 114 3051 3423 18354 6089 12667 1889 2864 351 645 554 621 556 6713 2366 134 215 101
internal_value=-7.73862e-05 -0.000102277 -0.00013184 0.00598702 0.0025548 -0.000161648 -0.00277525 -0.00830275 -0.0129359 -0.0173044 0.00183778 0.00791249 -0.00013015 -0.000305566 -0.00159292 -0.00048771 -0.00427868 0.000865643 0.00386144 0.00779097 0.000159752 -2.05464e-06 -0.00670789 6.11579e-05 -0.00110794 0.000803045 -0.00438701 0.00630294 0.00884572 -0.00662502
internal_weight=44026.7 43907.2 43713.6 203.823 179.565 43509.7 131.43 160.186 115.218 84.205 101.38 119.569 43349.6 36877 7018.91 4982.1 2036.81 6472.58 1224.62 677.011 5247.96 29858.1 276.875 29581.2 547.61 4611.86 636.105 193.579 164.011 49.9515
internal_count=191265 190725 189835 850 749 188985 548 669 480 351 423 540 188316 160796 30917 21777 9140 27520 5423 2978 22097 129879 1199 128680 2445 19380 2717 890 756 208
cat_boundaries=0 1 2 3 4 5 6 7
cat_threshold=6291842 72 285278276 286303344 285301249 65100 268522584
is_linear=0
shrinkage=0.04


Tree=149
num_leaves=31
num_cat=8
split_feature=52 36 16 50 50 1 2 41 11 40 2 50 1 11 52 1 50 8 26 28 33 11 50 43 14 50 33 36 40 38
split_gain=6.17882 7.72044 10.5525 9.75776 9.52588 17.5202 14.5688 11.051 10.4909 16.069 10.7912 14.1122 9.87481 9.40717 9.31384 9.29188 11.6311 9.28457 9.22698 9.22024 14.4063 8.62238 8.14801 10.2953 12.0716 8.08517 8.04889 10.8808 11.9804 7.9876
threshold=0 0.57537877559661876 0.61930641531944286 1 2 21.500000000000004 13.500000000000002 0.91597560048103344 79.500000000000014 0.37940952181816107 70.500000000000014 3 20.500000000000004 88.500000000000014 4 23.500000000000004 5 1.0000000180025095e-35 -0.045115333050489419 -1.4999999999999998 0.6093750298023225 62.500000000000007 6 1.0000000180025095e-35 0.24865591526031497 7 0.97641506791114818 0.125657893717289 -0.91597560048103321 0.066228073090314879
decision_type=1 10 2 9 9 2 2 2 8 2 2 9 2 10 1 2 9 10 2 8 10 10 9 2 10 9 10 10 2 10
left_child=-1 4 3 -3 8 6 19 15 10 13 26 -12 29 -10 -5 16 18 25 -7 20 -6 -13 -9 24 -24 -4 -2 28 -28 -8
right_child=1 2 17 14 5 7 12 22 9 -11 11 21 -14 -15 -16 -17 -18 -19 -20 -21 -22 -23 23 -25 -26 -27 27 -29 -30 -31
leaf_value=0.00074160210352860057 -0.0010602839196159719 0.0095870443841552244 0.0046388932860766466 0.0047686980544182651 0.010512259607021054 0.020627592395918281 0.0011872377852195741 -0.0029005995659189343 0.014589174113774259 -0.012934762760106071 0.0057593113851301912 0.00082221041384939548 0.012170080671297908 0.0029828343699725606 -0.008505239298093277 -0.001277619128032469 -0.013838503831167233 -0.005043839710983428 -0.0078754947309875502 0.0010653738075053301 -0.013171536709081767 -0.018047389071372814 0.0011424779682029495 0.015888354425554606 0.024179441192197594 -0.0047847834351794826 -0.0048702489735263348 -0.0020532864168299322 0.0030218214425921366 0.0055337342079900854
leaf_weight=14811.038246244192 13573.796474445611 192.50520967692137 345.52460716664791 162.8374497666955 47.075065955519676 29.817889124155045 1222.2484494820237 249.29493211209774 180.15578830242157 65.673138029873371 78.306333363056183 47.059147983789444 234.57809752225876 305.19384114444256 146.25492788106203 2613.2144031375647 186.45766486227512 1620.6909563243389 32.674693018198013 549.36250378191471 190.23717296123505 164.93640176951885 477.3930705934763 120.22197417914867 34.717028751969337 228.92575578391552 338.73060020431876 1398.1371130943298 2845.6190933585167 1558.9990296214819
leaf_count=63610 59116 842 1502 704 200 127 5194 1072 775 291 335 198 1000 1349 653 11399 793 7028 140 2358 793 723 2013 511 144 984 1595 6173 13056 6697
internal_value=7.60531e-05 -0.000260612 -0.00229797 0.00289362 -5.25767e-05 0.00114754 0.00306078 -0.000788797 -0.000530845 0.00487819 -0.00069507 -0.0082855 0.0043258 0.00743659 -0.00155344 -0.001999 -0.00931824 -0.00349724 0.00518117 -0.00176025 -0.00827093 -0.0132342 0.00310662 0.00547019 0.00296157 0.000837523 -0.000570357 0.000876071 0.00216972 0.00363636
internal_weight=44051.7 29240.6 2696.74 501.598 26543.9 7546.29 3802.5 3743.79 18997.6 551.023 18446.6 290.302 3015.83 485.35 309.092 2862.16 248.95 2195.14 62.4926 786.675 237.312 211.996 881.627 632.332 512.11 574.45 18156.3 4582.49 3184.35 2781.25
internal_count=191375 127765 11713 2199 116052 32441 16242 16199 83611 2415 81196 1256 12891 2124 1357 12459 1060 9514 267 3351 993 921 3740 2668 2157 2486 79940 20824 14651 11891
cat_boundaries=0 1 2 3 4 5 6 7 8
cat_threshold=3 268576776 8809551 72 20 18907264 285245456 105557
is_linear=0
shrinkage=0.04


Tree=150
num_leaves=31
num_cat=6
split_feature=14 30 51 22 1 16 50 39 11 6 37 6 39 7 8 16 50 52 28 18 50 51 16 62 39 18 28 22 62 37
split_gain=5.65988 6.27985 8.86836 15.4799 8.14217 6.85955 9.17531 9.5083 9.21312 5.79233 4.90305 4.63689 5.24139 4.60839 4.49654 4.41798 5.85559 4.3809 4.36986 3.83447 10.8145 24.174 8.70358 8.4496 10.0758 7.07736 3.81935 4.10326 3.66776 2.95196
threshold=0.96225070953369152 0.55046296119689953 0 14.500000000000002 19.500000000000004 0.2639319002628327 1 0.49747474491596227 2.5000000000000004 0.5045454502105714 0.41742423176765447 0.35857143998146063 0.5025252401828767 10.500000000000002 27.500000000000004 0.2639319002628327 2 3 -16.499999999999996 0.94974747300148021 4 5 0.96026313304901134 3.5000000000000004 0.76689496636390697 0.8306388556957246 -22.499999999999996 34.500000000000007 1.5000000000000002 0.56691542267799389
decision_type=10 10 9 2 2 2 9 10 10 2 8 2 8 2 10 2 9 1 8 10 9 9 2 2 8 8 10 2 2 10
left_child=1 5 3 13 -5 6 8 18 -1 11 -6 19 -13 17 -12 16 29 -3 -8 23 21 -21 -22 25 -25 -7 27 -18 -11 -4
right_child=-2 2 15 4 10 9 7 -9 -10 28 14 12 -14 -15 -16 -17 26 -19 -20 20 22 -23 -24 24 -26 -27 -28 -29 -30 -31
leaf_value=0.0035020593630540322 -0.011446799554526842 0.0086301537573825089 0.0075346829450001762 0.025573603840632921 0.015668228899790179 0.0003750893931841326 -0.00053182993344647099 -0.012366049249862928 -0.021707845475971994 0 -0.0097802640174508831 0.0040258147135742266 -0.020085910987509854 -0.016040534501032454 0.007423432796932028 -0.0050371298295896795 -0.0064324400548453706 -0.0089639300791863243 0.019122235342258515 -0.009774499034572252 0.0025586121913152167 0.0020020982177865617 0.00028335774191960087 0.0026282908463708568 -0.01805077336663434 -0.00091784585839384464 0.018428909543528573 0.014541221561693419 0.029411144232595478 -0.0098876392385249187
leaf_weight=28.00999628007412 63.306522853672504 26.000411480665207 24.485971346497536 29.106740608811378 29.944453373551369 16166.224507123232 27.463338792324066 39.825673207640648 83.403350546956062 12.625377461314201 47.997150123119354 18.997054681181908 33.039790287613869 79.91412952542305 39.24171769618988 24.651265665888786 23.854952216148376 35.358790129423141 38.068274974822998 484.89007018506527 3636.8954991847277 620.60306742787361 10397.872692652047 59.71555582433939 86.319338262081146 11640.184727936983 136.6445045620203 25.147984459996223 12.562286972999573 27.249285355210304
leaf_count=127 287 113 102 123 127 68938 125 183 381 67 202 104 177 346 165 102 101 152 177 2098 15662 2797 46681 297 392 50189 586 105 145 114
internal_value=5.65433e-05 7.48739e-05 0.00430454 -0.000627279 0.00826128 2.03442e-05 -0.0069958 0.00176126 -0.014108 5.6844e-05 0.00292689 4.41189e-05 -0.0113515 -0.00997886 -0.00184196 0.00937457 0.0114135 -0.00116898 0.0111481 5.96592e-05 0.000572608 -0.00320719 0.000874458 -0.000217514 -0.00965534 -0.000165501 0.0142695 0.00431052 0.0175739 -0.00114935
internal_weight=43999.6 43936.3 549.597 287.563 146.29 43386.7 216.771 105.357 111.413 43169.9 117.183 43144.7 52.0368 141.273 87.2389 262.034 237.383 61.3592 65.5316 43092.7 15140.3 1105.49 14034.8 27952.4 146.035 27806.4 185.647 49.0029 25.1877 51.7353
internal_count=191165 190878 2338 1228 617 188540 993 485 508 187547 494 187335 281 611 367 1110 1008 265 302 187054 67238 4895 62343 119816 689 119127 792 206 212 216
cat_boundaries=0 1 2 3 4 5 6
cat_threshold=10978817 285431872 45076 50 266289 8030980
is_linear=0
shrinkage=0.04


Tree=151
num_leaves=31
num_cat=1
split_feature=51 38 28 30 12 1 18 36 36 42 37 33 24 29 7 39 38 36 36 35 36 30 2 36 37 36 33 36 12 42
split_gain=4.20725 6.74804 14.0129 10.8955 10.4356 11.8945 10.1729 9.93693 9.45757 9.2305 9.8423 8.57448 7.57276 7.61964 7.41698 7.38121 6.83958 6.63482 6.37799 6.34772 5.88145 5.65586 11.6948 9.33482 5.5847 5.89244 5.57812 9.71614 8.66597 9.46407
threshold=0 0.033520599827170379 -1.4999999999999998 0.51764950156211864 23.500000000000004 12.500000000000002 0.99494948983192455 0.63060203194618236 1.0000000180025095e-35 -0.60785761475563038 0.66491228342056286 0.98342490196228038 10.500000000000002 1.5000000000000002 2.5000000000000004 0.97315317392349254 0.044610282406210906 0.53390806913375866 0.41728855669498449 0.96026313304901134 0.089087303727865233 0.07513440772891046 21.500000000000004 0.020101009868085388 0.82998797297477733 0.59870129823684703 0.78862732648849498 0.19378911703825 10.500000000000002 -0.60785761475563038
decision_type=9 10 10 10 10 2 10 10 8 2 10 10 10 10 2 8 10 10 10 10 10 10 2 10 10 10 10 10 10 2
left_child=1 4 3 7 5 20 8 16 12 -7 17 15 13 -6 -9 -10 -3 19 -17 -11 -1 22 -18 -23 25 -22 27 -4 29 -28
right_child=-2 2 26 -5 6 9 -8 14 11 10 -12 -13 -14 -15 -16 18 21 -19 -20 -21 24 23 -24 -25 -26 -27 28 -29 -30 -31
leaf_value=-0.0089089971193269963 -5.8255664942969342e-05 -0.021830226786859117 -0.012070715431336861 0.012562304446140109 -0.013497967900619403 -0.00085035672386142797 -0.0065999684905712211 -0.00080350480513784932 0.013545864320131239 -0.015989465879650555 0.011474545129521438 0.012823541530558159 0.010486421947448889 0.0037682387917361703 -0.026123046212761063 -0.0014123559483604042 0.012345667013941235 0.010608765839510368 0.011558502326559977 0.0017795875608025539 -0.0060765205895467501 -0.019482360532500083 -0.0044336619124609525 -0.0033147054294845402 0.015380704963364801 0.011096249279198679 -0.0045971007261547603 0.0031736203700538767 0.0014372417070041372 0.015406954518068033
leaf_weight=118.95554536581039 38328.10998243466 28.252365916967392 117.23076203465462 51.674146316945553 134.24855597317219 207.08253915607929 292.01886665821075 29.449750527739525 71.168682627379894 32.939272455871105 597.68717779964209 139.13491696864367 35.264349415898323 53.032862782478333 55.946350410580635 473.15356801450253 95.62749183177948 113.79219307005405 64.402036011219025 201.95265125483274 108.87753345072269 64.285627171397209 189.42994958162308 378.60426796972752 35.958911590278149 39.1744170114398 46.32560570538044 141.10246032476425 1538.5301924347878 143.53438331186771
leaf_count=524 165939 119 499 221 580 935 1461 127 304 163 2605 611 146 223 243 2018 409 477 272 871 475 267 810 1627 155 170 210 616 7200 612
internal_value=9.10407e-05 0.00111391 -0.000227258 -0.00438046 0.00254381 0.00484526 -0.000104169 -0.00551243 0.00185389 0.00669609 0.0083642 0.00402061 -0.00526778 -0.0085338 -0.01814 0.00188787 -0.00395036 0.0028893 0.000196958 -0.000910153 -0.00213059 -0.00308495 0.00124209 -0.00589739 0.00226531 -0.00118789 0.00163637 -0.0037661 0.00246392 0.0104306
internal_weight=43926.9 5598.84 2879.99 893.27 2718.84 1456.42 1262.42 841.596 970.405 1153.45 946.371 747.859 222.546 187.281 85.3961 608.724 756.2 348.684 537.556 234.892 302.966 727.947 285.057 442.89 184.011 148.052 1986.72 258.333 1728.39 189.86
internal_count=190889 24950 12960 3823 11990 6375 5615 3602 4154 5051 4116 3205 949 803 370 2594 3232 1511 2290 1034 1324 3113 1219 1894 800 645 9137 1115 8022 822
cat_boundaries=0 1
cat_threshold=4718744
is_linear=0
shrinkage=0.04


Tree=152
num_leaves=31
num_cat=9
split_feature=36 51 42 39 51 36 28 1 52 39 36 5 1 51 1 51 37 52 39 39 62 51 1 36 52 11 43 11 51 42
split_gain=4.21985 9.04358 5.87055 5.57248 3.92172 5.44403 6.19257 4.59845 4.26883 6.40901 4.81175 4.22766 3.83182 27.9175 9.29149 9.50016 9.27984 10.1061 6.93181 8.35905 5.92303 5.7296 4.74069 9.68941 4.66395 4.15092 4.0951 9.93559 9.7901 11.2192
threshold=0.9506097435951234 0 -0.60785761475563038 0.90070420503616344 1 0.90121948719024669 1.5000000000000002 89.500000000000014 2 0.85786435008049022 0.10557275637984277 0.97241246700286876 85.500000000000014 3 68.500000000000014 4 0.5025252401828767 5 0.80993431806564342 0.99494948983192455 4.5000000000000009 6 88.500000000000014 1.0000000180025095e-35 7 88.500000000000014 1.0000000180025095e-35 1.5000000000000002 8 -1.0000000180025095e-35
decision_type=10 9 2 8 9 8 10 2 1 8 10 2 2 9 2 9 8 1 8 8 2 9 2 10 1 8 2 8 9 2
left_child=4 -2 -3 -4 5 6 7 8 9 -1 11 -10 14 18 26 -16 -17 21 -14 22 25 -18 23 -20 -24 -21 -6 -28 29 -29
right_child=1 2 3 -5 12 -7 -8 -9 10 -11 -12 -13 13 -15 15 16 17 -19 19 20 -22 -23 24 -25 -26 -27 27 28 -30 -31
leaf_value=0.024547578172429609 0.0065670980112723402 -0.00015138476815017458 -0.030250514174249541 -0.0044978587718987805 -0.00035132136963102368 -0.011413175954219146 0.021922275410660871 -0.011418580224769711 -0.0084856108951346255 0.0017629883421317711 -0.0023572414998695203 0.010482982220965293 0.012603461892884334 -0.012957775602934787 -0.0099512857644854513 0.014471017811601983 0.00060332179687443447 0.00086487857270640012 -0.0067520567871003322 0.010118317900005584 0.021404172084591 -0.013456026185425558 0.0023171666027006137 0.024152302755526999 -0.0063244324366260518 0.0022089780620014755 -0.009489157132919793 -0.0028421297752151149 0.0015137243338553602 0.00041019417042414166
leaf_weight=37.585298918187618 48.03935594856739 34.831145897507668 36.513353869318962 25.87751904129982 23009.658614419401 29.986934192478657 27.345437169075012 25.447545416653156 17.23976831510663 42.244706157594919 168.04148466140032 114.6864093542099 143.96367174386978 154.73909011483192 279.31728675961494 49.770456060767174 67.462216332554817 451.17544098198414 26.763544261455536 173.49433198571205 36.627606347203255 153.53900109231472 168.66428157687187 28.465300157666206 207.67086564004421 293.34110300242901 154.27918097376823 2207.8186955489218 8620.5509982034564 7252.8398090191185
leaf_count=252 206 158 162 113 99683 172 137 140 118 262 1028 798 620 686 1242 209 293 1927 117 742 170 642 720 121 886 1277 673 9906 37152 30926
internal_value=-7.73337e-06 -0.00669984 -0.0128381 -0.0209922 1.46934e-05 0.00361997 0.00490899 0.00345901 0.00464324 0.0121128 0.00196227 0.00763881 -2.44413e-05 0.00216772 -8.91875e-05 -0.00388683 -0.00130585 -0.00262107 0.00448328 0.00319906 0.00667914 -0.00931399 -0.000844988 0.00952691 -0.00252451 0.00526686 2.97897e-06 0.000451108 0.000539629 -0.000347416
internal_weight=44088 145.261 97.222 62.3909 43942.7 462.578 432.591 405.245 379.798 79.83 299.968 131.926 43480.1 1233.73 42246.4 1001.26 721.947 672.177 1078.99 935.027 503.463 221.001 431.564 55.2288 376.335 466.835 41245.1 18235.5 18081.2 9460.66
internal_count=191538 639 433 275 190899 2907 2735 2598 2458 514 1944 916 187992 5339 182653 4313 3071 2862 4653 4033 2189 935 1844 238 1606 2019 178340 78657 77984 40832
cat_boundaries=0 1 2 3 4 5 6 7 8 9
cat_threshold=5309953 24 12 16515843 797061 3 218114 69 2057856
is_linear=0
shrinkage=0.04


Tree=153
num_leaves=31
num_cat=14
split_feature=29 50 51 51 50 22 43 30 32 33 9 2 39 50 30 8 51 51 38 27 51 51 50 51 36 43 50 34 50 51
split_gain=4.64219 15.077 20.4372 15.1979 10.2175 11.6208 10.2563 13.1805 12.2814 10.4627 9.00089 8.3644 9.47045 7.79999 8.95982 11.3082 9.96287 7.27485 9.34305 6.67801 20.2115 16.7446 14.8305 15.0642 14.4189 13.5464 12.5255 20.4327 10.9293 15.7905
threshold=3.5000000000000004 0 1 2 3 7.5000000000000009 -0.56174489110708226 0.55046296119689953 0.45867486298084265 0.6723180115222932 19.500000000000004 54.500000000000007 0.97530490159988414 4 0.013888889458030464 4.5000000000000009 5 6 0.60107529163360607 0.03141447342932225 7 8 9 10 0.050252525135874755 1.0000000180025095e-35 11 0.90501254796981823 12 13
decision_type=10 9 9 9 9 2 2 10 10 10 10 2 8 9 8 10 9 9 10 2 9 9 9 9 8 2 9 10 9 9
left_child=19 2 11 4 6 -6 -3 8 -8 -10 -7 12 -2 -5 -15 16 -16 18 -17 21 24 28 23 -22 25 26 -21 -28 29 -1
right_child=1 3 -4 13 5 10 7 -9 9 -11 -12 -13 -14 14 15 17 -18 -19 -20 20 22 -23 -24 -25 -26 -27 27 -29 -30 -31
leaf_value=0.00029664991638595725 -0.0044204777680636664 -0.0071336226472537923 0.0087852762879433843 -0.0017278840050480501 -0.009721257820268888 0.00043485896970000117 0.0026603075998558761 0.019181974912396368 -0.00401936424616944 -0.028042581322568844 -0.012406330241102341 -0.015583230392264936 0.0055152043114943851 0.021697859282207778 0.0029520745820769603 -0.0023142689782084049 -0.0069753125945026155 0.0059490212425356102 0.012381286593453838 0.00063758937537684401 -0.007021294988089624 -0.0011127321578227216 0.002581324763072111 0.00083619784502480382 -0.0034810868288350223 -0.0041267906995499067 0.02152761326126184 -0.0032631008721128135 0.00030245490003730821 0.0072198648774148321
leaf_weight=1124.8418819047511 349.94483323395252 331.75127889215946 548.33283598721027 2511.4767680391669 780.40088514238596 442.35450218617916 546.94527813792229 55.262387171387672 140.73645029962063 33.380071029067039 102.95219749212265 56.65560457110405 265.31596937775612 30.121165186166763 258.86802431941032 465.29392649233341 386.43179342150688 742.24313316494226 76.133832305669785 298.25619377195835 524.63585993647575 14300.695536445826 7648.1888352185488 1394.7207684665918 2357.9730908721685 297.20874680578709 158.58273796737194 75.15316453576088 6717.3906816989183 999.60492726415396
leaf_count=4977 1487 1454 2289 10765 3554 2027 2413 238 614 146 465 243 1116 129 1072 1936 1687 3196 315 1291 2206 61818 32692 5901 10345 1289 667 322 29763 4919
internal_value=-5.71413e-05 -0.000920563 0.00314921 -0.00164667 -0.00418161 -0.00654866 -0.0012822 0.00120597 -0.000266782 -0.00939078 -0.00204387 -0.00151252 -9.37959e-05 -0.000252817 0.00162679 0.00125616 -0.00303188 0.00343067 -0.000114742 0.00013782 0.000872896 -0.000266544 0.00179191 -0.00133902 -0.00187783 0.00262835 0.00644279 0.0130259 0.00109968 0.00359132
internal_weight=44021.9 8124.6 1220.25 6904.35 2433.78 1325.71 1108.08 776.324 721.062 174.117 545.307 671.916 615.261 4470.57 1959.09 1928.97 645.3 1283.67 541.428 35897.3 12754.7 23142.5 9567.55 1919.36 3187.17 829.201 531.992 233.736 8841.84 2124.45
internal_count=191336 35146 5135 30011 10911 6046 4865 3411 3173 760 2492 2846 2603 19100 8335 8206 2759 5447 2251 156190 54713 101477 40799 8107 13914 3569 2280 989 39659 9896
cat_boundaries=0 1 2 3 4 5 6 7 8 9 10 11 12 13 14
cat_threshold=411308480 6087425 3549233 1214992 68185137 8390406 17152 6684701 8257565 211128643 525058 16821308 378643713 2752513
is_linear=0
shrinkage=0.04


Tree=154
num_leaves=31
num_cat=5
split_feature=14 16 51 3 37 51 37 12 51 28 52 37 51 27 37 30 38 30 37 14 37 11 41 27 38 30 39 33 37 38
split_gain=6.96447 11.1556 14.8316 9.35264 8.66965 7.86003 9.92637 7.70303 13.7527 7.67084 8.38176 7.59668 10.3619 6.86472 10.199 10.1539 6.72559 7.60804 7.28426 6.53197 8.20187 6.48012 8.67899 6.30922 7.11531 6.02211 6.00394 10.1216 13.6817 14.5232
threshold=0.050252525135874755 0.79898989200592052 0 5.5000000000000009 0.94764256477355968 1 0.35653753578662878 25.500000000000004 2 -3.4999999999999996 3 0.94764256477355968 4 0.070298988372087493 0.76776695251464855 0.046875001862645156 0.083771932870149626 0.087581168860197081 0.71503761410713207 0.055250305682420738 0.86700680851936351 89.500000000000014 0.37940952181816107 0.05298245698213578 1.0000000180025095e-35 0.013888889458030464 0.95266106724739086 0.96621623635292064 0.87287157773971569 0.030457638204097751
decision_type=8 2 9 2 8 9 8 10 9 10 1 8 9 2 10 10 10 10 8 8 8 10 2 2 10 8 8 8 8 8
left_child=1 2 4 19 -1 6 7 8 -3 10 13 -12 -13 -7 15 -15 17 -4 -19 20 23 -11 -23 24 -2 -21 -8 -28 29 -29
right_child=3 5 16 -5 -6 9 26 -9 -10 21 11 12 -14 14 -16 -17 -18 18 -20 25 -22 22 -24 -25 -26 -27 27 28 -30 -31
leaf_value=-0.0084461780657469464 0.015339253845625147 -0.0038730059314885097 0.027897643328570601 -0.011697049236428912 0.014368646707606647 -0.0072212562163605359 -0.00017368214671137369 0.013572814617096923 0.010486973012756692 6.8663917979137464e-05 -0.012656106369493023 -0.01177288605002735 0.0087833449844974387 0.0087251276893634475 0.012271443252057123 -0.022403718272304429 0.0043746456825193361 0.022986314884169398 -0.00047799142665268045 0.012132252191013937 -0.010805954643637041 -0.0238725454353267 -0.0028508224695304586 -0.01444442099460031 -0.0022243479111713088 -0.00033179427021279583 0.004360612176245806 0.003160181522033598 0.0021012118728815162 -0.006666974021361234
leaf_weight=112.17483312264085 53.506064891815186 207.44442509114742 70.882621496915817 112.65624311566353 29.245956361293793 101.27141506969929 4671.6590638272464 162.62813213467598 192.23352219164371 8169.8794226534665 244.57667776942253 56.725857451558113 71.453377231955528 27.439075887203217 116.69474510848522 29.614560022950172 94.203723534941673 29.507996678352356 50.125691041350365 57.113599091768265 208.38954989612103 35.198244884610176 167.46694108843803 30.103570550680161 93.091171577572823 23337.39280629158 1676.710386402905 362.48424702137709 2777.6417003422976 685.31344397366047
leaf_count=535 230 865 360 596 126 454 20650 696 840 36128 1088 253 305 122 511 130 403 124 207 244 909 162 732 135 411 100099 7109 1535 12441 2968
internal_value=2.02686e-05 0.000568497 0.00726127 -0.000441105 -0.00305338 0.00043487 0.00116582 0.00632271 0.00319198 -0.000433878 -0.00461145 -0.00836542 -0.000488594 0.000736147 0.00559955 -0.00761373 0.0128515 0.0185434 0.00882464 -0.000384491 -0.00552097 -0.000106235 -0.007085 0.000727568 0.0043487 -0.000297925 0.000877015 0.0017721 0.000628109 -0.00324942
internal_weight=44034.8 20142.6 386.141 23892.3 141.421 19756.4 10736.1 562.306 399.678 9020.32 647.776 372.756 128.179 275.02 173.748 57.0536 244.72 150.516 79.6337 23779.6 385.09 8372.54 202.665 176.701 146.597 23394.5 10173.8 5502.15 3825.44 1047.8
internal_count=191368 88744 1755 102624 661 86989 47104 2401 1705 39885 2863 1646 558 1217 763 252 1094 691 331 102028 1685 37022 894 776 641 100343 44703 24053 16944 4503
cat_boundaries=0 1 2 3 4 5
cat_threshold=4683904 7087675 2622467 70 1280000
is_linear=0
shrinkage=0.04


Tree=155
num_leaves=31
num_cat=10
split_feature=9 51 50 39 16 51 18 36 39 7 2 7 38 30 39 16 51 50 51 50 51 38 50 51 2 2 28 14 16 12
split_gain=5.33254 10.7908 6.92117 6.19024 5.74658 5.37914 7.47181 6.06734 7.80814 6.04872 5.6725 7.22442 5.49705 5.39565 7.14947 5.19766 5.01215 26.1289 12.7332 12.6759 16.4226 13.7975 9.86439 14.8241 10.902 14.3142 10.1662 15.4437 9.64689 9.63298
threshold=24.500000000000004 0 1 0.59549137949943554 0.95675548911094677 2 0.20112359523773196 0.45738498866558081 0.72264957427978527 30.500000000000004 56.500000000000007 21.500000000000004 0.5721726417541505 0.16666667908430102 0.5721726417541505 0.98974332213401806 3 4 5 6 7 0.089087303727865233 8 9 10.500000000000002 16.500000000000004 -3.4999999999999996 0.84240093827247631 0.57223114371299755 39.500000000000007
decision_type=10 9 9 10 2 9 10 8 10 2 2 2 10 10 8 2 9 9 9 9 9 10 9 9 2 2 10 10 2 8
left_child=16 3 -3 -2 -5 6 -4 12 9 15 11 -8 13 -7 -15 -9 19 18 -18 20 21 -1 23 -19 -25 -26 27 -24 -27 -28
right_child=1 2 5 4 -6 7 10 8 -10 -11 -12 -13 -14 14 -16 -17 17 22 -20 -21 -22 -23 26 24 25 28 29 -29 -30 -31
leaf_value=-0.017717205423251274 0 -0.0032178972249350081 -8.2833335183196409e-05 -0.026483198537562713 -0.0015659695757059184 0.0089378849491376158 0.025502121733940779 0.023234819387923319 -0.0042087470543537763 -0.0020559098370555723 0.0062076459248271701 0.0026325567420227105 0.012646510285974903 -0.021993042027013032 -0.0013971007507577586 0.0017100115725047671 0.010530910252797385 0.010604486681907934 0.001903746210593893 -5.8276494665664715e-05 -0.001595051167128017 -0.0028323047747889612 -0.0028944782589648971 0.0096518203633208319 -0.0054725330955255258 0.011165415707080847 0.0019133424527203438 0.019471214313619156 -0.0011116954189173049 -0.001162611104739362
leaf_weight=194.21909574791789 78.102318242192268 175.49519217014313 85.519842624664307 35.153986275196075 27.371847555041313 64.041924118995667 84.749152913689613 77.08167527616024 47.466278553009033 26.677042618393898 108.58097594976425 33.688103809952736 46.718318358063698 25.018482208251953 308.79104059934616 26.699614405632019 554.48111147433519 141.07685036957264 576.05575152859092 21230.220456056297 4479.3946715071797 211.42660378664732 1618.0134897008538 121.0887143611908 1484.5576228499413 100.86274112015963 6882.6210413463414 45.812102138996124 2979.6518030166626 2121.3005764633417
leaf_count=829 343 750 359 152 118 266 350 317 195 110 460 140 192 104 1273 110 2505 657 2574 91311 19323 897 7039 531 6395 485 30413 198 13272 9572
internal_value=-6.08103e-05 0.00250709 0.00384103 -0.00741439 -0.016795 0.00521686 0.00948963 0.00286742 0.00904972 0.0139987 0.0135149 0.0195293 0.000339323 -0.00119525 -0.00330155 0.0182142 -0.000136733 0.000405319 0.00623496 -0.000482562 -0.00231659 -0.00989572 -2.43496e-05 -0.00152317 -0.0019252 -0.0022511 0.000653195 -0.00221018 -0.000685792 0.00118619
internal_weight=43991.9 1251.16 1110.53 140.628 62.5258 935.032 312.538 622.494 177.925 130.458 227.018 118.437 444.57 397.851 333.81 103.781 42740.8 16625.5 1130.54 26115.3 4885.04 405.646 15495 4827.24 4686.16 4565.07 10667.7 1663.83 3080.51 9003.92
internal_count=191240 5239 4626 613 270 3876 1309 2567 732 537 950 490 1835 1643 1377 427 186001 73641 5079 112360 21049 1726 68562 21340 20683 20152 47222 7237 13757 39985
cat_boundaries=0 1 2 3 4 5 6 7 8 9 10
cat_threshold=26627 16977928 2490624 11423618 281051154 5255192 285646867 256 168821389 4
is_linear=0
shrinkage=0.04


Tree=156
num_leaves=31
num_cat=3
split_feature=28 27 11 39 7 36 30 18 2 16 27 40 40 15 52 2 39 38 41 18 11 38 13 9 40 52 52 32 39 12
split_gain=5.02996 8.2034 11.384 8.22753 7.99756 6.96258 6.88861 11.1373 6.37592 6.68627 5.76402 15.0761 13.9238 13.8634 17.5575 13.2955 11.5944 10.2786 9.67324 10.611 9.5957 9.16852 9.11424 8.47194 8.19662 7.6639 7.26938 9.64582 8.1723 8.06501
threshold=-3.4999999999999996 0.16774892061948779 35.500000000000007 0.80104166269302379 6.5000000000000009 0.73710790276527416 0.012500000651925804 0.98095065355300914 58.500000000000007 0.65039682388305675 0.024099883623421196 0.12940952181816109 0.12940952181816109 0.10557275637984277 0 17.500000000000004 0.92893216013908397 0.048003071919083602 -0.7865660786628722 0.46195203065872198 8.5000000000000018 0.27823315560817724 0.067041199654340758 18.500000000000004 0.78656607866287243 1 2 0.036038961261510856 0.61938297748565685 41.500000000000007
decision_type=8 2 10 10 2 10 8 10 2 2 2 2 2 8 1 2 10 10 2 8 8 10 2 8 2 1 1 10 10 10
left_child=1 5 -3 -4 10 6 7 -1 9 -6 12 20 22 26 -15 -16 18 -17 -14 24 23 -21 -2 -12 -20 -18 29 -28 -29 -13
right_child=4 2 3 -5 8 -7 -8 -9 -10 -11 11 13 16 14 15 17 25 -19 19 21 -22 -23 -24 -25 -26 -27 27 28 -30 -31
leaf_value=0.025017924221444887 0.00063063929226292296 -0.00042981044190051442 0.012441663607439417 -0.00093561916123785147 -0.001393841193157495 -0.017239976566051366 -0.0030921555396679202 -0.00036481853923775134 -0.0030740964854424377 0.01506898493520068 -0.0032740719184313656 0.0094991222002449808 -0.0047992283911338423 -0.0066056614581262371 0.0056294360533483759 -0.0047017570153948338 0.0031834852041633509 0.0029937110316913197 0.001345001508397525 -0.0033096756310586066 0.00038256911532132207 0.0012663429383935557 -0.018975645341669151 -0.023563514762483719 0.015663511372923614 -0.0018531443084056887 0.012865935317813057 0.0055963942964246654 -0.0025777206362549709 -0.006094501797412253
leaf_weight=31.545564964413643 14098.739819839597 5615.6009743660688 190.34649851918221 112.69669324159622 49.637615829706192 48.232502490282059 2045.8946004956961 107.12592858076096 66.494093760848045 144.54668973386288 750.92608254402876 767.68900556862354 1908.2095794044435 396.09365354478359 1050.781177431345 521.60991542041302 1139.7319018356502 580.76080283522606 213.15880597382784 2314.5360165722668 8960.7568546682596 992.96476585045457 32.982115149497986 30.10849629342556 89.411855351179838 814.7853137999773 130.68315650522709 363.06811094284058 409.99512869119644 52.069263473153114
leaf_count=135 61661 24138 826 483 214 209 9020 465 279 604 3309 3223 8291 1729 4373 2163 4962 2429 898 10334 38869 4607 163 128 391 3442 560 1546 1739 226
internal_value=9.643e-05 -0.000799552 -1.61179e-05 0.00746751 0.000300627 -0.00286265 -0.00249743 0.00593986 0.00721768 0.010831 0.000248437 0.000880283 -0.000160616 0.00285977 0.000973091 0.00240807 -0.00155721 -0.000634289 -0.00249541 -0.00126717 9.00663e-06 -0.00193001 0.00057677 -0.00422658 0.0058271 0.00108106 0.00562791 0.00297776 0.00124683 0.00835219
internal_weight=44031.2 8151.44 5918.64 303.043 35879.7 2232.8 2184.57 138.671 260.678 194.184 35619.1 14014.5 21604.5 4272.75 2549.25 2153.15 7472.8 1102.37 5518.28 3610.07 9741.79 3307.5 14131.7 781.035 302.571 1954.52 1723.5 903.746 773.063 819.758
internal_count=191416 35276 25447 1309 156140 9829 9620 600 1097 818 155043 60294 94749 17988 10694 8965 32925 4592 24521 16230 42306 14941 61824 3437 1289 8404 7294 3845 3285 3449
cat_boundaries=0 1 2 3
cat_threshold=96 105 35
is_linear=0
shrinkage=0.04


Tree=157
num_leaves=31
num_cat=6
split_feature=50 61 35 50 32 52 39 3 34 36 2 13 50 42 50 17 38 37 52 35 36 7 9 12 33 32 34 38 34 45
split_gain=6.05411 5.1174 4.95872 8.48592 7.98806 9.28264 9.98169 9.04951 8.60064 10.2328 8.39107 7.47307 7.67516 6.84638 6.5169 6.3207 8.61328 6.50445 6.19457 9.28014 5.94711 6.81171 7.98417 6.26705 5.4236 6.10502 5.13253 4.79803 4.73405 4.87526
threshold=0 1.5000000000000002 0.98657658696174633 1 0.55634921789169323 2 0.61938297748565685 2.5000000000000004 0.43613053858280187 0.19378911703825 35.500000000000007 0.014389234129339458 3 1.0000000180025095e-35 4 0.10072463750839235 0.044610282406210906 0.98473194241523754 5 0.97927406430244457 0.18230694532394412 1.5000000000000002 9.5000000000000018 46.500000000000007 0.71682393550872814 0.018693221732974056 0.65039682388305675 0.44504831731319433 0.97837775945663463 1.0000000180025095e-35
decision_type=9 2 10 9 8 1 8 2 10 10 2 2 9 2 9 10 8 10 1 10 10 2 10 8 10 10 10 8 10 2
left_child=1 -1 3 18 5 6 10 15 9 -7 26 12 -10 -12 -13 -6 -17 -18 19 20 21 23 -23 -2 -8 -26 -5 -22 29 -20
right_child=2 -3 -4 4 7 8 24 -9 11 -11 13 14 -14 -15 -16 16 17 -19 28 -21 27 22 -24 -25 25 -27 -28 -29 -30 -31
leaf_value=0.019824930814696117 0.00073315907105635171 -4.0966145721959612e-05 -2.6255267101255317e-05 -0.0039874185407659558 0.0089507153761347446 0.022783606743691252 -0.0077520298948052201 -0.021537591868306248 -0.0070236624030870845 -0.0046479090145903684 0.028178103210355136 -0.0040641354471541418 0.0032995180765201843 0.0016871006658328092 0.0035762277528526903 0.0099672025690596064 -0.010423624583275441 0.0099797772610664744 -0.0019355017924084471 -0.013834973001999915 0.0015947585036968528 -0.013824023842486219 0.0061452023718421706 0.019398876083278355 -0.0039919492261131818 0.0040934616227119962 0.0096828768573801547 0.012904868141163799 -0.016701064098362379 -0.0053632337216847374
leaf_weight=42.427946716547012 268.29426594078541 33.314973667263985 36726.354859925807 58.836310014128685 56.432470664381981 45.7286322042346 82.69332130253315 42.100889146327972 525.04225336760283 33.803750738501549 55.53463739156723 260.07562558352947 137.44128774106503 24.170706022530794 492.21069873869419 45.055171951651573 215.97914047539234 23.20746722817421 2234.6638745293021 57.53203172981739 131.30493710935116 97.66217452287674 41.497033625841141 27.706924468278885 176.82731722295284 800.56250079721212 132.18984449654818 116.1427475810051 36.729757189750671 966.977205298841
leaf_count=187 1147 158 159327 267 246 269 372 217 2279 161 262 1155 604 118 2141 188 941 96 9724 245 568 431 178 117 811 3462 587 507 161 4282
internal_value=-0.000193189 0.0101241 -0.000214847 -0.00117548 0.000351992 0.00109607 0.0035077 -0.00502241 -0.00105924 0.0113025 0.0103318 -0.00181307 -0.00489913 0.0209546 0.000892603 -0.00264158 -0.00512716 -0.00819824 -0.00240585 0.000869972 0.00224267 -0.000542132 -0.0077239 0.00284001 0.00173873 0.00259744 0.00537607 0.00713298 -0.00316126 -0.00298375
internal_weight=43988.5 75.7429 43912.8 7186.4 3207.89 2825.12 1330.81 382.775 1494.3 79.5324 270.731 1414.77 662.484 79.7053 752.286 340.674 284.242 239.187 3978.51 740.14 682.608 435.16 139.159 296.001 1060.08 977.39 191.026 247.448 3238.37 3201.64
internal_count=191208 345 190863 31536 14176 12488 5879 1688 6609 430 1234 6179 2883 380 3296 1471 1225 1037 17360 3193 2948 1873 609 1264 4645 4273 854 1075 14167 14006
cat_boundaries=0 1 2 3 4 5 6
cat_threshold=6291840 285238870 73 104449 425993 2
is_linear=0
shrinkage=0.04


Tree=158
num_leaves=31
num_cat=15
split_feature=50 51 9 8 13 52 51 50 23 1 35 51 50 36 39 13 50 51 51 39 50 50 51 35 50 9 29 42 50 33
split_gain=5.18693 8.1586 5.94854 5.68556 4.87015 4.85244 16.3282 33.2378 13.7273 11.196 9.19078 8.98857 32.8296 19.6894 18.746 13.8322 12.5169 28.8801 8.80625 9.50919 9.29529 9.28542 12.5634 10.9629 7.98315 9.83666 9.36326 7.83587 7.79147 7.77958
threshold=0 1 8.5000000000000018 3.5000000000000004 0.16774892061948779 2 3 4 5.5000000000000009 48.500000000000007 0.98581486940383922 5 6 0.048003071919083602 0.82392686605453502 0.022347066551446918 7 8 9 0.25126262009143835 10 11 12 0.98449519276618969 13 12.500000000000002 -3.4999999999999996 1.0000000180025095e-35 14 0.90999999642372142
decision_type=9 9 10 10 2 1 9 9 10 2 10 9 9 10 10 2 9 9 9 10 9 9 9 10 9 10 10 2 9 10
left_child=1 -1 3 -3 -5 6 7 8 28 -9 -11 12 14 15 -7 -14 17 27 24 20 -20 22 23 -21 -8 26 -26 -13 -2 -30
right_child=5 2 -4 4 -6 11 18 9 -10 10 -12 16 13 -15 -16 -17 -18 -19 19 21 -22 -23 -24 -25 25 -27 -28 -29 29 -31
leaf_value=0.011112589754629565 0.02662412212246398 -0.00046156399332082057 -0.016071921848572805 0.02053187077683288 -0.00069993477597030248 0.015605500382910871 0.0017431078316587807 -0.0070382268421682465 -0.0071134856601530409 -0.0087313578378529332 0.0077760047581822266 0.012305557284576338 -0.0037477322400862774 -0.011381905174708889 -0.0034392274339574698 0.012941908092953678 1.4117261238668134e-05 -0.0094723579951188214 0.0015346706797414096 0.013311596351551457 -0.0031841935964530585 0.00067809678522202867 0.0058091234524847461 -0.0074466533859654247 -0.013057878276346378 0.0045096682159879329 -0.0029701593594645909 -0.00043999150146307683 0.022753365447661027 0.008602812670028423
leaf_weight=158.53670424222946 62.514836855232716 275.99588098376989 26.686307594180107 38.227074459195137 25.341088905930519 196.92096746712923 806.88254558667541 309.36254581063986 53.604715958237648 65.479375511407852 220.07425276935101 139.63329762965441 505.99452629685402 612.53361164033413 135.00147191435099 88.885539904236794 28877.734005920589 630.1239850372076 1200.5274242162704 44.484830126166344 1464.2897793315351 3458.5652484707534 1414.5665878728032 218.72430425882339 157.27456158399582 250.97991144657135 1878.9703486524522 158.56682054698467 74.174767896533012 440.96702406927943
leaf_count=696 297 1162 109 157 104 859 3623 1345 222 277 950 603 2111 2576 567 362 125727 2677 5188 200 6266 14801 6178 952 701 1092 8500 671 311 1962
internal_value=2.24747e-05 0.00391966 0.00043892 0.00202168 0.0123424 -2.54582e-05 0.000653182 0.00500105 0.0113034 -0.00176706 0.00383681 -0.000288717 -0.00325486 -0.00632251 0.00763739 -0.00113358 -0.0001333 -0.00466756 0.000155827 0.000873544 -0.00105809 0.00188135 0.00431082 -0.00354868 -0.0016428 -0.00284953 -0.00378918 0.00538897 0.0132871 0.0106727
internal_weight=43991.6 524.787 366.25 339.564 63.5682 43466.8 12121.4 1226.18 631.261 594.916 285.554 31345.4 1539.34 1207.41 331.922 594.88 29806.1 928.324 10895.3 7801.16 2664.82 5136.34 1677.78 263.209 3094.11 2287.22 2036.24 298.2 577.657 515.142
internal_count=191246 2228 1532 1423 261 189018 52865 5364 2792 2572 1227 136153 6475 5049 1426 2473 129678 3951 47501 33585 11454 22131 7330 1152 13916 10293 9201 1274 2570 2273
cat_boundaries=0 1 2 3 4 5 6 7 8 9 10 11 12 13 14 15
cat_threshold=249561504 13120769 65 7 488960 6 1450497 1441792 6459400 5113872 10330 238603 2105376 269631509 131072
is_linear=0
shrinkage=0.04


Tree=159
num_leaves=31
num_cat=9
split_feature=14 13 51 3 6 5 38 50 1 41 51 1 2 52 1 2 27 1 18 51 8 51 18 50 36 27 18 52 50 14
split_gain=6.288 8.92516 12.5115 8.8166 7.36378 13.7059 11.8603 7.21642 11.5523 9.25067 8.45695 17.7463 16.1244 13.1972 13.1252 11.275 9.90503 9.35924 7.41103 13.5878 10.2952 9.80648 10.0792 11.012 13.1472 10.0034 9.11507 8.97764 8.44085 13.3237
threshold=0.050252525135874755 0.20101010054349902 0 12.500000000000002 0.14434523880481723 0.8015151619911195 0.067041199654340758 1 43.500000000000007 -0.7865660786628722 2 38.500000000000007 21.500000000000004 3 12.500000000000002 41.500000000000007 0.10050505027174951 13.500000000000002 0.46195203065872198 4 5.5000000000000009 5 0.90054944157600414 6 0.23117408901453021 0.53614982962608349 0.76975053548812877 7 8 0.23117408901453021
decision_type=10 2 9 2 2 2 8 9 2 2 9 2 2 1 2 2 2 2 8 9 10 9 10 9 10 2 10 1 9 10
left_child=1 4 -3 7 -1 6 -6 8 10 -10 11 12 17 14 -12 -13 -14 -2 19 27 -21 22 28 24 -24 -23 -27 -9 -20 -30
right_child=3 2 -4 -5 5 -7 -8 18 9 -11 13 15 16 -15 -16 -17 -18 -19 21 20 -22 25 23 -25 -26 26 -28 -29 29 -31
leaf_value=0.00039193555645850665 -0.0031522543357355888 -0.0060945401884817995 0.012200756172609253 -0.021213642644155675 0.020009321683174625 0.023301489131281695 -0.011516483828843811 -0.008399071317033947 -0.014953490796421288 -0.0019482470536183738 -0.0028978358906725436 0.013944515263024201 -0.0019809295900642685 -0.00021685489220347564 0.0076767052048240646 -0.0033969105698806951 -0.011604018715525502 0.0028867080730008983 -0.00017871869511452068 -0.0086687034274443905 -0.0002290224309003585 2.0811317868758385e-05 0.013384551116224414 -0.0057151228657380173 -0.0071230805525272769 -0.026136984014340246 0.00078940717773260012 0.0040176398949725448 -0.00030901079983522705 -0.0072755058040607605
leaf_weight=19774.243720326573 607.52548715472221 72.649851888418198 208.01770962774754 27.551416501402855 22.875014435499907 58.903303548693657 55.127226009964943 84.670735791325569 106.17766846716404 446.26728437840939 220.41064967215061 213.36959524452686 402.77293752133846 1001.6995563805103 1100.9779223203659 78.061548352241516 304.19877457618713 1232.7745921909809 3604.9486769139767 278.77794605493546 1280.7863508760929 7423.4554891064763 108.0864345729351 1701.8778908252716 84.079929649829865 39.913810819387436 33.392902344465256 1672.9604865014553 948.72407251596451 823.97499977052212
leaf_count=87081 2563 322 867 157 188 264 267 385 470 1898 925 895 1694 4191 4623 330 1281 5110 15818 1238 5505 31961 454 7585 354 183 151 7084 4040 3473
internal_value=4.04825e-05 0.000560154 0.00758504 -0.000399083 0.000458248 0.00954401 -0.00138182 -0.000369697 0.000866496 -0.00459539 0.00146049 -3.69855e-06 -0.00108666 0.00324051 0.00584939 0.00925309 -0.0062021 0.00087913 -0.000761572 0.000942153 -0.00176205 -0.00114631 -0.00219111 -0.00470399 0.00414685 -0.000126336 -0.0143488 0.00334219 -0.00130287 -0.00354977
internal_weight=44019.3 20191.8 280.668 23827.4 19911.1 136.906 78.0022 23799.9 5714.24 552.445 5161.79 2838.7 2547.27 2323.09 1321.39 291.431 706.972 1840.3 18085.6 3317.2 1559.56 14768.5 7271.69 1894.04 192.166 7496.76 73.3067 1757.63 5377.65 1772.7
internal_count=191357 88989 1189 102368 87800 719 455 102211 23980 2368 21612 11873 10648 9739 5548 1225 2975 7673 78231 14212 6743 64019 31724 8393 808 32295 334 7469 23331 7513
cat_boundaries=0 1 2 3 4 5 6 7 8 9
cat_threshold=464897 23135218 3881235 86 476078 484262 268570624 64 285705
is_linear=0
shrinkage=0.04


Tree=160
num_leaves=31
num_cat=7
split_feature=12 51 38 38 51 36 52 13 10 51 32 32 36 27 32 21 39 39 51 14 43 1 16 1 52 18 2 38 14 52
split_gain=4.974 18.171 11.6044 11.808 9.68957 9.8593 7.58119 7.10432 7.00379 10.1161 7.61554 7.19114 5.70084 8.04119 11.5064 6.86523 6.76403 6.58434 5.6872 7.63051 5.41707 5.24279 9.18994 5.21896 6.3277 5.13405 5.72756 5.97167 5.03964 4.7854
threshold=50.500000000000007 0 0.024695121683180336 0.53390806913375866 1 0.15424266457557681 2 0.19462481886148456 79.500000000000014 3 0.077350430190563216 0.077350430190563216 0.041885966435074813 0.05298245698213578 0.091372914612293257 -4.4999999999999991 0.92215004563331615 0.98518437147140514 4 1.0000000180025095e-35 -0.56174489110708226 64.500000000000014 0.98260739445686351 56.500000000000007 5 0.89504283666610729 57.500000000000007 0.27823315560817724 0.035190919414162643 6
decision_type=8 9 10 10 9 8 1 2 2 9 10 10 10 2 10 8 10 10 9 10 2 2 2 2 1 8 2 8 10 1
left_child=-1 2 7 8 6 23 -3 29 9 11 18 28 13 14 15 -8 -14 -18 19 -10 -5 22 -11 -6 -25 -7 -27 -28 -4 -2
right_child=1 4 3 20 5 25 12 -9 10 21 -12 -13 16 -15 -16 -17 17 -19 -20 -21 -22 -23 -24 24 -26 26 27 -29 -30 -31
leaf_value=0.00010389387967990484 -0.000850655201807703 -0.013174702828039161 0.001283794958310174 -0.0035261144290921493 -0.023208324741318353 0.012415410203893969 -0.018300955076507416 0.022472033076276828 -0.0054108254661819882 -0.013120184772678763 0.014589162142091563 0.017051394186537984 -0.0012219972226984158 -0.010877185348160196 0.018988391616402225 0.0016987084875916003 -0.018440084137123169 -0.00013984657352158374 -0.0088666742045792855 0.016336853589644311 0.015435792410161566 -0.014177711009026569 0.00033849986020855215 0.0003344838390243365 -0.013714513933445813 0.0058812181616167674 0.00051977606547672648 -0.022660385535576862 -0.016436230842501474 0.0036460556796446908
leaf_weight=39678.066224694252 539.29714284092188 84.79568538069725 136.38984764367342 30.349871128797531 69.956956282258034 31.440892949700356 24.096703380346298 23.612361520528793 49.483048498630524 139.74160544574261 52.272818088531494 34.64226296544075 254.99859364330769 76.264952391386032 55.938096240162849 468.70032985508442 89.150413170456886 50.698011830449104 84.084777228534222 43.475611716508865 73.015890300273895 199.95889706909657 177.93733417987823 73.160705059766769 190.36109468340874 41.7628173828125 29.667932912707329 33.401680663228035 26.105677604675293 1198.0621332898736
leaf_count=172307 2349 372 691 131 322 143 102 100 205 596 222 169 1115 326 236 2067 384 212 396 182 317 843 756 330 852 193 137 158 127 5232
internal_value=-3.69488e-05 -0.00131523 0.000613207 -0.0027013 -0.00473284 -0.00951268 -0.00258213 0.0026016 -0.004133 -0.00608071 0.00185284 0.00163201 -0.00150388 0.000833911 0.00258119 0.000506595 -0.00525613 -0.0121778 -0.00209517 0.00441966 0.0097779 -0.00890466 -0.00563133 -0.0133733 -0.0103043 -0.000458164 -0.00489068 -0.0122254 -0.00184927 0.00225635
internal_weight=44060.9 4382.82 2808.43 1047.46 1574.39 469.752 1104.64 1760.97 944.092 714.776 229.316 197.138 1019.85 625 548.735 492.797 394.847 139.848 177.043 92.9587 103.366 517.638 317.679 333.479 263.522 136.273 104.832 63.0696 162.496 1737.36
internal_count=191572 19265 12316 4635 6949 2135 4814 7681 4187 3182 1005 987 4442 2731 2405 2169 1711 596 783 387 448 2195 1352 1504 1182 631 488 295 818 7581
cat_boundaries=0 1 2 3 4 5 6 7
cat_threshold=8022043 8459552 32 149528 5767170 17 18
is_linear=0
shrinkage=0.04


Tree=161
num_leaves=31
num_cat=13
split_feature=50 51 29 10 11 39 39 1 10 50 33 50 51 51 50 33 50 15 50 42 33 51 10 11 2 51 1 51 34 51
split_gain=6.05719 13.44 5.88554 7.83802 6.69616 5.33869 6.81625 4.93084 12.0318 25.4567 14.7371 10.2214 21.5972 13.5259 12.3419 12.2353 11.3403 11.9195 10.2499 19.2367 14.5761 11.5713 10.3032 10.2356 9.91829 9.81069 9.23338 10.3074 10.1583 9.2184
threshold=0 1 -3.4999999999999996 29.500000000000004 26.500000000000004 0.5721726417541505 0.78611555695533764 25.500000000000004 24.500000000000004 2 0.99873736500740062 3 4 5 6 0.94915255904197704 7 0.08842144533991815 8 -0.60785761475563038 0.98342490196228038 9 39.500000000000007 84.500000000000014 30.500000000000004 10 54.500000000000007 11 0.79431909322738659 12
decision_type=9 9 8 2 10 8 8 2 2 9 10 9 9 9 9 8 9 10 9 2 10 9 2 8 2 9 2 9 10 9
left_child=1 -1 -3 4 5 -4 -7 8 -2 10 29 12 15 18 25 -9 -17 -18 -13 20 -20 24 -22 -14 -21 -15 27 -27 -28 -10
right_child=7 2 3 -5 -6 6 -8 11 9 -11 -12 13 23 14 -16 16 17 -19 19 21 22 -23 -24 -25 -26 26 28 -29 -30 -31
leaf_value=0.021808302921715029 0.00026224390549578063 -0.015637641727917026 -0.010933697272584428 0.013539856330126157 -0.016279627779922465 0.017211564581323384 -0.0011513795732100457 -0.0024926420188692948 -0.0059074268932118625 -0.0072613344993663134 0.026486762688978503 0.0027658719348407192 -0.0035434411068256582 -0.014892437612901755 0.00049951166930455103 0.0070636485416383796 -0.0056063201963817656 0.021922461995842451 0.002059564959915211 0.0043049913595181229 0.031567811263837425 2.8703660288189887e-05 0.0070190033392586535 -0.014797332142441723 -0.008893618187216271 -0.0055554223231879972 0.0074833313965537778 -0.00064954785493774245 -0.0012104912749591643 0.012923652240197902
leaf_weight=50.077689081430435 23888.768953192979 23.91468234360218 31.872619971632957 78.279639661312103 32.817734867334366 48.514379508793354 75.708534762263298 670.06554789096117 55.397167190909386 120.89166229218245 99.789282716810703 3783.7707470357418 2985.8680289685726 86.361354097723961 4475.73835240677 707.33328554034233 234.3130951076746 23.004505723714828 287.54290449619293 103.5872597694397 50.866950932890177 1078.2392614707351 66.318158224225044 132.25391227006912 551.32579370215535 1613.5405866801739 266.5061568915844 1223.1268246769905 1022.1998164504766 99.108229726552963
leaf_count=259 102933 101 140 344 165 225 325 2889 239 523 812 16583 12969 370 19593 3152 1058 104 1283 456 284 4710 326 558 2441 6885 1116 5467 4425 423
internal_value=3.811e-05 0.00523323 0.00138763 0.00329517 -0.00108643 0.0023898 0.00625384 -3.85471e-06 0.000375525 0.00743741 0.0142385 -0.000480293 -0.00208839 4.34393e-05 -0.000959433 0.0016196 0.00451149 -0.00259894 0.0015168 -0.000688478 0.0070942 -0.00253655 0.0186944 -0.00403717 -0.006658 -0.00251083 -0.00219379 -0.00347382 0.000593917 0.00651281
internal_weight=43967.1 341.185 291.108 267.193 188.913 156.096 124.223 43625.9 24264 375.186 254.295 19362 4752.84 14609.1 8687.47 1634.72 964.651 257.318 5921.65 2137.88 404.728 1733.15 117.185 3118.12 654.913 4211.73 4125.37 2836.67 1288.71 154.505
internal_count=191158 1559 1300 1199 855 690 550 189599 104930 1997 1474 84669 20730 63939 37856 7203 4314 1162 26083 9500 1893 7607 610 13527 2897 18263 17893 12352 5541 662
cat_boundaries=0 1 2 3 4 5 6 7 8 9 10 11 12 13
cat_threshold=150208898 4195335 96768 285434368 573967 11671609 38912 205312 38976 2228241 4 4236034 9029633
is_linear=0
shrinkage=0.04


Tree=162
num_leaves=31
num_cat=14
split_feature=14 29 16 51 50 51 17 33 9 52 50 51 5 39 37 37 18 50 30 13 50 52 37 50 51 52 39 37 51 50
split_gain=4.31911 4.20838 9.34031 9.31111 13.314 11.8139 11.0505 10.4133 8.05309 8.01528 13.3331 7.65233 8.15803 6.78136 5.80871 7.52879 5.59381 5.45462 6.72589 5.43813 5.29632 6.50188 4.89593 4.85792 17.3171 8.93672 6.93248 6.23498 6.14167 13.8407
threshold=0.96225070953369152 -1.4999999999999998 0.73375529050827037 0 1 2 0.60147058963775646 0.98049408197402965 26.500000000000004 3 4 5 0.98918887972831737 0.79449471831321727 0.70051544904708873 0.9378221631050111 0.97927406430244457 6 0.031250001862645156 0.040202019736170776 7 8 0.80104166269302379 9 10 11 0.83419242501258861 0.5025252401828767 12 13
decision_type=10 8 2 9 9 9 10 8 10 1 9 9 2 8 10 10 10 9 10 2 9 1 10 9 9 1 8 10 9 9
left_child=1 2 -1 8 5 14 13 -8 9 10 -4 12 -6 -7 -5 -16 -14 18 -11 -12 21 -13 -19 24 26 27 -3 -26 29 -25
right_child=-2 23 3 4 11 6 7 -9 -10 17 19 20 16 -15 15 -17 -18 22 -20 -21 -22 -23 -24 28 25 -27 -28 -29 -30 -31
leaf_value=-0.011067304340447264 -0.0099296354231068577 0.0029040464344927009 -0.0078633718068592557 0.0070947424997866394 -0.016130214890332735 0.0061074058874141515 -0.010021645120913743 0.012114425597813769 0.012309397146350529 -0.004819421459771718 0.010333450454128142 0.012842640213520447 -0.0042650182866736394 -0.0048534567693479993 -0.0079809291822123471 0.0050379884127899864 0.0091355203909952234 0.0026399713738698783 0.0053247295962214015 -0.0068947026224814457 -2.4485787834943554e-05 0.0013750074778687384 -0.0067774477827817568 -0.0016144472296802303 0.014409525234568855 0.011617222325420205 -0.0074480905212549421 -0.0057483362848512118 0.00079446461642184091 0.00072098748218307903
leaf_weight=130.25112637877464 62.786053523421288 181.31678082793951 311.63437455892563 165.26550833880901 80.826844334602356 139.00623773038387 774.73023781180382 30.66091088950634 108.20457157492638 111.37241272628307 120.60780222713947 102.23185743391514 359.75327417254448 235.63750156760216 156.15880371630192 120.92327575385571 52.222816705703735 189.89739073812962 956.0186233073473 32.943121612071991 3771.4344449937344 291.11907286942005 154.62711107730865 7040.7783481255174 27.019379824399948 349.49732230231166 224.44705490767956 98.772910390049219 18105.194385249168 9538.9951001107693
leaf_count=614 287 858 1311 717 344 609 3415 135 443 476 506 439 1526 1029 674 510 220 805 3962 138 16105 1247 654 31219 118 1641 978 462 78397 41617
internal_value=0.000154599 0.000170584 -0.000633824 -0.000460394 -0.00121652 -0.00432055 -0.00640198 -0.00908471 0.00191489 0.00128414 -0.00319063 -0.000120609 -0.00476036 -0.000707029 0.00121613 -0.00223976 -0.0024292 0.00278151 0.00419101 0.00602996 0.000438723 0.00476669 -0.0015224 0.000361092 0.0032715 0.00836099 -0.00272806 -0.000817783 0.000285101 -0.000270138
internal_weight=44024.3 43961.5 8395.53 8265.28 6279.97 1622.38 1180.03 805.391 1985.31 1877.1 465.185 4657.59 492.803 374.644 442.348 277.082 411.976 1411.92 1067.39 153.551 4164.79 393.351 344.525 35566 881.053 475.29 405.764 125.792 34685 16579.8
internal_count=191456 191169 35879 35265 26970 7089 5188 3550 8295 7852 1955 19881 2090 1638 1901 1184 1746 5897 4438 644 17791 1686 1459 155290 4057 2221 1836 580 151233 72836
cat_boundaries=0 1 2 3 4 5 6 7 8 9 10 11 12 13 14
cat_threshold=4723000 26346792 8470657 36 268454477 16514 154732 98305 36 284426624 11111178 9 8263857 167781903
is_linear=0
shrinkage=0.04


Tree=163
num_leaves=31
num_cat=8
split_feature=10 51 12 51 12 36 5 30 61 1 39 39 57 34 9 16 10 51 51 39 51 51 34 30 51 5 14 34 14 51
split_gain=3.74528 5.85059 5.34328 18.8245 5.24038 7.9845 7.0307 7.0954 6.36488 5.4298 6.39127 8.94304 5.13243 6.38861 4.96343 10.1447 8.40506 8.03418 7.95891 11.4401 14.5454 11.1203 7.84906 11.014 7.80357 11.7079 8.9219 15.2185 13.0107 9.71769
threshold=95.500000000000014 0 64.500000000000014 1 80.500000000000014 0.066300369799137129 0.9856107532978059 0.013888889458030464 1.0000000180025095e-35 88.500000000000014 0.89504283666610729 0.96026313304901134 1.0000000180025095e-35 0.97080135345458995 1.0000000180025095e-35 0.75140449404716503 61.500000000000007 2 3 0.76689496636390697 4 5 0.37965516746044164 0.080357145518064513 6 0.98449519276618969 0.095564253628253951 0.91341829299926769 0.048003071919083602 7
decision_type=2 9 10 9 10 8 2 10 2 2 8 8 10 10 8 2 2 9 9 8 9 9 10 10 9 2 8 8 10 9
left_child=2 -2 14 4 6 9 7 -4 -8 -6 -11 -12 -10 -14 15 17 18 -1 -17 20 -20 -21 -19 -24 -16 -26 27 28 -27 -29
right_child=1 -3 3 -5 5 -7 8 -9 12 10 11 -13 13 -15 24 16 -18 22 19 21 -22 -23 23 -25 25 26 -28 29 -30 -31
leaf_value=0 0.0078742849779424064 -0.0033809383646941013 0.016102560951216604 -0.0092303391364791394 0.0085122130841482867 0.011029273335018575 0.0036413662621658065 -0.006331870455973586 -0.0081424370145865704 0.0094889765001520479 -0.02157293357906824 -0.0015158691254615309 -0.01287912508962813 0.0083997180078742278 -0.00064799453532635111 0.0023335929789180198 0.012839190771140674 0.035050999633698066 -0.00088414236682307992 -0.0038388769317984225 0.0064883624014160082 0.0002308994275902528 0.025792421826227301 0.0016146809769647581 -0.0020181216737718186 3.4651176895235782e-05 0.0021119270922888966 0.00036621664678330101 -0.0060124938201741775 0.0052673911603072837
leaf_weight=121.63551735877991 214.7647560685873 98.895143665373325 57.351759240031242 428.57886242121458 95.54649743437767 147.12209196388721 140.67105254530907 30.358968585729599 354.6881994754076 57.138588532805443 37.591329410672188 239.88672222197056 26.952647313475609 70.395132690668106 18047.198448941112 2867.7289025820792 85.73744211345911 22.220286905765533 898.96018096059561 1658.2245764285326 794.75334835797548 2980.3050912171602 42.208330672234297 90.990440845489502 2290.1727218180895 1313.5809091851115 6458.5354100316763 2520.7163548469543 990.8779449313879 864.08702680468559
leaf_count=547 983 438 250 1898 429 626 604 129 1536 245 161 1044 116 316 77606 13066 393 96 4087 7364 3628 13255 242 389 10025 5635 27404 10905 4262 3870
internal_value=8.49055e-05 0.00440646 5.29541e-05 -0.00215074 0.000343268 0.0031484 -0.0020081 0.00819899 -0.00360799 0.000311305 -0.00206234 -0.00463766 -0.00592287 0.00197147 0.000142051 0.00094298 0.000713221 0.00842348 0.000591129 -0.000199423 0.00260544 -0.00123003 0.0138876 0.0100769 -9.32138e-05 0.000598886 0.00109502 -5.67067e-05 -0.00256425 0.00164585
internal_weight=44047.9 313.66 43734.2 1686.28 1257.7 577.285 680.418 87.7107 592.707 430.163 334.617 277.478 452.036 97.3478 42047.9 9562.76 9285.71 277.055 9199.97 6332.24 1693.71 4638.53 155.419 133.199 32485.2 14438 12147.8 5689.26 2304.46 3384.8
internal_count=191549 1421 190128 7354 5456 2505 2951 379 2572 1879 1450 1205 1968 432 182774 43067 41793 1274 41400 28334 7715 20619 727 631 139707 62101 52076 24672 9897 14775
cat_boundaries=0 1 2 3 4 5 6 7 8
cat_threshold=12582931 14258699 2576898 3147289 12863778 733572 12357123 4354304
is_linear=0
shrinkage=0.04


Tree=164
num_leaves=31
num_cat=17
split_feature=36 36 51 51 50 22 51 50 2 50 51 2 24 51 36 51 37 50 37 7 16 51 50 51 50 51 38 50 32 50
split_gain=4.16484 6.61413 6.57116 5.92055 4.05125 3.79959 9.26915 18.7343 12.3802 10.3685 15.6763 9.89772 9.77644 10.553 9.68729 20.0348 20.3023 11.4325 9.44256 8.71528 7.68484 19.5912 27.4047 19.0361 15.3098 14.2667 13.5216 14.1934 11.8126 10.4261
threshold=0.9506097435951234 0.93405798077583324 0 1 2 1.5000000000000002 3 4 53.500000000000007 5 6 48.500000000000007 3.5000000000000004 7 0.18230694532394412 8 0.94151845574378978 9 0.98346996307373058 2.5000000000000004 0.97969490289688121 10 11 12 13 14 0.61577314138412487 15 0.75128865242004406 16
decision_type=10 10 9 9 9 2 9 9 2 9 9 2 10 9 10 9 8 9 8 2 2 9 9 9 9 9 10 9 8 9
left_child=1 5 -3 -2 -4 20 7 8 11 10 -8 -7 13 -12 15 16 -11 -17 -9 -14 23 26 -23 24 -1 -24 27 -22 -29 -27
right_child=3 2 4 -5 -6 6 9 18 -10 14 12 -13 19 -15 -16 17 -18 -19 -20 -21 21 22 25 -25 -26 29 -28 28 -30 -31
leaf_value=0.0050633507473926863 0.0043930489399953646 0.021817200239919624 0.0083642130834690551 -0.011498155926386646 -0.0095786545338191909 -0.0047088110330453905 0.0077437864256931482 -0.0010661347616708272 -0.015286791338297998 -0.0039282271546386208 -0.00042557998014267171 0.012837593690676549 -0.0099426867005866643 0.010954238938851271 0.00085370567559150663 -0.0017491894535322941 0.0045241420010123422 -0.0073831867330510269 0.0054221125782548864 -0.00020922211991579307 -5.5908495706810785e-05 -0.004742207489576618 0.0023721898773559893 0.0019756116280258539 -0.0027277097417468042 -0.0033075040864531144 0.0084532267496222856 0.0049368667052801804 -0.021198722467758526 0.00048543759835757976
leaf_weight=456.52029160410166 47.731223076581955 29.225090935826302 26.952834486961365 98.274784207344055 23.658919841051102 1546.5589061975479 629.17274613678455 1724.8910046964884 175.20816738903522 748.29977218806744 281.14560034871101 47.923462018370628 171.47077180445194 227.53569778800011 3813.9671669602394 1295.7367288321257 1138.4599480777979 1079.9309249073267 447.42779940366745 916.5474738329649 5822.3888584040105 2900.0896688960493 2392.4914713576436 8737.031578745693 2784.6971025280654 2319.913794234395 387.25999925658107 1390.121507525444 23.108915716409683 2286.8148015849292
leaf_count=1957 211 121 119 431 102 6883 2706 7541 789 3241 1220 216 729 966 16386 5688 4845 4635 1894 3889 25956 12643 10178 37345 12417 9878 1757 6540 99 9825
internal_value=-3.59419e-05 -1.2633e-05 0.0111446 -0.00666775 0 -3.4724e-05 -0.000571494 -0.00221697 -0.00525659 5.90471e-05 0.00246855 -0.00413045 0.000324725 0.00488778 -0.000605889 -0.00191749 0.00115369 -0.00434891 0.000269196 -0.00179997 0.00022383 -0.00030907 -0.00148253 0.00100485 -0.00160594 -0.000121799 0.00121253 0.000818341 0.00439121 -0.00142487
internal_weight=43970.6 43824.6 79.8368 146.006 50.6118 43744.7 14244.3 3942.01 1769.69 10302.3 2225.87 1594.48 1596.7 508.681 8076.39 4262.43 1886.76 2375.67 2172.32 1088.02 29500.4 17522.2 9899.31 11978.2 3241.22 6999.22 7622.88 7235.62 1413.23 4606.73
internal_count=191207 190565 342 642 221 190223 61628 17323 7888 44305 9510 7099 6804 2186 34795 18409 8086 10323 9435 4618 128595 76876 42524 51719 14374 29881 34352 32595 6639 19703
cat_boundaries=0 1 2 3 4 5 6 7 8 9 10 11 12 13 14 15 16 17
cat_threshold=14684672 1312257 30728 3940393 25317455 4570 200704 12618244 12602390 134367236 7802941 269640041 4657192 268640304 8913408 151133950 104464
is_linear=0
shrinkage=0.04


Tree=165
num_leaves=31
num_cat=9
split_feature=1 51 50 51 14 51 2 62 50 10 56 2 33 51 50 39 50 5 50 39 14 12 41 17 1 12 32 24 29 10
split_gain=4.9912 16.5377 8.50812 14.1003 10.2117 7.58588 13.8147 6.59505 7.7921 6.56998 6.5147 6.24401 6.08622 5.88269 33.1725 9.96034 9.92796 7.50289 8.48941 8.13554 8.89483 6.7495 6.51715 6.28458 6.64364 6.89 6.26146 6.18369 6.17511 6.9516
threshold=11.500000000000002 0 1 2 0.60147058963775646 3 10.500000000000002 3.5000000000000004 4 9.5000000000000018 1.0000000180025095e-35 9.5000000000000018 0.97641506791114818 5 6 0.60158732533454906 7 0.93377193808555614 8 0.92215004563331615 0.11050061136484148 87.500000000000014 0.37940952181816107 0.30825792253017431 14.500000000000002 36.500000000000007 0.15424266457557681 28.500000000000004 3.5000000000000004 11.500000000000002
decision_type=2 9 9 9 8 9 2 2 9 2 10 2 10 9 9 8 9 2 9 10 10 10 2 8 2 10 8 8 10 2
left_child=1 7 3 9 -5 6 -4 8 -1 -3 -7 -10 -11 14 17 -16 27 26 23 20 -20 28 -22 -19 -25 -26 -2 -17 -18 -30
right_child=13 2 5 4 -6 10 -8 -9 11 12 -12 -13 -14 -15 15 16 21 18 19 -21 22 -23 -24 24 25 -27 -28 -29 29 -31
leaf_value=0.0041530597060206445 0.00042847730920175792 0.010416289828493731 0.0080765284213231807 -0.0077916725002987984 0.010651971916199017 0.0051954979598400662 -0.0076195479575459661 -0.017278982624671504 -0.013850454828704511 -0.0058546163859908608 0.01734530495660665 -0.0038464789111287102 0.011732070988342303 -6.472407781353586e-05 0.0079941907761783611 0.0071751925459222375 0.0024344049232164783 -0.016927179190842859 -0.010977868735042086 -0.020679627122186867 -0.0048950723496642388 -0.01212681561501156 0.012139609564529886 -0.012130145285465958 0.0037917277102543674 -0.0083519053022492584 -0.021852011231559536 -0.011403151556063567 0.0037935866767544301 -0.0070493206236280585
leaf_weight=171.99613381922245 25.955213133245707 166.94261042773724 162.67632476985455 439.30288673192263 48.618260912597179 397.03663386404514 187.75791101157665 55.314356312155724 105.43212133646011 109.582424685359 86.52765429019928 1459.2445970773697 38.200537621974945 36003.11589422822 620.61396595463157 703.30199529230595 1634.9932530671358 30.356605619192123 184.99736161530018 65.942657768726349 79.54942961037159 56.122313186526299 56.820885017514229 55.521283626556396 458.96026368811727 83.569145061075687 63.054218247532845 24.715754270553589 142.73565527796745 253.12579900026321
leaf_count=720 152 728 684 1944 224 1734 808 260 449 477 359 6351 171 156291 2733 3123 7152 128 976 320 327 264 243 239 2007 371 294 101 588 1047
internal_value=-1.74396e-05 -0.00148214 0.00141565 -0.00149664 -0.0057081 0.00421894 -0.000258557 -0.00412138 -0.00366608 0.00493441 0.007414 -0.00454632 -0.000942542 0.0001061 0.00146058 0.00340133 0.00238134 -0.00452183 -0.0035165 -0.00804411 -0.00535948 0.000938176 0.00223955 -0.000517759 0.000406861 0.00182545 -0.015465 0.00635698 0.00134255 -0.00309125
internal_weight=43972.1 3428.63 1636.65 802.647 487.921 833.999 350.434 1791.99 1736.67 314.726 483.564 1564.68 147.783 40543.5 4540.34 3435.61 2814.99 1104.73 1015.72 387.31 321.368 2086.98 136.37 628.407 598.051 542.529 89.0094 728.018 2030.85 395.861
internal_count=191265 14909 7129 3544 2168 3585 1492 7780 7520 1376 2093 6800 648 176356 20065 15008 12275 5057 4611 1866 1546 9051 570 2745 2617 2378 446 3224 8787 1635
cat_boundaries=0 1 2 3 4 5 6 7 8 9
cat_threshold=15942440 121857 41105 45073 8196 1048888 277225577 82944 268435529
is_linear=0
shrinkage=0.04


Tree=166
num_leaves=31
num_cat=8
split_feature=36 39 36 50 2 41 14 12 18 32 50 13 18 50 10 18 11 50 52 50 40 50 12 28 29 39 14 16 50 36
split_gain=4.67407 9.36055 4.64448 5.00623 4.46656 6.57601 4.7778 4.17229 4.07014 11.1414 9.44285 8.87728 8.4255 17.6014 14.4153 11.79 11.63 10.0381 8.08505 7.95517 6.09777 5.87012 5.7863 3.89514 5.34877 2.84945 2.37826 2.15477 1.14489 0.900242
threshold=0.9506097435951234 0.8896499276161195 0.93405798077583324 0 9.5000000000000018 -0.91597560048103321 0.96225070953369152 11.500000000000002 0.94974747300148021 0.18230694532394412 1 0.10557275637984277 0.90501254796981823 2 59.500000000000007 0.94413232803344738 76.500000000000014 3 4 5 1.0000000180025095e-35 6 20.500000000000004 -3.4999999999999996 1.0000000180025095e-35 0.77836257219314586 0.11050061136484148 0.97633051872253429 7 0.21466974169015887
decision_type=10 8 10 9 2 2 10 10 8 10 9 2 10 9 2 10 10 9 1 9 2 9 10 10 10 8 10 2 9 10
left_child=2 7 4 26 5 -1 8 -2 12 11 20 18 16 14 -14 -15 17 -6 -10 -18 -11 -13 -12 -7 25 -25 -4 -3 -8 -27
right_child=1 27 3 -5 6 23 28 -9 9 10 22 21 13 15 -16 -17 19 -19 -20 -21 -22 -23 -24 24 -26 29 -28 -29 -30 -31
leaf_value=0.0077209654901122275 -0.0050038713909972068 -0.0014560073980780309 0.026352967925889283 -0.0042013614796709729 -0.00076567244436335743 0.0027854804887801109 0 -0.024869246773832909 -0.00096298404370817874 -0.01415823762938573 0.0044791376422648787 -0.013876885418347596 -0.0024211341988378409 0.00038092239590224334 -0.01340395217299194 0.0093808009553446019 0.013238325366829172 0.00093965365584748432 0.0011541382090126092 -0.0044274645002170109 0.0057474237092357697 -0.0024835526031228975 0.013101654865415258 -0.012524299525335986 -0.020742627552111873 0.0067139997697080282 0.0068391342723457321 0.01230563404575423 -0.014022141071716317 -0.0030939945513879202
leaf_weight=41.459999263286591 37.625256776809692 43.531381733715534 23.169918015599251 27.476528286933899 11495.027025870979 31.310871124267578 23.110439762473106 38.813081279397011 4035.313863504678 55.637652218341827 365.43834115564823 83.443817526102066 4035.9575434923172 1518.0272521972656 197.18426619470119 271.42779584974051 159.015734359622 10599.534921240062 9987.0869930386543 47.754778131842613 36.055667385458946 374.00353720784187 201.3320586681366 34.759745270013809 58.948281496763229 23.502133265137672 28.687609553337097 23.0773566365242 32.778619311749935 24.22788217663765
leaf_count=175 169 192 99 116 49249 138 106 171 17831 239 1557 355 17512 6511 868 1163 677 45501 44740 202 149 1618 858 148 253 100 125 98 150 102
internal_value=1.55059e-05 -0.00707911 3.99317e-05 0.00941845 2.13863e-05 -0.00567325 5.0525e-05 -0.0162441 6.66614e-05 0.000596381 0.00566719 0.00036253 -0.000215807 -0.00154299 -0.0029457 0.00176966 0.000141974 5.16334e-05 0.000543465 0.00947173 -0.00564757 -0.00508643 0.0075331 -0.00912716 -0.011906 -0.00453802 0.0148488 0.00355889 -0.0111445 0.00153485
internal_weight=43954.7 143.047 43811.7 79.3341 43732.3 214.209 43518.1 76.4383 43462.2 15138.3 658.464 14479.8 28323.9 6022.6 4233.14 1789.46 22301.3 22094.6 14022.4 206.771 91.6933 457.447 566.77 172.749 141.438 82.4898 51.8575 66.6087 55.8891 47.73
internal_count=191172 630 190542 340 190202 916 189286 340 189030 67347 2803 64544 121683 26054 18380 7674 95629 94750 62571 879 388 1973 2415 741 603 350 224 290 256 202
cat_boundaries=0 1 2 3 4 5 6 7 8
cat_threshold=11276 4101 16804541 512863494 20 35400 106501 6156
is_linear=0
shrinkage=0.04


Tree=167
num_leaves=31
num_cat=10
split_feature=14 6 16 51 52 6 38 40 62 16 51 29 35 29 51 26 51 11 8 32 52 18 23 15 51 51 51 15 17 52
split_gain=6.55997 3.67024 6.87371 3.59061 9.32181 9.1965 6.78639 7.71461 9.19362 7.73637 7.31815 5.99876 7.03375 13.1895 11.3451 6.96093 9.37401 10.132 9.75639 8.43132 6.77131 8.49751 8.0297 9.79655 7.75282 7.75134 6.583 8.33522 8.0628 7.74196
threshold=0.96225070953369152 0.56306818127632152 0.40129870176315313 0 1 0.21483516693115237 1.0000000180025095e-35 0.12940952181816109 1.5000000000000002 0.97530490159988414 2 -1.4999999999999998 0.85053193569183361 4.5000000000000009 3 -0.059262510389089577 4 32.500000000000007 23.500000000000004 0.85839599370956432 5 0.94974747300148021 10.500000000000002 0.23670062422752383 6 7 8 0.021390985697507862 0.88949939608573925 9
decision_type=10 2 2 9 1 2 10 2 2 2 9 10 10 10 9 2 9 10 10 10 1 10 10 10 9 9 9 10 10 1
left_child=1 3 -3 4 5 6 10 8 -8 -9 -1 15 13 14 -13 16 17 19 -18 -5 22 25 -14 -24 -23 -22 27 -17 -28 -30
right_child=-2 2 -4 11 -6 -7 7 9 -10 -11 -12 12 20 -15 -16 26 18 -19 -20 -21 21 24 23 -25 -26 -27 28 -29 29 -31
leaf_value=0.0051058091268245632 -0.012286365489159116 -0.0054578191935905299 0.030738423657199549 0.0023718659875697806 -0.0010166298380321075 -0.016558688152696656 -0.0030993554872487494 0.0039464900890803546 0.0049802288641937883 -0.00089817977113647827 0.0010685188914050579 -0.0049485253226480719 0.00037504347255919743 -0.0081458356157252249 0.014811015239915709 0.007773561992994265 -0.012150971574106051 -0.019607269465194518 0.0097330398349306686 -0.016119003405432836 -0.0034962031774144441 0.0021821598459359159 0.017796631592544462 0.002933682951232139 -0.0010221646622200951 -0.00063089737187063232 -0.00067953061203527903 0.00010578606120026344 0.00083985993670302557 -0.0075783527342366264
leaf_weight=1488.0339313410223 63.805479779839516 12.303251728415491 12.372633736580608 429.17042990028858 3257.7551726847887 39.221906617283821 1236.4041973799467 1356.9497120007873 269.11916353553534 848.69979856535792 1446.8877375088632 55.289008051156998 14734.282111957669 74.51824477314949 184.88745345175266 258.08067120611668 304.34322316944599 37.962021797895432 31.675922483205795 38.311014637351036 2244.7175635322928 2456.5262048617005 74.219146966934204 803.05374975502491 2342.69196337834 4682.0984005481005 2732.7469329982996 1689.0809535831213 243.79332219064236 588.67701676487923
leaf_count=6489 295 67 147 1837 14718 213 5234 5853 1192 3975 6183 280 63838 402 864 1105 1329 163 133 165 9401 10738 325 3424 10337 20359 11613 7279 1050 2547
internal_value=5.32064e-05 7.29605e-05 0.0141384 6.30008e-05 0.000731325 0.00158646 0.0017113 0.00056665 -0.00163015 0.00207547 0.00314847 -0.000132078 0.000121948 0.00602127 0.0105749 -0.00124019 -0.00462224 -0.000981287 -0.00963438 0.000659632 5.2218e-05 -0.000672897 0.00059823 0.00430752 0.000616815 -0.00157013 -0.000716577 0.00114378 -0.00173674 -0.00517932
internal_weight=44037.7 43973.9 24.6759 43949.2 9943.07 6685.32 6646.09 3711.17 1505.52 2205.65 2934.92 34006.1 27652.3 314.695 240.176 6353.84 841.463 505.443 336.019 467.481 27337.6 11726 15611.6 877.273 4799.22 6926.82 5512.38 1947.16 3565.22 832.47
internal_count=191555 191260 214 191046 43857 29139 28926 16254 6426 9828 12672 147189 119968 1546 1144 27221 3627 2165 1462 2002 118422 50835 67587 3749 21075 29760 23594 8384 15210 3597
cat_boundaries=0 1 2 3 4 5 6 7 8 9 10
cat_threshold=4720924 27 4718604 2294272 1263234 85 11953152 11538467 3444769 65
is_linear=0
shrinkage=0.04


Tree=168
num_leaves=31
num_cat=13
split_feature=37 33 50 39 6 51 39 38 51 1 51 50 52 30 37 28 51 50 51 39 1 2 51 51 51 50 10 38 28 32
split_gain=5.42595 10.8518 5.22801 6.17798 5.11402 15.2685 12.8454 5.82808 4.77444 4.72648 9.79803 6.86244 8.45147 6.20909 6.67004 4.6892 10.1113 5.23248 9.63378 7.01641 4.85704 12.5453 19.4808 10.9435 6.44469 12.691 6.66494 4.51624 3.81655 7.64924
threshold=1.0000000180025095e-35 0.76794922351837169 0 0.76975053548812877 0.23166368901729587 1 0.53390806913375866 0.030457638204097751 2 94.500000000000014 3 4 5 0.046875001862645156 0.9378221631050111 -23.499999999999996 6 7 8 0.95480081439018261 68.500000000000014 73.500000000000014 9 10 11 12 64.500000000000014 0.27320574223995214 8.5000000000000018 0.29758481681346899
decision_type=8 10 9 8 2 9 8 8 9 2 9 9 1 8 8 8 9 9 9 8 2 2 9 9 9 9 2 8 10 8
left_child=1 -1 3 -2 9 7 -7 -6 -3 15 11 12 -11 14 -12 16 -4 19 -19 -18 24 22 -22 -23 26 -26 -17 -16 29 -13
right_child=2 8 4 -5 5 6 -8 -9 -10 10 13 28 -14 -15 27 20 17 18 -20 -21 21 23 -24 -25 25 -27 -28 -29 -30 -31
leaf_value=-0.024724376507750102 0.01923136375425023 0.01074621569111933 -0.012757676716652599 0.00034842925540884472 0.004122042833072586 0.023594536920566539 -0.0048028336858431369 -0.01826805734597569 -0.0061910263940624741 0.005953215876721425 -0.023983478555371897 0.0085707462921173136 -0.01618472432190295 0.0097638497785601693 -0.011118732066546479 -0.00031805807008279121 0.0088109094347232735 0.0176542852867888 0.0014386445178730747 -0.0076291100699584068 0.0052546619754535728 0.0032463746846316437 -0.012233841046143917 -0.0047739269563406772 -0.00082265878747613506 0.001609505158465904 -0.0090384636645622803 0.008849548385481118 0.022163154085492871 -0.012850998754401257
leaf_weight=37.618229262530804 46.233551807701588 27.036223560571671 37.659104883670807 65.68662728369236 18.457341551780701 36.839944548904896 59.792177475988865 114.17519571632147 57.653269037604332 50.373714551329613 34.967574566602707 354.64065411686897 34.133725725114346 24.107402488589287 36.905002519488335 26141.898014571518 73.154387101531029 112.37001994252205 133.0797410607338 83.637064278125763 132.62733037024736 681.26280166208744 353.64682994782925 431.77088311314583 5519.9649167880416 9004.1118021048605 136.18987229466438 26.398588061332703 27.057731881737709 23.718081340193748
leaf_count=177 230 119 159 295 121 243 308 631 252 227 155 1579 148 104 159 112898 317 479 548 358 600 2939 1522 1891 24345 39332 580 115 114 100
internal_value=-1.55923e-05 -0.00826169 7.92075e-06 0.00811471 -1.51722e-05 -0.00590955 0.00587652 -0.0139563 0 1.61396e-05 0.0034916 0.00597674 -0.00387943 -0.00613217 -0.0111031 -3.34676e-05 0.00405089 0.00597748 0.00952837 0 -7.67857e-05 -0.0022357 -0.00756041 9.61316e-05 7.61013e-06 0.000683876 -0.000365585 -0.00246059 0.00814391 0.00702562
internal_weight=43917.2 122.308 43794.9 111.92 43682.9 229.265 96.6321 132.633 84.6895 43453.7 612.302 489.924 84.5074 122.379 98.2712 42841.4 439.9 402.241 245.45 156.791 42401.5 1599.31 486.274 1113.03 40802.2 14524.1 26278.1 63.3036 405.416 378.359
internal_count=191045 548 190497 525 189972 1303 551 752 371 188669 2701 2168 375 533 429 185968 1861 1702 1027 675 184107 6952 2122 4830 177155 63677 113478 274 1793 1679
cat_boundaries=0 1 2 3 4 5 6 7 8 9 10 11 12 13
cat_threshold=14680448 15410944 853504 14549019 4096 101 12289 16909325 14059520 3332152 9213703 11984386 135606367
is_linear=0
shrinkage=0.04


Tree=169
num_leaves=31
num_cat=7
split_feature=9 51 38 9 10 8 27 51 51 12 37 29 28 14 51 2 22 11 1 2 43 36 30 51 42 24 51 37 51 1
split_gain=5.54504 13.3493 11.3972 6.61301 6.264 6.1895 8.68934 8.04422 6.37296 8.08079 6.28612 6.0095 6.96684 5.41473 5.13147 5.50231 5.15408 5.24548 5.0872 7.2285 5.00017 5.52193 4.71726 4.68946 7.64554 15.1357 12.0046 9.13666 8.94174 20.309
threshold=24.500000000000004 0 0.5721726417541505 30.500000000000004 52.500000000000007 15.500000000000002 0.82891985774040233 1 2 40.500000000000007 0.093386627733707442 -10.499999999999998 16.500000000000004 0.30053764581680303 3 89.500000000000014 35.500000000000007 14.500000000000002 73.500000000000014 56.500000000000007 0.81174489855766307 0.4380482435226441 0.39486841857433325 4 0.6078576147556306 7.5000000000000009 5 0.93369963765144359 6 14.500000000000002
decision_type=10 9 8 10 2 10 2 9 9 8 10 10 10 10 9 2 2 10 2 2 2 10 10 9 2 8 9 10 9 2
left_child=5 2 4 11 -2 23 8 -8 -7 10 -10 12 -3 -11 16 18 17 -5 19 -16 22 -22 -12 24 -1 26 -26 28 29 -27
right_child=1 3 -4 14 -6 6 7 -9 9 13 20 -13 -14 -15 15 -17 -18 -19 -20 -21 21 -23 -24 -25 25 27 -28 -29 -30 -31
leaf_value=-0.00089913529407345148 -0.020993046893090263 0.030863554450302387 0.0033315636321846697 -0.013163858375892876 0.00092633213204896441 -0.0085071747681671386 -0.0073593509214514609 0.016194216888951184 -0.017168615107389401 0.0013015949987677999 -0.0066002342606619668 0.0048996972280085753 0.009012530003350807 0.024470585732236649 0.01240914846973922 -0.0051066659751534352 0.0096601915716256759 -0.00058083179858850454 0.02212553630237914 -0.0044765386765118834 0.012220070719071141 -0.003715153558468018 0.001216127616227283 0.00045584303100540792 -0.0033771362938258566 -0.017608423996519063 0.00092850629873892265 0.0084853603146782756 -0.00047991410799568072 0.014007645228065545
leaf_weight=14738.838816355914 78.904553234577179 31.06016594171524 87.547234684228897 64.448791489005089 24.939674958586693 321.5540704280138 26.025946334004402 53.905707612633705 42.771664947271347 42.7127366065979 333.82759453356266 316.46798349916935 101.1262366771698 23.771387115120888 94.188096582889557 49.08446978032589 51.258961290121078 242.46619050204754 35.822238370776176 62.951804086565971 69.306568652391434 59.372972026467323 186.21264524757862 20326.335702106357 1424.0834190770984 34.031622469425201 3678.43028190732 535.71393854916096 677.01097360253334 190.78119273483753
leaf_count=64489 343 128 379 268 106 1405 109 229 183 185 1430 1321 421 102 389 204 212 1011 151 262 291 245 790 88484 6277 156 15917 2229 2846 865
internal_value=1.71909e-05 0.00264871 -0.00671225 0.00442129 -0.0157443 -5.89619e-05 -0.00293537 0.0093481 -0.00390222 -0.00174513 -0.00309422 0.00812184 0.0152305 0.0109976 0.00165096 0.00596652 -0.00137865 -0.00345591 0.00924351 0.00559178 -0.00201145 0.00485397 -0.00377838 2.10606e-05 -0.000393358 0.000742635 -0.000276183 0.0043612 0.00185598 0.0084864
internal_weight=44005 1240.27 191.391 1048.87 103.844 42764.7 1159.46 79.9317 1079.53 757.976 691.491 448.654 132.186 66.4841 600.221 242.047 358.174 306.915 192.962 157.14 648.72 128.68 520.04 41605.2 21278.9 6540.05 5102.51 1437.54 901.824 224.813
internal_count=191427 5195 828 4367 449 186232 4969 338 4631 3226 2939 1870 549 287 2497 1006 1491 1279 802 651 2756 536 2220 181263 92779 28290 22194 6096 3867 1021
cat_boundaries=0 1 2 3 4 5 6 7
cat_threshold=96387 2630912 11806721 9701120 3119872 196864 395264
is_linear=0
shrinkage=0.04


Tree=170
num_leaves=31
num_cat=7
split_feature=37 32 12 27 50 1 2 41 40 10 40 50 10 28 29 33 14 30 12 37 38 50 52 34 41 41 50 52 41 50
split_gain=6.23436 5.32868 4.50009 9.3703 9.47268 9.88224 8.10067 14.8897 10.6016 7.8312 7.81282 7.77704 6.89791 6.56863 7.19138 7.59661 7.27273 7.16643 6.51506 6.41247 9.82101 6.23695 10.3529 10.4719 10.2037 9.0619 11.5231 7.15795 12.5093 19.273
threshold=1.0000000180025095e-35 0.30053764581680303 39.500000000000007 0.22295321524143222 0 97.500000000000014 44.500000000000007 0.91597560048103344 0.91597560048103344 52.500000000000007 -1.0000000180025095e-35 1 44.500000000000007 4.5000000000000009 6.5000000000000009 0.94444444775581371 0.1179633140563965 0.11129880324006082 48.500000000000007 0.5025252401828767 0.059262510389089591 2 3 0.9378221631050111 0.98296290636062633 -0.98296290636062611 4 5 0.91597560048103344 6
decision_type=8 10 10 2 9 2 2 2 2 2 2 9 2 10 10 10 10 10 10 8 10 9 1 8 2 2 9 1 2 9
left_child=1 -1 21 4 13 6 7 11 12 -10 -7 -6 -8 14 19 16 -16 -15 -5 20 -4 27 24 25 -23 26 -24 28 -2 -30
right_child=2 -3 3 18 5 10 8 -9 9 -11 -12 -13 -14 17 15 -17 -18 -19 -20 -21 -22 22 23 -25 -26 -27 -28 -29 29 -31
leaf_value=-0.0013691844093203342 0.00025201815677958667 -0.018731348296981497 0.014520194202515907 0.0021770053494849415 0.005797013449007518 0.01588684801235582 0.0090898192533338373 -0.027485119837775192 0.0028563213638758979 -0.023349724953585969 9.6109993909988814e-05 -0.0061207244069504535 0.00034335187401479054 -0.013551824694779771 -0.025121519715918753 0 -0.0045156021918040887 0.0016360651037060118 0.022094978650211716 -0.0020572882325566822 -0.0051280491996778454 0.0020228918021796462 0.0036938977491988751 0.0027807577461726406 -0.0059914111630180854 -0.0010721540272155509 -0.015165186949308622 -0.00064259610477432154 -0.00047825307839313838 0.011659018142279381
leaf_weight=69.466726362705231 5651.5972201526165 47.323875516653061 89.36481886357069 69.403842389583588 108.94734412431717 107.25425751507282 145.92305672168732 38.969214662909508 24.815264031291008 46.34276519715786 95.357570365071297 290.29024539887905 3488.0083950608969 161.92586459219456 59.180206656455994 78.048393934965134 57.355824783444405 66.212271451950073 41.427191719412804 2830.2247532978654 66.115823745727539 7971.9543680809438 72.061674982309341 1148.7512077055871 256.63400750607252 3564.1154791489244 145.75912101566792 16334.826779410243 425.7521905079484 396.8034326992929
leaf_count=306 24837 216 388 301 495 498 655 166 102 198 439 1314 15453 691 258 334 252 281 176 12346 292 33854 294 5237 1116 15211 607 71373 1821 1727
internal_value=-1.10553e-05 -0.00904877 1.3598e-05 -0.00085231 -0.00102272 0.000213707 -0.000207568 -0.00532161 0.000398243 -0.0143606 0.0087327 -0.00279557 0.000712076 -0.0025961 -0.00211658 -0.0094925 -0.0157474 -0.00911752 0.0104271 -0.00161412 0.00614099 0.000203594 0.000896768 -0.000548899 0.00176488 -0.00156934 -0.00940821 -0.000195861 0.000927085 0.00552281
internal_weight=43950.2 116.791 43833.4 7865.17 7754.34 4345.91 4143.3 438.207 3705.09 71.158 202.612 399.238 3633.93 3408.43 3180.29 194.584 116.536 228.138 110.831 2985.71 155.481 35968.3 13159.3 4930.69 8228.59 3781.94 217.821 22809 6474.15 822.556
internal_count=191238 522 190716 34639 34162 19320 18383 1975 16408 300 937 1809 16108 14842 13870 844 510 972 477 13026 680 156077 56319 21349 34970 16112 901 99758 28385 3548
cat_boundaries=0 1 2 3 4 5 6 7
cat_threshold=286332516 139528 34077705 23 268435568 65 18441
is_linear=0
shrinkage=0.04


Tree=171
num_leaves=31
num_cat=4
split_feature=39 28 6 30 50 2 27 41 44 32 40 13 13 50 5 50 40 9 13 50 34 2 2 5 41 15 40 32 23 61
split_gain=5.10416 7.26273 5.75521 11.1868 4.94786 9.49952 6.80775 4.74753 11.0529 10.0251 8.92846 8.43722 7.74274 7.1336 6.61258 6.36043 7.93525 10.1758 6.26467 5.51099 5.1673 5.00035 4.80559 10.5538 9.84974 4.56497 6.95109 6.33096 4.52297 5.8421
threshold=0.95675548911094677 41.500000000000007 0.095695972442626967 0.16666667908430102 0 78.000000000000014 0.63693180680274974 0.91597560048103344 1.0000000180025095e-35 0.35032467544078832 0.12940952181816109 0.080322578549385085 0.11050061136484148 1 0.98936051130294811 2 -0.6035533845424651 8.5000000000000018 0.027212143875658516 3 0.41712453961372381 21.500000000000004 56.500000000000007 0.98963701725006115 0.12940952181816107 0.65978723764419567 -0.91597560048103321 0.062828946858644499 -1.0000000180025095e-35 1.5000000000000002
decision_type=10 10 2 10 9 2 2 2 2 10 2 2 2 9 2 9 2 10 2 9 10 2 2 2 2 10 2 10 8 2
left_child=1 28 4 -4 5 6 -2 15 9 10 12 14 -9 -12 19 16 17 -6 -18 -10 -19 -20 25 -24 -25 27 -27 -17 29 -1
right_child=2 -3 3 -5 7 -7 -8 8 11 -11 13 -13 -14 -15 -16 22 18 20 21 -21 -22 -23 23 24 -26 26 -28 -29 -30 -31
leaf_value=-0.016961247742408352 -0.00074730300935747275 0.016553464173552013 0.020403452823629226 -0.0099827461196083274 -0.0045717168991511936 -0.01309138287780328 0.018318764775257342 0.0032031483270817396 -0.0082495139101742207 -0.015667971733564962 -0.0081423803260461357 -0.0080418392669680053 0.022933127471877923 0.0080088568224067399 0.013663441069606852 0.0028317467599825721 0.0085835739599518616 -0.0017715821635860434 0.006671941674776507 0.0097782639964925019 0.016076727420140484 -0.0031840699165322536 0.0060548411218383129 -0.013941744393557394 -0.00160489948161988 0.019018179759632239 0.001549260705719536 -0.0014983074040310442 -0.00019785382601583964 0.0043061078154788008
leaf_weight=51.708827465772629 1436.4966489896178 36.32180455327034 57.343274936079979 23.521438241004944 331.00819802284241 95.196397602558136 25.562297686934471 751.86040631681681 41.425948336720467 48.576180815696716 181.79896460473537 37.253017023205757 28.910651132464409 43.509784311056137 283.78399645537138 821.67644581198692 454.63095592707396 36.99800156056881 143.74111904203892 37.132320061326027 64.457338631153107 177.42028902471066 133.24652863293886 170.87855422496796 265.99145925790071 46.618824511766434 137.98458871245384 1554.3362286090851 36456.31185734272 27.85120852291584
leaf_count=262 6141 151 242 102 1419 398 106 3389 181 203 739 155 123 181 1257 3766 1934 155 587 159 275 734 572 763 1140 198 569 6589 158835 120
internal_value=-5.73321e-06 -0.000200409 0.00094913 0.0112653 0.000825339 -0.00116335 -0.000339026 0.00136356 0.00334352 0.00115959 0.00206531 0.00897259 0.00410045 -0.00483618 0.010862 0.000695403 0.00314157 -0.00112899 0.00558001 0.000290539 0.00960256 0.00120049 -0.000254986 -0.00356433 -0.00657879 0.000478556 0.00645145 0 -0.000219874 -0.00946537
internal_weight=44003.6 36572.2 7431.36 80.8647 7350.5 1557.26 1462.06 5793.24 1454.25 1054.66 1006.08 399.595 780.771 225.309 362.342 4338.99 1208.26 432.464 775.792 78.5583 101.455 321.161 3130.73 570.117 436.87 2560.62 184.603 2376.01 36535.9 79.56
internal_count=191445 159368 32077 344 31733 6645 6247 25088 6387 4635 4432 1752 3512 920 1597 18701 5104 1849 3255 340 430 1321 13597 2475 1903 11122 767 10355 159217 382
cat_boundaries=0 1 2 3 4
cat_threshold=285622784 43012 135299413 2048
is_linear=0
shrinkage=0.04


Tree=172
num_leaves=31
num_cat=5
split_feature=52 51 51 1 10 32 38 34 33 36 51 35 1 38 33 34 23 11 33 51 38 28 1 1 12 12 28 11 36 32
split_gain=4.16612 12.2071 9.86226 9.62967 8.45297 8.37438 11.3299 8.1124 9.06166 7.99636 21.7983 9.75939 7.8322 10.3942 10.1545 7.63223 7.5521 7.50438 13.3776 7.48765 9.0913 10.477 8.37998 8.37955 8.32418 7.71593 10.2253 7.26325 7.21001 6.88917
threshold=0 1 2 75.500000000000014 95.500000000000014 0.050252525135874755 0.19462481886148456 0.12838828563690188 0.86875000596046459 0.77167919278144848 3 0.93798077106475841 13.500000000000002 0.15424266457557681 0.86250004172325145 0.84654632210731517 14.500000000000002 12.500000000000002 0.84090909361839306 4 0.024695121683180336 8.5000000000000018 25.500000000000004 33.500000000000007 40.500000000000007 16.500000000000004 -4.4999999999999991 3.5000000000000004 0.071067821234464659 0.91734972596168529
decision_type=1 9 9 2 2 10 10 8 10 8 9 10 2 8 8 10 10 8 8 9 8 10 2 2 10 10 10 10 10 10
left_child=2 3 4 5 7 6 -2 16 12 19 11 -11 13 -9 -15 -10 -1 -14 -19 20 21 23 25 -3 -25 -21 -27 29 -24 -22
right_child=1 9 -4 -5 -6 -7 -8 8 15 10 -12 -13 17 14 -16 -17 -18 18 -20 22 27 -23 28 24 -26 26 -28 -29 -30 -31
leaf_value=-0.020900102567279668 0.0022777232006852203 -0.0017535207242108282 0.00077002424534357132 -0.015844591139215158 0.015822797670618755 0.0007953261266655144 0.012710783686811687 -0.013642551187611936 -0.0048237578223132476 -0.025982804033390639 0.0065986197819087444 -0.003109849838656439 0.0065346532179958103 0.0026499648064986303 -0.02224724818222348 -0.00099244013303034372 0.0011401932582264967 -0.0029041401049645964 0.0083460557940109713 -0.00020114303290588709 0.012458738820378647 -0.01566257810310517 -0.00012649665284101449 0.013503889764404706 0.0022589500087135191 -0.013336881641074102 0.0046986518430066435 -0.0032606478763857962 -0.0039869962269081984 -0.0080050787267494285
leaf_weight=57.797282725572586 548.65069531276822 536.63492917269468 18616.666401289403 44.134209327399731 42.546472378075123 2443.0717655569315 240.24745094776154 106.64125035703182 1033.0499955415726 28.064978331327438 682.42460282891989 381.93095127493143 566.59318272769451 299.39354471117258 23.64525993168354 4334.1955927424133 37.648139253258705 552.46752451360226 237.45486003160477 3323.296760533005 84.85623724758625 52.850540056824684 1622.55092696473 139.76104038208723 420.44119554758072 47.765245378017426 968.07392191886902 4948.7714738696814 1495.3857824206352 31.998918630182743
leaf_count=259 2625 2306 79836 215 213 10770 1173 462 4493 128 2956 1645 2434 1319 105 19629 164 2440 1035 14204 373 221 7048 608 1821 204 4246 21584 6553 144
internal_value=-4.33181e-05 -0.000510173 0.000281125 0.00169149 -0.000963424 0.00196646 0.00554019 -0.00107687 -0.000914678 -0.00100126 0.00227772 -0.00489985 0.00154423 -0.00311428 0.000455294 -0.00173739 -0.0123833 0.00304054 0.000483793 -0.00126619 -0.00229028 0.000900703 -0.000405371 0.0017844 0.0051944 0.000727175 0.00376985 -0.00302313 -0.00198784 0.00659239
internal_weight=43949 18040.9 25908.1 3276.1 7291.43 3231.97 788.898 7248.89 7153.44 14764.8 1092.42 409.996 1786.2 429.68 323.039 5367.25 95.4454 1356.52 789.922 13672.4 6215.31 1149.69 7457.07 1096.84 560.202 4339.14 1015.84 5065.63 3117.94 116.855
internal_count=191213 78824 112389 14783 32553 14568 3798 32340 31917 64041 4729 1773 7795 1886 1424 24122 423 5909 3475 59312 27057 4956 32255 4735 2429 18654 4450 22101 13601 517
cat_boundaries=0 1 2 3 4 5
cat_threshold=71 155672 8609816 9540736 3410471
is_linear=0
shrinkage=0.04


Tree=173
num_leaves=31
num_cat=10
split_feature=2 51 30 51 50 43 36 11 13 39 38 2 11 28 42 40 10 33 34 50 51 51 16 51 42 50 50 33 50 12
split_gain=3.72997 22.9513 5.26907 3.83643 25.2317 9.16165 8.15448 12.379 7.30697 6.11997 5.74513 3.85961 3.57153 4.70998 3.40354 6.07317 3.37316 3.38579 10.3868 14.1662 21.7203 10.541 8.92588 8.19644 14.4112 15.6009 14.3369 14.0565 11.4143 9.53838
threshold=9.5000000000000018 0 0.3000000268220902 1 2 1.0000000180025095e-35 0.14048793911933902 34.500000000000007 0.038711288943886764 0.71509739756584179 0.44504831731319433 47.500000000000007 6.5000000000000009 -1.0000000180025095e-35 0.6078576147556306 0.78656607866287243 1.0000000180025095e-35 0.90322580933570873 0.76975053548812877 3 4 5 0.97740042209625255 6 -0.60785761475563038 7 8 0.78260871767997753 9 37.500000000000007
decision_type=2 9 10 9 9 2 8 10 2 8 8 2 10 10 2 2 2 10 10 9 9 9 2 9 2 9 9 8 9 10
left_child=1 12 -3 4 5 10 -6 8 -8 -7 -2 14 -1 -14 15 -11 -5 18 23 20 -20 -21 -22 26 28 -26 27 -18 -25 -28
right_child=3 2 -4 16 6 9 7 -9 -10 11 -12 -13 13 -15 -16 -17 17 -19 19 21 22 -23 -24 24 25 -27 29 -29 -30 -31
leaf_value=-8.999559870707145e-05 0.0080040860252072674 -0.020072953639787047 0 -0.01244003983516825 0.022268140899234973 -0.026846647512225614 0.018386329448657771 -0.017376347979787415 -0.0092045019472105621 0.0078347021436191953 -0.008361802238656995 -0.017523718796468066 0.0025733947055907344 0.026015525507162889 0.012225125929974425 -0.020784877456118993 0.0037836481509973029 -0.000424373470009954 -0.0016120481254105516 -0.0034650524531125151 0.011393641300694066 0.0028797877425815487 -0.0041306421253448381 0.0016268818134684386 0.0038220598615688688 -0.00070128834470772872 -0.0025410652770894481 -0.0017601186485029048 -0.0064089514182855689 0.0067825813712884524
leaf_weight=29.16976872086525 86.431298051029444 104.63804587721825 25.127366706728935 30.732979506254196 97.810138765722513 32.716355741024017 69.192590840160847 23.135244354605675 15.005756437778471 18.620517157018185 49.397780850529671 26.28677798807621 27.903758674860001 30.1502465903759 18.508368887007236 18.609174221754074 1608.7177873849869 26200.908048663288 393.73391619324684 717.26724269986153 678.3929378092289 963.36642483621836 60.399580448865891 476.4067370146513 2855.6707484573126 2108.7264408133924 5080.3103111162782 1329.3505376130342 660.87260887026787 176.04490125179291
leaf_count=124 472 449 112 155 782 189 512 146 78 126 259 135 120 125 105 93 6878 114191 1714 3071 2951 4139 259 2067 12161 9066 21717 5582 3016 745
internal_value=-0.000136198 -0.00531001 -0.0151612 -0.000109505 0.00348061 -0.00490311 0.013448 0.00579612 0.0130046 -0.0131874 0.00182463 -0.00628007 0.00974383 0.0161628 0 -0.00676429 -0.00014888 -0.000138296 0.000298626 0.00251846 0.00594086 0.000153419 0.00994464 -0.000137519 0.000969539 0.00190416 -0.000964383 0.00126551 -0.00307471 -0.00221464
internal_weight=44013.6 216.989 129.765 43796.6 455.714 250.57 205.144 107.334 84.1983 114.741 135.829 82.0248 87.2238 58.054 55.7381 37.2297 43340.9 43310.2 17109.3 2813.16 1132.53 1680.63 738.793 14296.1 6101.68 4964.4 8194.42 2938.07 1137.28 5256.36
internal_count=191539 930 561 190609 2897 1379 1518 736 590 648 731 459 369 245 324 219 187712 187557 73366 12134 4924 7210 3210 61232 26310 21227 34922 12460 5083 22462
cat_boundaries=0 1 2 3 4 5 6 7 8 9 10
cat_threshold=4534912 24 17254920 285713577 3280288 7456000 14794368 89617 303326 285434432
is_linear=0
shrinkage=0.04


Tree=174
num_leaves=31
num_cat=11
split_feature=39 36 14 39 50 14 51 39 37 51 50 50 15 34 51 51 2 50 38 50 39 10 50 39 2 50 18 26 26 18
split_gain=5.02066 6.04385 5.40908 4.56872 8.9331 10.4543 6.70224 4.23581 4.0293 10.8718 17.0756 16.3301 12.4611 11.7065 10.8511 9.20416 11.5581 10.982 10.8423 11.2437 10.1721 9.22071 14.4389 9.41174 9.14985 8.66065 8.78392 8.29251 8.0727 13.2305
threshold=1.0000000180025095e-35 0.46446608006954199 0.96225070953369152 0.067424245178699507 0 0.38516484200954443 1 0.35751880705356603 0.89949494600296032 2 3 4 0.46702899038791662 0.2356245890259743 5 6 21.500000000000004 7 0.23117408901453021 8 0.86700680851936351 15.500000000000002 9 0.84240093827247631 69.500000000000014 10 0.20112359523773196 -0.3496031761169433 -0.024695121683180329 0.77836257219314586
decision_type=8 10 10 8 9 10 9 10 8 9 9 9 8 10 9 9 2 9 10 9 8 2 9 10 2 9 10 2 2 10
left_child=1 -1 3 4 5 -2 -6 -4 15 11 14 28 -12 -13 27 17 18 -5 20 -20 -17 22 -19 -23 -15 -18 -27 -11 29 -10
right_child=2 -3 7 8 6 -7 -8 -9 9 10 12 13 -14 24 -16 16 25 21 19 -21 -22 23 -24 -25 -26 26 -28 -29 -30 -31
leaf_value=-0.017275985256705421 -0.014878617240777886 0.0033591931367654686 0 0.012499044239086581 0.019106055528047141 0.013895506033122536 0 -0.020583489099848126 -0.005298068447475871 0.0068563253831541247 -0.0023754810548845423 -0.0066334438326500402 0.0028752196319216561 0.0030446747824569667 0.0040219178177410631 -0.0034438224877245197 -0.0027544133262915349 -0.0060173935574569376 0.007741279512524196 0.0018352450370234031 0.0010025338129588852 -0.0016942817209614947 -0.00078255859665523079 0.0017227802757956493 -0.0015181814048581856 -0.013059095771106439 0.00059155734534518576 -0.00096691545487403063 -0.0040782633557357832 0.0048665001107910588
leaf_weight=52.843941122293472 53.053739368915558 32.763883255422115 30.377491898834705 75.780692286789417 72.702349931001663 25.771573290228844 55.948232121765614 31.327012836933136 321.38670387864113 236.20753313601017 5749.4502910301089 223.28356909751892 819.55726356804371 6465.3923270143569 1685.9720162153244 1024.1723908185959 2646.3733527585864 1511.3803382068872 647.5313997194171 2537.6355745494366 4103.4874819144607 3615.9706010781229 1935.5354497805238 1994.4459750875831 779.70498912781477 72.086891561746597 3366.7547291144729 2125.8284714370966 1108.1380970478058 542.83194343745708
leaf_count=230 230 144 141 362 309 111 251 143 1373 996 25050 946 3425 28501 7235 4434 11641 6552 2716 10999 17544 15583 8386 8450 3535 313 14980 9194 5110 2336
internal_value=-1.67309e-06 -0.00940818 1.73021e-05 3.50887e-05 0.00588641 -0.00443561 0.011743 -0.0113637 6.10664e-06 0.000423051 -0.00045374 0.00140991 -0.00171306 0.00226563 0.00158371 -0.000348458 0.000280686 -0.00134092 0.00125131 0.00308246 0.000108055 -0.0014794 -0.00310878 -0.000475537 0.00255016 -0.00104144 0.000280239 -0.000162612 -0.00181289 0.00105475
internal_weight=43943.7 85.6078 43858.1 43796.4 207.476 78.8253 128.651 61.7045 43588.9 20057.8 10617 9440.74 6569.01 7468.38 4048.01 23531.2 14398 9133.11 8312.83 3185.17 5127.66 9057.33 3446.92 5610.42 7245.1 6085.21 3438.84 2362.04 1972.36 864.219
internal_count=191220 374 190846 190562 901 341 560 284 189661 87701 45900 41801 28475 32982 17425 101960 62627 39333 35693 13715 21978 38971 14938 24033 32036 26934 15293 10190 8819 3709
cat_boundaries=0 1 2 3 4 5 6 7 8 9 10 11
cat_threshold=16779276 3941891 11054141 9852248 277029225 1393408 12061747 213123202 277152448 138244 496310928
is_linear=0
shrinkage=0.04


Tree=175
num_leaves=31
num_cat=15
split_feature=8 51 50 13 50 10 51 51 51 50 37 16 50 51 50 14 11 32 2 26 37 51 11 24 51 52 9 2 51 50
split_gain=4.38106 11.755 17.7702 12.8225 11.4498 19.3075 18.1685 14.0735 14.0641 13.4559 15.8238 15.7919 11.5759 11.4217 14.1091 13.5025 10.978 10.6255 10.3401 10.3325 9.55747 9.48671 9.1575 9.0947 8.99458 8.69212 8.56277 8.37248 8.31485 20.3071
threshold=1.5000000000000002 0 1 0.11050061136484148 2 48.500000000000007 3 4 5 6 0.98786765336990368 0.97969490289688121 7 8 9 0.18230694532394412 9.5000000000000018 0.90081965923309337 19.500000000000004 -0.013986697886139153 0.23117408901453021 10 11.500000000000002 8.5000000000000018 11 12 1.0000000180025095e-35 58.500000000000007 13 14
decision_type=10 9 9 2 9 2 9 9 9 9 8 2 9 9 9 10 8 8 2 2 8 9 8 10 9 1 8 2 9 9
left_child=1 2 3 27 8 7 -7 -6 12 10 16 23 20 14 -2 -15 -10 28 -14 -13 -3 -18 -9 26 -16 -19 -11 -1 29 -17
right_child=13 4 -4 -5 5 6 -8 22 9 11 -12 19 18 15 24 17 21 25 -20 -21 -22 -23 -24 -25 -26 -27 -28 -29 -30 -31
leaf_value=-0.0023064170610275925 -0.0024517290878326675 0.017587081096908191 0.00072089253622656586 -0.015261322116548705 0.00062108964174726331 0.0030910267075682056 -0.0096567409761611905 -0.0011026697854972032 0.011888374377006088 0.005140662748990641 -0.018096589784114155 -0.012323352944025021 -0.0002958301051349812 -0.0011342806611937103 -0.0026593111948502372 0.0082205754602913128 -0.011214595096557024 0.0018362976468211589 0.0051441527969312405 -0.0017041299228181925 -0.0038734379943681264 -0.0012027737899082702 0.0051049362853876467 0.012343602719884638 0.0019620302945740358 -0.011473190966712659 -0.00024304252069090482 -0.013213496324704466 0.0035676181223712536 -0.00085607291394198311
leaf_weight=2542.3062515072525 6577.7394058331847 29.977751702070236 3971.4580842852592 135.58290466666222 2703.4258716627955 309.75846214592457 390.87641616910696 420.23224386572838 63.616864293813705 699.59576230868697 134.95527543127537 151.28849914669991 813.95194146037102 4621.0417882055044 905.559994161129 452.4637157022953 227.94030730426311 138.43099553138018 1730.5873627439141 2666.3034174665809 594.16520721465349 445.06409773230553 3412.6632853224874 128.43993055820465 2489.1011999323964 158.44565916061401 1415.3994845896959 114.20505157113075 2995.0297276228666 2500.3895440846682
leaf_count=11345 28722 131 17761 589 11583 1334 1663 1815 267 3064 562 666 3521 20099 3875 1881 974 592 7643 11614 2670 1846 15193 543 10596 696 6096 514 12914 10477
internal_value=2.5353e-05 0.000405077 -0.000994599 -0.00343264 0.000985858 0.00217194 -0.00410355 0.00285362 3.85176e-05 -0.00110785 -0.00565636 -0.000306193 0.00218621 -0.000394656 -0.00137158 0.000501125 -0.00331987 0.00171525 0.00338571 -0.00230223 -0.0026374 -0.00486402 0.0044071 0.00218997 0.0007171 -0.00559245 0.00153626 -0.00280678 0.00208774 0.000562516
internal_weight=43940 23101.8 6763.55 2792.09 16338.2 7236.96 700.635 6536.32 9101.29 5932.6 871.577 5061.03 3168.68 20838.2 9972.4 10865.8 736.621 6244.76 2544.54 2817.59 624.143 673.004 3832.9 2243.44 3394.66 296.877 2115 2656.51 5947.88 2952.85
internal_count=191246 101394 30209 12448 71185 31588 2997 28591 39597 25632 3649 21983 13965 89852 43193 46659 3087 26560 11164 12280 2801 2820 17008 9703 14471 1288 9160 11859 25272 12358
cat_boundaries=0 1 2 3 4 5 6 7 8 9 10 11 12 13 14 15
cat_threshold=203025 159458965 33733112 820774 8659970 10748936 33554784 163848 6598178 75914793 1605636 10274 7 1573253 66560
is_linear=0
shrinkage=0.04


Tree=176
num_leaves=31
num_cat=2
split_feature=24 50 15 39 6 16 23 17 14 38 40 14 36 1 37 9 24 28 40 36 9 50 36 41 16 16 37 14 8 40
split_gain=5.64937 8.02277 7.5654 6.92045 6.75973 6.51544 4.27196 8.63131 9.64971 10.9546 7.15026 9.7999 9.50887 7.13049 5.84067 4.74039 8.38009 5.49946 4.4672 4.85434 4.25602 10.9064 10.0266 6.25958 5.52338 6.13415 7.15532 6.03574 7.54158 6.23935
threshold=21.500000000000004 0 0.28660714626312261 0.5838744342327119 0.075235851109027876 0.93369963765144359 22.500000000000004 0.86512476205825817 0.027973395772278312 0.083771932870149626 1.0000000180025095e-35 0.41728855669498449 0.15424266457557681 36.500000000000007 0.92740449309349071 42.500000000000007 39.500000000000007 15.500000000000002 -0.7865660786628722 0.020101009868085388 15.500000000000002 1 0.066300369799137129 0.91597560048103344 0.91709622740745556 0.9856107532978059 0.85786435008049022 0.63487523794174205 17.500000000000004 0.78656607866287243
decision_type=10 9 10 8 2 2 10 10 10 8 2 10 10 2 8 10 8 10 2 10 8 9 8 2 2 2 8 10 10 2
left_child=20 3 -3 -2 6 -5 7 10 13 -10 12 -12 -4 -9 15 16 -8 -17 -16 -20 -1 22 23 -22 27 26 -26 29 -29 -24
right_child=1 2 4 5 -6 -7 14 8 9 -11 11 -13 -14 -15 18 17 -18 -19 19 -21 21 -23 24 -25 25 -27 -28 28 -30 -31
leaf_value=3.2889179572984523e-05 0.0064541081352039367 0.019345259271531089 -0.0032043234831726827 -0.020676309464983795 -0.01531672833560724 0.00051237484984627388 -0.0021029668402872139 -0.010328925256145189 0.0071356495928920254 -0.018408934139727256 0.022990075661971074 0.0030567823309131676 0.014980192021827937 0.0086059238558908405 0.010507039740261173 -0.0021467145013603453 -0.024661744373693572 0.018775058040950948 -0.0020331722951911395 0.010414448046020406 -0.01798537351778013 0.00039169225045991254 -0.015427303393584474 0.0028017374532830213 0.017028194785486159 -0.0058290373242677693 -0.0061226373631965434 0.018524050032228255 -0.010288850635559996 0.0032384442438626862
leaf_weight=40740.158809255809 36.521915927529335 40.303314954042435 113.39975033700466 57.79003880918026 27.600754454731941 33.612562701106071 340.62334524095058 33.09683558344841 37.993030488491058 67.06280991435051 103.01193596422672 68.901517421007156 69.607716798782349 181.1811291873455 131.44822788238525 42.141351893544197 24.057714492082596 29.768866360187531 178.02253323793411 63.494017124176025 141.64792089164257 962.25704228878021 116.57447427511215 24.148840948939323 59.144899591803551 69.759287640452385 27.305835157632828 24.50252291560173 23.281643733382225 33.325600534677505
leaf_count=177713 157 173 477 248 127 141 1438 140 158 283 421 284 296 764 553 176 101 124 735 268 597 4125 506 100 252 295 117 102 101 137
internal_value=4.68189e-05 0.00231853 0.00312525 -0.00679026 0.00263779 -0.0130544 0.00303552 0.0053828 0.000520898 -0.00908463 0.00963364 0.0154262 0.00382031 0.00542125 0.00103494 -0.00206494 -0.00395868 0.00691181 0.00469588 0.001303 -4.33423e-05 -0.00214553 -0.00671992 -0.0148472 -0.00289007 0.00259723 0.00956225 -0.00728192 0.00446196 -0.0111779
internal_weight=43901.7 1679.64 1551.71 127.925 1511.41 91.4026 1483.81 674.255 319.334 105.056 354.921 171.913 183.007 214.278 809.556 436.591 364.681 71.9102 372.965 241.517 42222.1 1481.95 519.691 165.797 353.894 156.21 86.4507 197.684 47.7842 149.9
internal_count=191109 7064 6518 546 6345 389 6218 2823 1345 441 1478 705 773 904 3395 1839 1539 300 1556 1003 184045 6332 2207 697 1510 664 369 846 203 643
cat_boundaries=0 1 2
cat_threshold=16982016 268576292
is_linear=0
shrinkage=0.04


Tree=177
num_leaves=31
num_cat=15
split_feature=2 51 50 50 51 51 29 2 40 30 38 8 51 51 15 50 38 36 62 38 51 50 51 36 52 51 51 36 50 38
split_gain=2.8677 11.5896 16.1023 11.2389 25.0198 16.682 11.4838 12.0587 11.6731 11.0003 10.7199 16.9615 14.9491 11.1182 10.4528 10.4056 11.474 9.0675 15.9624 12.6966 12.3951 11.7029 10.5984 10.219 8.83308 15.3315 13.8793 11.7004 9.82139 11.9683
threshold=22.500000000000004 0 1 2 3 4 1.0000000180025095e-35 29.500000000000004 -0.91597560048103321 0.51764950156211864 0.091372914612293257 4.5000000000000009 5 6 0.036038961261510856 7 0.032433379441499717 0.10050505027174951 4.5000000000000009 0.23117408901453021 8 9 10 0.77167919278144848 11 12 13 0.42967033386230474 14 0.039088362827897079
decision_type=2 9 9 9 9 9 8 2 2 10 10 8 9 9 8 9 10 8 2 8 9 9 9 10 1 9 9 10 9 10
left_child=1 2 10 5 6 15 -5 8 -8 24 11 13 -13 -1 -10 16 -2 18 22 -20 21 -19 -4 -22 25 28 -26 -27 -7 -30
right_child=3 -3 17 4 -6 9 7 -9 14 -11 -12 12 -14 -15 -16 -17 -18 20 19 -21 23 -23 -24 -25 26 27 -28 -29 29 -31
leaf_value=-0.0028064671795445641 0.00087049083477296508 0.0010502971802706321 0.0054124463968970296 0.0058707986129566793 -0.0011665597283898924 -0.0036912936584214406 -0.015591719568368455 0.002848424856273144 -0.017108683397622594 0.010254057350715466 -0.00097638717311778302 -0.0051500004776301794 0.011178331305606214 -0.012961410369132204 0.0080426518876401849 0.0013609231186839479 -0.0068335317939770355 -0.0097955714645569167 -0.022690718738842489 0.0012515823273001948 -0.00073462072242726001 0.0031021990689309659 0.00012964658286697116 0.0069660548198761298 -0.0056666618269593525 -0.0033425342845166779 -0.0010210900919845241 0.0037914170776094523 0.0096775487349847825 0.00022560700824506686
leaf_weight=298.16031587123871 653.4087787270546 13218.455052129924 1223.6892218142748 1733.4210443124175 3657.9496103003621 255.5792718231678 121.73323318362236 921.22464226186275 30.654500395059586 108.31003065407276 1221.5702607855201 227.45614990592003 127.25444763898849 518.73332411795855 96.170215636491776 5242.1185827814043 574.07941304147243 414.62088131904602 67.593345135450363 65.361457280814648 3180.5112626105547 146.11355549842119 1220.7361495643854 296.79553785175085 2295.9339843653142 2779.7004279829562 1910.5137687288225 417.07375621795654 441.47347342967987 421.26866075396538
leaf_count=1329 2765 57081 5178 7834 15882 1152 540 3981 131 457 5376 966 542 2231 409 22822 2452 1762 322 360 13637 648 5123 1272 10118 12266 8821 1771 1947 1860
internal_value=-2.24683e-05 0.000296202 -0.000808312 -0.000350388 0.00102905 -0.000951311 0.00379408 0.000720106 -0.00698978 -0.00210172 -0.00360975 -0.00635328 0.000893824 -0.00951073 0.00139333 0.000581456 -0.00270749 0.000207984 0.00206221 -0.0111568 -0.000971149 -0.00640673 0.00281068 -6.23709e-05 -0.0022695 -0.000981398 -0.00357257 -0.0023936 0.00301605 0.00505494
internal_weight=43887.7 22227.1 9008.6 21660.6 6561.15 15099.5 2903.2 1169.78 248.558 8629.85 2393.17 1171.6 354.711 816.894 126.825 6469.61 1227.49 6615.42 2577.38 132.955 4038.04 560.734 2444.43 3477.31 8521.54 4315.1 4206.45 3196.77 1118.32 862.742
internal_count=191035 95827 38746 95208 28777 66431 12895 5061 1080 38392 10444 5068 1508 3560 540 28039 5217 28302 10983 682 17319 2410 10301 14909 37935 18996 18939 14037 4959 3807
cat_boundaries=0 1 2 3 4 5 6 7 8 9 10 11 12 13 14 15
cat_threshold=3280179 277099569 352475692 14557242 2235651 2100512 1075 16777760 19 84492 2099489 11 794756 6038148 4100
is_linear=0
shrinkage=0.04


Tree=178
num_leaves=31
num_cat=13
split_feature=39 50 14 1 51 50 33 50 1 51 51 38 42 27 11 14 51 51 34 34 50 51 36 36 36 50 51 1 11 50
split_gain=5.92043 6.33959 5.44564 4.70463 9.97801 27.3065 12.0116 11.9657 16.2948 16.3651 14.2048 12.2356 10.821 14.5714 11.813 10.7913 13.2829 10.8189 10.2815 8.44353 8.42834 8.17681 7.95584 7.88702 8.2015 7.86839 19.6573 13.705 9.78006 7.18035
threshold=1.0000000180025095e-35 0 0.96225070953369152 22.500000000000004 1 2 0.84625402092933666 3 18.500000000000004 4 5 0.19462481886148456 1.0000000180025095e-35 0.066300369799137129 20.500000000000004 0.059262510389089591 6 7 0.61577314138412487 0.76975053548812877 8 9 0.12435567006468774 0.53390806913375866 0.66885966062545787 10 11 39.500000000000007 49.500000000000007 12
decision_type=8 9 10 2 9 9 10 9 2 9 9 10 2 2 10 8 9 9 8 10 9 9 10 8 10 9 9 2 10 9
left_child=1 -1 3 4 5 12 -7 10 15 29 11 18 22 14 -14 16 -9 -17 -6 -8 -11 -13 -2 -12 -25 26 27 -5 -29 -10
right_child=2 -3 -4 25 7 6 19 8 9 20 23 21 13 -15 -16 17 -18 -19 -20 -21 -22 -23 -24 24 -26 -27 -28 28 -30 -31
leaf_value=0.0053452836145678898 0.00074005315673759432 -0.015807195299754273 -0.011292594913043312 -0.0050044361799297735 -0.00077001236296605526 0.016570784152155248 -0.014639125136321563 -0.00017804711485415776 -0.0067620273831636712 0.0020998985474525974 0.0020485363482536365 0.007034350199598036 -0.018766077006660688 0.0021641057744514625 0.0078177117468549717 -0.00152823956257342 0.0046362509506295644 0.0015581672815682649 -0.0068826603368418076 0.0030723956941681664 0.0073639459986890223 -0.0010887300302574795 -0.0089018159217055508 -0.0058996287293830033 0.0024714139859092592 -0.00023887955563004569 -0.0094032412757386451 0.013670408782820173 -0.0066234930639146603 0.0021194089755577098
leaf_weight=26.445271477103233 318.85676494240761 58.824580036103725 63.185518994927406 200.9842090010643 703.63527815043926 96.542469955980778 42.339870646595955 1697.557097941637 259.48770260810852 792.21966046839952 2794.3250886425376 220.79634197056293 270.4348747767508 84.761152058839798 25.777529779821634 4316.9205048531294 1968.5695401355624 3112.8032026514411 1214.050052061677 454.48052732646465 1465.194213245064 1226.6975659281015 229.7267377525568 457.37757158279419 306.95588583499193 20633.119081061333 484.88086215406656 169.57646481692791 43.804472833871841 296.67991757392883
leaf_count=119 1430 255 292 903 2973 427 179 7477 1147 3353 12103 914 1176 358 119 18862 8481 13151 5133 2019 6375 5246 987 1968 1319 90551 2142 753 190 1268
internal_value=-1.82872e-05 -0.0102517 2.27532e-06 2.02765e-05 0.000427101 -0.00268054 0.0039472 0.00065679 0.00133323 0.00405155 -0.000699185 -0.00255879 -0.0069279 -0.0121614 -0.0162949 0.000641828 0.00241654 -0.000232231 -0.00465805 0.00139231 0.00555143 0.000197454 -0.00330541 0.00105708 -0.00251761 -0.000401185 -0.00403399 0.00231141 0.00935647 -0.00205809
internal_weight=44037 85.2699 43951.7 43888.6 22356.2 1522.92 593.363 20833.3 13909.4 2813.58 6923.84 3365.18 929.557 380.974 296.212 11095.9 3666.13 7429.72 1917.69 496.82 2257.41 1447.49 548.584 3558.66 764.333 21532.4 899.246 414.365 213.381 556.168
internal_count=191670 374 191296 191004 96465 6695 2625 89770 60114 12143 29656 14266 4070 1653 1295 47971 15958 32013 8106 2198 9728 6160 2417 15390 3287 94539 3988 1846 943 2415
cat_boundaries=0 1 2 3 4 5 6 7 8 9 10 11 12 13
cat_threshold=139341 19 268523605 110339155 180352 3682080 8876424 12029440 268452360 256 352321664 3859461 16799744
is_linear=0
shrinkage=0.04


Tree=179
num_leaves=31
num_cat=17
split_feature=51 42 50 51 12 38 52 51 50 51 50 18 50 51 50 29 50 37 50 12 50 34 1 51 39 50 34 39 50 33
split_gain=4.3557 12.4846 11.5892 11.8761 10.45 10.2011 8.97178 16.3104 29.5697 15.2999 24.06 15.1283 14.8822 24.3553 14.3173 13.9021 9.90114 9.63052 11.6295 8.94909 13.0905 8.89303 9.333 8.70352 8.68803 10.8949 12.2691 11.1929 10.2438 10.3481
threshold=0 -0.60785761475563038 1 2 6.5000000000000009 0.71547618508338939 3 4 5 6 7 0.97530490159988414 8 9 10 2.5000000000000004 11 0.98786765336990368 12 44.500000000000007 13 0.66491228342056286 20.500000000000004 14 0.13423423469066623 15 0.41712453961372381 0.23132664710283282 16 0.68463724851608287
decision_type=9 2 9 9 10 8 1 9 9 9 9 10 9 9 9 10 9 10 9 8 9 10 2 9 10 9 10 10 9 10
left_child=1 2 3 -1 -4 -6 7 8 14 10 -8 16 13 -11 -2 -15 -10 18 -13 24 23 -12 -23 -21 28 26 -26 -27 29 -9
right_child=6 -3 4 -5 5 -7 9 19 11 12 21 17 -14 15 -16 -17 -18 -19 -20 20 -22 22 -24 -25 25 27 -28 -29 -30 -31
leaf_value=0.0037757585096372384 0.0097498202917517297 2.5817558264791688e-05 -0.013248303995933139 -0.0028982621511006094 -0.0014964898333144048 -0.007830499438534139 -0.0092725635838836126 -0.012911072487011175 -0.0060756259898549075 -0.0080565741502952558 0.012895500742979142 -0.010776067468151254 0.0007900889767637197 0.0031251068343643462 0.031033910403769897 -0.0062631750979387649 0.0027478242484928941 0.00016619955619484966 0.01202520755249125 0.013785955176267775 -0.005772984996636291 -0.0062551842802410756 0.00084297135097749032 -0.00056168551494742414 -0.011430691682004059 0.01802096829703808 0.00038640933201816128 0.0028929501738924096 0.0018195554144640833 -0.0020650721273035603
leaf_weight=714.15498814731836 310.60167184472084 14337.300708796829 199.05541023612022 1012.4985323362052 1231.510233476758 613.01995863765478 725.13899229466915 158.21025381982327 397.5306224822998 845.9974806830287 70.746483460068703 29.330386057496071 11280.908586069942 948.60894350707531 63.441398411989212 337.69314323365688 386.84619715064764 248.79327793046832 373.90574385225773 85.325617454946041 742.79198317229748 407.15599148720503 1040.1972113326192 204.62315502762794 149.01256246864796 76.075997024774551 1584.039107169956 3172.7805543132126 1074.989375282079 1113.8236781433225
leaf_count=3161 1322 62267 911 4584 5599 2770 3057 679 1686 3642 309 130 48526 4202 289 1452 1625 1140 1600 424 3277 1757 4489 898 633 336 6847 14060 4726 4834
internal_value=-3.55676e-05 -0.000511395 -0.00255827 -0.000117616 -0.00458238 -0.00362786 0.000297362 0.00122177 0.00464974 -0.000302548 -0.00334918 0.00195601 0.000208655 -0.00284213 0.0144686 0.00062536 -0.00175097 0.00645503 0.0102366 0.000470164 -0.00300171 -0.00044371 -0.00115471 0.00406536 0.000964476 0.00191056 -0.000644403 0.00327043 -0.00103501 -0.00344798
internal_weight=43936.1 18107.5 3770.24 1726.65 2043.59 1844.53 25828.6 10172.1 1810.45 15656.4 2243.24 1436.41 13413.2 2132.3 374.043 1286.3 784.377 652.029 403.236 8361.67 1032.74 1518.1 1447.35 289.949 7328.93 4981.91 1733.05 3248.86 2347.02 1272.03
internal_count=191232 79292 17025 7745 9280 8369 111940 44506 7792 67434 9612 6181 57822 9296 1611 5654 3311 2870 1730 36714 4599 6555 6246 1322 32115 21876 7480 14396 10239 5513
cat_boundaries=0 1 2 3 4 5 6 7 8 9 10 11 12 13 14 15 16 17
cat_threshold=3464208 437500304 38912 97 3 1446912 3 16983125 335782019 8389536 5120 100365 285212672 62464 8844 85222130 25467541
is_linear=0
shrinkage=0.04


Tree=180
num_leaves=31
num_cat=3
split_feature=36 40 1 40 39 36 11 52 33 33 42 12 16 36 52 36 36 41 43 2 1 52 39 36 36 36 11 13 40 36
split_gain=4.29516 7.74048 14.3933 6.10006 9.42205 9.49802 6.87365 10.5268 7.81382 7.06533 9.70591 6.95851 9.48263 6.72423 6.15569 11.6546 6.92368 5.98475 5.71264 5.68186 5.60343 5.5681 7.08995 7.06498 8.32392 6.9484 10.8026 10.3134 8.37471 7.73446
threshold=0.055867666378617294 0.98296290636062633 39.500000000000007 0.98296290636062633 0.78611555695533764 0.28660714626312261 79.500000000000014 0 0.98913046717643749 0.98076924681663524 1.0000000180025095e-35 38.500000000000007 0.79898989200592052 0.26352339982986456 1 0.40103092789649969 0.40103092789649969 0.37940952181816107 1.0000000180025095e-35 9.5000000000000018 13.500000000000002 2 0.68217894434928905 0.40103092789649969 0.11050061136484148 0.35032467544078832 21.500000000000004 0.010811126790940763 1.0000000180025095e-35 0.42967033386230474
decision_type=8 2 2 2 8 8 10 1 8 10 2 10 2 8 1 8 10 2 2 2 2 1 10 8 10 8 10 2 2 8
left_child=1 19 -3 6 20 18 8 -8 9 11 -11 14 -13 -14 16 -16 -2 -9 -6 -1 -5 25 23 24 -23 27 -27 28 -10 -28
right_child=3 2 -4 4 5 -7 7 17 21 10 -12 12 13 -15 15 -17 -18 -19 -20 -21 -22 22 -24 -25 -26 26 29 -29 -30 -31
leaf_value=-0.015861885371061816 -0.00011653847842848127 0.0033909115606250303 -0.031035186520382344 0 0.00017610404078941788 0.012419658609308042 0.013391254111117704 -0.012730804446244921 0.0018098333434754203 0.0045966425648333257 -0.0010312911824990752 0.008925145131062363 -0.0051691304019220929 -0.00038201108974272749 0.00029347572275465568 -0.0023695869153427204 0.0019967403203041099 0.0028659218084321294 -0.020398444252621932 0.00078384595334853773 0.023429765003202447 0 -0.0011011385410759527 -0.0024154699122096272 -0.013296250610910016 -0.0025553124307146268 0.01881742299729882 -0.013809806254043558 -0.0053217104784447347 0.0041757250231458124
leaf_weight=27.789589941501617 6848.1094602495432 39.96410508826375 29.828682214021683 23.091620817780495 46.685034215450287 52.26633708178997 134.4377511665225 44.402852654457092 630.38771257549524 1156.4488891288638 837.40878691524267 104.82837763428688 1104.3933272361755 831.93018523603678 7058.0234798491001 4174.6509253010154 3869.6479761898518 187.65028028935194 32.256350681185722 13906.164154075086 55.522957503795624 101.00111617147923 769.00833700969815 371.54841959476471 313.18857283890247 298.70388653874397 75.128765881061554 109.26736442744732 442.87300701439381 243.93554107099771
leaf_count=116 29321 229 126 97 196 225 583 203 2720 5012 3617 459 4962 3696 30735 18195 16392 799 135 60963 242 456 3410 1648 1415 1323 342 479 2004 1091
internal_value=9.52253e-05 0.000673555 -0.0121462 -0.000174884 0.00653831 0 -0.000224065 0.00518005 -0.00029312 -5.76093e-05 0.00222627 -0.000248672 -0.00247982 -0.00312896 -3.97717e-05 -0.000694474 0.00064457 -0.000229981 -0.0087069 0.000743535 0.0170331 -0.00210844 -0.00385043 -0.0065406 -0.0101204 -0.00056204 0.00284415 -0.00236754 -0.00112543 0.0079222
internal_weight=43920.5 14003.7 69.7928 29916.8 209.822 131.208 29707 366.491 29340.5 25985.4 1993.86 23991.6 2041.15 1936.32 21950.4 11232.7 10717.8 232.053 78.9414 13934 78.6146 3355.04 1554.75 785.738 414.19 1800.3 617.768 1182.53 1073.26 319.064
internal_count=191191 61434 355 129757 895 556 128862 1585 127277 112389 8629 103760 9117 8658 94643 48930 45713 1002 331 61079 339 14888 6929 3519 1871 7959 2756 5203 4724 1433
cat_boundaries=0 1 2 3
cat_threshold=28 19 54
is_linear=0
shrinkage=0.04


Tree=181
num_leaves=31
num_cat=1
split_feature=34 50 37 10 26 9 15 6 36 30 37 34 15 30 34 39 10 40 32 38 38 9 24 16 33 6 38 39 40 1
split_gain=3.61328 9.67127 8.49146 6.88259 10.4928 13.6717 8.32625 7.36933 6.07503 6.03047 5.80112 6.04063 5.6296 5.42924 5.37067 4.80055 4.72878 4.53412 4.27428 5.47349 4.14929 3.92759 4.6494 3.52446 4.34829 6.54203 5.94124 3.52021 3.29179 3.79021
threshold=0.20112359523773196 0 0.97740042209625255 8.5000000000000018 -0.27223320305347437 40.500000000000007 0.79361054301261913 0.1012820526957512 0.26352339982986456 0.55046296119689953 0.91458967328071605 0.067041199654340758 0.4403389841318131 0.39486841857433325 0.16774892061948779 0.94413232803344738 2.5000000000000004 -0.91597560048103321 0.83697199821472179 0.82404541969299328 0.46201923489570623 26.500000000000004 12.500000000000002 0.2639319002628327 0.41437973082065588 0.37668919563293463 0.071796759963035597 0.46709956228733068 -0.7865660786628722 12.500000000000002
decision_type=10 9 10 2 2 10 8 2 8 10 8 10 10 10 10 8 2 2 8 8 8 10 10 2 10 2 8 10 2 2
left_child=1 18 3 7 13 6 17 10 -8 23 21 -12 -9 -5 15 -4 -13 -6 28 -20 -11 22 -3 -2 26 -26 -25 -16 -1 -30
right_child=9 2 14 4 5 -7 8 12 -10 20 11 16 -14 -15 27 -17 -18 -19 19 -21 -22 -23 -24 24 25 -27 -28 -29 29 -31
leaf_value=-0.011954728273042564 -0.0094751789321636335 0.0028271825019369847 0.0016366659445300965 0 0 0.017969044685548261 0.004013231991481069 0.0031446383188915711 -0.0052945344053318159 -0.00013227844756153221 0.0056857575257556981 -0.024352564982261349 -0.020106917981298902 -0.020967630866473016 -0.01507213868057591 0.013603455602200665 -0.0015441792099985343 -0.018550892363084905 -0.022655812430840184 -0.0037729906065774601 0.015900142982313802 -0.0065841810392646971 0.012552902066871 0.030749416040267215 -1.1099989168963503e-05 -0.015911202971549507 -0.00335807984762178 0.0032716807164663753 0.011594598616944767 -0.0074016615265264096
leaf_weight=37.079454347491264 58.133336275815964 226.75679291784763 104.1142679899931 24.35158284008503 28.086160346865654 42.599609598517418 170.9437001645565 23.316349476575851 299.66189815104008 38.971197739243507 40.900445744395256 26.5421993881464 37.361969143152237 79.511222720146179 24.691462010145187 119.88850671052933 32.115577459335327 81.231916517019272 64.1362065076828 46.185905233025551 59.272176623344421 35.538483291864395 125.58096078038216 12.185840681195261 41882.653083950281 36.448353365063667 12.127910405397413 32.202311560511589 29.960372976958752 26.660595744848251
leaf_count=171 255 995 431 104 129 177 729 133 1287 166 177 115 213 336 102 495 135 361 281 204 250 149 534 143 182237 198 65 134 133 117
internal_value=-8.13447e-05 -0.00185474 -0.000713854 -0.00212015 -0.0046665 -0.00260164 -0.00428759 0.00122992 -0.00186486 -6.54527e-06 0.00293036 -0.0053986 -0.0113085 -0.016171 0.00549744 0.00828592 -0.0132811 -0.0140045 -0.00973187 -0.0154304 0.00964827 0.0051606 0.00647675 -3.07501e-05 -1.60556e-05 -2.7298e-05 0.0153831 -0.00494072 -0.0033641 0.00245063
internal_weight=43859.2 1759.42 1555.4 1274.5 726.386 622.523 579.924 548.113 470.606 42099.8 487.434 99.5582 60.6783 103.863 280.897 224.003 58.6578 109.318 204.023 110.322 98.2434 387.876 352.338 42001.5 41943.4 41919.1 24.3138 56.8938 93.7004 56.621
internal_count=190956 7642 6736 5574 3123 2683 2506 2451 2016 183314 2105 427 346 440 1162 926 250 490 906 485 416 1678 1529 182898 182643 182435 208 236 421 250
cat_boundaries=0 1
cat_threshold=285286433
is_linear=0
shrinkage=0.04


Tree=182
num_leaves=31
num_cat=10
split_feature=9 50 5 9 52 13 24 15 50 51 51 50 51 1 42 41 34 12 1 50 51 1 37 35 35 51 37 30 5 30
split_gain=3.50392 6.76919 9.06538 4.64911 4.24216 4.15535 4.03354 4.70065 3.82806 22.5353 11.9798 13.0884 26.5848 22.0576 14.6982 12.8509 12.7656 11.9767 12.5385 10.7601 16.0861 10.7273 9.15823 8.96063 10.3534 10.7522 9.80042 8.66433 8.20665 8.20097
threshold=43.500000000000007 0 0.98717737197875988 59.500000000000007 1 0.27320574223995214 39.500000000000007 0.73192510008811962 2 3 4 5 6 14.500000000000002 -0.60785761475563038 0.12940952181816107 0.98581486940383922 72.500000000000014 60.500000000000007 7 8 57.500000000000007 0.92893216013908397 0.90081965923309337 0.95683228969573986 9 0.59896907210350048 0.0036498295376077299 0.72792208194732677 0.46964913606643682
decision_type=10 9 2 10 1 2 10 10 9 9 9 9 9 2 2 2 8 10 2 9 9 2 8 8 8 9 10 10 2 10
left_child=6 4 -3 5 -2 -4 8 -8 10 17 11 12 14 15 22 -14 -15 18 21 28 29 -10 -1 26 27 -26 -13 -25 -12 -21
right_child=1 2 3 -5 -6 -7 7 -9 9 -11 19 23 13 16 -16 -17 -18 -19 -20 20 -22 -23 -24 24 25 -27 -28 -29 -30 -31
leaf_value=-0.0018468581172325341 0.0041128714616913004 -0.007955943863282116 0.024784292351385271 0.00066309906704734207 -0.013947699706690924 0.003723605483832102 -0.01346241183225168 0.0029778190566089736 -0.0016523048939656895 0.0017559884139798935 -0.014499232656033301 -0.0026586901944646818 0.0027837588010419601 0.0050228950056334098 -0.0079950239952237042 -0.013869630331695087 0.016679168405966897 -0.014961445698425158 0.012811259745656891 -0.0033809198179573564 0.001534956485874549 -0.021128484955483095 0.013803742431669763 -0.019820243732653817 0.00089539077187242549 -0.0020862882416889566 0.010947295926489145 -0.0048874022910768136 0.0011771688461325177 -0.016185065638550482
leaf_weight=168.61860732734203 30.690257847309113 30.827324047684669 62.077902466058731 30.544538795948029 29.003606483340263 24.959483355283737 69.360117226839066 39.25786229968071 3555.9878900423646 8900.2063579782844 48.498094365000725 147.20383851975203 142.2966338172555 1266.1500377207994 554.83919109404087 143.29205112159252 169.91813078522682 104.90390425920486 89.781468480825424 1726.3676355928183 1560.5735042020679 41.08589842915535 85.525937512516975 66.896457269787788 2467.7512947767973 8742.9731120578945 183.92025970667601 602.23280610144138 12781.801850706339 80.522612929344177
leaf_count=755 130 128 258 127 123 104 291 164 15114 38699 315 751 639 5409 2448 645 788 449 384 7562 6943 175 409 292 10651 38154 836 2600 55611 354
internal_value=7.58251e-05 0.00519342 0.00937869 0.0149908 -0.00543326 0.0194925 5.0429e-05 -0.00747483 7.04754e-05 0.00065534 -0.000169026 -0.000994081 0.00161399 0.00441977 -0.00430467 -0.00559801 0.00646905 -0.00191964 -0.00152858 0.00058085 -0.00142481 -0.00190933 0.00350749 -0.00153754 -0.00172164 -0.00142912 0.00488957 -0.00654592 0.00110986 -0.00398367
internal_weight=43948.1 208.103 148.409 117.582 59.6939 87.0374 43740 108.618 43631.3 12692 30939.4 14741.6 2530.64 1721.66 808.984 285.589 1436.07 3791.76 3686.86 16197.8 3367.46 3597.07 254.145 12211 11879.9 11210.7 331.124 669.129 12830.3 1806.89
internal_count=191308 870 617 489 253 362 190438 455 189983 54821 135162 64377 11093 7481 3612 1284 6197 16122 15673 70785 14859 15289 1164 53284 51697 48805 1587 2892 55926 7916
cat_boundaries=0 1 2 3 4 5 6 7 8 9 10
cat_threshold=16782340 13 34819165 6359808 10252439 34669584 12309 149580 2231808 4097
is_linear=0
shrinkage=0.04


Tree=183
num_leaves=31
num_cat=17
split_feature=50 51 37 37 23 43 51 51 50 27 51 51 30 17 1 1 50 50 51 51 52 50 12 50 10 51 51 36 2 52
split_gain=3.43562 5.33874 5.36873 4.53877 3.40134 9.10522 7.09834 3.26431 14.318 11.2032 15.9867 11.7107 14.3121 15.412 11.2502 11.1317 24.4312 13.6067 17.5947 16.6299 17.5329 12.5171 11.3158 11.3094 11.1762 20.0053 15.076 10.8389 10.8212 10.4214
threshold=0 1 0.91709622740745556 0.77158385515213024 -1.0000000180025095e-35 -0.56174489110708226 2 3 4 0.016807910054922107 5 6 0.10227273032069208 0.75128865242004406 15.500000000000002 12.500000000000002 7 8 9 10 11 12 33.500000000000007 13 28.500000000000004 14 15 0.095695972442626967 11.500000000000002 16
decision_type=9 9 8 10 8 2 9 9 9 2 9 9 10 10 2 2 9 9 9 9 1 9 10 9 2 9 9 10 2 1
left_child=1 -1 3 -3 5 -2 -7 8 9 10 -6 12 -11 -14 -12 16 27 19 21 20 23 22 -19 -17 26 -26 -21 -9 -29 -23
right_child=4 2 -4 -5 7 6 -8 15 -10 11 14 -13 13 -15 -16 17 -18 18 -20 24 -22 29 -24 -25 25 -27 -28 28 -30 -31
leaf_value=0.014989683598340561 0.010053488728738303 -0.0038582591959826526 -0.014906414968384379 0.017576705100291169 -0.00052671894200383206 0.0042869795466125103 -0.021637361917447587 -0.023385896800707393 0.00068895174706683378 0.0059102159097716815 -0.0093211169494742067 -0.0010924477461829705 0.0027001385640056329 -0.0092795597599272684 -0.0033049687351235507 -0.011406106783939211 -0.0005031892105075088 0.021380161399492947 -0.00077310400086262371 0.0008828242356222777 -0.02703147567868041 0.0098713212881309867 0.0043028336606628559 0.0096396544791166171 0.0048405260363345018 -0.0011506376591604258 0.0058520765859643997 0.0011089603631344084 -0.016198634169820331 -0.015120647284541709
leaf_weight=48.87166702747345 27.951338671147823 29.376590013504028 24.181921228766441 23.8128931671381 2885.0946980156004 22.135121911764145 43.543999701738358 99.827117227017879 11586.971577510238 957.38676509261131 674.79639311134815 5786.6546436697245 488.60243928432465 257.79817847907543 1973.3217723742127 67.178114354610443 1871.1318558678031 127.09445980191231 8302.2568845748901 1791.1081500388682 49.512272387742996 33.138581216335297 129.78388474881649 66.105108648538589 1269.6994799748063 2895.8043267354369 2206.1740483231843 115.32202354818583 105.88727378845215 48.088658902794123
leaf_count=214 139 126 105 109 12368 102 201 443 50061 4102 2919 24903 2139 1119 8482 295 8215 805 36100 7903 218 172 685 317 5396 12969 9742 528 492 225
internal_value=-2.38608e-05 0.00620363 -0.000662498 0.00608017 -4.43403e-05 -0.00746488 -0.015387 -2.71764e-05 -0.000332379 -0.00124232 -0.00260775 -0.0002316 0.00266587 -0.00144511 -0.00484198 0.000363405 -0.00231359 0.000710863 -0.000400295 0.00186146 -0.00960269 0.00834142 0.0125944 -0.00091384 0.00213778 0.000683212 0.00365116 -0.0122435 -0.00726226 -0.00476736
internal_weight=44008.6 126.243 77.3714 53.1895 43882.4 93.6305 65.6791 43788.7 24610.6 13023.7 5533.21 7490.44 1703.79 746.401 2648.12 19178.1 2192.17 16985.9 8640.36 8345.58 182.795 338.106 256.878 133.283 8162.79 4165.5 3997.28 321.036 221.209 81.2272
internal_count=191594 554 340 235 191040 442 303 190598 106093 56032 23769 32263 7360 3258 11401 84505 9678 74827 37987 36840 830 1887 1490 612 36010 18365 17645 1463 1020 397
cat_boundaries=0 1 2 3 4 5 6 7 8 9 10 11 12 13 14 15 16 17
cat_threshold=140771584 8721414 1050113 327586 369354849 307968 3074 285279232 394337280 12 4 105 172548 6144 3670024 2686985 28
is_linear=0
shrinkage=0.04


Tree=184
num_leaves=31
num_cat=15
split_feature=14 24 51 50 50 51 51 34 51 51 50 51 26 50 28 27 33 51 35 52 35 50 51 52 14 44 17 8 11 14
split_gain=3.85377 4.15272 10.5573 20.6534 15.1142 10.4467 8.02845 7.49811 16.9327 7.72871 15.0505 12.8978 13.9395 10.4366 9.04875 8.60597 7.48251 7.30947 9.60758 10.4415 9.89562 7.28685 11.2902 20.7331 9.98487 7.131 7.43744 10.6071 9.19596 6.99631
threshold=0.96225070953369152 9.5000000000000018 0 1 2 3 4 0.16774892061948779 5 6 7 8 -0.034286834299564355 9 2.5000000000000004 0.05298245698213578 0.92708334326744091 10 0.94782215356826793 11 0.86754387617111217 12 13 14 0.017700501717627052 1.0000000180025095e-35 0.64334636926651012 19.500000000000004 35.500000000000007 0.89512962102890026
decision_type=10 8 9 9 9 9 9 10 9 9 9 9 2 9 10 2 10 9 10 1 10 9 9 1 10 2 10 10 10 8
left_child=1 7 3 -3 5 -4 -6 8 -1 13 11 14 15 17 -11 -13 -8 -9 20 -20 -19 22 24 -24 -15 26 27 29 -28 -5
right_child=-2 2 4 25 6 -7 16 9 -10 10 -12 12 -14 21 -16 -17 -18 18 19 -21 -22 -23 23 -25 -26 -27 28 -29 -30 -31
leaf_value=0.0051021528964650545 -0.0096021031097038266 -0.0050470037004130431 -0.0047577511886486698 0.015306517499339376 -0.00042348629895791262 0.00157016457367981 0.0038935712188471168 -0.0062422774023932724 -0.01556193186739391 0.0087480562657365878 -1.1313831050004951e-05 0.016812965465606785 -0.0039484088783459494 -0.00076988307028703223 -0.0046242435815322964 0.0028441250628414134 0.014642719480495163 0.0095999555412720153 0.0026968412563214391 -0.0038361645169090442 -0.017661458915151227 -0.00060983773860753745 0.0072976239508040341 -0.0076427202723634569 0.012638110850254632 -0.0047487124796095166 -0.0059012138285957916 -0.0022780481998243792 0.0091610298016972444 -0.0052604804477905925
leaf_weight=100.19084890186787 63.445281215012074 1157.4411607682705 758.97172904014587 234.09623795747757 714.36041502654552 890.13160660862923 2508.9743426889181 825.82429673150182 137.57730966061354 784.1078152358532 15212.820519015193 84.612805157899857 507.81789793074131 127.8624946475029 85.064889252185822 374.64866442978382 105.60321682691574 22.382454738020897 731.95392565056682 805.76598513498902 98.140909627079964 16278.336323902011 263.3856601677835 303.48900873214006 263.83975203335285 132.34536331892014 156.73862175643444 93.228413686156273 103.2185680270195 25.744918718934059
leaf_count=461 295 5044 3228 1008 2948 3729 10649 3651 644 3484 66172 358 2426 611 365 1585 450 108 3205 3602 428 71036 1172 1351 1136 594 665 397 441 112
internal_value=-0.000114965 -9.97024e-05 0.000801567 -0.00171985 0.00177003 -0.00134677 0.00331914 -0.000267901 -0.00727722 -0.000221049 0.00040178 0.00380731 0.000571859 -0.000760292 0.00731382 0.00561413 0.0043459 -0.00317782 -0.00159745 -0.000722216 -0.0122587 -0.000408275 0.00295074 -0.000657476 0.00805341 0.003418 0.00529292 0.0090324 6.39323e-05 0.0131324
internal_weight=43952.1 43888.7 6880.85 1902.81 4978.04 1649.1 3328.94 37007.8 237.768 36770.1 17049.1 1836.25 967.079 19721 869.173 459.261 2614.58 2484.07 1658.24 1537.72 120.523 17236.9 958.577 566.875 391.702 745.372 613.027 353.07 259.957 259.841
internal_count=191355 191060 29265 8261 21004 6957 14047 161795 1105 160690 74390 8218 4369 86300 3849 1943 11099 10994 7343 6807 536 75306 4270 2523 1747 3217 2623 1517 1106 1120
cat_boundaries=0 1 2 3 4 5 6 7 8 9 10 11 12 13 14 15
cat_threshold=2206868 268647976 18006084 9715969 522 2398593 14047521 98967552 98822 24577 8519968 11 376504608 4476960 112
is_linear=0
shrinkage=0.04


Tree=185
num_leaves=31
num_cat=16
split_feature=35 50 51 51 50 38 16 38 52 51 51 36 36 35 38 51 51 37 27 35 18 50 51 42 50 52 17 51 51 50
split_gain=3.83768 10.6992 11.8578 8.81766 9.2755 9.18868 10.0524 8.69364 10.4615 11.8002 9.34038 8.69179 8.61256 8.07512 8.40584 8.27557 7.70394 7.66687 7.18723 8.38457 6.95927 6.56074 10.5571 10.9499 12.9198 9.91573 10.1323 13.9186 9.99085 14.3912
threshold=0.99494948983192455 0 1 2 3 0.48666429519653326 0.84395292401313793 0.030457638204097751 4 5 6 0.1179633140563965 0.78896763920784008 0.97740042209625255 0.013072453904896976 7 8 0.77836257219314586 0.036038961261510856 0.93798077106475841 0.90501254796981823 9 10 -1.0000000180025095e-35 11 12 0.97860902547836315 13 14 15
decision_type=8 9 9 9 9 10 2 10 1 9 9 10 10 10 10 9 9 10 2 10 10 9 9 2 9 1 10 9 9 9
left_child=1 2 17 4 -3 -6 -7 13 10 -10 18 -12 20 14 15 -4 -15 -1 -9 -20 -11 -2 23 24 -23 -24 28 -28 29 -27
right_child=21 3 7 -5 5 6 -8 8 9 12 11 -13 -14 16 -16 -17 -18 -19 19 -21 -22 22 25 -25 -26 26 27 -29 -30 -31
leaf_value=-0.0039612382822656264 -0.0002292149215380028 -0.0059759537226771013 -0.0024570844277642043 0.0015037106943938138 -0.0011890498273178941 -0.0028576418679972745 0.01925088486237932 0.014546697378703437 3.2652679945038924e-05 -0.0083869586102099415 -0.01210894854853573 0.0025893998884451057 0.010991627108662869 0.0019812844076932653 0.016405232896545333 0.0052077542766969225 -0.013033247954676209 -0.017190587149934801 0.011396415934685827 -0.012294133101711244 -0.019142385336375248 0.0076864372767441883 0.0016779426958297664 0.014651267501478412 -0.016042998979313536 0.00059607646996095401 3.9567914878577473e-05 -0.0077550725475330051 -0.0010354898205336218 0.010627883163030649
leaf_weight=150.03841499984264 24640.050807382911 603.76160432398319 464.89279334247112 3170.9097988940775 925.2983058616519 52.345826655626297 73.358596935868263 101.43714487552643 260.68215209245682 350.37021520733833 116.78117091953754 129.90788517147303 23.414927303791046 95.051557049155235 57.392602130770683 409.16725578904152 106.97939516603947 142.82359314709902 40.792511016130447 44.765955597162247 146.44209874421358 93.475230559706688 6881.4387160949409 177.4072961807251 40.451581045985222 771.87862278521061 818.52802952006459 647.54493793100119 2146.4903413653374 317.02794881165028
leaf_count=746 107768 2758 2009 13873 4125 233 320 436 1136 1512 498 560 104 397 244 1735 454 688 182 190 637 433 29343 775 171 3263 3640 2846 9146 1349
internal_value=-2.58064e-05 -0.000852202 -0.00289116 0.000266786 -0.00208369 0.000186142 0.0101343 -0.00189728 -0.00425147 -0.00695822 0.000742256 -0.00422376 -0.0104014 0.000598729 0.00219273 0.00114875 -0.00652919 -0.0103141 0.00721971 -0.000772526 -0.0117563 0.000142632 0.000913828 0.0080184 -0.000257845 0.000711018 -0.000700844 -0.00345673 0.000543018 0.00363961
internal_weight=44000.9 7466.61 2640.94 4825.67 1654.76 1051 125.704 2348.08 1214.59 780.909 433.685 246.689 520.227 1133.48 931.453 874.06 202.031 292.862 186.996 85.5585 496.812 36534.3 11894.2 311.334 133.927 11582.9 4701.47 1466.07 3235.4 1088.91
internal_count=191571 32837 11528 21309 7436 4678 553 10094 5255 3389 1866 1058 2253 4839 3988 3744 851 1434 808 372 2149 158734 50966 1379 604 49587 20244 6486 13758 4612
cat_boundaries=0 1 2 3 4 5 6 7 8 9 10 11 12 13 14 15 16
cat_threshold=17916566 458760 1687829 268439624 10 2135174 14166276 10549505 11026977 269982765 132 8704 39 10986537 12632617 134234688
is_linear=0
shrinkage=0.04


Tree=186
num_leaves=31
num_cat=12
split_feature=50 51 52 36 27 36 1 39 37 51 52 39 52 37 1 51 50 38 51 51 11 50 10 39 39 50 15 14 33 33
split_gain=3.46458 13.2569 6.81587 9.08281 6.90588 5.4438 4.37456 6.27382 4.23191 4.0835 3.68611 6.33601 3.36328 9.76615 10.9935 10.118 11.1097 12.0429 9.36934 8.57613 8.84999 9.12092 8.56431 8.50082 8.45045 8.10788 7.89466 7.82852 12.6359 9.67961
threshold=0 1 2 0.14365079998970035 0.034683240577578552 0.44661854207515722 38.500000000000007 0.68217894434928905 0.60107529163360607 3 4 0.59549137949943554 5 0.59896907210350048 39.500000000000007 6 7 0.5721726417541505 8 9 3.5000000000000004 10 5.5000000000000009 0.93369963765144359 0.37590579688549047 11 0.84240093827247631 0.125657893717289 0.93518522381782543 0.88235297799110424
decision_type=9 9 1 10 2 8 2 8 10 9 1 8 1 8 2 9 9 10 9 9 10 9 2 8 8 9 10 10 10 10
left_child=1 2 3 4 -1 6 7 -4 -5 -9 11 -3 -2 14 15 16 17 -14 -16 25 21 -21 23 -22 -20 27 -24 28 29 -15
right_child=12 10 5 8 -6 -7 -8 9 -10 -11 -12 -13 13 19 18 -17 -18 -19 24 20 22 -23 26 -25 -26 -27 -28 -29 -30 -31
leaf_value=0.0041140246999243346 0.00035441577093173139 -0.011636066064010213 -0.012220732692010822 -0.00037990995440813097 -0.01963902150392776 -0.019699353014755176 -0.016349158313681843 -0.0058920306473654715 0.017808159736263662 0.010121476872753207 0.014770085519070924 0.0086860794450201242 -0.0054252458284063535 0.0049899487646167797 -0.0047141619464515323 -0.001862938264958366 -0.012697868501799865 0.015042599639621996 -0.01046442524768682 0.012228841632311865 -0.022430031005136564 -0.0051730210240763675 -0.0004150794615854952 0.00063822867321338328 0.010597381228332019 0.00049581770476397273 -0.012030364349494813 0.0086755153273453574 0.0051995178021977959 -0.014013934613049457
leaf_weight=40.890271797776222 25428.351713504642 26.624643981456757 41.063300803303719 25.986241817474365 28.844644233584404 38.246744751930237 27.980825439095497 26.238802209496498 62.860516384243965 65.635843247175217 125.96750690788031 100.91543892771006 275.13317510485649 62.111250966787338 129.97004660964012 2293.0347208455205 324.01911748200655 49.820880860090256 29.71668453514576 151.36362007260323 52.031149752438068 59.591913416981697 10545.395055305213 42.870240598917007 245.13793892413378 2485.0889209769666 89.63061648607254 453.41223704814911 471.32003207504749 113.16226714849472
leaf_count=173 110551 121 173 106 118 158 115 113 262 277 573 441 1160 268 600 10097 1377 209 127 649 234 260 45684 189 1064 11153 378 1956 2143 498
internal_value=0.00010179 0.00305631 -0.00187816 0.00403739 -0.00609999 -0.00663457 -0.00330862 0 0.0125385 0.0057102 0.00981017 0.00373231 5.85534e-05 -0.000361208 -0.00230787 -0.00316242 -0.00753037 -0.00198598 0.00381652 8.63236e-05 -0.000468952 0.00754122 -0.000632175 -0.0122987 0.00782295 0.00178111 -0.000520459 0.00462111 0.0017735 -0.00721701
internal_weight=43912.4 611.255 357.747 158.582 69.7349 199.166 160.919 132.938 88.8468 91.8746 253.508 127.54 43301.2 17872.8 3346.83 2942.01 648.973 324.954 404.825 14526 10940.9 210.956 10729.9 94.9014 274.855 3585.09 10635 1100.01 646.594 175.274
internal_count=191227 2630 1495 659 291 836 678 563 368 390 1135 562 188597 78046 14634 12843 2746 1369 1791 63412 47394 909 46485 423 1191 16018 46062 4865 2909 766
cat_boundaries=0 1 2 3 4 5 6 7 8 9 10 11 12
cat_threshold=208666914 3385988 72 3155968 73 83 10486019 16790613 3653762 213656 48712 114761
is_linear=0
shrinkage=0.04


Tree=187
num_leaves=31
num_cat=10
split_feature=2 51 12 50 51 51 18 24 39 39 50 2 11 50 41 35 51 50 42 36 13 39 27 12 5 39 36 39 50 51
split_gain=5.83802 22.5447 14.2051 12.8567 19.4743 11.9915 7.90058 6.72367 6.24634 6.03068 5.81018 19.1406 5.68841 5.09742 6.0405 5.07571 4.79658 14.3084 12.4591 16.1209 9.11438 5.85681 10.0054 6.71051 6.62992 5.31045 4.823 4.60593 4.56024 9.9746
threshold=85.500000000000014 0 68.500000000000014 1 2 3 0.90501254796981823 60.500000000000007 0.88273492455482494 0.78611555695533764 4 78.000000000000014 87.500000000000014 5 0.37940952181816107 0.98692753911018383 6 7 -1.0000000180025095e-35 0.066300369799137129 0.015749008394777778 0.80104166269302379 0.070298988372087493 25.500000000000004 0.98425099253654491 0.73385417461395275 0.45049019157886511 0.92349499464035045 8 9
decision_type=2 9 10 9 9 9 10 10 10 10 9 2 8 9 2 10 9 9 2 8 2 8 2 10 2 10 10 10 9 9
left_child=2 3 7 12 8 9 -6 16 -5 -4 -7 15 -2 -3 -15 -12 17 21 19 -19 25 22 -1 -23 -25 -20 -21 -11 29 -18
right_child=1 13 5 4 6 10 -8 -9 -10 27 11 -13 -14 14 -16 -17 28 18 20 26 -22 23 -24 24 -26 -27 -28 -29 -30 -31
leaf_value=0.018062239088926228 0.012258892061309435 -0.014446269419521526 -0.0073700458830137632 0.018223073886984204 0.0021660450159151981 0.0033941623616480965 -0.017132495318808196 0.019043826031705936 0.0002260426889548408 0.015750472389657384 -0.024026196350630174 -0.037442996956157944 0.0049414607280022487 -0.013350048937528931 0.012144272812321222 -0.005979519216217706 0.015099181765727339 0.0084172788858279425 -0.0069115110280763203 -0.019610443896198423 0.020069584385112221 0.011458270474762758 -0.011986002702993319 -0.015883784486009009 0.0033606741593442016 0.0077047510085072844 0.0001571456877354381 0.00048086336376570505 -0.00014509538648946454 -0.0011528779683173888
leaf_weight=135.43844900280237 265.89227597415447 123.04150673747063 106.09757401794195 60.297885879874229 43.146672680974007 32.63161589205265 117.24730387330055 24.519594117999077 63.099571794271469 39.164456903934479 26.903502896428108 43.866076737642288 537.28251303732395 20.963341623544693 29.490280643105507 179.53359062969685 85.813274800777435 52.719594024121761 81.708009749650955 119.24388325214386 41.359272301197052 113.28465701639652 15.951756983995436 32.720123454928398 112.03760734200478 68.378969423472881 21.013402096927166 122.81481541693211 40982.256260138005 147.81363462656736
leaf_count=893 1138 553 458 257 180 135 491 104 270 177 119 197 2382 95 157 804 401 312 426 601 188 722 73 165 599 383 110 534 177360 654
internal_value=-4.22521e-05 0.00263444 -0.000122248 0.00478755 -0.00242575 -0.00647412 -0.0112325 -3.77475e-05 0.00885364 -7.67343e-05 -0.0119421 -0.0140957 0.00735846 -0.0101962 0.000798237 -0.00893855 -5.16258e-05 0.00299803 -0.00247871 -0.00963015 0.00456356 0.00809323 0.0144862 0.00437011 -0.00124076 -8.97347e-05 -0.0166077 0.00465371 -0.000111907 0.00528701
internal_weight=43845.7 1260.46 42585.3 1086.97 283.791 551.012 160.394 42034.3 123.397 268.077 282.935 250.303 803.175 173.495 50.4536 206.437 42009.7 793.856 384.423 192.977 191.446 409.433 151.39 258.042 144.758 150.087 140.257 161.979 41215.9 233.627
internal_count=190938 5523 185415 4718 1198 2424 671 182991 527 1169 1255 1120 3520 805 252 923 182887 4472 2020 1023 997 2452 966 1486 764 809 711 711 178415 1055
cat_boundaries=0 1 2 3 4 5 6 7 8 9 10
cat_threshold=16548611 35852 786435 8444974 64 2568 28 269791757 15991040 4482051
is_linear=0
shrinkage=0.04


Tree=188
num_leaves=31
num_cat=5
split_feature=36 39 24 2 50 40 2 34 41 50 36 50 41 40 40 11 2 1 50 2 2 32 13 36 16 41 52 42 42 9
split_gain=3.50898 5.15572 4.38373 3.23531 18.3546 16.3115 13.6116 13.1861 8.80817 8.70619 7.57653 6.4662 4.81997 7.04541 8.89621 9.3937 7.05596 4.78171 10.659 6.20603 26.4123 7.66103 6.75218 6.12605 4.6787 4.60982 4.17703 4.04957 4.03816 4.34915
threshold=0.9506097435951234 0.8896499276161195 7.5000000000000009 79.500000000000014 0 0.37940952181816107 78.000000000000014 0.80104166269302379 -0.12940952181816107 1 0.012579114176332952 2 -0.12940952181816107 -0.91597560048103321 -1.0000000180025095e-35 89.500000000000014 92.500000000000014 68.500000000000014 3 70.500000000000014 73.500000000000014 1.0000000180025095e-35 0.014389234129339458 0.016261236742138866 0.94151845574378978 0.91597560048103344 4 1.0000000180025095e-35 -1.0000000180025095e-35 6.5000000000000009
decision_type=10 8 10 2 9 2 2 10 2 9 8 9 2 2 2 10 2 2 9 2 2 8 2 8 2 2 1 2 2 8
left_child=3 2 -2 6 12 8 17 -7 -6 -9 11 24 -5 -14 15 -15 -16 -1 19 22 25 -22 26 -20 -10 -21 -19 -18 29 -25
right_child=1 -3 -4 4 5 7 -8 9 10 -11 -12 -13 13 14 16 -17 27 18 23 20 21 -23 -24 28 -26 -27 -28 -29 -30 -31
leaf_value=-0.0001018578181879248 -0.018848221842636754 0.0014875356000514806 0.00075565638471850093 -0.016825691575166349 -0.0084425511474515488 0.0152015859174648 -0.019888431045259482 -0.023220293003425489 -0.014578765578386405 0.0033923445667110104 0.011976962336130331 0.011801547075165784 0.010713064220750013 0.00018965079031991384 -0.01133294641408584 -0.017756072752487199 0.012333976448304043 0.0063419675947638679 -0.020440171556030475 -0.013400523910152734 -0.011901754281893153 0.0065362977857604263 0.015027259294273057 0.010269231992549862 0.0024837717181066844 -0.034938262895416683 -0.0059448820931479488 -0.0032326842575012139 -0.010849159773755286 -0.0097689869631401253
leaf_weight=41560.420669551939 53.98966757953167 68.675333790481091 23.12386280298233 46.198453426361084 53.27532397210598 21.876877442002296 51.059243872761726 56.726834580302238 22.676099270582199 27.570542179048061 360.5530341565609 113.88513140380383 43.596681103110313 70.993672534823418 41.514086440205574 119.51244901120663 72.609651379287243 72.437455520033836 68.803959250450134 86.04568438231945 37.618882969021797 219.6587718129158 68.082814082503319 36.70491910725832 332.07321526110172 22.985331118106842 74.596629999577999 35.475900575518608 94.11175699532032 24.226260930299759
leaf_count=180938 242 300 104 208 260 91 216 245 96 137 1525 476 194 295 175 496 322 319 289 387 177 948 299 164 1527 95 329 152 410 104
internal_value=-0.000146338 -0.00624054 -0.013038 -0.000124904 0.00174947 0.00473126 -0.000188259 -0.00964731 0.00658168 -0.0168102 0.00761578 0.00412718 -0.00503038 -0.00349 -0.00549742 -0.0111323 0.0016769 -0.0001617 -0.00320581 -0.000195335 -0.0033843 0.00358855 0.00508874 -0.010304 0.00111895 -0.0194493 1.23927e-05 0.00713079 -0.00582664 0.00186204
internal_weight=43981.1 145.789 77.1135 43835.3 1418.54 988.637 42416.8 106.174 882.463 84.2974 829.187 468.634 429.901 383.702 340.106 190.506 149.6 42365.7 805.272 581.426 366.309 257.278 215.117 223.847 354.749 109.031 147.034 108.086 155.043 60.9312
internal_count=191520 646 346 190874 6199 4357 184675 473 3884 382 3624 2099 1842 1634 1440 791 649 184459 3521 2554 1607 1125 947 967 1623 482 648 474 678 268
cat_boundaries=0 1 2 3 4 5
cat_threshold=16781828 2120 3072 51712 25
is_linear=0
shrinkage=0.04


Tree=189
num_leaves=31
num_cat=4
split_feature=29 51 38 6 37 7 17 32 37 28 30 29 13 38 12 37 15 51 38 51 14 22 32 15 51 15 1 29 15 39
split_gain=6.84067 10.0213 6.42312 12.3042 11.4271 9.89873 6.3437 12.2896 8.7635 9.1649 8.29811 7.15413 8.49294 7.28471 9.00467 7.66988 6.69116 6.19465 5.83922 14.812 7.15682 5.94979 5.91844 5.82953 5.56213 5.50073 5.44472 5.43299 9.5318 5.59703
threshold=3.5000000000000004 0 0.25126262009143835 0.039736840873956687 0.94151845574378978 3.5000000000000004 0.4552139043807984 0.53371214866638195 0.97241246700286876 -20.499999999999996 0.35540936887264257 13.500000000000002 0.25166666507720953 0.29442724585533148 30.500000000000004 0.85037314891815197 0.043717153370380409 1 1.0000000180025095e-35 2 0.84240093827247631 20.500000000000004 0.7926556169986726 0.64346247911453258 3 0.038711288943886764 13.500000000000002 5.5000000000000009 0.20101010054349902 0.61237245798110973
decision_type=10 9 10 2 10 2 10 10 10 10 10 10 2 8 10 10 10 9 10 9 10 2 10 10 9 10 2 10 10 10
left_child=-1 6 4 5 -3 24 10 11 9 -9 -2 13 -13 14 15 -8 -16 23 19 -12 21 22 -20 25 -4 -7 -22 29 -29 -19
right_child=1 2 3 -5 -6 17 7 8 -10 -11 18 12 -14 -15 16 -17 -18 27 20 -21 26 -23 -24 -25 -26 -27 -28 28 -30 -31
leaf_value=0.00019993471245126668 0.020482976920905165 -0.0023725059732169046 -0.011290334301801559 -0.007256872826198536 0.0023819457010977453 0.013117379841737553 -0.0083740122457640065 0.0032837908936106082 0.0056325799652172052 -0.023329306100623944 -0.011189788193588044 0.019172548525401428 -0.00085179147410494472 -0.0017181857662582727 -0.0053625870712852384 0.0018745115079690014 -0.01970129573444377 0.0071592219884203537 0 0.010655665591739517 -0.0079728258069343156 -0.021033130142875604 -0.017853875034250261 0.0097463711010795304 0.0021782177326675738 -0.0031218523959992707 0.013262872771405292 -0.005523430103366235 0.0068406030996443334 0.021581888512101535
leaf_weight=35811.728215973824 26.914594680070877 2877.5840363353491 95.024449944496155 200.3640233501792 1116.2010341733694 31.625216767191887 257.9648175984621 22.248966589570045 24.476164236664772 111.49693167954683 57.235134050250053 41.242531478404999 119.16622403264046 912.88267157971859 102.06492713093758 202.8089671432972 126.90513183176517 155.43671998381615 118.29010330140591 149.85117796808481 24.891927152872086 42.29983414709568 33.748708218336105 84.727072760462761 82.480479210615158 347.93421232700348 48.465080961585045 118.20371203124523 505.40707285702229 64.700591668486595
leaf_count=156111 130 12373 414 894 4741 132 1150 105 102 515 244 178 531 4070 459 883 595 667 524 660 115 183 158 351 353 1460 209 519 2146 279
internal_value=-3.70965e-05 -0.00108666 -0.000160061 0.00190242 -0.00103739 0.00317141 -0.00323171 -0.00429015 -0.0148404 -0.0187992 0.000720687 -0.00329272 0.00459966 -0.00410697 -0.00720464 -0.0038485 -0.0136464 0.00438449 -0.000559705 0.00437701 -0.00446226 -0.00846608 -0.004284 0.000528143 -0.00553343 -0.00156382 0.00575287 0.00638587 0.00443993 0.0118722
internal_weight=43914.4 8102.64 5679.69 1685.9 3993.79 1485.54 2422.95 1921.26 158.222 133.746 501.697 1763.04 160.409 1602.63 689.744 460.774 228.97 1308.03 474.782 207.086 267.696 194.339 152.039 464.287 177.505 379.559 73.357 843.748 623.611 220.137
internal_count=191251 35140 24329 7215 17114 6321 10811 8588 722 620 2223 7866 709 7157 3087 2033 1054 5554 2093 904 1189 865 682 1943 767 1592 324 3611 2665 946
cat_boundaries=0 1 2 3 4
cat_threshold=3973152 5636 2105344 4344578
is_linear=0
shrinkage=0.04


Tree=190
num_leaves=31
num_cat=14
split_feature=14 30 51 50 37 38 32 51 38 50 37 15 37 51 34 51 15 50 13 28 51 50 50 51 34 37 26 51 51 50
split_gain=5.24057 3.95127 9.33663 10.9043 6.13097 7.20817 6.05452 9.70549 6.383 6.04134 7.18233 9.91222 7.39506 10.4507 5.29478 4.85118 4.3465 5.50916 7.00774 3.90781 10.5854 12.1136 9.47386 9.02049 7.829 7.0343 5.64757 18.7491 18.2073 11.64
threshold=0.96225070953369152 0.55046296119689953 0 1 0.45534290373325353 0.34815546870231634 0.93387979269027721 2 0.23117408901453021 3 0.98473194241523754 0.93813776969909679 0.72776681184768688 4 0.09175084158778192 5 0.91010102629661571 6 0.070298988372087493 -3.4999999999999996 7 8 9 10 0.40129870176315313 0.97927406430244457 -0.020305091515183445 11 12 13
decision_type=10 10 9 9 8 8 10 9 10 9 10 10 10 9 10 9 10 9 2 8 9 9 9 9 10 10 2 9 9 9
left_child=1 6 3 -3 -5 -6 16 -8 -9 15 11 12 13 -11 -12 -4 19 18 -18 20 22 24 23 -1 -22 -23 27 -21 29 -28
right_child=-2 2 9 4 5 -7 7 8 -10 10 14 -13 -14 -15 -16 -17 17 -19 -20 26 21 25 -24 -25 -26 -27 28 -29 -30 -31
leaf_value=0.0031923255355536194 -0.011336496170495597 -0.0037350407583420114 -0.019853093534040508 0.035791001848205425 -0.0045107923840215633 0.021060532205046216 0.0052733409171909088 -0.022913660963575621 -0.00027708041550720766 -0.011023210835414838 0 0.018813593318120488 -0.012884542860608953 0.0083975726653503797 0.025103089723185645 0 0.025150062743545074 -0.0029282738275009761 -0.00037791024522607243 -0.0005423227507863293 -0.0080802935759857614 -0.0045161170815607669 0.0010627183178392268 -0.0083736210533441029 0.0051900396455489672 0.0010969411573455588 0.0056902474808217356 0.0023333992104231549 -0.0010701364098610676 0.0007511270802600385
leaf_weight=147.05716909468174 61.724080793559551 47.687854424118996 27.001688465476036 27.699180826544762 23.594875544309616 43.464456245303154 52.531572893261909 64.097887590527534 30.728951297700405 53.790615722537041 24.482163920998573 32.64239276945591 79.066728413105011 109.64754827320576 29.727094024419785 45.338271051645279 39.769201442599297 48.140242472290993 25.248081341385841 9009.1153677627444 79.491821393370628 2415.3145802244544 3683.0408709645271 335.13230146467686 428.29553563892841 410.60886473953724 943.9615478515625 6045.691142603755 15652.89820901677 3876.3374093584716
leaf_count=625 287 206 115 118 100 186 234 278 138 236 101 139 341 456 121 195 167 208 108 39283 341 10807 15799 1420 1817 1746 4325 25617 68378 17315
internal_value=-0.000131853 -0.000114327 0.00325572 0.0114826 0.018787 0.012097 -0.000157523 -0.00811946 -0.0146884 -9.41924e-08 0.00233655 -0.00023748 -0.00321092 0.00159372 0.0150506 -0.0094418 -0.000128925 0.00752915 0.0136785 -0.000150403 -0.000979883 -0.00265428 0.000362525 -0.00481614 0.00295742 -0.00367997 2.4227e-05 0.000612759 -0.000407613 0.00173715
internal_weight=43893.3 43831.6 544.143 142.446 94.7585 67.0593 43287.5 147.358 94.8268 401.697 329.357 275.147 242.505 163.438 54.2093 72.34 43140.1 113.158 65.0173 43026.9 7498.94 3333.71 4165.23 482.189 507.787 2825.92 35528 15054.8 20473.2 4820.3
internal_count=191207 190920 2314 610 404 286 188606 650 416 1704 1394 1172 1033 692 222 310 187956 483 275 187473 32555 14711 17844 2045 2158 12553 154918 64900 90018 21640
cat_boundaries=0 1 2 3 4 5 6 7 8 9 10 11 12 13 14
cat_threshold=5265536 33861 4614401 268587009 8848384 8914688 64000 10667918 268795984 106545 8437760 7328009 7208968 336691493
is_linear=0
shrinkage=0.04


Tree=191
num_leaves=31
num_cat=14
split_feature=23 38 28 23 51 50 36 10 50 32 50 36 18 50 14 38 38 52 2 51 50 62 50 29 2 50 51 52 50 50
split_gain=3.82722 7.46538 4.65337 4.33334 3.7838 24.9359 7.38306 9.01575 7.16237 6.69286 11.1883 6.3772 4.66524 5.54862 6.59763 4.62311 8.39274 4.28288 3.66607 8.92832 19.0008 17.9788 14.6105 16.0617 13.0668 9.77947 9.75572 11.7453 9.41273 8.851
threshold=51.500000000000007 0.11167800426483156 38.500000000000007 55.500000000000007 0 1 0.14365079998970035 23.500000000000004 2 0.024695121683180336 3 0.21081871539354327 0.89504283666610729 4 0.014389234129339458 0.44504831731319433 0.18786764889955523 5 22.500000000000004 6 7 5.5000000000000009 8 -1.0000000180025095e-35 14.500000000000002 9 10 11 12 13
decision_type=8 10 10 10 9 9 8 2 9 10 9 10 10 9 10 10 8 1 2 9 9 2 9 10 2 9 9 1 9 9
left_child=2 3 4 -2 5 6 12 8 -8 15 11 -11 -1 14 -14 16 -7 -18 19 20 24 -22 26 -24 25 -6 27 -21 -23 -20
right_child=1 -3 -4 -5 18 9 7 -9 -10 10 -12 -13 13 -15 -16 -17 17 -19 29 22 21 28 23 -25 -26 -27 -28 -29 -30 -31
leaf_value=-0.0035986361777421562 0.0084840425591572073 0.024542806225430255 -0.013975668815351502 -0.0091542035291072143 -0.01236574126734203 -0.017992767089327226 -0.004321256822840085 -0.0070465226099147354 0.01671894520394945 -0.023510718172529369 0.010362971292175298 0.0018140741978634109 -0.0088989483358046153 0.019722604854129983 0.017191059736463996 -0.027906578366791255 -0.0081831893371890757 0.0057490628434676899 -0.0016778447090109144 0.0066044474075606461 0.00042329846621563479 0.0037342724841075746 -0.00068029795009357939 0.002727460309777538 -0.0017480608321248006 3.2097334861777312e-05 -0.003574718031687124 -0.0022020433987312792 -0.018628807995309884 0.00010760888716099585
leaf_weight=17.1614585891366 47.148182645440102 24.891223132610321 33.162300139665604 33.607641994953156 430.79581926018 67.336989928036928 33.319979473948479 72.123645432293415 67.663159735500813 30.228554397821426 79.688722848892212 25.328209385275841 30.984395250678062 148.51322219893336 21.96503646671772 16.831902638077736 48.224431879818439 64.635428585112095 6323.4494250155985 400.20341389626265 7498.0537400320172 38.537973485887051 3200.8904610201716 7092.8285352475941 872.33402374014258 137.59781210124493 1623.4768332540989 566.58872859179974 105.74236550554633 14791.710243202746
leaf_count=83 201 103 139 142 1908 398 174 398 417 138 382 121 149 1022 105 107 322 403 27719 1707 31852 174 13634 30731 3873 614 6857 2393 541 64589
internal_value=4.35649e-06 0.00743463 -1.39391e-05 0.000804671 -1.31949e-06 0.00283618 0.00953523 0.00331141 0.0108813 -0.00507472 0.0014833 -0.0106755 0.014616 0.016314 0.00181509 -0.00985179 -0.00734943 -0.000335555 -5.04386e-05 0.000310751 -0.000647903 0.000147136 0.000987868 0.00166442 -0.00483698 -0.00957056 -0.00168719 0.00146824 -0.0135943 -0.000427156
internal_weight=43945 105.647 43839.4 80.7558 43806.2 724.005 391.731 173.107 100.983 332.274 135.245 55.5568 218.624 201.463 52.9494 197.029 180.197 112.86 43082.2 21967 9083.06 7642.33 12884 10293.7 1440.73 568.394 2590.27 966.792 144.28 21115.2
internal_count=191396 446 190950 343 190811 4219 2348 989 591 1871 641 259 1359 1276 254 1230 1123 725 186592 94284 38962 32567 55322 44365 6395 2522 10957 4100 715 92308
cat_boundaries=0 1 2 3 4 5 6 7 8 9 10 11 12 13 14
cat_threshold=56 269524036 1028 16932864 2048 69 2759811 277152787 9879618 268502016 4292864 98 164416 353477252
is_linear=0
shrinkage=0.04


Tree=192
num_leaves=31
num_cat=11
split_feature=38 51 52 10 51 37 10 10 30 30 37 51 51 51 29 52 51 38 12 11 1 51 2 24 42 37 33 9 52 51
split_gain=4.52276 5.57895 7.4076 12.8459 8.72531 8.90526 8.69883 8.59457 7.81262 11.3893 11.566 9.29927 8.22585 7.37489 8.81156 7.16641 8.29204 7.33496 10.3779 7.66176 8.31917 13.9075 7.71725 7.40777 6.93969 7.66096 7.04427 9.41514 6.89878 6.76084
threshold=0.036038961261510856 0 1 25.500000000000004 2 0.98786765336990368 9.5000000000000018 12.500000000000002 0.016575092449784282 0.071651786565780654 0.59896907210350048 3 4 5 -3.4999999999999996 6 7 0.027973395772278312 32.500000000000007 44.500000000000007 26.500000000000004 8 17.500000000000004 1.0000000180025095e-35 -1.0000000180025095e-35 0.97419247031211864 0.95625004172325145 17.500000000000004 9 10
decision_type=8 9 1 2 9 10 2 2 10 10 10 9 9 9 10 1 9 10 10 10 2 9 2 10 2 10 10 10 1 9
left_child=1 15 3 7 24 -6 -4 -3 11 12 -11 -8 -10 14 -9 16 -1 19 -19 20 22 23 -17 -22 25 -5 27 -26 -23 -24
right_child=-2 2 6 4 5 -7 8 13 9 10 -12 -13 -14 -15 -16 17 -18 18 -20 -21 21 28 29 -25 26 -27 -28 -29 -30 -31
leaf_value=-0.0066607436550836967 -0.00024758633853615169 -0.00056204882721186834 0.0093765672694392128 -0.013482875044715792 -0.0015861790259567873 -0.010720872215517093 0.0073662258006885126 -0.0041266466458423348 -0.014374062887494168 -0.014713096584522314 0.0024391530941013863 -0.0058182918200343752 -0.0028789316712871634 3.9461168548618097e-05 0.011130923282523675 -0.0011184636822408689 0.0096673125068863584 0.012793827265369507 -0.0029131630789111613 0.0035583445235696652 0.014795192750014823 -0.012839862982138661 0.001378552221243021 0 -0.0060977359794377765 0.0082717518236216699 0.011960071880639305 0.012718682036451455 -0.003447719949990281 0.010544860589033218
leaf_weight=49.158162046223879 36092.556798692793 401.87081839889288 82.171561524271965 66.322614282369614 790.21159042418003 216.51752773672342 179.42875620350242 64.75871254503727 261.69771040976048 72.07497826218605 334.45644690096378 137.90171276032925 197.37937876582146 214.11400965601206 468.32774424552917 785.72331637889147 307.13981984555721 188.68450350314379 97.927207008004189 1063.7568059936166 64.49788524210453 210.53231863677502 362.29791268706322 253.01623494923115 117.79077416658401 35.324593260884285 157.9967885017395 60.014535084366798 372.01114067435265 202.73818376287818
leaf_count=259 157425 1687 350 304 3405 932 809 267 1151 312 1428 656 855 944 2024 3292 1346 816 430 4623 307 890 1617 1047 509 157 707 253 1588 894
internal_value=-5.82268e-05 0.000813253 -0.000266019 0.00095251 -0.00154341 -0.00357845 -0.0027613 0.00410812 -0.00368044 -0.00564516 -0.000695027 0.00162125 -0.00993088 0.00663353 0.00905095 0.00186551 0.0071826 0.0013063 0.00740067 0.000766877 -0.000548493 -0.00352359 0.00142485 0.00313088 0.00309323 -0.00570178 0.00594951 0.000318117 -0.00711264 0.00497538
internal_weight=43908.4 7815.84 3858.36 2593.25 1444.18 1006.73 1265.11 1149.07 1182.94 865.609 406.531 317.33 459.077 747.2 533.086 3957.48 356.298 3601.19 286.612 3314.57 2250.82 900.058 1350.76 317.514 437.449 101.647 335.802 177.805 582.543 565.036
internal_count=191284 33859 16750 11189 6267 4337 5561 4922 5211 3746 1740 1465 2006 3235 2291 17109 1605 15504 1246 14258 9635 3832 5803 1354 1930 461 1469 762 2478 2511
cat_boundaries=0 1 2 3 4 5 6 7 8 9 10 11
cat_threshold=9968283 27 336132 4416512 4621568 6456576 64 1051288 657 9 9437825
is_linear=0
shrinkage=0.04


Tree=193
num_leaves=31
num_cat=15
split_feature=18 51 10 50 15 51 51 50 42 51 39 37 18 27 36 50 38 40 51 50 51 18 36 6 50 51 51 42 51 50
split_gain=4.43062 13.9758 12.0107 12.3043 11.8946 12.6984 12.159 10.3783 12.0893 21.344 10.5249 11.4628 10.6155 10.2827 11.5071 9.95657 9.92055 10.0382 9.32299 8.96157 18.3864 12.5842 11.689 10.3269 7.84557 22.7676 16.1718 11.5032 14.6158 8.65031
threshold=0.8306388556957246 0 48.500000000000007 1 0.15026882290840152 2 3 4 -0.60785761475563038 5 0.8896499276161195 0.82385262846946727 0.79516318440437328 0.38583959639072424 0.11050061136484148 6 0.125657893717289 1.0000000180025095e-35 7 8 9 0.78611555695533764 0.9506097435951234 0.040202019736170776 10 11 12 -0.60785761475563038 13 14
decision_type=10 9 2 9 8 9 9 9 2 9 8 8 10 2 10 9 8 2 9 9 9 8 8 2 9 9 9 2 9 9
left_child=4 2 15 -4 5 -1 7 10 9 -9 -6 12 -12 14 -13 -2 17 -7 -10 20 21 -8 23 -21 25 -3 -26 28 -27 -29
right_child=1 24 3 -5 6 16 19 8 18 -11 11 13 -14 -15 -16 -17 -18 -19 -20 22 -22 -23 -24 -25 26 27 -28 29 -30 -31
leaf_value=-0.0021325155728030231 0.0050771290937737827 -0.0054044883984965472 0.00095313419710029454 -0.0099203141797849174 -0.0049107532186433564 0.0055896780077324794 -0.006362770924679061 0.001382047127310052 -0.0037836296158100199 -0.015010480622199925 -0.0052584360204893741 0.0019899427146374115 0.0084812352699985601 -0.0076567232214853898 0.015435685541962892 -0.0015844530029146967 0.006011704028660087 0.030322867279369638 0.0036607507309906208 0.0025722856378209875 0.0035833830449828168 0.0083391692178469718 -0.0045218898362585106 -0.0018486989887867634 -0.00029390891797140267 -0.0043372269980065919 0.0025408416421154583 -0.0059810676628709184 0.0063635138559422011 3.3302646698026009e-05
leaf_weight=199.57522390037775 366.25237037241459 1362.6552066504955 242.97432471811771 510.99607817828655 1540.6138424873352 50.940086927264929 915.94406834244728 366.83619832247496 308.64603614807129 177.76838256418705 848.13348289579153 898.85443884134293 95.051506534218788 144.48939462006092 111.20819662511349 6051.6473027542233 283.91622123122215 63.006192468106747 1617.1292959973216 7345.687241435051 679.6428209990263 98.200230643153191 448.35906033217907 946.23944387584925 7921.4355967752635 253.46471074223518 5397.618915297091 415.15114809572697 874.20691097527742 3413.5090612471104
leaf_count=918 1564 5969 1107 2283 6771 243 3888 1556 1291 792 3699 3802 413 623 479 26556 1266 306 6801 31200 2887 417 1963 4171 35170 1164 23961 1796 3755 14616
internal_value=7.30129e-05 -0.000247579 -0.00175721 -0.00652484 0.000575559 0.00609876 0.0003731 -0.00104112 0.000951336 -0.00426821 -0.00239778 -0.000546818 -0.00381528 0.00211096 0.00355877 -0.00119209 0.0100559 0.0201337 0.00244993 0.00120293 -0.00144546 -0.00483815 0.00172004 0.00206456 0.00030377 -0.000854125 0.000854955 0.000405425 0.00395003 -0.000636098
internal_weight=43950.2 26809.9 7171.87 753.97 17140.2 597.438 16542.8 6108.73 2470.38 544.605 3638.35 2097.74 943.185 1154.55 1010.06 6417.9 397.863 113.946 1925.78 10434.1 1693.79 1014.14 8740.29 8291.93 19638 6318.99 13319.1 4956.33 1127.67 3828.66
internal_count=191427 117941 31510 3390 73486 2733 70753 26227 10440 2348 15787 9016 4112 4904 4281 28120 1815 549 8092 44526 7192 4305 37334 35371 86431 27300 59131 21331 4919 16412
cat_boundaries=0 1 2 3 4 5 6 7 8 9 10 11 12 13 14 15
cat_threshold=922500 134406697 13041713 12069922 8789037 10494978 34734368 8388642 487886864 344964 397929 3178512 8480803 4210696 131105
is_linear=0
shrinkage=0.04


Tree=194
num_leaves=31
num_cat=5
split_feature=23 16 32 51 12 42 1 37 27 51 37 27 51 8 26 51 48 37 15 25 10 10 43 9 40 18 9 51 10 14
split_gain=3.30753 10.2743 2.9384 10.0562 9.24838 4.11692 3.77763 4.14283 3.66173 6.91751 5.67735 5.12462 13.6604 4.05757 3.63758 8.22405 6.04642 6.35602 3.61837 3.06452 2.92808 7.19631 4.14944 3.25022 2.99733 2.84075 8.38971 8.19596 2.70692 2.90134
threshold=-1.0000000180025095e-35 0.96449580788612377 0.91734972596168529 0 2.5000000000000004 -0.60785761475563038 13.500000000000002 0.85786435008049022 0.82891985774040233 1 0.66877639293670665 0.77849927544593822 2 10.500000000000002 -0.726794272661209 3 1.0000000180025095e-35 0.71503761410713207 0.75128865242004406 36.500000000000007 32.500000000000007 15.500000000000002 1.0000000180025095e-35 12.500000000000002 -0.7865660786628722 0.70064935088157665 20.500000000000004 4 21.500000000000004 0.062177835032343871
decision_type=8 2 10 9 8 2 2 8 2 9 8 2 9 10 2 9 2 10 10 2 2 2 2 10 2 8 10 9 2 10
left_child=1 28 8 4 6 -5 -4 -8 11 10 -10 14 -13 -14 15 18 17 -17 -2 25 21 22 23 -7 -24 27 -27 -16 29 -1
right_child=2 -3 3 5 -6 20 7 -9 9 -11 -12 12 13 -15 19 16 -18 -19 -20 -21 -22 -23 24 -25 -26 26 -28 -29 -30 -31
leaf_value=0.0018331301845561229 -0.011255123158837756 0.012266639530756756 -0.0024328739440570824 -0.018030037009115249 -0.012069825434717591 -0.0057534102971761817 0.019241247382263488 0.0029524337421407663 0.0056211287188007277 0.0095524331376236355 -0.014548743037743459 -0.017927351440633194 0.017264398609711767 -0.0010930859962369494 0.0041614689117114344 0.014672192957509914 0.024458657710340521 -0.0072967375351578687 0.0061945630275865391 -0.0096298485714969278 0.0063294644594489823 -0.020522342656659455 -0.00090673096451778759 0.0088804827004028402 -0.020143989278150282 -0.00014920084783314743 0.017675369692404401 0.00027426388081150903 -0.025978621490591144 -0.016510018380110292
leaf_weight=22.732292711734772 48.552814431488514 25.587897881865501 31.440965667366982 52.406708806753159 38.061509370803833 35.807308092713356 59.001179933547974 49.874573186039925 38.224838510155678 153.61048640310764 40.381232693791389 71.513941094279289 24.5828977227211 48.581636518239975 942.83422636240721 41.646909072995186 39.26379482448101 32.907582312822342 23.906540095806122 47.270405113697052 24.321191504597664 43.465953730046749 29.124351516366005 52.938884302973747 23.300951071083546 32278.608459163457 37.289975374937057 9494.1789731234312 22.482378244400024 22.198562301695347
leaf_count=102 209 110 139 243 172 167 250 212 161 660 168 301 106 208 4128 180 171 145 100 200 101 183 130 227 101 141409 159 40552 102 126
internal_value=2.33589e-05 -0.00731579 4.02309e-05 -0.00319355 0.00395637 -0.00797996 0.00897914 0.0124124 7.38499e-05 0.00503073 -0.00424404 4.61185e-05 -0.0073411 0.00490176 7.22976e-05 0.00557704 0.0115701 0.00487478 -0.00461563 4.72236e-05 -0.00537646 -0.0071501 -0.00233487 0.00277072 -0.0108147 5.95158e-05 -0.000125283 0.000633405 -0.0153586 -0.00757471
internal_weight=43896.1 93.0011 43803.1 439.744 178.378 261.365 140.317 108.876 43363.4 232.217 78.6061 43131.1 144.678 73.1645 42986.5 186.278 113.818 74.5545 72.4594 42800.2 208.959 184.637 141.171 88.7462 52.4253 42752.9 32315.9 10437 67.4132 44.9309
internal_count=191222 440 190782 1925 773 1152 601 462 188857 989 329 187868 615 314 187253 805 496 325 309 186448 909 808 625 394 231 186248 141568 44680 330 228
cat_boundaries=0 1 2 3 4 5
cat_threshold=4537088 10585600 10757888 9048576 131085
is_linear=0
shrinkage=0.04


Tree=195
num_leaves=31
num_cat=10
split_feature=50 24 50 36 14 11 37 37 45 14 36 52 8 50 22 36 17 40 50 10 50 50 21 50 40 52 33 10 5 50
split_gain=3.76401 3.71869 10.9935 8.63705 8.25937 6.80879 5.67391 6.10277 6.72997 7.25996 5.47865 5.46786 7.51121 4.86776 4.66399 4.53802 7.25287 10.2416 10.4049 8.93697 8.31587 7.73078 8.92752 7.60707 7.42721 7.34153 6.79667 6.77433 6.54221 6.28399
threshold=0 21.500000000000004 1 0.14365079998970035 0.39559109508991247 29.500000000000004 0.92740449309349071 0.73375529050827037 1.0000000180025095e-35 0.5872282385826112 0.39314988255500799 2 7.5000000000000009 3 26.500000000000004 0.57537877559661876 0.96026313304901134 0.37940952181816107 4 14.500000000000002 5 6 -10.499999999999998 7 0.60355338454246532 8 0.99171245098114025 29.500000000000004 0.9759001135826112 9
decision_type=9 8 9 8 8 10 10 10 2 8 8 1 10 9 2 10 10 2 9 2 9 9 10 9 2 1 10 2 2 9
left_child=-1 15 6 -4 11 10 7 8 -3 -10 14 -5 -13 -8 -6 -2 19 18 -18 23 26 -21 28 -17 -25 -22 -19 -24 -23 -26
right_child=1 2 3 4 5 -7 13 -9 9 -11 -12 12 -14 -15 -16 16 17 20 -20 21 25 22 27 24 29 -27 -28 -29 -30 -31
leaf_value=0.007817142759885461 0.00013867044724770149 -0.010805008296420808 0.00031719445601693572 0.015144808587652327 0.0018056345255922932 -0.010715243394603929 0.0079243987345717169 -0.017950618890099614 0.016649902297494801 -0.0069964025772453033 0.0077885885001182315 -0.0081976997735305462 0.015441216123164138 -0.0071958991559699561 -0.016604336521265549 0.0045665551071382114 -0.0083775847585126541 0.0045156242193169641 0.0019909197536328942 -0.0012674888717934885 0.017092151573372377 0.014870403008666067 -0.011857688863020067 -0.0035581229945523284 -0.003079690863341044 -0.00021121939495758247 -0.018104955896574623 -0.0002521581991799258 -0.0034522306994227113 0.0067812606103074468
leaf_weight=85.777814067900181 37784.584681853652 87.772795870900154 718.27324479818344 196.88804461061954 85.855727523565292 45.888158977031708 75.272024109959602 67.046866819262505 37.018061876296997 35.57304872572422 274.29986464977264 46.814476549625397 31.513597071170807 40.191360801458359 23.701385632157326 384.35100255161524 196.17393451929092 62.140308886766434 563.55468770861626 655.6704822704196 138.30312738567591 34.484153211116791 467.3746028393507 992.21525863558054 161.99936707317829 58.873935185372829 25.80471820384264 101.5369011759758 142.29000748693943 238.63888014853001
leaf_count=390 165028 381 3001 823 363 192 319 293 163 153 1153 198 134 169 100 1626 859 258 2400 2814 586 148 2003 4400 668 267 122 461 611 996
internal_value=9.35834e-05 7.5298e-05 0.00187073 0.00341741 0.00657165 0.00298464 -0.00441989 -0.00817503 -0.00354781 0.00510021 0.00479054 0.0119481 0.00127566 0.00247544 -0.00255344 0 -0.0012431 0.00163153 -0.000781024 -0.0021954 0.00803158 -0.00457888 -0.00732164 -0.000297198 -0.00168578 0.0121817 -0.00227828 -0.00984147 0.000322742 0.00284709
internal_weight=43859.9 43774.1 1766.11 1423.23 704.961 429.745 342.874 227.411 160.364 72.5911 383.857 275.216 78.3281 115.463 109.557 42008 4223.41 1044.85 759.729 3178.56 285.122 1401.36 745.686 1777.2 1392.85 197.177 87.945 568.912 176.774 400.638
internal_count=191079 190689 7442 5964 2963 1808 1478 990 697 316 1616 1155 332 488 463 183247 18219 4492 3259 13727 1233 6037 3223 7690 6064 853 380 2464 759 1664
cat_boundaries=0 1 2 3 4 5 6 7 8 9 10
cat_threshold=207618304 16986120 23 4104 285261833 205888 16783969 17178688 25 6149
is_linear=0
shrinkage=0.04


Tree=196
num_leaves=31
num_cat=15
split_feature=51 50 51 50 50 42 38 34 51 51 51 51 2 5 50 12 50 14 61 34 39 2 1 50 41 51 50 1 52 29
split_gain=3.35529 27.3863 14.6494 12.8148 12.4297 16.7182 17.0686 12.8377 12.2261 11.9462 11.9271 11.725 12.4538 11.7025 9.99869 11.3669 9.74757 13.8869 15.6737 10.7985 9.68834 9.56614 9.43528 9.01195 10.9952 8.88638 10.7205 8.77112 8.47472 8.23669
threshold=0 1 2 3 4 -0.60785761475563038 0.032433379441499717 0.12838828563690188 5 6 7 8 76.500000000000014 0.98850423097610485 9 9.5000000000000018 10 0.24865591526031497 1.0000000180025095e-35 0.97315317392349254 0.59549137949943554 14.500000000000002 12.500000000000002 11 -0.37940952181816096 12 13 9.5000000000000018 14 9.5000000000000018
decision_type=9 9 9 9 9 2 10 10 9 9 9 9 2 2 9 8 9 10 2 8 8 2 2 9 2 9 9 2 1 10
left_child=1 -1 3 -3 11 6 7 -6 29 27 -8 14 16 25 21 28 19 18 -18 -13 -20 23 -19 -2 -25 -12 -27 -7 -16 -9
right_child=4 2 -4 -5 5 9 10 8 -10 -11 13 12 -14 -15 15 -17 17 22 20 -21 -22 -23 -24 24 -26 26 -28 -29 -30 -31
leaf_value=-0.00058616658272272061 0.0034408671642409466 0.012272572068425336 0.0016751227158749405 0.0033095196773184911 -0.030911440092464697 -0.012766040211115048 -0.0078144357540445471 -0.010931139216735428 -0.0020361185144591328 0.0017925471081574173 0.0027396861645201977 -0.00051835101306962374 -0.017097885694130475 0.0025193454197165155 0.013405978939125037 -0.0039022802923595495 0.0026678140796302175 0.0010519029336689988 0.0023646202130238178 -0.0072521782935109627 -0.0079964130106962711 0.0023311585402585929 -0.012770816751909534 0.0015442458005679031 -0.012437963151514875 0.0051798460717639707 -0.01682950431440388 -0.00021369172669158704 -0.00020171187287443011 0.008492668009709799
leaf_weight=8955.2163586094975 195.95143209397793 493.52780980616808 1922.3283702507615 590.6610342822969 25.727799028158188 85.340072572231293 245.95217319577932 503.65720297396183 1083.0006104931235 9642.787830773741 109.00368954241276 3950.7105849944055 87.158200904726982 1728.7348899766803 95.496416375041008 1411.2607391774654 554.78521965444088 92.943284377455711 175.85615046322346 418.09803112596273 697.26034652814269 2828.1293717548251 420.08326700329781 141.24314123392105 227.77835841476917 42.17204961180687 130.71726533770561 6874.6718961969018 216.70682583749294 32.743418022990227
leaf_count=39010 823 2362 8556 2661 117 371 1104 2271 4789 40867 492 17076 374 7745 424 6342 2353 395 827 1879 3140 12371 1778 620 1036 195 599 29917 964 151
internal_value=-4.85984e-05 0.000522063 0.00381618 0.00751954 -0.000262548 0.000327282 -0.00202548 -0.00511788 -0.00460189 0.000882033 0.000226482 -0.00131378 -0.00245398 0.00126943 0.000110844 -0.00235384 -0.00223904 -0.00459124 -0.00255042 -0.00117223 -0.00588522 0.00137346 -0.010242 -0.0033398 -0.00689923 -0.00619212 -0.0113695 -0.000378983 0.00445952 -0.00946619
internal_weight=43979.7 11961.7 3006.52 1084.19 32018 20504.5 3901.71 1645.13 1619.4 16602.8 2256.58 11513.5 6396.9 2010.63 5116.57 1723.46 6309.74 1940.93 1427.9 4368.81 873.116 3393.1 513.027 564.973 369.021 281.893 172.889 6960.01 312.203 536.401
internal_count=191609 52589 13579 5023 139020 88618 17463 7328 7211 71155 10135 50402 27822 9031 22580 7730 27448 8493 6320 18955 3967 14850 2173 2479 1656 1286 794 30288 1388 2422
cat_boundaries=0 1 2 3 4 5 6 7 8 9 10 11 12 13 14 15
cat_threshold=4214815 117460725 4122 405504 269988872 1838720 8626432 1049120 9871360 268481536 427016 40960 2139264 2048 66
is_linear=0
shrinkage=0.04


Tree=197
num_leaves=31
num_cat=16
split_feature=2 51 52 50 39 12 2 50 51 2 50 62 50 50 37 24 38 51 51 6 13 30 2 50 51 51 50 51 2 51
split_gain=3.81811 11.4723 10.8083 13.7654 10.6905 10.0614 9.77801 36.6216 21.4142 13.4994 38.2389 13.7697 9.91648 9.70148 10.0978 9.45536 9.26062 13.6816 12.8076 8.57816 8.38677 11.8448 8.28314 29.4899 15.9177 14.3996 10.1837 15.8724 10.9632 16.19
threshold=22.500000000000004 0 1 2 0.99494948983192455 28.500000000000004 24.500000000000004 3 4 25.500000000000004 5 5.5000000000000009 6 7 0.44529914855957037 2.5000000000000004 0.039088362827897079 8 9 0.087228260934352889 0.65571120381355297 0.43750001490116125 18.500000000000004 10 11 12 13 14 16.500000000000004 15
decision_type=2 9 1 9 10 10 2 9 9 2 9 2 9 9 8 10 10 9 9 2 2 10 2 9 9 9 9 9 2 9
left_child=22 2 -2 4 5 -4 7 8 -3 10 11 13 -11 -8 -15 -7 18 -18 -9 20 21 -14 26 25 -25 -24 27 -1 -28 -30
right_child=1 6 3 -5 -6 15 9 16 -10 12 -12 -13 19 14 -16 -17 17 -19 -20 -21 -22 -23 23 24 -26 -27 28 -29 29 -31
leaf_value=-0.0034300725566452531 0.003691410986888305 -0.0037444980418927481 -0.011041202436230843 0.0014991986076451219 -0.019292630814491202 0.0023140245529797601 0.015164661671874809 -0.010536063676740641 0.019564103468077833 0.0083723825871014953 -0.015123255281083605 0.03040072879792859 -0.00080920299972487859 -0.015989353926755507 0.0056025951092540981 -0.010075042045182798 -0.021418236505266322 -0.0063549171047258702 0.0053051525663425757 -0.0096290330147109377 0.0067187767409269371 -0.010797631288304285 -0.010645994817515615 0.00086415209681136142 0.005739430721528738 -1.4073771629144773e-05 0.001368920483724027 0.00043876894951861626 -0.006052291632344239 0.0022326489753088062
leaf_weight=2883.2522771209478 1937.8806466571987 111.48831343650818 185.76166579127312 2253.0123456045985 67.6461644731462 443.83215366303921 160.57775166630745 159.56011281907558 122.93588009476662 170.45310272276402 109.84472060203552 42.945562936365604 14204.760393660516 33.972648203372955 294.97748325765133 121.14245928823948 164.05412448942661 304.31422224640846 140.20488880574703 174.68031760305166 226.65053676068783 187.96442314982414 378.69157852232456 2314.5956505835056 2023.8195570521057 440.59249230474234 8644.8761796988547 4072.5682938955724 820.98071822524071 674.96866469085217
leaf_count=12361 8662 480 833 9935 304 1966 676 674 537 717 470 459 62236 146 1252 519 711 1294 604 921 954 790 1632 9918 8862 1903 37292 17618 3538 2903
internal_value=6.72692e-05 -0.000310754 0.00136319 -0.000110114 -0.0045118 -0.00309436 -0.000817394 -0.00464001 0.00884019 -0.00056967 0.0050819 0.00949391 -0.000815203 0.00752249 0.00301644 -0.000372441 -0.0088108 -0.0124306 -0.00326741 -0.000930233 -0.000822307 -0.000944742 0.00043538 0.00183957 0.00315495 -0.00505541 1.01823e-05 -0.00116596 0.000819417 -0.00233129
internal_weight=43873 21618.7 5009.28 3071.39 818.382 750.736 16609.4 1002.56 234.424 15606.8 642.318 532.473 14964.5 489.528 328.95 564.975 768.133 468.368 299.765 14794.1 14619.4 14392.7 22254.3 5157.7 4338.42 819.284 17096.6 6955.82 10140.8 1495.95
internal_count=191167 95140 22219 13557 3622 3318 72921 4300 1017 68621 3003 2533 65618 2074 1398 2485 3283 2005 1278 64901 63980 63026 96027 22315 18780 3535 73712 29979 43733 6441
cat_boundaries=0 1 2 3 4 5 6 7 8 9 10 11 12 13 14 15 16
cat_threshold=2099227 100 75312 2113617 9586432 163344 4194610 10752 13508608 1893120 8470595 3329427 15052929 25474071 14825633 2008455
is_linear=0
shrinkage=0.04


Tree=198
num_leaves=31
num_cat=7
split_feature=2 2 50 50 41 11 52 11 9 37 37 50 2 2 8 62 50 37 38 39 40 50 36 2 2 11 50 37 35 40
split_gain=4.66958 8.79387 35.1787 10.866 12.0618 11.6916 10.3757 10.0797 11.7658 11.1674 9.19343 8.9248 13.4006 14.3935 9.60828 8.61788 28.5227 13.0248 11.6761 9.06298 8.50505 7.8817 11.0167 11.996 11.7246 15.0773 11.084 12.4128 9.59368 9.86232
threshold=22.500000000000004 18.500000000000004 0 1 0.98296290636062633 20.500000000000004 2 17.500000000000004 1.0000000180025095e-35 0.57537877559661876 0.4803846031427384 3 12.500000000000002 16.500000000000004 1.0000000180025095e-35 4.5000000000000009 4 0.99494948983192455 0.95040982961654674 0.88826468586921703 0.60355338454246532 5 0.025158228352665905 24.500000000000004 25.500000000000004 23.500000000000004 6 0.95040982961654674 0.98581486940383922 -0.7865660786628722
decision_type=2 2 9 9 2 10 1 8 8 10 8 9 2 2 10 2 9 10 8 10 2 9 10 2 2 8 9 8 8 2
left_child=1 11 -3 4 6 -6 -4 8 -5 10 -10 12 20 14 -14 -13 19 -18 -19 -17 -1 22 24 -24 25 -2 -26 -28 -23 -30
right_child=21 2 3 7 5 -7 -8 -9 9 -11 -12 15 13 -15 -16 16 17 18 -20 -21 -22 28 23 -25 26 -27 27 -29 29 -31
leaf_value=-0.014590341068137128 0.0015909038107098537 0.0095165054376513854 0.0038740896555468957 0.024502139145255342 -0.014507070201553543 0.011216672708023732 -0.00080151506475164755 -0.0065581102407374324 -0.00075372007088291384 0.0041972168765467936 -0.019961471919366994 -9.107271876734371e-05 0.0052053761252001283 -0.010193875691308141 0.02657142130032164 0.014559292911945281 -0.0071047267941864228 -0.036158253494432538 -0.0028542585804992495 -0.014014038046742878 0.010675781729866954 -0.0024587518074659703 -0.0073094437238309983 -0.0014752161256444377 -0.0065861469574418595 0.021957376146978205 0.011768935830799387 0.00015734090402409005 0.0040804223356889421 0.00029627880831910059
leaf_weight=54.628260865807533 173.16804946213961 776.15616219490767 1915.2313152551651 27.255949899554253 126.48240874707699 31.128308787941933 1239.6761606223881 602.66599053889513 101.31305168569088 290.58844324946404 63.783930167555809 16334.539171881974 61.631648108363152 30.231147676706314 87.883719608187675 114.01044645905495 267.23637166619301 51.080171167850494 27.33911245316267 16.08535099029541 27.925922408699989 1329.1341741904616 599.84373744577169 8945.070998519659 361.85983444750309 85.15741503238678 147.64813930541277 4347.5675948634744 1503.1972737908363 4145.2433276511729
leaf_count=238 745 3461 8213 125 575 148 5331 2593 438 1236 274 69971 292 128 372 750 1233 272 139 75 118 5825 2569 39471 1574 684 707 19065 6643 17958
internal_value=-9.87619e-05 0.000307568 0.00175155 0.000345051 0.00148761 -0.00911493 0.00204191 -0.00309585 0.00114323 -0.000461291 -0.0086607 -0.000129282 0.00698616 0.0132926 0.018347 -0.00024755 -0.00552679 -0.0113522 -0.0256543 0.00976746 -0.00569347 -0.000517426 -0.00104407 -0.00184759 0.000449644 0.00867014 0 0.000554595 0.000586823 0.00130959
internal_weight=43884.8 22246.9 5174.28 4398.13 3312.52 157.611 3154.91 1085.61 482.941 455.685 165.097 17072.6 262.301 179.747 149.515 16810.3 475.751 345.656 78.4193 130.096 82.5542 21637.9 14660.3 9544.91 5115.4 258.325 4857.08 4495.22 6977.57 5648.44
internal_count=191223 95982 22394 18933 14267 723 13544 4666 2073 1948 712 73588 1148 792 664 72440 2469 1644 411 825 356 95241 64815 42040 22775 1429 21346 19772 30426 24601
cat_boundaries=0 1 2 3 4 5 6 7
cat_threshold=16781316 268480144 43 80805888 268480576 352631436 285220864
is_linear=0
shrinkage=0.04


Tree=199
num_leaves=31
num_cat=7
split_feature=39 51 36 24 18 2 11 8 29 11 14 5 63 51 36 1 51 11 51 42 51 12 51 30 10 51 18 10 26 18
split_gain=3.6187 9.18806 5.04081 7.58292 7.28828 5.98828 8.67216 5.90258 5.43605 4.9674 4.76855 5.5866 11.9278 10.4026 5.74751 5.5183 14.7365 6.7652 11.4017 5.86938 5.16597 6.44263 5.02635 5.02471 4.90047 7.20243 6.79723 4.53286 4.48729 4.48004
threshold=0.95675548911094677 0 0.020101009868085388 15.500000000000002 0.32620137929916387 69.500000000000014 46.500000000000007 9.5000000000000018 6.5000000000000009 90.500000000000014 0.57223114371299755 0.98936051130294811 0.89599609375000011 1 0.54870337247848522 49.500000000000007 2 44.500000000000007 3 -0.60785761475563038 4 43.500000000000007 5 0.34637238085269934 25.500000000000004 6 0.95040982961654674 64.500000000000014 -0.067989215254783616 0.94413232803344738
decision_type=10 9 10 10 10 2 10 10 10 10 10 2 2 9 10 2 9 10 9 2 9 10 9 10 2 9 10 2 2 10
left_child=-1 2 5 7 -5 6 -2 8 -4 -7 11 12 13 -3 -15 17 19 24 -19 29 21 -18 23 -12 25 -13 -26 -22 -21 -17
right_child=1 10 3 4 -6 9 -8 -9 -10 -11 22 15 -14 14 -16 16 20 18 -20 28 27 -23 -24 -25 26 -27 -28 -29 -30 -31
leaf_value=-0.00017253759981503784 0.0048898706742180678 -0.0026641593822125729 0.0029133186882892965 0.0054310803068014987 -0.019080019912652731 -0.0080918501158625273 0.017508821710431124 0.019005301226087727 -0.011971760144920197 0.0091099183671377124 -0.014365828699036487 0.0042024266264289404 -0.0044906096415299876 0.0093847428222598554 -0.0055372823256473807 -0.0033462279264718877 0.0092574355837338092 0.017048352678601292 -0.00086451735278172764 0.012171880861624709 -0.0076480439572379211 -0.0051947151740206442 -0.010491586300050067 0.0033653651971591253 -0.0044778769863262017 -0.00068487164617068389 0.0011681732173229042 -0.021158727584024258 -0.0012637590850443242 0.014852853231427978
leaf_weight=36451.032809112221 299.60282812640071 182.19277636706829 807.59762134775519 26.649138540029526 46.253016069531441 67.044073112308979 126.29894854128361 30.365418121218681 35.930896908044815 37.374326124787331 26.338394597172737 821.78681464120746 245.4477796703577 530.27489064633846 39.806804001331329 24.013358786702156 49.858728110790253 88.373233154416084 126.91493222117424 40.299263760447502 161.72340868413448 451.50614815950394 121.6353834271431 133.80092141032219 696.54834060370922 1122.68783339113 652.6817731782794 58.349456042051315 315.78338757157326 87.131623417139053
leaf_count=159076 1405 762 3608 113 199 326 598 131 156 191 108 3574 1043 2237 166 102 207 381 540 167 725 1960 509 551 2957 4723 2858 261 1319 359
internal_value=-7.84277e-06 0.000794402 0.00360218 0.00183175 -0.0100898 0.00674627 0.00883811 0.00290077 0.0021889 -0.00161712 8.8581e-05 0.000345135 0.00305697 0.00555935 0.0081276 -0.00022921 -0.00258176 0.00056456 0.00735244 0.00289763 -0.00610923 -0.00357028 -0.00493979 0 0.000104345 0.0013939 -0.00173764 -0.0112114 0.000348907 0.0107739
internal_weight=43905.3 7454.27 1477.12 946.796 72.9022 530.32 425.902 873.894 843.529 104.418 5977.16 5695.38 997.722 752.274 570.082 4697.66 1188.67 3508.99 215.288 467.228 721.438 501.365 281.775 160.139 3293.7 1944.47 1349.23 220.073 356.083 111.145
internal_count=191312 32236 6727 4207 312 2520 2003 3895 3764 517 25509 24341 4208 3165 2403 20133 5100 15033 921 1947 3153 2167 1168 659 14112 8297 5815 986 1486 461
cat_boundaries=0 1 2 3 4 5 6 7
cat_threshold=591897 1081602 3182882 9733376 12591616 185088 13681664
is_linear=0
shrinkage=0.04


Tree=200
num_leaves=31
num_cat=11
split_feature=50 2 51 50 11 16 38 9 12 50 34 51 50 51 12 10 52 35 52 15 38 37 42 1 40 15 50 51 38 13
split_gain=3.05251 3.12479 14.4996 19.9363 11.9742 12.3007 10.4626 10.2834 9.90569 13.1683 8.85126 8.75964 10.7734 9.728 10.965 11.6375 9.88387 9.60962 8.58365 8.19961 8.42183 8.11812 8.49579 7.81384 11.3587 8.70695 7.78371 18.3325 12.9779 15.3482
threshold=0 22.500000000000004 1 2 12.500000000000002 0.94974747300148021 0.58380147814750682 3.5000000000000004 21.500000000000004 3 0.95040982961654674 4 5 6 4.5000000000000009 21.500000000000004 7 0.95875850319862377 8 0.028778468258678917 0.036038961261510856 0.067424245178699507 -0.60785761475563038 14.500000000000002 0.12940952181816109 0.69274476170539867 9 10 0.10050505027174951 0.73401361703872692
decision_type=9 2 9 9 10 2 10 10 10 9 10 9 9 9 8 2 1 10 1 8 10 10 2 2 2 10 9 9 10 2
left_child=-1 2 3 4 -2 -6 10 -8 26 -10 23 12 18 -14 -15 17 -17 -16 19 20 -3 -12 -23 24 -5 -25 27 -4 29 -29
right_child=1 11 8 6 5 -7 7 -9 9 -11 21 -13 13 14 15 16 -18 -19 -20 -21 -22 22 -24 25 -26 -27 -28 28 -30 -31
leaf_value=0.0075005261109973775 0.0086127811491850826 0.0060079793567291793 -0.0025054941858232492 -0.0082086912903098185 -0.0082415955997474765 0.0042736230145021146 -0.004166399730437558 -0.019082026830241502 0.019488993397094808 -0.004429196635263837 0.012603070620008332 -0.00082951330816669088 -0.0034952520864618953 -0.019679476460010999 -0.0057938331958759838 0.0081401521120505228 0.0015664629907509483 0.018037091264704135 -0.0019355958935249628 -0.0007617788306359609 -0.00065957963600398687 0.00025524225666936142 -0.011407472428858412 0.0012387818754231907 6.6501709968435461e-05 -0.011642415253868242 0.0014223633270436099 -0.0015727758844357529 0.0046136617040934622 0.025938580784322113
leaf_weight=74.280900925397873 409.32332915067673 843.95270246267319 3028.2139905914664 514.76090156286955 197.62633053958416 324.98917555063963 206.21230655536056 118.31209491193295 86.126967206597328 53.827256582677364 26.585062399506569 14213.342613354325 297.34975508973002 25.337542086839676 28.787032626569271 510.58033432066441 1307.4929866790771 152.01226270198822 2343.8201543092728 1385.1809784173965 462.11228895932436 132.3527889996767 362.91935554519296 1430.1174827367067 532.44058109819889 84.054716989398003 12016.000798117369 1282.0642863810062 1441.8444037288427 28.241209954023361
leaf_count=334 1718 3859 13102 2296 821 1371 912 517 489 227 117 62265 1398 108 132 2247 5692 647 10404 6103 2097 626 1606 6127 2269 361 51750 5469 6214 117
internal_value=0.000108846 9.32819e-05 0.000425875 -0.00164375 0.00349417 -0.000454336 -0.00306384 -0.00987192 0.000928452 0.0113554 -0.00233588 -0.000249246 0.000868888 0.0031146 0.00411395 0.00449441 0.00349407 0.0140813 -0.000168778 0.00136476 0.00364009 -0.00706814 -0.00827944 -0.00135204 -0.00400191 0.000474591 0.000842683 -0.000360899 0.00199238 -0.000868265
internal_weight=43920.3 43846 22276 4339.69 931.939 522.616 3407.76 324.524 17936.3 139.954 3083.23 21570 7356.63 2321.56 2024.21 1998.87 1818.07 180.799 5035.07 2691.25 1306.06 521.857 495.272 2561.37 1047.2 1514.17 17796.4 5780.36 2752.15 1310.31
internal_count=191395 191061 96109 18741 3910 2192 14831 1429 77368 716 13402 94952 32687 10224 8826 8718 7939 779 22463 12059 5956 2349 2232 11053 4565 6488 76652 24902 11800 5586
cat_boundaries=0 1 2 3 4 5 6 7 8 9 10 11
cat_threshold=174063872 132131 84312608 2052 1182747 285322808 1048584 65 102 75994195 8194560
is_linear=0
shrinkage=0.04


Tree=201
num_leaves=31
num_cat=15
split_feature=50 2 2 51 51 51 50 51 24 28 51 12 36 50 38 8 16 51 10 52 51 38 50 50 24 33 24 36 51 50
split_gain=5.97526 11.8327 23.9224 17.7908 15.8907 9.48967 8.67595 8.62655 9.5481 9.55887 8.35867 8.11084 8.46678 8.04688 7.91916 7.45157 8.04394 7.64814 7.34016 7.3149 14.4885 8.34062 7.64282 7.49333 9.16857 6.88727 6.82005 9.45632 13.8018 14.5979
threshold=0 10.500000000000002 11.500000000000002 1 2 3 4 5 9.5000000000000018 -3.4999999999999996 6 11.500000000000002 0.059262510389089591 7 0.125657893717289 6.5000000000000009 0.61930641531944286 8 10.500000000000002 9 10 0.13367697596549991 11 12 22.500000000000004 0.92708334326744091 2.5000000000000004 0.059262510389089591 13 14
decision_type=9 2 2 9 9 9 9 9 8 10 9 10 10 9 8 10 2 9 2 1 9 8 9 9 10 10 10 10 9 9
left_child=7 3 4 -2 -3 6 -4 26 9 11 -11 12 -9 -12 -14 16 -15 -17 -16 20 23 22 -22 24 -7 -10 27 28 29 -1
right_child=1 2 5 -5 -6 19 -8 8 25 10 13 -13 14 15 18 17 -18 -19 -20 -21 21 -23 -24 -25 -26 -27 -28 -29 -30 -31
leaf_value=-0.0034009159450035433 0.010805154001492123 -0.01844850097141865 0.014442405960882259 -0.00081178637413255349 -0.00017987612747872157 -0.00019258671661504293 -0.004394443265630813 -0.0078038246511173302 0.0020583884894568817 0.007538905144539582 0.0063646735484424325 -0.005061723326872645 -0.0060280756113588272 0.021014765295250572 0.0030192814804456207 0.00095278754714053977 8.4599196439776102e-05 -0.0088483103946122993 0.018035406571087768 -0.00035846827801282291 -0.00068508592705970634 0.00068062457019714276 -0.008318102742311843 0.0041223059019540329 0.020069018767324628 0.01367455332715819 -0.0022103460364942575 -0.0016013763685562641 -0.00013993666707775811 0.0090631135757187811
leaf_weight=194.86241755634546 419.65539193153381 163.66453015804291 131.08061189204454 407.71089934557676 147.57895278930664 1242.0835668034852 48.243139855563641 152.66168323159218 2607.1928402781487 233.49059239774942 301.52591286599636 1082.1580083593726 124.49930642545223 24.500381093472242 388.57141307741404 215.35705760121346 8178.9516878500581 289.94146890938282 57.012403815984726 8461.8411144800484 498.65185704827309 1785.7011550590396 368.47628851979971 2712.7401041686535 31.750041708350182 80.303609371185303 5479.4863796457648 4575.9101070091128 2914.7082069925964 568.37301715835929
leaf_count=930 1762 691 626 1728 638 5261 221 644 11030 1592 1239 4795 541 162 1722 916 35859 1268 248 36400 2118 7684 1568 11648 132 341 23968 19924 13111 2491
internal_value=-4.54948e-05 0.00055739 0.000308196 0.00520608 -0.0105784 0.000534636 0.00932381 -0.000406672 0.0003009 -0.000217636 0.000300742 -0.00287704 0.000378877 9.84067e-05 0.00265369 -0.00012683 0.000162308 -0.00481823 0.00516379 0.000419441 0.00141246 -0.000870706 -0.00408391 0.00293433 0.000370386 0.00243766 -0.0011154 -0.000386529 0.00111961 0.00585099
internal_weight=43888.7 16419.2 15591.8 827.366 311.243 15280.6 179.324 27469.5 13736.2 11048.7 9243.77 1804.9 722.745 9010.28 570.083 8708.75 8203.45 505.299 445.584 15101.2 6639.4 2652.83 867.128 3986.57 1273.83 2687.5 13733.3 8253.85 3677.94 763.235
internal_count=191258 70477 66987 3490 1329 65658 847 120781 60357 48986 41036 7950 3155 39444 2511 38205 36021 2184 1970 64811 28411 11370 3686 17041 5393 11371 60424 36456 16532 3421
cat_boundaries=0 1 2 3 4 5 6 7 8 9 10 11 12 13 14 15
cat_threshold=1063999 15249443 13431568 4 426496 6466727 24 48 1118464 37 1309699 245824 335610496 2099360 13328
is_linear=0
shrinkage=0.04


Tree=202
num_leaves=31
num_cat=6
split_feature=6 51 39 16 32 32 30 51 8 13 37 11 18 12 52 15 39 42 5 6 6 52 36 51 14 11 36 40 17 52
split_gain=3.7624 14.823 8.4577 6.44912 4.89908 4.69223 7.85475 3.57393 6.2894 11.2699 8.72229 8.02448 8.19558 6.91203 6.18866 12.4814 5.83366 7.8966 5.23722 5.90973 6.79049 5.45871 10.7513 8.32826 5.18409 6.10519 5.83832 4.96193 6.57934 4.78102
threshold=0.21483516693115237 0 0.40129870176315313 0.50263157486915599 0.36435787379741674 0.57223114371299755 0.19444445520639422 1 1.5000000000000002 0.099450550973415389 0.89949494600296032 9.5000000000000018 0.89949494600296032 15.500000000000002 2 0.11050061136484148 0.27320574223995214 -1.0000000180025095e-35 0.81980520486831676 0.10566188395023347 0.095695972442626967 3 0.41728855669498449 4 0.029631255194544796 26.500000000000004 0.14048793911933902 -0.6035533845424651 0.97860902547836315 5
decision_type=2 9 8 2 10 10 8 9 8 2 8 10 10 10 1 10 8 2 2 2 2 1 10 9 10 10 10 2 10 1
left_child=7 5 3 -3 -4 6 -2 29 9 11 13 12 -9 14 -11 -16 17 -13 -10 20 21 22 -20 -23 26 -26 -18 28 -15 -1
right_child=1 2 4 -5 -6 -7 -8 8 18 10 -12 16 -14 27 15 -17 24 -19 19 -21 -22 23 -24 -25 25 -27 -28 -29 -30 -31
leaf_value=0.00050546855905998355 -0.01618162635351833 0.034547738385653851 -0.0071841086349013518 0.0011147410423057312 0.010235357387527007 -0.031272578684734806 0.0067402439393662661 -0.018528897302724674 0.013120038596229358 0.0090758698481454899 0.010235396888035618 0.0038560837180013569 0.00043299479732284433 -0.0091640707410383503 0.0090738074024630452 -0.016535236117012169 0.0013502269774829454 -0.0096619313976975471 -0.0032467111474797283 -0.0094177956658548362 0.013856133583075182 0.0027640775266099711 0.0022376647565434051 -0.00057770085344261151 0.0017219844107624373 0.0072172884221966029 -0.0010641391197852167 -0.012856140498447204 0.014549873107467691 -0.00070159232597281505
leaf_weight=7799.2190084084868 83.343886896967888 17.42902085185051 71.025559440255165 18.473810404539108 33.812196210026741 19.752258166670799 28.170214541256428 64.589808493852615 40.947254419326782 194.65862438082695 359.32537379860878 103.50600573420525 71.975395567715168 34.023658215999603 61.619983479380608 50.727780282497406 4249.988947764039 182.39253946021199 2160.5060876011848 110.16358061134815 48.891374737024307 1604.5562142133713 768.72772562503815 4505.0543016195297 2225.6956378519535 379.39926241338253 2558.3276984281838 67.930117920041084 30.575944483280182 15923.811200026423
leaf_count=33251 467 147 364 94 193 118 159 280 210 830 1529 467 313 150 266 223 19567 806 9181 516 212 6973 3235 19481 9523 1651 11351 286 134 69254
internal_value=-1.99922e-06 -0.00464941 0.00431564 0.0200729 -0.00117372 -0.0135372 -0.0101788 2.7068e-05 0.000423002 0.00108668 0.00564436 0.000711801 -0.00873161 0.00177324 0.00508278 -0.002332 0.000851255 -0.00471699 -0.000338509 -0.000407692 -0.000291152 -0.000377504 -0.00179314 0.000301299 0.00102491 0.00254226 0.000439942 -0.00565398 0.00201165 -0.000303846
internal_weight=43868.6 272.007 140.741 35.9028 104.838 131.266 111.514 43596.6 19873.6 10634.7 798.861 9835.88 136.565 439.536 307.006 112.348 9699.31 285.899 9238.85 9197.9 9087.74 9038.84 2929.23 6109.61 9413.41 2605.09 6808.32 132.53 64.5996 23723
internal_count=191231 1542 798 241 557 744 626 189689 87184 47376 3418 43958 593 1889 1319 489 43365 1273 39808 39598 39082 38870 12416 26454 42092 11174 30918 570 284 102505
cat_boundaries=0 1 2 3 4 5 6
cat_threshold=13309184 1471879 29 3 8454168 3
is_linear=0
shrinkage=0.04


Tree=203
num_leaves=31
num_cat=10
split_feature=14 30 51 1 24 51 8 15 36 38 51 34 43 37 16 51 34 13 51 51 14 34 30 51 36 52 51 35 37 51
split_gain=3.31446 3.1228 11.8755 11.7134 11.4217 9.91462 9.35288 8.70327 9.65958 8.34317 13.1463 18.6321 10.7876 10.5193 11.9373 8.42902 8.94919 8.74262 9.73162 9.29959 8.03136 7.44 10.0329 10.8436 10.7102 9.79111 9.2112 7.38221 7.36144 7.01423
threshold=0.96225070953369152 0.097826089709997191 0 17.500000000000004 18.500000000000004 1 1.5000000000000002 0.075134411454200759 0.80178570747375499 0.036038961261510856 2 0.68449658155441295 1.0000000180025095e-35 0.6820855736732484 0.92349499464035045 3 0.92349499464035045 0.017700501717627052 4 5 0.10050505027174951 0.76516544818878185 0.13246434926986697 6 0.61577314138412487 7 8 0.93377193808555614 0.41742423176765447 9
decision_type=10 8 9 2 10 9 10 10 10 8 9 10 2 10 2 9 10 2 9 9 10 10 10 9 8 1 9 10 8 9
left_child=1 4 3 5 9 27 -6 -7 28 10 12 -12 -1 14 -13 16 -11 19 -19 -18 -17 -4 23 -23 25 -24 -27 -3 -9 -22
right_child=-2 2 21 -5 6 7 -8 8 -10 15 11 13 -14 -15 -16 20 17 18 -20 -21 29 22 24 -25 -26 26 -28 -29 -30 -31
leaf_value=0.00064450614643152021 -0.0089001112914608646 0.0017064549445448681 0.0006872307667542876 0.00049966328083584147 0.026650604755607304 0.0086776577236961638 -0.0022976236397877058 -0.011213612882891123 0.0096406873316643767 -0.0027826996135147902 0.026648073341280512 -0.010343353898348225 0.0053359856730271936 -0.0026642879881170296 0.0087643834686352545 0.00037360620880582112 0.002751703454660841 0.0077856619492441817 0.00039934966663081778 -0.0027612668688278929 -0.00010254656064561048 -0.0056048073204212614 0.017431368875528062 0.0036090315057027218 -0.0066615995805768078 0.011881242752010536 -0.0034799260513503549 -0.014441515624486685 -0.0028702394881367044 -0.005932580802391515
leaf_weight=1739.6901709958911 61.993216268718243 53.089716508984566 10155.696498848498 2160.4072965234518 40.693584874272346 97.721347704529762 26.149332255125046 200.50347984582186 80.256795667111874 4682.2056973278522 32.922018196433783 59.738195866346359 1442.0485256016254 2038.3296546041965 262.10670697689056 11577.259826123714 597.24028600379825 338.9078596830368 1536.512991219759 2430.4289058335125 710.75019884109497 248.22150865197182 182.47411659359932 898.63793747127056 59.629946276545525 110.04443593323231 114.6017572581768 215.25910040736198 1084.4922784566879 623.22659163177013
leaf_count=7633 291 265 43361 9193 174 421 111 898 354 20352 189 260 6302 8969 1139 50868 2708 1496 6776 11016 3053 1048 785 3917 260 469 501 908 4723 2734
internal_value=-9.63052e-06 3.5109e-06 0.000456604 -0.00145339 -0.000247995 -0.00390479 0.0156758 -0.00250223 -0.00336406 -0.00028941 0.00109391 -0.00113868 0.00277342 -0.00159506 0.0050526 -0.000633264 -0.00153077 -0.00033267 0.00180545 -0.00166447 3.29911e-05 0.00109053 0.00361324 0.00156446 0.00853499 0.0108631 0.00423407 -0.0108056 -0.00422601 -0.0028983
internal_weight=43861.2 43799.2 15661 3891.73 28138.2 1731.32 66.8429 1462.97 1365.25 28071.4 5574.84 2393.1 3181.74 2360.17 321.845 22496.5 9585.3 4903.09 1875.42 3027.67 12911.2 11769.3 1613.61 1146.86 466.75 407.12 224.646 268.349 1285 1333.98
internal_count=191174 190883 67103 16762 123780 7569 285 6396 5975 123495 24492 10557 13935 10368 1399 99003 42348 21996 8272 13724 56655 50341 6980 4965 2015 1755 970 1173 5621 5787
cat_boundaries=0 1 2 3 4 5 6 7 8 9 10
cat_threshold=7343136 2097152 11550233 220049 2192 196608 16647 37 8483328 9970700
is_linear=0
shrinkage=0.04


Tree=204
num_leaves=31
num_cat=11
split_feature=2 51 29 51 6 50 51 51 50 23 17 11 23 14 50 52 17 1 35 50 51 18 39 36 13 39 39 32 34 51
split_gain=3.99337 17.7597 6.16625 3.58127 3.43691 7.19981 14.0929 10.9903 8.59788 9.03382 8.02628 7.11483 7.02869 8.60035 6.98735 11.6528 8.91975 7.17619 6.79631 19.7928 11.6409 7.3958 6.661 10.5674 6.644 5.79378 5.57144 12.4337 7.04925 5.10279
threshold=9.5000000000000018 0 -1.0000000180025095e-35 1 0.040202019736170776 2 3 4 5 10.500000000000002 0.4420840740203858 20.500000000000004 4.5000000000000009 0.045804196968674667 6 7 0.33514493703842169 12.500000000000002 0.96329966187477123 8 9 0.96178188920021068 0.94413232803344738 0.13367697596549991 0.16035714000463488 0.63693180680274974 0.88273492455482494 0.055867666378617294 0.81881311535835277 10
decision_type=2 9 10 9 2 9 9 9 9 10 10 10 10 10 9 1 10 2 10 9 9 8 10 10 2 8 8 10 8 9
left_child=1 2 -1 -3 18 6 25 8 9 26 24 12 13 -8 15 16 -9 -17 19 21 -21 29 -12 -24 -10 -6 27 -7 -28 -2
right_child=4 3 -4 -5 5 7 11 14 10 -11 22 -13 -14 -15 -16 17 -18 -19 -20 20 -22 -23 23 -25 -26 -27 28 -29 -30 -31
leaf_value=-0.0014801123032504365 0.0012631017115292272 -0.00064877172332187475 -0.023219705193690997 0.013062571221836404 0.0025388907511844833 0.017280522840617568 0.0033870888377572797 -0.019296959825417789 0.014273162232574788 -0.0202348252559609 -0.010112938808416841 -0.0053697483902406104 0 0.020749717642820038 0.0013009776075389465 0.00061343673723799307 0.0031794529862835862 -0.012460065169898709 2.0366266820348511e-05 0.019918926538825685 0.0024765403916679023 0.0053133603857974856 0.013525264649128304 -0.014225958542039827 -0.0045980945889111929 -0.018403155254849007 0.01225586276190606 -0.009781086287834374 -0.0021089151088368278 -0.021607146771798549
leaf_weight=31.942765310406685 25.330534711480141 61.762344881892204 75.157038107514381 45.466840907931328 29.273676440119743 29.670336097478867 80.357357189059258 25.548437714576721 42.120471928268671 26.871771320700645 635.18038313835859 50.420918270945549 74.550372898578644 119.89420372247696 1642.1052448749542 87.447936072945595 354.89901471138 244.16720800846815 39284.160978954285 118.31950974464417 143.95215796679258 33.069147631525993 47.431649595499039 32.548669129610062 75.067717306315899 52.524687215685844 121.04997742176056 118.19910039007664 90.631245404481888 45.865354552865028
leaf_count=139 106 268 327 189 136 129 359 120 234 121 2862 224 328 516 7248 398 1537 1070 170886 503 640 143 201 139 369 240 540 540 400 198
internal_value=-6.77823e-05 -0.00545232 -0.0158551 0.00589099 -4.02516e-05 -0.00116034 0.0037812 -0.00173906 -0.00480021 0.000130421 -0.00707468 0.00754613 0.0103107 0.0141321 -0.000125479 -0.00340155 0.00135237 -0.00873571 7.18055e-05 0.00545659 0.0110694 -0.0085684 -0.00874682 0.00182379 0.00232755 -0.00983094 0.00196756 -0.00383268 0.00610654 -0.0163288
internal_weight=43845 214.329 107.1 107.229 43630.7 3979.96 407.021 3572.94 1218.77 386.422 832.349 325.223 274.802 200.252 2354.17 712.063 380.447 331.615 39650.7 366.537 262.272 104.265 715.161 79.9803 117.188 81.7984 359.551 147.869 211.681 71.1959
internal_count=191110 923 466 457 190187 17711 1803 15908 5535 1730 3805 1427 1203 875 10373 3125 1657 1468 172476 1590 1143 447 3202 340 603 376 1609 669 940 304
cat_boundaries=0 1 2 3 4 5 6 7 8 9 10 11
cat_threshold=12207363 363008 268828705 12036 7585920 2052 92176 7 16818252 7221762 4334595
is_linear=0
shrinkage=0.04


Tree=205
num_leaves=31
num_cat=10
split_feature=1 50 40 36 51 50 37 32 18 7 12 14 14 50 51 50 51 18 39 16 10 8 50 51 36 43 39 40 11 50
split_gain=4.32146 6.35655 6.20773 3.9465 3.59667 11.388 11.779 17.8526 10.2039 12.5295 12.2271 10.0768 9.0752 9.07279 13.969 12.9442 11.9515 12.4666 11.3269 10.8144 10.8021 10.3017 9.12732 17.2912 12.7943 10.743 14.2441 11.2992 9.09518 8.91613
threshold=97.500000000000014 0 -1.0000000180025095e-35 0.021390985697507862 1 2 0.81501609086990368 0.42933948338031774 0.54592314362525951 4.5000000000000009 45.500000000000007 0.23117408901453021 0.016530054621398452 3 4 5 6 0.41712453961372381 0.76220238208770763 0.91341829299926769 31.500000000000004 10.500000000000002 7 8 0.066300369799137129 0.81174489855766307 0.30839161574840551 0.37940952181816107 6.5000000000000009 9
decision_type=2 9 2 8 9 9 8 10 8 2 10 8 10 9 9 9 9 8 10 2 2 8 9 9 10 2 10 2 10 9
left_child=4 -2 -3 -4 5 6 12 11 -7 29 -11 -8 -1 16 15 -15 17 21 19 20 -17 -6 23 24 -19 27 -27 -24 -25 -10
right_child=1 2 3 -5 13 8 7 -9 9 10 -12 -13 -14 14 -16 18 -18 22 -20 -21 -22 -23 25 28 -26 26 -28 -29 -30 -31
leaf_value=-0.0044664849777341122 -0.0081491929971517617 0.014113904789253218 -0.0072436661418891699 0.0080762897044528211 0.008486969035717478 -0.0029907211864292349 -0.0043066894549793717 0.0039581044276105811 1.5962912362353382e-05 0.0077902246895566697 -0.007370861526524039 -0.012901913925442893 0.001280451441547447 0.0016820887996075778 0.00150407374916402 -0.012202368189187136 0.00051703779849144368 -0.021921012406787753 -0.010022695247711324 0.0019401115232496756 0.012529054526155256 -0.0019317053340628402 -0.0016633688504124132 -0.02481048664065192 -0.0067297515353303842 0.010767813330294753 -0.00080823117906027656 -0.011766797167215163 -0.0017687858921107674 0.0079295620396807615
leaf_weight=571.01495316624641 36.787954024970531 115.53697428107262 48.282189249992371 49.08767369389534 330.18276109173894 1349.1030144691467 2083.3779399059713 388.05759854614735 7283.1900466382504 628.58627618849277 92.943814739584923 244.56410643458366 1850.4016995728016 783.66135220229626 11095.558337070048 193.85335527360439 8821.7498632371426 137.38715177774429 435.66454971954226 437.4797575622797 28.008713096380234 270.16502235084772 3891.7987689375877 23.287080690264702 270.78120543807745 249.38362523913383 503.0535534620285 181.69758048653603 1192.404795370996 220.34654487669468
leaf_count=2455 160 540 233 218 1494 5742 9280 1630 31558 2667 408 1041 7924 3519 48754 853 37954 609 1886 1880 128 1175 17075 104 1237 1083 2183 856 5350 958
internal_value=-5.02096e-05 0.00514375 0.00768786 0.000301547 -8.10301e-05 -0.000589974 -0.0021068 -0.00391697 0.000223878 0.000755346 0.00577244 -0.00524396 -7.29513e-05 0.000178039 0.000962599 -0.00221141 -0.000462332 -0.00168913 -0.00500096 -0.00167753 -0.00878469 0.00378815 -0.00220721 -0.00479417 -0.011809 -0.00131589 0.00304782 -0.00213281 -0.00230746 0.000266722
internal_weight=43807.4 249.695 212.907 97.3699 43557.7 14711.6 5137.42 2716 9574.17 8225.07 721.53 2327.94 2421.42 28846.1 12974.2 1878.67 15871.9 7050.14 1095.01 659.342 221.862 600.348 6449.79 1623.86 408.168 4825.93 752.437 4073.5 1215.69 7503.54
internal_count=190954 1151 991 451 189803 63663 22330 11951 41333 35591 3075 10321 10379 126140 57020 8266 69120 31166 4747 2861 981 2669 28497 7300 1846 21197 3266 17931 5454 32516
cat_boundaries=0 1 2 3 4 5 6 7 8 9 10
cat_threshold=4096 8460673 420520965 235362424 2228224 286261509 1884182 33554504 1572868 219848
is_linear=0
shrinkage=0.04


Tree=206
num_leaves=31
num_cat=8
split_feature=32 51 50 38 2 15 36 28 17 50 51 51 13 15 38 34 5 38 12 10 10 51 27 5 37 38 50 38 15 50
split_gain=3.24942 10.8891 9.14649 9.77136 8.61911 8.29119 16.0422 8.03534 6.30201 6.27003 8.48716 6.26076 6.65996 8.68265 6.03657 6.03613 6.05228 5.92206 7.66165 5.80284 6.12409 6.60094 5.79644 5.6728 5.57883 10.4075 5.53337 5.6425 5.51087 5.50338
threshold=0.59891304373741161 0 1 0.91779279708862316 56.500000000000007 0.65978723764419567 0.64116501808166515 7.5000000000000009 0.96026313304901134 2 3 4 0.65571120381355297 0.5025252401828767 0.039088362827897079 0.46195203065872198 0.72792208194732677 0.21466974169015887 15.500000000000002 9.5000000000000018 14.500000000000002 5 0.066300369799137129 0.78660714626312267 0.95266106724739086 0.18245838582515719 6 inf 0.067041199654340758 7
decision_type=8 9 9 8 2 10 10 10 10 9 9 9 2 10 10 10 2 10 8 2 2 9 2 2 10 10 9 8 8 9
left_child=15 5 4 8 17 6 7 28 24 19 -11 -5 13 -13 -9 -1 22 18 -3 -7 -21 -22 -17 -18 -4 -26 27 -12 -2 -27
right_child=1 2 3 11 -6 9 -8 14 -10 10 26 12 -14 -15 -16 16 23 -19 -20 20 21 -23 -24 -25 25 29 -28 -29 -30 -31
leaf_value=0.0027589629005811793 0.010366355293918317 0.0010476650965373293 -0.0072985249488866097 -0.004724808962826909 -0.01315012265844695 0.010125137908344479 -0.022192042144938712 0.014671652369048287 0.0076900270539611128 -0.0074324745616798742 0.0079920642201708903 -0.011978894241950302 0.016041104962287212 0.0065036683842744879 -0.0033535381055264115 -0.020221467057993308 0.012661710265635262 0.0097084464152800455 0.016898616160253444 -0.0092271229008934717 0.013481239747973278 -0.0036138688815925998 0.0038790723053671438 0.00017624290740790894 0.0085503516870259321 -0.019119889679353054 -0.0037493754857118133 -0.0032351880866211143 -0.0076708382772001848 0.0015282516549200468
leaf_weight=1499.3778741247952 23.804651781916618 523.9589156806469 502.52151536941528 100.40630665421486 38.669890329241753 125.83459109812975 88.750666290521622 51.781666979193687 61.48844450712204 373.76525937020779 195.78061670064926 45.469143912196159 80.092286676168442 198.84861680865288 56.433798283338547 39.681751295924187 53.365010790526867 284.56583589315414 49.399337917566299 76.762603454291821 53.296090096235275 66.908365115523338 20.755815237760544 38272.05181408301 108.10602807998657 32.012390807271004 275.84262682497501 104.81147462874651 414.58375503867865 37.87811179459095
leaf_count=6623 103 2211 2135 413 167 553 393 221 261 1605 840 193 341 846 247 205 271 1204 209 339 226 291 109 167008 447 133 1172 444 1831 156
internal_value=0.000163478 -0.000925753 0.00108135 -0.00123785 0.00409219 -0.00309303 -0.00682968 -0.00412053 -0.00402115 -0.0012172 -0.00284975 0.00353849 0.00614647 0.00281247 0.00536199 0.000272547 0.000174558 0.00501166 0.00258221 0.00347836 -0.000642301 0.00482978 -0.0119751 0.000195799 -0.00515686 0.000814418 0.000201058 0.00389551 -0.00654045 -0.0106564
internal_weight=43857 3971.77 2063.42 1166.82 896.594 1908.36 635.355 546.604 742.006 1273 950.2 424.816 324.41 244.318 108.215 39885.2 38385.9 857.924 573.358 322.802 196.967 120.204 60.4376 38325.4 680.518 177.997 576.435 300.592 438.388 69.8905
internal_count=191197 16981 8716 4925 3791 8265 2795 2402 3132 5470 4061 1793 1380 1039 468 174216 167593 3624 2420 1409 856 517 314 167279 2871 736 2456 1284 1934 289
cat_boundaries=0 1 2 3 4 5 6 7 8
cat_threshold=12172288 268437004 245784 8399872 512 8957952 3136 18432
is_linear=0
shrinkage=0.04


Tree=207
num_leaves=31
num_cat=17
split_feature=52 51 50 50 42 36 34 51 50 34 50 51 51 50 39 50 51 42 51 39 50 24 13 13 50 35 62 10 50 51
split_gain=4.25495 12.4909 37.2952 14.8039 14.9485 10.2993 13.1714 11.3964 15.6024 11.1389 11.0888 10.4775 9.34293 10.0696 13.6523 9.85461 14.8842 10.0365 23.4346 17.4149 16.8084 12.9832 9.7347 9.39947 9.35101 9.33705 8.83409 14.1472 10.2639 13.6145
threshold=0 1 2 3 -1.0000000180025095e-35 0.020101009868085388 0.97927406430244457 4 5 0.79431909322738659 6 7 8 9 0.82392686605453502 10 11 -0.60785761475563038 12 0.97814142704010021 13 10.500000000000002 0.091372914612293257 0.075134411454200759 14 0.94494947791099559 5.5000000000000009 44.500000000000007 15 16
decision_type=1 9 9 9 2 10 8 9 9 10 9 9 9 9 8 9 9 2 9 8 9 10 2 2 9 8 2 2 9 9
left_child=1 2 -1 25 -5 7 -7 -3 9 -9 11 -8 13 14 -2 16 -14 18 24 21 -21 -20 23 -15 -17 -4 -19 28 -28 -30
right_child=12 5 3 4 -6 6 10 8 -10 -11 -12 -13 15 22 -16 17 -18 26 19 20 -22 -23 -24 -25 -26 -27 27 -29 29 -31
leaf_value=0.013050083449910068 -0.0059008401161076201 0.0022138877564334921 0.0089747317702450775 0.0063570965059487825 -0.0011187016035810909 0.0009175029441028823 0.009242421342635046 -0.0077570878087310502 -0.0089948483150407536 0.0084025210923768436 -0.0093318218155070617 -0.0048527209800704072 -0.0087757623591722556 -0.00020865368949821441 -0.0012690128257647133 0.00076117218017777576 -0.00057276220787507196 0.00059376681421102132 0.0039069889455867783 0.0054642470480278024 -0.0078253494567334641 -0.0089871351810778682 0.0049329203968017828 -0.011540169932753143 -0.011947907276951815 -0.007255641841673364 0.020588714482592949 -0.016747091365385682 0.013362452981450392 -0.010474659585122878
leaf_weight=469.27201583236456 1411.0839780531824 407.69697559997439 59.503865301609039 839.84251111000776 857.17287305742502 7608.7717069983482 124.25540133565664 104.60062445700169 665.89847983419895 174.16203999146819 373.18155479058623 198.61704562604427 461.5876894146204 2604.9095714427531 3699.2463315650821 119.90283345431089 1424.7465133741498 18301.428269959986 1277.8737049140036 189.05950729548931 617.26653148978949 132.90344408154488 586.19854399561882 117.8965989947319 426.73073525726795 446.26475849375129 93.194234885275364 27.087133832275867 68.678505726158619 56.11963889747858
leaf_count=2113 6135 1939 257 3677 3745 32775 544 460 2961 848 1687 971 1990 11202 16120 524 6184 78861 5903 857 2819 615 2461 499 1868 1958 779 146 428 249
internal_value=-5.32719e-05 0.000576043 0.00298867 0.000762437 0.00256203 -9.30394e-05 0.000432458 -0.00332524 -0.00569925 0.0021624 -0.00480991 0.000682012 -0.000299458 -0.00143975 -0.00255141 0.000114218 -0.00264396 0.000360991 -0.00188351 -1.78569e-05 -0.00469931 0.00265071 0.000274825 -0.00072689 -0.00917871 -0.00513723 0.000697149 0.00817104 0.0116631 0.00252647
internal_weight=43945.2 12329.2 2672.06 2202.78 1697.02 9657.18 8304.83 1352.36 944.661 278.763 696.054 322.872 31615.9 8419.34 5110.33 23196.6 1886.33 21310.2 2763.74 2217.1 806.326 1410.78 3309 2722.81 546.634 505.769 18546.5 245.08 217.992 124.798
internal_count=191575 53935 11750 9637 7422 42185 35977 6208 4269 1308 3202 1515 137640 36417 22255 101223 8174 93049 12586 10194 3676 6518 14162 11701 2392 2215 80463 1602 1456 677
cat_boundaries=0 1 2 3 4 5 6 7 8 9 10 11 12 13 14 15 16 17
cat_threshold=65 8454151 471056 286261445 1063096 403914780 28333828 3286176 8458247 152259735 109453584 19872 7340544 403805184 103424 268452877 6684984
is_linear=0
shrinkage=0.04


Tree=208
num_leaves=31
num_cat=3
split_feature=50 41 15 39 39 11 40 2 11 28 37 39 27 15 11 36 52 36 50 37 42 36 37 22 2 16 39 24 34 17
split_gain=3.20542 9.85374 9.66172 14.6258 13.4352 11.6887 10.7112 7.96153 10.041 7.86043 8.41802 7.71675 7.46482 7.38179 7.15742 6.74645 6.49547 8.35512 8.56404 6.31422 6.31201 6.93655 9.26135 7.02438 6.08944 6.08069 5.7366 9.52802 6.01778 5.7374
threshold=0 -0.37940952181816096 0.091372914612293257 0.72776681184768688 0.73385417461395275 10.500000000000002 0.12940952181816109 44.500000000000007 12.500000000000002 -1.0000000180025095e-35 0.25126262009143835 0.93717104196548473 0.080322578549385085 0.082079496234655394 32.500000000000007 0.86754387617111217 1 0.076505016535520567 2 0.69459062814712536 0.6078576147556306 0.11167800426483156 0.79431909322738659 1.5000000000000002 13.500000000000002 0.55028089880943309 0.61938297748565685 11.500000000000002 0.57223114371299755 0.58995378017425548
decision_type=9 2 8 8 10 10 2 2 8 10 8 10 2 10 10 10 1 10 9 8 2 8 8 2 2 2 10 10 10 10
left_child=1 7 4 14 6 -6 20 8 13 10 -10 19 -11 -1 26 -5 -15 25 -19 -9 -3 23 -23 -22 -7 -18 27 28 -4 -28
right_child=-2 2 3 15 5 24 -8 11 9 12 -12 -13 -14 16 -16 -17 17 18 -20 -21 21 22 -24 -25 -26 -27 29 -29 -30 -31
leaf_value=-0.012900364981104535 0.00019816149029815427 -0.0026941214018403087 -0.013285727240769265 0.0048534915011528099 0.014294305623856102 -0.01850436649355815 0.0073142750241639819 0 0.020153036137032836 -0.0017536240972152617 0.0015310399318726742 0.0027470763761146995 -0.018124325110794304 0.0024199742252122174 0.011809408650959983 -0.013634873435199632 0 -0.012792563416646301 0 -0.016577045342090369 0.012530052289680224 0.0051179997196870997 -0.013501140865558141 -0.0075677894950994754 -0.0041802488719421185 -0.018282589633362073 -0.025251640591014507 0.0098841557640677678 -0.0011273780712414444 -0.0059475228777933547
leaf_weight=158.16512684524059 35399.510676611215 698.99736008048058 91.408633127808571 1558.2937923371792 48.269360072910786 46.041070684790611 378.35027941316366 45.736813262104988 35.720000892877579 1251.5981116518378 1026.0618257075548 63.962349280714989 41.693333387374878 214.36305904388428 43.071761786937714 26.989874258637428 39.960536792874336 93.340391129255295 390.10620568692684 152.03453674912453 154.3161193728447 107.51246418058872 63.497849807143211 28.889199018478394 1203.8743574768305 111.10431207716465 30.965799406170845 83.599391371011734 217.41889006644487 109.40492476522923
leaf_count=654 154962 3022 393 6610 214 198 1842 205 151 5216 4300 279 174 905 183 114 169 396 1644 690 661 457 267 122 5262 458 134 354 925 468
internal_value=3.00833e-05 -0.000665501 0.000501667 0.00249957 -0.00107445 -0.00401818 0.00158579 -0.00224663 -0.00170869 -0.000267219 0.00226778 -0.00892014 -0.00236456 -0.00504201 -0.00292114 0.00448427 -0.00348742 -0.00547007 -0.00287147 -0.0127668 -0.000478015 0.00381613 -0.00186898 0.00913775 -0.00479545 -0.0136502 -0.00424788 -0.00165031 -0.00494415 -0.0110656
internal_weight=43914.3 8514.75 4890.9 2161.15 2729.75 1298.18 1431.56 3623.85 3362.11 2355.07 1061.78 261.734 1293.29 1007.04 575.869 1585.28 848.875 634.511 483.447 197.771 1053.21 354.216 171.01 183.205 1249.92 151.065 532.798 392.427 308.828 140.371
internal_count=191429 36467 21226 9181 12045 5674 6371 15241 14067 9841 4451 1174 5390 4226 2457 6724 3572 2667 2040 895 4529 1507 724 783 5460 627 2274 1672 1318 602
cat_boundaries=0 1 2 3
cat_threshold=134550033 68 4096
is_linear=0
shrinkage=0.04


Tree=209
num_leaves=31
num_cat=12
split_feature=38 50 39 1 51 51 37 52 51 51 12 50 50 51 18 51 51 37 24 37 27 50 29 39 30 36 8 37 39 36
split_gain=3.7925 13.8491 13.5767 12.6142 14.9805 14.631 12.3805 11.7928 11.3543 9.97454 9.95232 8.37465 7.97774 8.15841 8.10521 7.79728 7.4164 9.35471 10.0899 8.85038 7.36249 7.29902 7.01932 6.81182 6.74936 6.49959 6.40367 6.3457 8.75075 6.32365
threshold=0.26352339982986456 0 0.74305018782615673 48.500000000000007 1 2 0.27346041798591619 3 4 5 41.500000000000007 6 7 8 0.96799793839454662 9 10 0.84654632210731517 5.5000000000000009 0.95040982961654674 0.85791924595832836 11 1.0000000180025095e-35 0.20101010054349902 0.21060023456811908 0.125657893717289 7.5000000000000009 0.41742423176765447 0.44529914855957037 0.21466974169015887
decision_type=10 9 8 2 9 9 10 1 9 9 10 9 9 9 10 9 9 10 10 10 2 9 10 10 10 10 10 10 8 10
left_child=2 3 8 4 26 7 15 -5 21 27 -9 -10 20 -14 -15 -6 17 18 -8 25 -11 -1 -19 -17 -21 -18 -2 28 -3 -13
right_child=1 9 -4 5 6 -7 16 10 11 12 -12 29 13 14 -16 23 19 22 -20 24 -22 -23 -24 -25 -26 -27 -28 -29 -30 -31
leaf_value=0.009383825466846572 -0.0097394767443645235 -0.0092897571835285596 -4.9678921441131812e-05 0.0059366154622839578 -0.00019441056540776342 0.012018934826946659 0.00209049341069047 0.006676639868789698 0.0030873639435780153 0.0012939006862795453 -0.022617525687285703 -0.0079144143197729215 0.0018749689396194461 0.0058776667955371875 0.015619277551406087 -0.0027313962307863537 0.0026524986956166095 0.00062349413015907161 -0.010210769055964623 -0.0055239906646211137 0.022058346398826242 -0.0050529419116097166 0.012594201470815419 0.020278255363676757 -0.018918216841890968 -0.0032657584454071392 0.0053580425115530286 0.00086478392124703378 0.00073168810615336255 -0.020119149005965242
leaf_weight=87.825908552855253 476.6209474131465 247.95258969813585 32025.755124162883 97.844113156199455 109.67674022912979 216.45790871977806 313.6279230043292 21.971546247601509 59.830130446702242 2341.617078948766 60.271208271384239 177.57217514514923 707.8166506960988 736.31057707220316 172.38635860010982 22.851308807730675 398.32774249464273 157.22592114657164 154.49264730513096 288.70586189627647 22.818139135837555 108.09618693590164 160.18076875805855 92.443363696336746 77.034678667783737 1098.7918889150023 44.655819751322269 2955.9556121304631 301.68131759017706 129.18995673954487
leaf_count=434 2070 1088 139348 436 481 932 1390 97 329 10182 283 787 3132 3105 813 103 1773 695 666 1259 95 492 695 409 324 4816 190 12955 1315 576
internal_value=5.93189e-05 0.000691716 -0.000158992 -0.00127258 -0.00207059 0.00541806 -0.000905215 -0.00300523 -0.00629202 0.00168873 -0.0131238 -0.0102563 0.00305634 0.00522403 0.00773828 0.00798217 -0.00168474 0.00154775 -0.00199199 -0.00305096 0.00154235 0.00153091 0.00682823 0.0144281 -0.00861621 -0.00167423 -0.00821344 0.000123591 -0.00379615 -0.0129435
internal_weight=43866 11277.7 32588.3 3791.18 3394.64 396.545 2873.36 180.087 562.514 7486.54 82.2428 366.592 3980.95 1616.51 908.697 224.971 2648.39 785.527 468.121 1862.86 2364.44 195.922 317.407 115.295 365.741 1497.12 521.277 3505.59 549.634 306.762
internal_count=191270 49304 141966 16619 14871 1748 12611 816 2618 32685 380 1692 17327 7050 3918 993 11618 3446 2056 8172 10277 926 1390 512 1583 6589 2260 15358 2403 1363
cat_boundaries=0 1 2 3 4 5 6 7 8 9 10 11 12
cat_threshold=68442289 10485771 883977 7 1264816 9280546 32808 172108 6423064 701696 99632 5704
is_linear=0
shrinkage=0.04


end of trees

feature_importances:
district_code=1206
target_hour=1108
capacity=278
bike_ratio_lag_1d=244
dock_ratio_lag_7d=220
dock_ratio_lag_1d=213
available_docks=212
bike_ratio_lag_7d=206
target_weekday=204
target_hour_sin=185
docks_lag_90=128
red_duration_capped_6=128
docks_lag_30=114
target_hour_cos=112
docks_lag_60=111
target_weekday_sin=106
unavailable_ratio=97
dock_ratio_min_90=94
dock_ratio=85
bike_ratio_lag_60=84
bike_ratio_mean_90=80
bike_ratio_lag_90=76
bike_ratio_max_90=75
dock_ratio_lag_90=74
delta_docks_90=72
dock_ratio_lag_30=71
dock_ratio_mean_90=70
bikes_lag_90=62
dock_ratio_lag_60=53
dock_ratio_max_90=52
bike_ratio_lag_30=48
dock_acceleration_30=48
bikes_lag_60=45
delta_docks_ratio_30=44
bike_acceleration_30=37
target_weekday_cos=34
delta_docks_60=30
same_red_count_past_90=29
delta_bikes_ratio_30=24
bikes_lag_30=20
same_red_lag_1d=19
red_duration_log1p_capped=18
unavailable_count=17
delta_docks_30=17
delta_bikes_90=15
target_is_peak=9
target_is_weekend=8
delta_bikes_30=6
same_red_lag_7d=6
delta_bikes_60=4
abs_delta_bikes_30=1
lag_7d_missing=1

parameters:
[boosting: gbdt]
[objective: binary]
[metric: binary_logloss]
[tree_learner: serial]
[device_type: cpu]
[data_sample_strategy: bagging]
[data: ]
[valid: ]
[num_iterations: 210]
[learning_rate: 0.04]
[num_leaves: 31]
[num_threads: 1]
[seed: 20260904]
[deterministic: 1]
[force_col_wise: 1]
[force_row_wise: 0]
[histogram_pool_size: -1]
[max_depth: 8]
[min_data_in_leaf: 100]
[min_sum_hessian_in_leaf: 0.001]
[bagging_fraction: 0.85]
[pos_bagging_fraction: 1]
[neg_bagging_fraction: 1]
[bagging_freq: 1]
[bagging_seed: 12470]
[bagging_by_query: 0]
[feature_fraction: 0.8]
[feature_fraction_bynode: 1]
[feature_fraction_seed: 4027]
[extra_trees: 0]
[extra_seed: 10433]
[early_stopping_round: 0]
[early_stopping_min_delta: 0]
[first_metric_only: 0]
[max_delta_step: 0]
[lambda_l1: 0.5]
[lambda_l2: 5]
[linear_lambda: 0]
[min_gain_to_split: 0]
[drop_rate: 0.1]
[max_drop: 50]
[skip_drop: 0.5]
[xgboost_dart_mode: 0]
[uniform_drop: 0]
[drop_seed: 31873]
[top_rate: 0.2]
[other_rate: 0.1]
[min_data_per_group: 100]
[max_cat_threshold: 32]
[cat_l2: 10]
[cat_smooth: 10]
[max_cat_to_onehot: 4]
[top_k: 20]
[monotone_constraints: ]
[monotone_constraints_method: basic]
[monotone_penalty: 0]
[feature_contri: ]
[forcedsplits_filename: ]
[refit_decay_rate: 0.9]
[cegb_tradeoff: 1]
[cegb_penalty_split: 0]
[cegb_penalty_feature_lazy: ]
[cegb_penalty_feature_coupled: ]
[path_smooth: 0]
[interaction_constraints: ]
[verbosity: -1]
[saved_feature_importance_type: 0]
[use_quantized_grad: 0]
[num_grad_quant_bins: 4]
[quant_train_renew_leaf: 0]
[stochastic_rounding: 1]
[linear_tree: 0]
[max_bin: 127]
[max_bin_by_feature: ]
[min_data_in_bin: 3]
[bin_construct_sample_cnt: 200000]
[data_random_seed: 5033]
[is_enable_sparse: 1]
[enable_bundle: 1]
[use_missing: 1]
[zero_as_missing: 0]
[feature_pre_filter: 1]
[pre_partition: 0]
[two_round: 0]
[header: 0]
[label_column: ]
[weight_column: ]
[group_column: ]
[ignore_column: ]
[categorical_feature: 50,51,52]
[forcedbins_filename: ]
[precise_float_parser: 0]
[parser_config_file: ]
[objective_seed: 5097]
[num_class: 1]
[is_unbalance: 0]
[scale_pos_weight: 1]
[sigmoid: 1]
[boost_from_average: 1]
[reg_sqrt: 0]
[alpha: 0.9]
[fair_c: 1]
[poisson_max_delta_step: 0.7]
[tweedie_variance_power: 1.5]
[lambdarank_truncation_level: 30]
[lambdarank_norm: 1]
[label_gain: ]
[lambdarank_position_bias_regularization: 0]
[eval_at: ]
[multi_error_top_k: 1]
[auc_mu_weights: ]
[num_machines: 1]
[local_listen_port: 12400]
[time_out: 120]
[machine_list_filename: ]
[machines: ]
[gpu_platform_id: -1]
[gpu_device_id: -1]
[gpu_device_id_list: ]
[gpu_use_dp: 0]
[num_gpu: 1]

end of parameters

pandas_categorical:[[0, 1, 2, 3, 4, 5, 6, 7, 8, 9, 10, 11, 12, 13, 14, 15, 16, 17, 18, 19, 20, 21, 22, 23, 24, 25, 26, 27, 28], [0, 1, 2, 3, 4, 5, 6, 7, 8, 9, 10, 11, 12, 13, 14, 15, 16, 17, 18, 19, 20, 21, 22, 23], [1, 2, 3, 4, 5, 6, 7]]
