tree
version=v4
num_class=1
num_tree_per_iteration=1
label_index=0
max_feature_idx=67
objective=binary sigmoid:1
feature_names=available_bikes available_docks capacity unavailable_count bike_ratio dock_ratio unavailable_ratio bikes_lag_30 bikes_lag_60 bikes_lag_90 docks_lag_30 docks_lag_60 docks_lag_90 bike_ratio_lag_30 bike_ratio_lag_60 bike_ratio_lag_90 dock_ratio_lag_30 dock_ratio_lag_60 dock_ratio_lag_90 delta_bikes_30 delta_bikes_60 delta_bikes_90 delta_docks_30 delta_docks_60 delta_docks_90 abs_delta_bikes_30 delta_bikes_ratio_30 delta_docks_ratio_30 bike_acceleration_30 dock_acceleration_30 bike_ratio_mean_90 bike_ratio_min_90 bike_ratio_max_90 dock_ratio_mean_90 dock_ratio_min_90 dock_ratio_max_90 bike_ratio_lag_1d dock_ratio_lag_1d bike_ratio_lag_7d dock_ratio_lag_7d target_hour_sin target_hour_cos target_weekday_sin target_weekday_cos target_is_weekend target_is_peak lag_90_missing lag_1d_missing lag_7d_missing suspected_large_jump_past station_id district_code target_hour target_weekday longitude latitude same_red_lag_30 same_red_lag_60 same_red_lag_90 same_red_lag_1d same_red_lag_7d opposite_red_lag_30 opposite_red_lag_60 opposite_red_lag_90 same_red_count_past_90 red_duration_capped_6 red_duration_log1p_capped duration_90plus
feature_infos=[2:99] none [9:99] [0:57] [0.072727270424365997:1] none [0:0.9272727370262146] [0:99] [0:99] [0:97] [0:93] [0:93] [0:94] [0:1] [0:1] [0:1] [0:1] [0:1] [0:1] [-10:92] [-15:92] [-13:94] [-93:0] [-93:0] [-94:0] [0:92] [-0.3888888955116272:1] [-1:0] [-69:100] [-100:69] [0.054545454680919647:1] [0:1] [0.072727270424365997:1] [0:0.75] none [0:1] [0:1] [0:1] [0:1] [0:1] [-1:1] [-1:1] [-0.97492790222167969:0.97492790222167969] [-0.90096884965896606:1] [0:1] [0:1] none [0:1] [0:1] [0:1] -1:98:244:180:108:181:750:77:66:95:518:96:223:753:67:559:105:667:131:297:112:167:236:395:149:810:97:491:160:166:78:159:140:113:53:104:58:139:90:777:997:269:99:84:186:1016:653:304:834:74:177:156:605:82:103:191:318:245:443:773:179:124:675:132:107:146:192:366:216:655:187:76:709:60:358:688:790:65:172:345:561:94:91:818:83:129:137:208:313:292:326:80:727:70:150:117:145:176:195:256:337:492:510:283:134:143:285:794:488:178:484:650:660:89:154:657:403:480:575:169:308:317:136:1029:148:69:130:455:111:356:430:577:437:64:101:71:298:367:436:521:670:119:406:446:967:173:474:303:420:232:885:210:219:309:335:396:59:268:322:327:872:983:54:205:375:793:183:260:610:68:164:209:721:1167:56:122:689:168:182:228:302:540:603:109:155:310:342:408:479:680:845:171:412:431:433:1069:1129:515:797:162:249:321:523:645:229:128:188:213:238:404:472:247:257:384:481:536:562:153:161:194:365:497:544:666:697:966:106:121:125:189:316:612:832:884:141:142:264:286:748:123:222:450:549:796:949:1107:348:409:423:499:528:795:346:353:407:556:740:970:1023:61:218:220:293:355:211:265:564:626:639:1043:1145:126:241:379:418:953:147:198:206:388:405:905:152:174:301:323:354:435:473:658:1025:133:217:361:363:416:527:565:668:669:716:835:843:984:1166:120:170:261:350:368:411:440:791:92:114:193:287:386:390:392:466:555:694:696:741:883:950:1050:175:237:242:295:448:632:638:737:4:75:397:438:495:707:888:891:100:127:151:224:402:441:475:487:496:699:706:55:79:85:185:429:512:704:712:762:767:781:86:305:314:383:387:394:398:453:460:490:546:554:572:629:662:683:684:764:766:898:925:939:968:1169:62:102:267:281:289:294:414:417:442:449:624:656:751:836:859:877:942:1093:18:214:276:461:470:505:513:579:589:601:674:744:770:881:935:7:10:226:231:393:410:500:804:28:165:274:328:362:371:439:467:503:522:598:693:746:756:868:904:936:1101:1109:1125:72:230:311:315:333:351:369:382:664:846:906:138:221:233:254:262:372:434:586:606:681:718:725:783:880:919:988:1015:1082:1170:88:118:163:215:252:291:374:489:539:548:558:687:806:871:921:938:979:1005:1126:16:23:279:288:307:504:525:728:768:867:914:1012:1054:1068:0:81:227:250:352:421:509:520:550:553:651:692:765:800:809:811:855:902:976:982:1024:1053:1071:1106:1139:190:251:255:357:360:462:494:537:568:574:648:659:708:745:798:833:920:978:985:998:1094:1120:14:347:376:399:463:468:476:531:608:695:732:817:875:951:959:962:981:1063:115:239:524:535:611:614:615:710:717:907:928:1009:1045:1143:25:29:207:290:400:552:567:619:649:663:676:698:701:922:932:954:1064:1092:1099:1119:1150:17:20:27:116:199:225:270:280:320:385:447:519:593:600:616:633:635:640:705:739:769:780:813:852:865:874:899:1027:1046:1138:1171:9:34:73:158:200:258:364:373:464:514:560:563:596:627:685:722:735:802:805:821:826:827:831:839:894:1000:1067:1116:1146:43:275:312:324:330:413:459:498:516:541:542:573:602:618:630:661:672:726:755:789:792:801:822:828:870:882:943:945:1020:1040:1052:1074:1077:1089:1127:1163:12:31:35:39:93:110:144:184:204:234:248:272:273:278:325:339:340:349:389:422:444:482:501:511:582:597:634:636:654:678:734:743:782:786:819:824:838:895:916:917:927:933:937:972:987:1002:1021:1087:1104:1111:1137:1159:6:30:40:42:243:271:319:329:377:415:452:457:483:578:585:620:622:625:647:665:682:690:771:772:787:814:854:862:886:901:926:946:992:1001:1010:1057:1065:1079:1080:1085:1103:1108:1114:1130:1154:1157:1158:5:36:48:300:306:331:334:426:432:486:517:526:566:569:591:631:641:646:700:711:738:742:749:758:775:788:803:840:864:866:869:873:878:897:900:908:909:915:918:934:973:989:1019:1028:1041:1042:1051:1088:1110:1121:1134:1:296:336:343:344:370:380:419:424:425:445:454:469:485:502:547:587:594:607:702:729:733:760:774:776:808:820:825:837:842:851:857:910:913:929:955:957:960:969:986:1003:1018:1030:1032:1033:1055:1058:1061:1062:1075:1081:1090:1117:1147:1148:3:11:33:44:63:135:157:197:235:240:246:253:277:332:359:391:451:456:471:477:493:506:538:551:570:576:584:613:643:673:703:713:714:719:720:736:747:759:761:784:785:807:812:816:823:841:853:860:887:889:890:892:931 -1:11:17:10:9:14:3:12:2:6:0:13:15:26:23:16:18:4:19:5:1:25:22:24:7:8:20 -1:18:19:17:23:20:8:0:14:22:13:9:21:1:15:10:16:7:12:11:2:3:4:5:6 -1:6:5:0:4:3:1:2 [121.32473754882812:121.93128967285156] [24.904750823974609:25.290157318115234] [0:1] [0:1] [0:1] [0:1] [0:1] [0:1] [0:1] [0:1] [0:3] [0:6] [0:1.9462890625] [0:1]
tree_sizes=4641 4784 3461 3475 4863 4849 4620 3474 4677 3424 4922 3441 4705 4405 4558 3452 4502 5025 4659 4803 3454 3454 4632 4671 3455 4722 5056 4958 3427 3445 4577 4545 5155 4963 4561 5064 5044 4759 4672 3409 4914 4766 4966 5137 4562 4710 4852 3417 4955 4952 5034 4791 4858 4775 4452 4917 3444 3425 4971 4933 4838 4440 4730 4859 4715 3421 4978 4469 4419 4777 4702 4542 4380 4936 5115 4378 4747 4478 4344 4681 4589 4829 4620 5037 3478 4696 4700 4408 5064 4750 4520 4436 3457 3440 4497 4829 5047 4941 4781 3481 3450 3404 4864 4978 4942 4867 5087 4445 4821 4774 4506 4712 4775 4818

Tree=0
num_leaves=31
num_cat=11
split_feature=50 65 50 50 50 50 50 41 35 50 40 41 41 35 40 40 26 40 51 41 50 50 50 40 40 40 41 40 12 37
split_gain=1885.31 653.436 485.705 211.281 156.608 143.91 105.985 103.499 94.0428 101.988 92.9503 80.9264 71.4679 27.6556 22.6045 22.3811 21.1757 18.6972 18.6328 18.5138 15.7351 15.6643 14.6531 14.0783 13.9041 13.7455 12.9747 20.9428 11.0698 10.9098
threshold=0 1.5000000000000002 1 2 3 4 5 0.12940952181816107 0.29864865541458135 6 0.37940952181816107 0.37940952181816107 0.37940952181816107 0.035098522901535041 -0.6035533845424651 -0.6035533845424651 0.091966174542903914 -0.37940952181816096 7 -0.7865660786628722 8 9 10 1.0000000180025095e-35 -0.7865660786628722 -0.91597560048103321 -0.37940952181816096 -0.6035533845424651 9.5000000000000018 0.21483516693115237
decision_type=9 2 9 9 9 9 9 2 8 9 2 2 2 8 2 2 2 2 9 2 9 9 9 2 2 2 2 2 10 8
left_child=7 2 17 26 23 15 14 16 11 -10 18 -8 -12 -9 -7 22 -1 21 20 -19 -6 -2 -5 -3 -15 -20 28 -28 29 -4
right_child=1 4 3 5 10 6 8 13 9 -11 12 -13 -14 24 -16 -17 -18 19 25 -21 -22 -23 -24 -25 -26 -27 27 -29 -30 -31
leaf_value=-0.62996798452957592 -0.68027412457893055 -0.63395073012475034 -0.66716067068306351 -0.69505936599793838 -0.65882021762017073 -0.68599784622649163 -0.69755189432131492 -0.58399132330670966 -0.67667861415883712 -0.70677015388243436 -0.66520801137946128 -0.67430993979721443 -0.61831738915983359 -0.64766861239645757 -0.66375652991417011 -0.661183433628867 -0.66784963733243907 -0.66283842460061426 -0.68371973931721419 -0.63548085917979813 -0.68670189500397449 -0.65545804005298625 -0.66826362786490701 -0.60194878052487755 -0.6068935433614282 -0.65170807787780971 -0.6705861025499249 -0.64256223916834521 -0.64891540632564682 -0.68949373824398341
leaf_weight=94.026443094015121 52.708409905433655 70.575667500495911 74.37245973944664 58.29192790389061 24.344138473272324 136.68452060222626 780.5758161842823 212.84370610117912 201.45332938432693 2357.1379582285881 106.75686413049698 341.04127934575081 106.08684197068214 28.140930712223053 145.39480867981911 189.16958978772163 37.074559509754181 66.108853101730347 26.577545672655106 156.56184467673302 180.68264243006706 206.36682522296906 46.231529027223587 101.84336829185486 166.16549563407898 69.905645340681076 88.442925095558167 88.666265815496445 22.33407199382782 57.398565024137497
leaf_count=421 236 316 333 261 109 612 3495 953 902 10554 478 1527 475 126 651 847 166 296 119 701 809 924 207 456 744 313 396 397 100 257
internal_value=-0.678189 -0.684954 -0.689935 -0.693944 -0.648495 -0.696354 -0.69837 -0.607655 -0.700198 -0.704503 -0.661154 -0.690482 -0.640913 -0.596247 -0.67467 -0.669546 -0.63977 -0.652228 -0.675331 -0.643005 -0.682223 -0.659769 -0.683806 -0.616774 -0.611791 -0.662131 -0.663588 -0.655861 -0.672108 -0.677102
internal_weight=6293.96 5755.71 5068.94 4587.2 686.773 4255.98 3962.29 538.251 3680.21 2558.59 514.354 1121.62 212.844 407.15 282.079 293.693 131.101 481.746 301.51 222.671 205.027 259.075 104.523 172.419 194.306 96.4832 331.214 177.109 154.105 131.771
internal_count=28181 25771 22696 20539 3075 19056 17741 2410 16478 11456 2303 5022 953 1823 1263 1315 587 2157 1350 997 918 1160 468 772 870 432 1483 793 690 590
cat_boundaries=0 32 63 97 133 168 199 231 232 257 288 298
cat_threshold=0 0 270336 8192 2147516928 268435456 16777216 0 0 33554432 67239936 0 526336 0 262144 2064 0 135168 0 16777216 4227072 0 8388608 131088 32 262144 134217732 24 0 0 0 32 0 0 131072 4096 262144 2148532225 12 34603008 256 1073741858 33554432 8405072 1 0 0 1024 2048 0 4194304 0 139264 2056 0 16384 276824064 1024 0 0 0 0 8388608 0 0 134217728 2147483652 1064960 2228256 0 2113536 4128 0 8192 0 4 0 0 0 0 268435456 0 0 84935712 2097408 0 67113248 0 0 0 0 0 0 256 16777216 32 8192 0 0 0 69632 2113536 1048640 1 3145728 0 65552 0 16 16777224 32768 0 1 1 0 536870912 0 67182592 33554440 8449 32 0 1024 0 0 0 0 0 0 0 0 0 64 16384 1082130432 2147484712 0 0 100665344 65537 8388736 0 24576 0 512 16 0 0 1048576 0 0 0 2359296 402653184 4096 0 2415919104 0 0 0 16777216 256 0 524288 0 67108864 0 32 0 536870912 272629760 269320192 2098176 0 0 8192 8396800 64 0 73763 0 8192 0 0 268959808 2147483648 536870912 0 536870912 0 32 1024 134217729 0 0 131072 0 0 16777216 0 0 16781317 67109122 4 0 262144 1073741824 0 0 1073741824 134217728 0 18874370 0 1073741824 256 2129920 8192 0 0 131072 0 2 4194304 0 16386 0 0 4194304 0 64 52845 0 0 68157444 0 0 131073 0 0 0 1073741824 0 0 0 0 0 0 0 0 0 0 0 0 0 0 4194304 0 0 0 4096 0 0 0 0 256 1073741824 0 0 0 0 0 0 0 0 0 0 0 0 0 16384 0 1024 0 0 0 0 8388608 0 0 2147484712 0 0 67108864 65537 0 0 16384
is_linear=0
shrinkage=1


Tree=1
num_leaves=31
num_cat=20
split_feature=52 50 33 50 50 50 52 52 50 50 51 35 50 41 50 52 50 12 50 53 9 52 50 39 55 17 30 55 52 52
split_gain=1816.37 786.52 359.875 328.165 227.409 155.368 138.137 106.919 102.491 95.133 70.5991 60.0331 38.8369 36.7501 27.8983 21.3204 19.5898 24.627 18.2186 13.7629 12.7956 12.8375 11.6595 11.1627 10.7217 10.2166 17.1106 9.86507 9.70296 8.67833
threshold=0 1 0.08951465412974359 2 3 4 5 6 7 8 9 0.045983087271451957 10 0.60355338454246532 11 12 13 10.500000000000002 14 15 11.500000000000002 16 17 0.39335052669048315 24.99949932098389 0.20112359523773196 0.95588234066963207 25.066584587097172 18 19
decision_type=1 9 8 9 9 9 1 1 9 9 9 10 9 2 9 1 9 10 9 1 10 1 9 8 2 10 10 2 1 1
left_child=2 13 11 25 19 15 9 10 29 -7 18 -1 -10 16 -11 -6 17 -2 -4 20 21 -5 -21 -17 -18 26 -3 -12 -24 -8
right_child=1 3 7 4 5 6 8 -9 12 14 27 -13 -14 -15 -16 23 24 -19 -20 22 -22 -23 28 -25 -26 -27 -28 -29 -30 -31
leaf_value=0.073137955839351773 0.0090933487331336955 0.033930564018427686 0.016245558075055708 -0.0022292645646926749 0.015479079090686279 0.016538588573120905 0.0069008695237541551 0.051329383288893984 -0.010233085000964542 0.0021422622862679696 0.015687701193735956 0.04739360458575001 -0.03254582844441891 0.070260267869301715 -0.01825498094021041 -0.018500968072671476 0.031007798437126304 0.049549005666020801 -0.014976989178025335 -0.011049229659181994 0.030266227389027022 0.01787019070965595 0.019590432389534087 0.0027035537726093069 0.060579563383480681 0.012338253660432797 0.00946814752014828 0.041438692088396761 -0.0030783252593408472 -0.0082214405246325839
leaf_weight=425.27280713617802 94.685519352555275 151.68673141300678 23.594869285821915 84.105615794658661 162.944331407547 158.55829256772995 100.83241479098797 86.653018742799759 176.11900347471237 124.11900222301483 63.224210515618324 299.64750897884369 2069.9993352591991 88.154227614402771 892.88511168956757 54.302600502967834 52.158317163586617 29.786354318261147 180.17173679172993 67.045967742800713 70.269364610314369 111.23527140915394 48.458996593952179 113.7016059756279 97.914182066917419 168.09172210097313 75.351373568177223 53.559600681066513 54.153876081109047 112.32757332921028
leaf_count=1864 421 674 105 376 727 711 453 387 792 559 282 1329 9337 387 4023 243 232 132 810 300 313 497 216 509 433 748 335 237 242 505
internal_value=0.000144516 -0.00994926 0.0456849 -0.0142913 -0.0174434 -0.0204653 -0.0228685 0.0156685 -0.0283239 -0.0112258 0.00363827 0.0629214 -0.0308846 0.0457031 -0.0157513 0.00571812 0.0382657 0.019001 -0.0104042 0.00980925 0.0153702 0.0100574 0.000453627 -0.00413236 0.0486262 0.0201226 0.0262769 0.026687 0.00859014 -0.000996983
internal_weight=6291.01 5158.89 1132.12 4796.19 4401.06 3965.79 3634.84 407.203 2459.28 1175.56 320.55 724.92 2246.12 362.699 1017 330.949 274.544 124.472 203.767 435.269 265.61 195.341 169.659 168.004 150.072 395.13 227.038 116.784 102.613 213.16
internal_count=28179 23165 5014 21560 19803 17859 16380 1821 11087 5293 1434 3193 10129 1605 4582 1479 1218 553 915 1944 1186 873 758 752 665 1757 1009 519 458 958
cat_boundaries=0 1 29 62 96 125 126 127 162 194 195 231 261 262 286 318 319 320 345 346 347
cat_threshold=63 0 0 8192 8192 2147516928 1 9 0 0 33554464 131072 16 526344 0 0 2048 2048 0 0 16777216 196608 0 8388609 67256336 268435488 0 134217732 16 0 8388608 393216 2147483648 262144 2416969728 0 34603008 256 1073741824 33554432 8404992 0 0 0 1 0 268567040 0 0 9437440 2097408 0 2147483648 0 262656 0 0 0 0 0 16777216 32 0 1073741824 1028 4356 1048576 131104 0 8421376 0 65552 67117056 524353 65 0 0 1024 0 0 0 0 8224 2056 32 0 4194304 0 0 0 0 0 8388608 0 0 8192 33570816 536870912 134217736 269221888 0 2097152 553910272 262272 8192 24582 0 9216 20 0 0 16 524352 0 0 2097152 32768 4096 2097152 256 0 0 0 0 256 12677184 35 0 0 335544320 0 8260 0 2147483648 2097152 0 64 32896 512 512 0 16384 1082130434 268436488 2129920 8192 262145 268697600 0 0 0 0 0 0 134217728 0 33554432 262144 64 524288 0 524288 0 0 2148536352 67207170 2097154 33579584 2 2113536 0 268435456 0 98304 4096 8192 2147483776 0 512 1 0 0 0 131072 0 4096 134218240 0 0 0 0 0 0 32 8408141 16 0 4198432 0 16 16388 0 67125504 2147483648 2097152 4194304 256 262144 16777216 0 536875264 8704 0 2 4 134218752 0 131072 1073741824 1073741824 0 0 0 0 0 0 0 536870912 0 2359296 33554432 0 0 65536 536870913 273154112 134218752 134225920 0 1073741824 0 1077936128 0 59768832 2244608 0 1048578 0 0 536870912 0 0 134283264 131072 0 0 0 0 0 0 128 13251008 0 0 8192 0 33280 0 1 0 0 32 131072 16 0 0 0 0 0 0 0 0 0 0 0 147472 0 0 1073741824 4096 131072 2148532224 0 0 0 0 0 0 0 0 0 0 0 0 0 0 0 0 0 0 0 0 0 0 0 0 128 32 106 2451072 0 0 1028 256 0 0 0 0 0 16 0 64 1 0 0 0 0 0 0 0 8192 0 32 0 4194304 13443200 394112
is_linear=0
shrinkage=0.04


Tree=2
num_leaves=31
num_cat=7
split_feature=65 51 41 65 40 41 40 51 41 40 51 36 30 21 51 33 51 51 42 41 54 55 30 55 40 51 54 54 40 30
split_gain=1420.73 392.372 269.893 227.006 168.843 165.833 246.477 95.5641 95.1405 84.3038 73.7566 40.1876 39.4835 34.1765 32.3854 30.6863 28.493 27.9659 25.5815 25.1625 24.7309 23.633 20.3543 22.3081 19.3468 19.212 18.3732 28.1622 24.6405 17.6532
threshold=1.5000000000000002 0 0.60355338454246532 3.5000000000000004 -0.6035533845424651 0.12940952181816107 0.37940952181816107 1 0.37940952181816107 0.12940952181816109 2 0.96039214730262767 0.85526320338249218 7.5000000000000009 3 0.078348215669393553 4 5 -0.60785761475563038 0.37940952181816107 121.44659423828126 25.018589973449711 0.89583334326744091 24.943084716796879 0.91597560048103344 6 121.53562545776369 121.46110153198244 1.0000000180025095e-35 0.95000001788139354
decision_type=2 9 2 2 2 2 2 9 2 2 9 10 8 8 9 8 9 9 2 2 2 2 10 2 2 9 2 2 2 10
left_child=1 4 10 8 22 7 12 11 14 17 13 -6 16 26 -2 -4 21 -10 -17 -5 -20 -7 23 -1 -8 -24 27 -3 -28 -9
right_child=3 2 15 19 5 6 24 29 9 -11 -12 -13 -14 -15 -16 18 -18 -19 20 -21 -22 -23 25 -25 -26 -27 28 -29 -30 -31
leaf_value=-0.0047783721194519383 -0.011634514552666021 0.0016785661536327925 0.056298627514873231 0.049249977908183043 -0.0096287549483935163 -0.01246943094034029 0.054063698273905704 -0.028784192206244192 -0.0035920512252834418 0.061243355722040226 0.038537179839708786 0.017873449206124797 0.011952979921031233 -0.01328255341111116 0.017008333488770257 0.045730406784215943 -0.017047642785709693 0.030331481399033584 -0.0026568365972284118 0.073852115464493467 0.030250532782339665 0.013664020448107264 0.00030130380139122085 -0.028428395286475797 0.018136788327079018 -0.021841046870631188 -0.014287706121309368 0.027844419914966379 0.012390806781744873 0.0009469375250287386
leaf_weight=71.757347524166107 80.373676151037216 296.80146016180515 118.108258202672 168.06470854580402 558.29899407923222 97.702046170830727 137.61357493698597 662.80942788720131 60.151345074176788 160.01872695982456 56.374287575483322 94.995090886950493 160.95607553422451 362.10153946280479 186.94154353439808 95.669841885566711 342.54764790832996 99.245819374918938 55.576861992478371 263.68272526562214 92.431156381964684 114.77707408368587 100.40879999101162 1249.1700169891119 39.130924135446548 173.02025759220123 176.89127169549465 80.571041986346245 74.484757393598557 31.865748539566994
leaf_count=326 360 1326 516 733 2518 440 605 3012 268 691 248 424 715 1633 830 423 1548 434 247 1132 408 513 452 5679 174 783 799 357 335 144
internal_value=-8.58521e-05 -0.00849503 0.00950187 0.0430228 -0.0151015 -0.00801939 0.00531892 -0.0168548 0.0264084 0.0410017 -0.000750925 -0.00541171 -0.00518136 -0.00354 0.00846469 0.0390988 -0.0102483 0.0193148 0.0297175 0.0649946 0.0180801 0.00147706 -0.0250805 -0.0271816 0.0469374 -0.0145523 0.00204394 0.00760847 -0.00621715 -0.0270088
internal_weight=6262.54 5244.06 1409.01 1018.48 3835.05 2240.7 892.727 1347.97 586.731 319.416 1047.22 653.294 715.983 990.85 267.315 361.786 555.027 159.397 243.678 431.747 148.008 212.479 1594.36 1320.93 176.744 273.429 628.749 377.373 251.376 694.675
internal_count=28073 23625 6292 4448 17333 10093 3995 6098 2583 1393 4698 2942 3216 4450 1190 1594 2501 702 1078 1865 655 953 7240 6005 779 1235 2817 1683 1134 3156
cat_boundaries=0 1 2 3 4 5 6 7
cat_threshold=8420445 18433 67338784 21581 14352 19528 17424
is_linear=0
shrinkage=0.04


Tree=3
num_leaves=31
num_cat=6
split_feature=33 51 41 11 41 40 41 40 41 40 51 40 51 51 40 40 36 12 40 65 51 40 55 55 41 33 51 55 44 54
split_gain=1285.31 407.543 284.017 170.483 90.3309 89.8582 96.2454 80.6556 79.4323 96.6281 76.5922 70.0701 66.6433 37.0467 36.6208 35.7216 35.4248 27.9813 27.5343 26.6979 24.4711 22.659 21.1276 20.5897 32.5261 20.1757 18.5401 16.6925 16.3592 25.963
threshold=0.010102040600031616 0 0.60355338454246532 1.5000000000000002 0.12940952181816107 -1.0000000180025095e-35 0.12940952181816107 -0.6035533845424651 1.0000000180025095e-35 0.37940952181816107 1 0.91597560048103344 2 3 -0.7865660786628722 0.37940952181816107 0.96039214730262767 4.5000000000000009 -0.6035533845424651 4.5000000000000009 4 0.12940952181816109 25.018589973449711 24.973035812377933 0.12940952181816107 0.08951465412974359 5 24.965684890747074 1.0000000180025095e-35 121.43968200683595
decision_type=8 9 2 10 2 2 2 2 2 2 9 2 9 9 2 2 10 8 2 2 9 2 2 2 2 8 9 2 2 2
left_child=4 2 12 5 19 20 26 23 10 13 21 -11 17 22 -6 -8 -12 27 -4 -1 -3 -9 -10 24 -5 -20 -7 -2 29 -27
right_child=1 3 18 7 14 6 15 8 9 11 16 -13 -14 -15 -16 -17 -18 -19 25 -21 -22 -23 -24 -25 -26 28 -28 -29 -30 -31
leaf_value=0.011498293724003034 0.026599733551426467 -0.020564763047420356 0.013555425030574209 -0.0018994475964185598 0.017933535954097708 -0.016493468755860528 0.014182196623752861 -0.017508696603422851 -0.0075276742070755267 0.05271637141203827 -0.011237773348372461 -0.0050167999483680314 0.036770736619199489 -0.015767653621333227 0.063641825607502325 0.04861824955772584 0.017679912434161955 -0.0087503102310179087 0.05505473635634462 0.042908374044926145 -0.002558816269252116 -0.03555049962455667 0.015686158531382048 -0.02642726830022641 -0.035292278319414304 -0.0060825623341531007 0.0057554668332077666 0.0021495064962163165 0.047468435870511326 0.034006046806293037
leaf_weight=101.29293297231197 46.373897537589073 172.29314509034157 62.710982546210289 152.91498684883118 36.230057746171951 80.084095448255539 90.951398357748985 196.83163914084435 117.82298707962036 76.60188464820385 470.24731142818928 54.85703532397747 60.324142262339592 364.94171017408371 462.2315154671669 119.80047479271889 74.004174396395683 498.39028309285641 167.82491548359394 81.795032262802124 383.4842305034399 344.60634210705757 122.59802721440792 1170.3050799369812 63.494320765137672 35.171684071421623 147.93742248415947 373.79462894797325 77.014573186635971 74.509884461760521
leaf_count=448 204 784 276 696 159 365 399 900 531 332 2131 248 262 1656 1958 517 329 2248 722 354 1728 1586 545 5370 290 156 663 1671 335 325
internal_value=1.95083e-05 -0.00630497 0.0123384 -0.0125083 0.0516806 0.00190747 0.0153635 -0.0170169 -0.0114138 -0.00122991 -0.0182696 0.029177 0.000574923 -0.00805068 0.0605704 0.0345229 -0.0070164 -0.00233951 0.0398484 0.0264048 -0.00872233 -0.0287229 0.00413808 -0.0242991 -0.0123629 0.0441905 -0.00261987 0.00517619 0.0331388 0.0212717
internal_weight=6281.44 5599.89 1396.11 4203.78 681.55 994.551 438.773 3209.23 1822.51 736.822 1085.69 131.459 978.883 605.363 498.462 210.752 544.251 918.559 417.232 183.088 555.777 541.438 240.421 1386.71 216.409 354.521 228.022 420.169 186.696 109.682
internal_count=28188 25269 6199 19070 2919 4456 1944 14614 8258 3312 4946 580 4385 2732 2117 916 2460 4123 1814 802 2512 2486 1076 6356 986 1538 1028 1875 816 481
cat_boundaries=0 1 2 3 4 5 6
cat_threshold=38765058 8401996 229888 67123216 4173 17484
is_linear=0
shrinkage=0.04


Tree=4
num_leaves=31
num_cat=19
split_feature=52 50 50 50 50 52 50 52 50 50 33 50 55 41 50 50 0 53 52 30 35 50 52 30 54 30 52 52 54 36
split_gain=1428.35 651.183 305.749 276.18 219.799 202.234 131.597 102.318 105.974 85.5206 76.2809 46.9528 35.7576 29.8274 29.2113 17.6633 17.5881 15.7481 15.6779 12.6041 15.9825 11.2371 11.2011 10.9745 10.5909 9.59118 9.40595 8.64682 7.65627 7.44231
threshold=0 1 2 3 4 5 6 7 8 9 0.08951465412974359 10 25.057489395141605 -0.6035533845424651 11 12 24.500000000000004 13 14 0.9586748778820039 0.1679487228393555 15 16 0.81818184256553661 121.42750930786134 0.9375000298023225 17 18 121.51345443725587 0.66904762387275707
decision_type=1 9 9 9 9 1 9 1 9 9 10 9 2 2 9 9 2 1 1 8 10 9 1 8 2 10 1 1 2 10
left_child=3 13 19 -1 18 25 17 9 23 22 12 -10 29 16 -11 -12 -2 26 -4 20 -3 -19 -8 -9 -17 -5 -6 -22 -26 -7
right_child=1 2 4 5 6 10 7 8 11 14 15 -13 -14 -15 -16 24 -18 21 -20 -21 27 -23 -24 -25 28 -27 -28 -29 -30 -31
leaf_value=0.067409146548391516 0.037246568943171965 0.03844907875929706 0.02026504930048743 0.0418060908495397 -0.00059019544971347399 0.01775392712158853 -0.00096585727409378682 0.012384043894147299 -0.0064888365656890377 0.0013026875937866248 0.018855257059646042 -0.031835137094365223 0.044201304316946848 0.051498220615706379 -0.018898136971917209 0.0055650545035251823 0.006700667108732611 -0.015456545255257741 0.0039085617074768745 0.0037310955774510763 0.0052942222238868495 0.0065645430116746239 0.018111864052328557 -0.0068312051623304493 -0.017632231186493489 0.061724880970460493 0.019456443070057301 0.023048820038260396 0.0048261026242915582 -0.0011971914599671956
leaf_weight=383.16253952682018 77.967670261859894 83.891482591629028 171.47504906356335 163.81237116456032 57.140615224838257 93.589412331581116 80.988475546240807 89.582756549119949 152.80212867259979 131.4720261245966 26.104967430233955 1789.5286740064621 90.100481659173965 229.84153862297535 1155.9573996812105 49.475735530257225 54.319752186536789 59.762653633952141 237.0694774389267 68.27503414452076 99.581139385700226 61.491805151104927 119.05634188652039 89.86368203163147 161.11705251038074 136.85731555521488 120.50032469630241 151.35612522065639 24.69636432826519 46.191786453127861
leaf_count=1611 338 367 757 698 258 404 367 407 696 594 115 8272 383 986 5287 221 239 270 1061 299 443 278 533 405 729 574 538 672 109 199
internal_value=-1.26247e-05 -0.00922861 -0.013238 0.0394405 -0.0163657 0.0248823 -0.0192946 -0.0214212 -0.0271591 -0.0130337 0.00834552 -0.0299164 0.0250876 0.0414226 -0.0168286 -0.00618441 0.0255504 0.00611777 0.0112955 0.0195935 0.0232433 -0.00464894 0.0107666 0.00258829 -0.00975886 0.0501585 0.0133605 0.0174298 -0.0144942 0.0115282
internal_weight=6257.03 5081.92 4719.8 1175.11 4316.69 791.945 3908.15 3609.25 2121.78 1487.47 491.276 1942.33 229.882 362.129 1287.43 261.394 132.287 298.895 408.545 403.104 334.829 121.254 200.045 179.446 235.289 300.67 177.641 250.937 185.813 139.781
internal_count=28110 23067 21504 5043 19723 3432 17905 16561 9780 6781 2160 8968 986 1563 5881 1174 577 1344 1818 1781 1482 548 900 812 1059 1272 796 1115 838 603
cat_boundaries=0 1 34 68 100 132 133 162 163 199 231 267 288 319 320 321 346 347 348 349
cat_threshold=63 0 0 270336 8192 2147516416 1 8 0 0 33554432 131072 16 526344 0 0 2048 2048 131072 0 16777216 4325376 0 8388609 147456 32 0 134217732 24 0 0 0 0 32 0 0 131072 2147487744 262656 269484032 1 34603008 0 1073807392 33562624 8388672 1 0 0 1025 0 512 0 0 9437184 2097408 0 67108864 268435456 262144 0 0 0 0 0 0 0 8192 0 0 270336 69632 2147500544 269484032 16777216 2097152 536870912 33554432 131072 0 526336 0 0 2064 0 4096 536870912 0 67149824 33554432 0 131072 32 1024 4 0 0 0 0 32 0 1619001344 1024 4 0 2149711872 17039360 49152 8448 4 67108864 540672 0 32768 0 0 0 268435456 0 262145 8192 2056 0 4112 4194304 512 0 0 0 0 8388608 16777216 28 16384 0 135266317 67371008 1048576 16384 8388608 2097280 32 24594 0 8192 0 0 0 16 0 2147483904 0 2097152 33056 0 2097152 2147483648 134217728 0 16384 0 256 12808256 0 0 268439552 0 4 0 2147483648 67371008 0 2097152 4227072 1793 516 2097152 0 2 8256 32768 0 0 268697600 0 32 0 0 0 0 0 0 0 0 0 0 0 786432 8388608 0 0 2147483648 268468483 268443650 33563168 134225922 8388608 0 268435456 0 134316032 0 2097152 128 0 0 1 8192 16 0 66048 0 0 512 0 0 0 0 128 0 32 16 2097152 71303200 134217728 0 34816 0 0 0 67108928 2147483648 0 262144 1073741824 0 4096 268435976 2097152 536870912 0 134218752 0 16384 0 0 0 0 134217728 0 4194560 262144 2147483648 524288 0 0 1 0 0 4128 65536 169869376 68 65536 0 1073741824 64 1073741952 8 25170192 16916480 0 256 512 0 2 0 1207959552 0 0 2147483648 0 0 2147483648 4 0 0 1073741824 0 0 0 0 0 0 0 0 0 0 0 8 0 0 0 0 0 0 0 0 128 106 14815680 0 0 134217740 0 0 0 0 2097152 32 16 0 8192 0 0 0 0 0 0 0 0 32800 0 0 0 134217728 147520 2916352 3209536
is_linear=0
shrinkage=0.04


Tree=5
num_leaves=31
num_cat=18
split_feature=52 50 50 50 52 50 52 50 50 14 50 50 20 50 55 52 55 41 50 52 37 50 38 17 52 42 50 37 38 13
split_gain=1301.55 608.396 267.403 237.717 194.723 186.105 123.984 125.24 92.848 61.0321 61.014 52.9764 35.2872 30.4018 27.2089 19.7782 17.9558 17.0318 27.5575 15.5743 13.3842 12.667 12.1711 11.5688 10.5103 10.1776 11.7653 9.99356 9.95323 9.68039
threshold=0 1 2 3 4 5 6 7 8 0.84698995947837841 9 10 3.5000000000000004 11 25.053524971008304 12 24.980354309082035 -0.6035533845424651 13 14 0.072077922523021712 15 0.63733074069023143 0.083771932870149626 16 -0.60785761475563038 17 0.30104167759418493 0.46737588942050939 0.9529346525669099
decision_type=1 9 9 9 1 9 1 9 9 8 9 9 8 9 2 1 2 2 9 1 10 9 8 8 1 2 9 8 8 2
left_child=3 17 19 23 -5 15 8 25 -7 16 -9 24 -12 -13 27 -4 -6 18 20 -3 -2 22 -21 -1 -10 -8 -27 29 -23 -11
right_child=1 2 5 4 9 6 7 10 11 14 12 13 -14 -15 -16 -17 -18 -19 -20 21 -22 28 -24 -25 -26 26 -28 -29 -30 -31
leaf_value=0.068093927564103068 0.017849620110598891 0.025501314155335582 0.00094999032622438849 0.048585075020795482 0.013029683724777466 0.015158642699483374 0.021908399705054774 -0.0051877653108743215 0.015904829774412887 0.011921599937484284 -0.021974546490861845 -0.032305185164454395 -0.034786016526204819 -0.013909160631789642 0.038090739062918037 0.019150080635723748 -0.012417337285762444 0.043576639349913827 0.034940498002028683 -0.021986925856133439 -0.019607824221036955 0.03261513225923883 0.0064416080461266014 0.043640652582300488 -0.0017825822417248233 0.01068348650410008 -0.011208732108354902 0.01717492652993521 0.0065720550958511719 -0.020856717741061397
leaf_weight=328.98311477899551 23.254062578082085 203.89126159250736 200.29327078163624 290.82057410478592 52.177756980061531 188.52144226431847 48.56031309068203 189.48291307687759 71.612672477960587 23.541636303067207 552.92004691064358 177.90079858899117 1189.5390293449163 1181.1270640790462 91.909722238779068 187.96872712671757 191.68070371448994 273.3564405888319 96.425919651985168 28.761082500219345 27.977179393172264 44.081359580159187 78.363039404153824 81.756393745541573 135.96545252203941 72.978232085704803 55.849163427948952 90.895717665553093 55.851911067962646 23.831476926803589
leaf_count=1358 102 893 894 1217 231 846 218 864 321 102 2559 823 5575 5427 388 830 865 1167 414 127 124 195 346 348 615 330 253 393 247 103
internal_value=7.37154e-06 -0.00878104 -0.0129741 0.0376674 0.0234381 -0.0159661 -0.0186289 -0.0252197 -0.0105502 0.00695255 -0.0282053 -0.013771 -0.0306313 -0.0166582 0.0216742 0.0101953 -0.00673974 0.0364687 0.0245713 0.0174139 -0.00184636 0.00817539 -0.00151739 0.0623581 0.0048902 0.00685702 0.000939904 0.00967366 0.0175817 -0.0046029
internal_weight=6260.28 5084.68 4663.67 1175.6 764.858 4252.72 3864.46 2109.33 1755.13 474.037 1931.94 1566.61 1742.46 1359.03 230.179 388.262 243.858 421.014 147.657 410.949 51.2312 207.057 107.124 410.74 207.578 177.388 128.827 138.269 99.9333 47.3731
internal_count=28175 23170 21363 5005 3299 19555 17831 9799 8032 2082 8998 7186 8134 6250 986 1724 1096 1807 640 1808 226 915 473 1706 936 801 583 598 442 205
cat_boundaries=0 1 29 63 95 96 128 129 162 193 229 256 292 293 317 318 340 341 365
cat_threshold=63 0 0 8192 8192 2147516928 1048577 8 33554432 0 33554432 0 16 526344 0 0 2048 2048 131584 0 16777216 4325376 2097152 8388609 147456 268435488 0 134217732 16 0 1082130432 393216 4 1310720 0 1 1048576 256 65568 33693696 8388608 64 0 0 1025 0 268435456 0 0 9502720 2304 0 16 0 262656 0 0 0 0 0 0 32 8192 0 0 270336 69632 2149597696 269484032 16777216 2097152 0 33554432 67239936 16384 526336 0 0 2064 0 4096 536870912 0 40960 33554440 0 131072 32 1024 4 0 0 0 0 32 28 0 536870912 134218752 2147487744 0 2418147328 0 16384 8192 1073758230 0 540736 1 0 0 0 524288 2147483648 0 2097152 8448 0 0 67108864 4194304 0 0 0 256 0 8388608 16777216 12841024 0 0 8 0 8196 2048 2147745792 8650752 0 2097152 4194304 0 0 0 2147483648 1073741840 576 0 0 262144 268730400 4104 131104 2147483648 0 0 0 0 0 4194304 0 0 524288 16 0 2148532320 335544578 0 134242816 150994944 2097152 0 268435520 0 134283264 0 2236416 1 0 0 1 8192 16 32 0 0 0 0 0 0 131072 0 0 64 0 0 4101 65536 80 0 0 67108896 0 8192 128 1793 20 49152 0 536870914 8 2129920 0 0 1024 0 0 2 0 0 0 256 0 33554432 262144 64 0 0 262144 8388608 0 0 67633165 0 140517378 33554528 8462338 8388608 0 4194304 0 32768 16777232 32768 0 272 512 0 0 4 134217728 8 0 0 513 0 16384 1024 4194304 33554562 2280 8 8392960 2147500032 0 2048 536870912 0 0 8192 167772289 0 135168 64 0 0 0 0 0 0 0 0 1024 0 0 512 16384 0 0 0 0 0 33554432 3944064 0 0 8192 0 0 1048576 0 0 0 0 0 0 0 0 0 0 0 0 0 0 0 0 0 16384 14886272 0 0 262144 4 0 0 0 1048576 0 0 0 8388608 0 0 0 0 0 0 0 0 0 256 4264000 0 0 0 0 4 2048 2147745792 0 0 0 0 0 0 0 0 0 64 0 0 0 268697600 0 0 2147483648
is_linear=0
shrinkage=0.04


Tree=6
num_leaves=31
num_cat=15
split_feature=50 52 50 50 50 52 50 50 41 41 50 50 52 52 65 52 26 53 15 28 39 15 50 15 2 4 38 29 29 31
split_gain=1197.49 738.062 363.003 243.844 142.709 128.023 147.971 95.212 54.1161 48.5168 47.5648 43.8606 29.4378 25.0731 16.5433 14.7866 11.1201 10.5158 9.57486 8.09828 10.858 9.51734 7.89448 7.79293 7.6749 6.06991 5.88372 5.42667 5.37531 4.96075
threshold=0 1 2 3 4 5 6 7 0.12940952181816107 0.37940952181816107 8 9 10 11 1.5000000000000002 12 0.091966174542903914 13 0.2149859964847565 -1.0000000180025095e-35 0.4301948100328446 0.64400920271873485 14 0.77888888120651256 14.500000000000002 0.93288287520408641 0.26726190745830541 1.0000000180025095e-35 -1.4999999999999998 0.96039214730262767
decision_type=9 1 9 9 9 1 9 9 2 2 9 9 1 1 2 1 2 1 10 10 8 10 9 10 2 2 8 10 8 10
left_child=8 9 13 12 15 7 23 -6 16 -2 -8 -9 14 26 17 27 -1 22 -14 20 -15 -22 -4 -7 -16 -17 -3 -5 -10 -21
right_child=1 2 3 4 5 6 10 11 28 -11 -12 -13 18 19 24 25 -18 -19 -20 29 21 -23 -24 -25 -26 -27 -28 -29 -30 -31
leaf_value=0.039980350738260333 0.017918695585271899 0.011440920297297517 -0.0099549359345448389 0.027586175411018307 0.013620615314872478 0.0083879118113953342 -0.0059158183753710751 -0.031844794269021245 0.041246242383226661 0.05031007313729606 -0.030967367516670501 -0.011006777886928634 0.00059959551440965037 -0.015157881937271332 0.0049280539524776167 0.019398742972809604 0.011635007391343688 -0.011081209827029382 0.027614167626377393 0.020311761055959904 -0.0043586364248752599 0.028181888683633648 0.011447408290337881 -0.0054610798855275313 0.03736309670738968 -0.00021628010936433251 0.036984682191826358 0.0069438659193720225 0.067079136238681378 0
leaf_weight=104.80940985679626 105.28347614407539 24.113216787576675 25.003386154770851 76.676625519990921 222.87206044793129 168.27351552248001 156.9098321646452 182.8309892565012 49.723983690142632 355.00104570388794 1715.7894117832184 1404.3488981276751 25.286692559719086 30.313014835119247 24.978502303361893 23.781559437513351 37.117017388343811 86.338342219591141 203.26017469167709 150.80334378778934 23.266351282596588 25.550532788038254 91.083394780755043 98.025153711438179 24.365991428494453 189.5284897685051 200.64565928280354 36.680017024278641 354.36436042189598 23.340266600251198
leaf_count=443 451 104 110 338 992 765 729 849 209 1469 8111 6435 111 133 109 105 161 386 883 659 103 111 406 443 106 848 859 162 1456 101
internal_value=3.024e-05 -0.00544622 -0.00975835 -0.0131168 -0.0161623 -0.0182759 -0.0249509 -0.0102366 0.0557976 0.0423069 -0.0289426 -0.0136953 0.0136221 0.0229971 0.00351666 0.00901118 0.0333517 -0.0014791 0.0237699 0.0125227 0.00193152 0.0133372 0.00607345 0.00309555 0.0232763 0.00217359 0.0331951 0.0199644 0.0644922 0.0177344
internal_weight=6240.36 5694.35 5234.07 4756.03 4275.72 3949.05 2139 1810.05 546.015 460.285 1872.7 1587.18 480.316 478.032 251.77 326.667 141.926 202.425 228.547 253.274 79.1299 48.8169 116.087 266.299 49.3445 213.31 224.759 113.357 404.088 174.144
internal_count=28147 25878 23958 21888 19777 18324 10048 8276 2269 1920 8840 7284 2111 2070 1117 1453 604 902 994 1107 347 214 516 1208 215 953 963 500 1665 760
cat_boundaries=0 32 33 64 98 131 132 168 199 235 266 267 268 269 270 286
cat_threshold=0 0 270336 8192 2147516928 268435456 0 0 0 33554432 67239936 0 526344 0 262144 2064 0 131072 0 16777216 4358144 0 8388608 131120 32 0 134217732 24 0 0 0 32 60 0 0 131072 4096 262144 1048577 16777229 33554434 256 1073741824 33554432 16 0 0 0 0 2048 268435968 0 2048 9510912 2056 1 67125248 268435456 262144 0 0 536870912 0 8388608 0 8388608 0 4 0 2147483648 0 3162112 0 50 8192 8413248 65 32768 0 1025 0 4096 4194304 2097152 1024 2097408 0 1024 4194304 513 0 0 0 0 0 16777216 32 8192 0 0 8 2415919104 1064960 2230304 0 262272 8224 90112 0 513 16 0 32769 0 524289 2147483648 0 0 67108896 0 0 3221225472 0 0 0 0 256 0 256 0 67108864 12808259 128 0 4199428 0 68 0 2147745792 67108864 0 0 32896 1280 512 2113536 0 0 64 32768 0 262144 134479872 4096 32 0 134217728 0 0 0 0 4194304 262144 0 0 0 524288 1 0 0 2349859904 67109122 404750336 33563138 2 8396800 0 0 0 134285312 0 16777216 0 1048576 0 0 536879104 4 0 0 0 4096 512 0 0 0 0 128 64 16 536870912 1 16777216 8200 49216 0 8388896 4096 69206080 0 0 134217732 0 2147483648 1073741826 512 2097152 0 0 0 4194304 131072 2 0 0 0 134217984 0 0 4 64 524288 0 0 524288 0 285212672 33554434 33556488 67112968 67113216 2151677952 4352 2049 536903680 0 0 1073741824 33554561 33554432 131072 0 0 0 0 0 0 0 0 0 132096 0 0 0 16384 1024 3991296 12592899 70467 106 0 0 0 0 0 0 0 1048576 0 0 0 0 0 0 0 1
is_linear=0
shrinkage=0.04


Tree=7
num_leaves=31
num_cat=6
split_feature=52 35 35 55 52 20 52 41 55 55 37 65 55 38 27 52 31 52 65 55 27 20 36 7 40 40 55 52 55 55
split_gain=1113.29 223.625 193.968 147.835 89.7277 75.169 66.6512 65.2584 47.4664 39.7226 29.3287 26.2466 24.5608 25.0117 23.0516 18.2831 25.3608 17.1759 17.1304 16.4198 14.3633 12.8939 12.5 12.3365 10.8066 14.6183 22.2967 10.6891 9.55363 9.17041
threshold=0 1.0000000180025095e-35 0.084039550274610533 25.090485572814945 1 2.5000000000000004 2 0.60355338454246532 25.090485572814945 24.979660034179691 0.20101010054349902 4.5000000000000009 25.052800178527836 0.85786435008049022 -0.094494048506021486 3 0.7245689630508424 4 3.5000000000000004 25.01025485992432 -0.028174603357911106 5.5000000000000009 0.41421362757682806 21.500000000000004 0.91597560048103344 0.12940952181816109 25.052444458007816 5 25.025135040283207 25.035749435424808
decision_type=1 8 8 2 1 8 1 2 2 2 10 2 2 10 2 1 10 1 2 2 2 10 10 2 2 2 2 1 2 2
left_child=2 11 18 4 9 10 -4 17 14 23 27 -2 13 19 -8 16 22 -5 24 -7 -12 29 -11 -3 25 26 -1 -6 -29 -16
right_child=1 3 6 7 5 12 8 -9 -10 15 20 -13 -14 -15 21 -17 -18 -19 -20 -21 -22 -23 -24 -25 -26 -27 -28 28 -30 -31
leaf_value=-0.0028414297227129441 0.015476495753786944 0.011801319453864067 0.038887846678119883 -0.0086865241865830365 -0.0058385844344458482 -0.024097928335288933 -0.0062549925965633456 0.033711849943559392 0.04355794594449882 -0.014895673061443274 -0.017439016665758235 0.042422722434579348 -0.029702334945990682 -0.0051879585188032411 0.0091857764136922763 -0.013963544448866516 0.0088497167729922662 0.0072390886069791365 0.058662270118694265 -0.014497881468728191 -0.0037035596985635594 -0.0055816222996688779 -0.0015825638643854334 -0.01062743895121976 0.015775460336170759 0.049929755145623832 0.044671831153790871 -0.00098836701638446061 0.016522556211608603 0.030065264492056026
leaf_weight=27.391767397522926 140.00886613130569 257.15207193791866 164.2800327539444 155.35994932055473 133.48044881224632 841.87376594543457 182.45633989572525 126.1867098659277 50.555046290159225 229.06971450150013 349.04547537863255 111.79354088008404 439.23779176175594 201.35192368924618 88.490230113267899 443.59387868642807 188.25190928578377 282.55138453841209 301.71163938939571 501.38002245128155 197.01489861309528 41.401284128427505 227.6400567740202 41.199716806411743 32.380269840359688 208.34896372258663 28.582131549715996 86.592165142297745 104.80336076021194 62.407393649220467
leaf_count=116 607 1151 679 696 610 3978 822 539 211 1051 1621 469 2097 932 387 2044 841 1263 1224 2349 894 185 1038 189 137 855 118 396 471 268
internal_value=-3.87014e-05 -0.00824631 0.0345537 -0.0101998 -0.0127595 -0.0167958 0.018274 0.00895577 0.00879773 -0.00425521 -0.00697036 0.0281108 -0.0211554 -0.018624 0.00377577 -0.00783514 -0.00324954 0.00147697 0.0508484 -0.0205965 -0.0125982 0.0133118 -0.00839227 0.00851406 0.0419959 0.0447812 0.0227661 0.00247605 0.00825457 0.0186366
internal_weight=6245.59 5057.59 1188.01 4805.79 4241.69 2854.78 589.59 564.098 425.31 1386.91 870.936 251.802 1983.84 1544.61 374.755 1088.56 644.962 437.911 598.415 1343.25 546.06 192.299 456.71 298.352 296.703 264.323 55.9739 324.876 191.396 150.898
internal_count=28238 23236 5002 22160 19662 13348 2552 2498 1873 6314 3992 1076 9356 7259 1662 4974 2930 1959 2450 6327 2515 840 2089 1340 1226 1089 234 1477 867 655
cat_boundaries=0 1 2 3 4 5 6
cat_threshold=63 12677184 28 12587072 548416 2525184
is_linear=0
shrinkage=0.04


Tree=8
num_leaves=31
num_cat=20
split_feature=52 50 50 33 50 50 50 52 50 50 41 51 50 54 52 51 52 52 50 52 39 52 42 4 52 37 41 50 39 55
split_gain=1024.41 535.846 226.932 181.027 160.884 121.226 93.4662 74.1557 78.0821 72.8739 55.5056 52.41 51.1199 31.3016 27.215 32.0342 19.9758 19.3874 16.8081 16.2533 14.5354 13.4619 11.3663 11.0892 26.3157 15.2994 9.55879 9.05568 8.45173 7.96972
threshold=0 1 2 0.08951465412974359 3 4 5 6 7 8 0.91597560048103344 9 10 121.6175994873047 11 12 13 14 15 16 0.72524511814117443 17 -0.60785761475563038 0.97467949986457836 18 0.46737588942050939 0.37940952181816107 19 0.2152509689331055 25.057489395141605
decision_type=1 9 9 8 9 9 9 1 9 9 2 9 9 2 1 9 1 1 9 1 10 1 2 2 1 8 2 9 8 2
left_child=3 13 19 12 17 16 20 9 -9 -8 26 -12 -1 23 -14 -16 -6 -4 -13 29 21 -7 28 -2 25 -25 -5 -21 -19 -3
right_child=1 2 4 10 5 6 7 8 -10 -11 11 18 14 -15 15 -17 -18 22 -20 27 -22 -23 -24 24 -26 -27 -28 -29 -30 -31
leaf_value=0.058350773290780193 0.042779844785901668 0.019899527047035549 -0.0037767902926584621 0.010377579315026099 -0.0040634585267040326 -0.011742266988632682 -0.00052362987641571611 0.010261621361356053 -0.017621305478798591 -0.030161683832014483 0.027735080667095818 0.017616766598983695 0.04375868224335841 0.05747182210158968 0.0033268519104338468 0.034394567041527775 0.013992106403973602 0.0052134256094032872 -0.011961809200793932 -0.010314658405393473 0.020117332507934734 0.0056861094379797176 0.0096440073089329309 -0.015119614243106587 0.031293138481187484 0.021549314788499224 0.040183850441119572 0.012141911203098004 0.033465567343581373 0.040091281342787423
leaf_weight=331.60474872589111 83.20340159535408 100.04488128423691 101.09978726506233 28.374857991933823 182.50390417873859 108.83757331967354 158.64268757402897 173.22781175374985 1446.0265228152275 1431.847487822175 77.965657725930214 22.936269447207451 216.92346525192261 92.327745571732521 118.77459813654423 105.01504842936993 185.33110730350018 26.068760812282562 194.26745665073395 23.784474432468414 53.726056173443794 151.08052241802216 159.75011998414993 39.8055320084095 161.15099141001701 25.657252341508865 94.708216354250908 155.75418190658092 78.833161905407906 71.714757338166237
leaf_count=1339 349 438 451 125 821 499 737 784 6768 6898 331 100 882 382 506 435 823 114 885 103 245 681 702 173 687 110 390 686 343 304
internal_value=0.000198263 -0.0077431 -0.0116443 0.0333143 -0.0142121 -0.0166073 -0.0188991 -0.0209517 -0.0145593 -0.0272504 0.0121358 0.00247696 0.0450346 0.0357249 0.0323923 0.0192341 0.00517326 0.0108676 -0.00781599 0.0187256 0.00204364 -0.0018488 0.016436 0.0295055 0.0237271 0 0.034142 0.00849823 0.0271833 0.027768
internal_weight=6200.99 5010.42 4608.27 1190.57 4256.98 3891.22 3523.39 3209.74 1619.25 1590.49 418.252 295.169 772.318 402.145 440.713 223.79 367.835 365.752 217.204 351.298 313.644 259.918 264.652 309.817 226.614 65.4628 123.083 179.539 104.902 171.76
internal_count=28091 23098 21397 4993 19866 18256 16612 15187 7552 7635 1831 1316 3162 1701 1823 941 1644 1610 985 1531 1425 1180 1159 1319 970 283 515 789 457 742
cat_boundaries=0 1 29 62 96 127 159 160 191 226 227 263 264 265 266 267 300 301 302 303 313
cat_threshold=63 0 0 0 8192 2147516416 269484033 8 0 0 33554464 0 16 526344 0 0 2048 2048 131584 0 16777216 4325376 256 8388609 147472 268435488 0 134217732 16 0 0 401408 2147483652 1311232 131072 1 33816578 0 81920 33693696 0 1 0 262144 1024 0 2415919104 0 0 9502976 2099200 0 0 0 262144 0 0 0 0 0 0 32 33570816 1082130432 134218760 4096 0 2147483680 16777216 1097856 32 2 67108864 8912960 0 0 0 1 0 0 131072 0 0 0 0 2214592512 0 512 0 0 0 0 8388608 16777216 0 40960 0 0 0 268697600 68 35653632 545521664 2097152 8448 1073741824 0 16387 80 0 0 536870928 268959808 4096 0 0 9248 8 0 0 4194304 0 0 0 256 0 262144 0 536870912 68157444 258 0 16384 0 142606336 0 8208 0 9472 4 0 2147483648 0 1536 0 8192 2359313 402653184 0 2097152 1073742080 134217728 0 0 0 0 4194304 0 64 3936000 16 0 2148007969 604012544 136314882 8704 134217730 0 0 64 1073741824 33280 0 2097152 0 1048576 0 32768 0 0 0 512 131072 4096 512 0 16384 131072 0 128 64 0 0 268435456 65536 8208 4194308 2147483648 67108864 0 2097152 4227072 0 512 16384 16385 1073745922 8 3145728 0 0 32768 4198400 131104 2 0 0 0 2097152 0 33554432 0 0 524288 0 2097152 67277312 0 0 270336 77824 2149597696 269484032 16777216 2097152 0 33554432 131072 16384 526336 32768 0 2064 0 0 536870912 0 4194304 33554440 0 131088 32 1024 4 0 0 0 0 32 0 0 0 64 28 75517452 3526144 1835136 0 0 0 4096 16384 2147483648 4 0 0 0 0 0 0 0 0 0 0 0 0 0 67108864 0 0 0 0 0 0 0 0 0 128 0 67108864 15532416 3525632 2160640 0 0 270336 0 0 0 0 0 0 65536
is_linear=0
shrinkage=0.04


Tree=9
num_leaves=31
num_cat=12
split_feature=52 51 51 11 52 52 65 52 51 31 13 35 55 21 51 35 52 52 51 52 55 37 55 42 30 37 55 12 55 40
split_gain=917.868 325.687 163.762 154.445 92.6762 62.1777 61.1881 54.614 48.7919 39.8747 36.6645 33.5338 31.1407 26.8567 22.06 21.0962 19.7757 19.3148 18.8682 19.9452 15.965 14.2936 13.9598 13.4918 13.2835 12.6501 12.4407 17.9104 12.0759 13.0707
threshold=0 1 2 1.5000000000000002 3 4 1.5000000000000002 5 6 0.83469945192337047 0.96799793839454662 0.045983087271451957 25.029375076293949 6.5000000000000009 7 1.0000000180025095e-35 8 9 10 11 24.979660034179691 0.067231640219688429 24.943084716796879 0.6078576147556306 0.89949494600296032 0.31643131375312811 25.031094551086429 8.5000000000000018 25.061140060424808 0.37940952181816107
decision_type=1 9 9 8 1 1 2 1 9 10 2 10 2 8 9 10 1 1 9 1 2 8 2 2 8 8 2 8 2 2
left_child=3 5 4 11 12 18 13 -5 -9 -7 -8 -1 15 14 -6 -3 20 -14 19 25 -17 -16 -21 -10 -20 -2 27 -19 29 -13
right_child=1 2 -4 7 6 9 10 8 23 -11 -12 28 17 -15 21 16 -18 26 24 22 -22 -23 -24 -25 -26 -27 -28 -29 -30 -31
leaf_value=0.049193807185626812 -0.010539200737634638 0.031054155721879865 0.044653215953276204 0.034889451199504096 0.0028109250174997084 -0.025640790933896169 0.042766198074658215 -0.011010296917752791 0.025275059068974468 -0.0065211425976004194 0.0032966858680496124 0.011899616931186243 0.026639289207593092 -0.015641782204770714 0.006438207473894262 0.02067193488241259 -0.0095965621055534474 0.0046240923373380522 -0.016065694279260856 0.0069345036932230214 0.00030517638475217082 -0.016142065912105978 -0.014390645840353242 -0.0054045237667730847 -0.0018972242498285581 0.020227447757044804 -0.00092123516906266096 0.039130983771313736 0.042833376268871411 0.033043990330693995
leaf_weight=458.29219210147858 24.064012721180916 34.963408932089806 126.48109015822411 104.42419089376926 366.916164919734 1290.733500674367 50.383749440312386 176.18200409412384 123.44034437835217 209.79622170329094 124.68703122437 96.074363842606544 208.05138260126114 570.30382445454597 50.711332872509956 90.92024140059948 168.48013064265251 67.271954834461212 611.97386167943478 63.349429503083229 178.19457131624222 238.11497941613197 170.05983521044254 24.769533708691597 133.52488414943218 80.479012325406075 110.42532210052013 35.460146188735962 101.80738061666489 116.71298132836819
leaf_count=1850 109 147 524 427 1651 6254 214 803 531 971 546 409 891 2670 228 395 779 297 2875 290 810 1106 794 107 608 364 497 154 417 479
internal_value=-0.000101296 -0.00765824 0.0028792 0.0310657 0.000293176 -0.0174999 -0.00609755 0.0118187 0.00277106 -0.0228596 0.0156388 0.0419735 0.0102689 -0.00931804 -0.00371122 0.00322267 0.00062808 0.0182376 -0.00984793 -0.00170715 0.00724624 -0.0116701 -0.0081529 0.0187822 -0.0134056 0.0117339 0.00793796 0.0179838 0.0307876 0.0240814
internal_weight=6207.05 5005.35 2421.37 1201.7 2294.88 2583.98 1401.12 428.816 324.392 1500.53 175.071 772.887 893.767 1226.05 655.742 472.558 437.595 421.209 1083.45 337.952 269.115 288.826 233.409 148.21 745.499 104.543 213.157 102.732 314.595 212.787
internal_count=28197 23174 10909 5023 10385 12265 6415 1868 1441 7225 760 3155 3970 5655 2985 2131 1984 1839 5040 1557 1205 1334 1084 638 3483 473 948 451 1305 888
cat_boundaries=0 1 2 3 4 5 6 7 8 9 10 11 12
cat_threshold=63 8483917 67275312 14692800 12808256 28 8408133 67240464 12595200 14680192 77825 8396864
is_linear=0
shrinkage=0.04


Tree=10
num_leaves=31
num_cat=11
split_feature=50 65 50 50 50 50 11 50 50 50 41 50 41 9 41 54 50 55 4 9 30 41 41 54 38 37 50 19 28 38
split_gain=934.138 348.943 270.91 128.238 94.6156 87.6919 74.8516 125.486 64.2306 61.6781 59.5449 30.2058 25.0506 20.8558 17.2705 11.3269 10.7304 10.1667 9.3862 8.91233 8.90043 8.8595 8.55032 8.41792 7.83341 7.37908 7.26599 6.81986 6.63599 6.57944
threshold=0 1.5000000000000002 1 2 3 4 3.5000000000000004 5 6 7 0.12940952181816107 8 0.37940952181816107 18.500000000000004 0.78656607866287243 121.46519470214845 9 25.066584587097172 0.95683228969573986 7.5000000000000009 0.92890837788581859 0.91597560048103344 -0.6035533845424651 121.53987503051759 0.90098038315773021 0.85825893282890331 10 1.5000000000000002 -2.4999999999999996 0.41763564944267279
decision_type=9 2 9 9 9 9 10 9 9 9 2 9 2 10 2 2 9 2 2 10 10 2 2 2 8 8 9 2 10 8
left_child=10 2 22 14 -5 -3 9 27 -9 18 15 -11 16 17 24 20 -7 21 -6 -18 -1 -14 -2 29 26 28 -4 -8 -26 -21
right_child=1 5 3 4 6 12 7 8 -10 11 -12 -13 13 -15 -16 -17 19 -19 -20 23 -22 -23 -24 -25 25 -27 -28 -29 -30 -31
leaf_value=-0.0080782692779445917 0.012109215148125661 0.041854588197918242 -0.0073398284080475685 -0.034517884945068432 0.032883181704664567 0.015495909842697993 0.0037570170771410033 0.0030520183950780151 -0.020891009738983609 0.0071147217131485628 0.057444003938729317 -0.010035243344250657 0.012382337319643128 0.035723943976587631 0.028226078007631931 0.033661951923524405 0.016468693796455613 0.023820352093963441 0.011330173065791678 0.0035735708427291147 0.023328989379586267 -0.0086924392101141602 0.02752601361425755 0.013546818098447874 0 -0.0056018813835587156 0.0089554971254804643 0.019844253967428727 0.021618919789567981 -0.014410125779471513
leaf_weight=23.292005062103271 93.576840654015541 209.16640393435955 82.489821627736092 307.52655750513077 46.637595728039742 57.577445775270462 70.540417224168777 198.83423142135143 1985.2241161614656 183.5073140412569 414.78000870347023 1079.9574393779039 77.040812909603119 85.045547500252724 71.915400192141533 98.180935546755791 28.66456650197506 64.81428062915802 128.07791343331337 40.561898678541183 24.503229752182961 46.757690355181694 283.21541891992092 24.98183985054493 29.881022319197655 24.83968161046505 64.469192877411842 128.91782686114311 95.977453246712685 111.59876738488674
leaf_count=102 407 864 365 1494 202 248 318 912 9530 833 1678 5012 324 348 304 408 131 266 569 180 102 201 1214 109 132 111 287 585 423 495
internal_value=0.000213649 -0.00474115 -0.00865487 -0.0113891 -0.0134201 0.020628 -0.0115888 -0.015965 -0.0186962 -0.00437231 0.0487478 -0.00747447 0.0110382 0.0196145 0.0108894 0.0260505 0.00226481 0.0115124 0.0170034 -0.00224999 0.00832897 0.00423884 0.0233468 -0.00588125 0.00659742 0.0128494 0 0.0138083 0.0167187 -0.00952773
internal_weight=6182.55 5621.8 4875.59 4498.8 4129.22 746.209 3821.7 2383.52 2184.06 1438.18 560.756 1263.46 537.043 273.658 369.573 145.976 263.385 188.613 174.716 205.807 47.7952 123.799 376.792 177.143 297.657 150.698 146.959 199.458 125.858 152.161
internal_count=28154 25864 22698 21077 19455 3166 17961 11345 10442 6616 2290 5845 2302 1139 1622 612 1163 791 771 915 204 525 1621 784 1318 666 652 903 555 675
cat_boundaries=0 32 66 101 137 168 203 234 271 300 332 356
cat_threshold=0 0 270336 8192 2147516928 268435456 4 0 0 33554432 67239936 0 526344 0 0 2064 2048 135168 0 16777216 4259840 0 8388608 131088 32 0 134217732 24 0 0 8388608 32 0 0 0 0 278528 2148534273 8 0 0 1073766434 33562624 8388688 1 0 0 1024 0 0 0 0 1221632 2048 0 16416 276824064 262144 0 0 536870912 0 0 0 0 8192 0 0 4096 2147487748 1024 0 262144 36716544 8192 0 0 540672 67108864 0 262144 0 0 268435456 4194304 2097152 67108896 2097160 2097152 4096 0 0 0 16777216 0 0 256 0 0 0 32 0 335544320 33554432 2099368 67108864 8388864 0 131072 0 536871936 0 0 8192 134217856 50331648 163840 0 2048 0 2147483648 0 0 8 0 0 0 2048 1048576 512 2097152 0 0 2 0 0 512 0 0 0 69632 2113536 1179712 16777217 1048577 0 65552 0 8194 64 32768 2147745792 1 1 2147483648 536870912 0 0 33554440 1 16384 4194304 263168 0 0 0 0 256 0 0 2148533253 67108864 1048580 35684384 1 0 4352 64 32768 0 4 0 0 0 524288 32768 8192 0 268435456 256 0 0 134217728 0 16384 0 0 0 0 0 67108896 0 8256 16 0 32 268435712 0 131072 2147483712 262144 536871424 65536 1073741824 65536 0 0 4194305 0 268436288 2149580800 0 0 134217728 33554944 131072 2147483650 4194304 1024 0 0 0 0 524288 0 1075838976 268959784 65536 2097216 67239936 16842752 8388736 134217728 0 132 512 528 0 0 1 0 1 536870912 16 0 0 32 0 0 0 0 0 0 0 16777216 16777216 0 0 0 0 16384 0 20971520 134217728 536871169 268566785 576 0 256 18 1114112 2 34816 142607360 1074266112 0 0 64 0 134217728 0 134217728 0 0 0 8192 1024 0 0 256 0 0 1049608 4 0 129 8 0 0 0 33554432 16384 0 0 0 0 0 0 0 0 131072 0 0 0 0 0 0 0 0 0 0 16777216 0 0 0 4100 0 0 0 1048576 8192 0 0 0 0 0 0 0 0 0 0 0 0 0 0 4096
is_linear=0
shrinkage=0.04


Tree=11
num_leaves=31
num_cat=12
split_feature=52 51 35 51 51 52 33 52 52 20 15 51 51 40 64 55 0 0 51 40 65 36 55 51 55 40 55 16 51 39
split_gain=783.305 251.238 197.179 117.981 84.0503 69.9722 57.7712 49.5871 42.6551 33.6444 32.1313 28.1958 24.9588 21.68 19.2555 18.8866 15.2463 14.7399 18.7494 14.6026 14.2781 13.9038 13.4112 13.1765 12.7315 10.5978 10.4385 9.79463 9.35835 12.9388
threshold=0 1 0.084039550274610533 2 3 4 1.0000000180025095e-35 5 6 3.5000000000000004 0.97014260292053234 7 8 0.91597560048103344 1.5000000000000002 24.973035812377933 26.500000000000004 13.500000000000002 9 1.0000000180025095e-35 3.5000000000000004 0.87939393520355236 25.005634307861332 10 25.025135040283207 0.60355338454246532 25.165869712829593 0.14142857491970065 11 0.1123737394809723
decision_type=1 9 10 9 9 1 8 1 1 10 10 9 9 2 2 2 2 2 9 2 2 8 2 9 2 2 2 2 9 8
left_child=2 8 12 6 -4 25 10 17 15 21 -3 14 -1 -14 22 27 -13 18 -8 -20 -15 -10 -9 -7 -19 -6 -26 -2 -17 -30
right_child=1 3 4 -5 5 23 7 11 9 -11 -12 16 13 20 -16 28 -18 24 19 -21 -22 -23 -24 -25 26 -27 -28 -29 29 -31
leaf_value=0.00012795477754358386 -0.0082208158398413451 0.047387771788937084 0.034722844989976007 0.038690474284104846 0.013972402495203753 -0.0094105999492990443 0.026628857710181624 -0.033991190524236201 -0.017209860189628629 -0.027074467160568473 0.0072099465742548434 0.0010028456044006138 0.046469665507954623 0.0078671002664652302 0.004880921595599181 -0.0090467784293767981 -0.014640124999006068 -0.0065285593091087392 -0.0061364644410884352 0.016239196473704389 0.035700832155831058 -0.00076403789760029473 -0.013408834659036839 0.0030144035932810078 0.014805483233112324 0.039610759636413508 -0.0020008086522793288 0.0097592627893157407 0.0067044405098600221 -0.022379632984959753
leaf_weight=34.905415430665016 91.252702876925468 51.626670777797699 184.33485865592957 112.22292447090149 51.112896770238876 203.42844980955124 92.239109069108963 56.685858607292175 354.0169223099947 867.69458296895027 81.122662901878357 616.95518366992474 521.26803876459599 50.186434879899025 78.573733672499657 480.74646642804146 113.43606708943844 177.70524089038372 93.680424481630325 82.965872421860695 92.567626997828484 110.67052237689495 506.59455390274525 349.46778297424316 130.11880798637867 85.797754377126694 99.932883456349373 92.309310629963875 23.532692849636078 269.99859902262688
leaf_count=148 424 213 765 461 208 937 399 281 1697 4316 347 2796 2105 215 347 2269 537 816 424 370 377 515 2382 1567 581 349 439 429 112 1295
internal_value=0.000237613 -0.00812342 0.0244602 0.00124047 0.0118129 0.00488603 -0.000927891 -0.00262068 -0.0174579 -0.022217 0.0241333 -0.00696268 0.0404009 0.0418439 -0.0130147 -0.0105769 -0.00146258 0.00615397 0.0134312 0.00418973 0.0266484 -0.0133855 -0.0157962 -0.00164976 0.00135127 0.0289683 0.00753259 0.00073393 -0.0134073 -0.0192625
internal_weight=6157.15 4584.08 1573.07 2293.86 874.142 689.807 2181.64 2048.89 2290.22 1332.38 132.749 1372.25 698.928 664.022 641.854 957.84 730.391 676.642 268.885 176.646 142.754 464.687 563.28 552.896 407.757 136.911 230.052 183.562 774.278 293.531
internal_count=28121 21450 6671 10393 3826 3061 9932 9372 11057 6528 560 6343 2845 2697 3010 4529 3333 3029 1193 794 592 2212 2663 2504 1836 557 1020 853 3676 1407
cat_boundaries=0 1 2 3 4 5 6 7 8 9 10 11 12
cat_threshold=4194431 8418381 67340848 430080 28 8466816 8646656 100352 67125312 131584 8389645 29696
is_linear=0
shrinkage=0.04


Tree=12
num_leaves=31
num_cat=15
split_feature=50 52 50 50 50 52 50 50 52 50 50 52 50 32 52 52 35 37 39 41 40 37 37 39 29 37 35 37 40 55
split_gain=797.08 457.307 253.719 167.656 137.135 100.162 137.537 87.2013 56.5078 44.9894 43.3124 33.8102 32.4543 23.5436 20.5323 16.2959 14.2353 10.3166 8.74031 8.57598 8.48656 8.32338 7.89152 7.2321 6.56969 5.63812 4.82072 4.70576 4.64001 3.64191
threshold=0 1 2 3 4 5 6 7 8 9 10 11 12 0.97700846195220958 13 14 0.050252525135874755 0.18301435559988025 0.55086207389831554 0.60355338454246532 -0.37940952181816096 0.35805861651897436 0.46737588942050939 0.12599206715822223 3.5000000000000004 0.3364779949188233 0.15301003307104113 0.16760300099849704 0.37940952181816107 25.165869712829593
decision_type=9 1 9 9 9 1 9 9 1 9 9 1 9 8 1 1 8 8 10 2 2 8 8 10 8 10 10 10 2 2
left_child=8 -2 14 13 11 7 19 24 12 -8 -9 -5 26 -4 21 18 -13 -18 27 -7 -10 -3 25 -17 -6 28 -1 -15 -16 -25
right_child=1 2 3 4 5 6 9 10 20 -11 -12 16 -14 15 22 23 17 -19 -20 -21 -22 -23 -24 29 -26 -27 -28 -29 -30 -31
leaf_value=0.0017791620813230929 0.037665473576474991 -0.011991607633136793 0.029075650240997758 0.023164654873660644 0.017948661271310375 0.0076774368201433024 -0.0021422431578263547 -0.029847013171367814 0.037829117243726208 -0.026772827200073492 -0.0087655504242025607 0.02552738906731452 0.029097601989635735 0.0078830215815614401 0.017950123650596086 0.006332084134738885 0.0058735466968719268 -0.010928510174264668 -0.0025171597072487536 -0.014395983775288692 0.055292408736895837 0.013230248251971662 0.037219190221988836 -0.0037322163357300848 -5.4082423784340466e-05 0.0058702616553420245 -0.020839497377122953 0.025558702888943931 0.037858946051712299 -0.023976102867411923
leaf_weight=26.499065443873405 365.73238624632359 30.042845666408539 120.34640355408192 156.52386456727982 194.1527483612299 255.41892528533936 144.4279018342495 168.87240207195282 122.87142381072044 1674.6899907439947 1495.3104436099529 25.709790140390396 101.075120896101 45.398445636034012 81.846519365906715 51.497528359293938 99.612564161419868 126.13731507956982 30.171918913722038 26.39278756082058 345.65995343029499 46.281178146600723 136.68380703032017 38.213292986154556 36.069528952240944 35.380349114537239 24.378618761897087 90.150162145495415 39.235795140266418 23.889258489012718
leaf_count=110 1473 131 516 674 859 1179 672 808 510 8335 6941 111 417 193 347 229 442 573 131 122 1391 202 579 172 162 150 106 385 165 105
internal_value=0.0001868 -0.00466688 -0.00776421 -0.0102447 -0.0125088 -0.0147734 -0.0208192 -0.00794721 0.0426248 -0.0248617 -0.0111642 0.00935862 0.0168989 0.0142018 0.0235708 0.00782387 0 -0.00346127 0.0151653 0.00514609 0.0501438 0.00260876 0.0285709 -0.00385837 0.0144861 0.0217429 -0.00813923 0.020272 0.0258056 -0.0130238
internal_weight=6158.67 5538.19 5172.46 4802.99 4403.32 3995.33 2100.93 1894.41 620.484 1819.12 1664.18 407.984 151.953 399.667 369.47 279.321 251.46 225.75 165.721 281.812 468.531 76.324 293.146 113.6 230.222 156.463 50.8777 135.549 121.082 62.1026
internal_count=28190 25656 24183 22609 20878 19078 10308 8770 2534 9007 7749 1800 633 1731 1574 1215 1126 1015 709 1301 1901 333 1241 506 1021 662 216 578 512 277
cat_boundaries=0 32 33 64 98 130 131 167 200 201 236 272 273 305 306 307
cat_threshold=0 0 270336 8192 2147516928 269484032 0 0 0 33554432 67239936 0 526344 0 0 2064 0 131584 0 16777216 4390912 0 8388608 131120 32 0 134217732 24 0 0 0 32 28 0 0 131072 0 262144 2147483649 16777229 33570816 256 32 33554432 8388624 64 0 262144 0 2048 268439552 0 2048 1048832 2056 8193 16384 268435456 512 0 0 536870912 0 8388608 0 8388608 0 2147487744 1048576 131104 0 1310722 32 1073807362 0 524352 0 32768 0 1025 1 0 4194304 0 8192 4352 256 2214592512 0 262145 0 0 256 0 256 0 32 32768 0 0 1024 4 17408 2099200 0 40960 0 20 8192 24578 16 0 1081344 1048576 0 2147483648 536870912 33554432 67142688 0 0 5120 4194304 0 0 0 0 0 0 16777216 12808291 0 0 4108 0 8200 16384 2147745792 128 8192 0 4227072 1536 512 16384 2147483648 1610612738 268435520 0 0 2359296 402915328 0 131072 0 0 0 0 0 0 4194304 262144 0 0 0 0 524288 0 0 202375168 335642882 404750339 33570818 64 2097152 536870912 16384 0 65536 16777217 0 1 0 0 0 0 4 0 2097152 0 0 512 0 0 0 0 128 0 0 67108864 2283456 128 536870912 272629761 536870912 16777220 0 0 8388608 0 69206080 0 256 5 0 0 4096 520 32768 0 0 536870912 0 32 32770 134217728 0 0 0 0 33554432 0 64 524288 0 524288 0 352321536 33554434 40 75497472 612372752 2147483648 0 2048 536870912 0 0 0 41943168 33554432 655360 64 0 0 0 0 0 0 0 0 0 0 0 0 16384 1024 0 0 0 524288 33554432 15798499 0 0 8192 0 0 1048576 0 0 0 0 0 0 0 0 0 2064 0 0 0 0 0 0 0 131072 0 0 0 0 0 0 0 32 1607680 14911587
is_linear=0
shrinkage=0.04


Tree=13
num_leaves=31
num_cat=15
split_feature=50 52 50 50 50 50 50 52 41 40 52 52 52 35 36 52 37 54 30 11 43 42 2 31 19 42 53 52 40 50
split_gain=738.312 441.101 259.532 154.697 133.321 73.3885 60.788 56.5285 31.4578 21.4303 20.6224 19.2292 18.932 13.3468 11.9499 10.7452 15.3583 9.42293 7.65123 9.50146 7.76541 6.51025 5.74646 5.16771 4.47573 4.46612 4.41672 4.28298 4.09211 3.95618
threshold=0 1 2 3 4 5 6 7 0.12940952181816107 0.91597560048103344 8 9 10 0.067231640219688429 0.87939393520355236 11 0.59290647506713878 121.46110153198244 0.9586748778820039 4.5000000000000009 1.0000000180025095e-35 -0.87837970256805409 13.500000000000002 0.80104166269302379 7.5000000000000009 -0.60785761475563038 12 13 -0.6035533845424651 14
decision_type=9 1 9 9 9 9 9 1 2 2 1 1 1 10 10 1 10 2 8 10 2 2 2 10 2 2 1 1 2 9
left_child=8 9 10 11 12 15 -7 -8 23 -2 22 14 13 -5 25 -6 -17 -13 19 27 -21 -15 -3 -1 29 -4 -20 -12 -10 -14
right_child=1 2 3 4 5 6 7 -9 28 -11 18 17 24 21 -16 16 -18 -19 26 20 -22 -23 -24 -25 -26 -27 -28 -29 -30 -31
leaf_value=0.015279932711162349 0.037524686370000324 0.018061090255918042 0.041098316743118445 0.024497583589119968 -0.00097987555225251114 -0.032817147189309656 -0.0086734133987889095 -0.019392523015745084 0.033025379124175351 0.015702076240822239 0.0014003503773931819 -0.0017887391902163411 -0.00029334080545933417 0.010345011995904577 0.001186198077562316 0.025899481959213808 -0.0067000151479499693 0.019061774121340119 -0.0089622690071065724 -0.0067626574913708781 0.017350008818726229 -0.0089222088080882118 0.036078166281197956 0.034080220919292532 0.031896077252670151 0.022172383241010882 0.0074804161100330288 0.02578092659644287 0.053960551374040544 0.016475182254734107
leaf_weight=56.938329920172691 367.20427680015564 62.994791328907013 56.187126785516739 23.984462603926659 161.4612241089344 326.28609390556812 1558.0709515959024 1776.2868131548166 53.059504434466362 106.76442997157574 28.284499570727348 108.34213039278984 32.270876586437225 30.185131251811981 27.300759047269821 71.568066969513893 29.393583297729492 44.594840556383133 29.449321925640106 42.576610878109932 33.343167260289192 128.71537446975708 145.13034148514271 85.085106045007706 31.375856280326843 84.203952118754387 48.110418781638145 91.025920420885086 334.66532400250435 155.07270613312721
leaf_count=240 1476 264 236 103 730 1640 7248 8804 216 449 122 480 145 136 116 319 131 193 126 188 146 584 601 348 141 357 205 390 1345 676
internal_value=0.000186008 -0.00412477 -0.00757081 -0.0104841 -0.0124877 -0.0147437 -0.0162207 -0.014451 0.0446491 0.0321938 0.0199949 0.0158315 0.00923985 -0.000399205 0.0250195 0.0055501 0.0149415 0.00430296 0.011228 0.0157697 0.00399791 -0.0049362 0.0298688 0.027455 0.0168936 0.0310373 0.000650746 0.0226374 0.0516035 0.0143915
internal_weight=6129.93 5600.18 5126.22 4645.3 4324.67 3923.07 3660.64 3334.36 529.748 473.969 480.915 320.629 401.604 182.885 167.692 262.423 100.962 152.937 272.79 195.23 75.9198 158.901 208.125 142.023 218.719 140.391 77.5597 119.31 387.725 187.344
internal_count=28155 26006 24081 22039 20657 18872 17692 16052 2149 1925 2042 1382 1785 823 709 1180 450 673 1177 846 334 720 865 588 962 593 331 512 1561 821
cat_boundaries=0 32 33 65 99 132 163 199 200 201 202 203 204 205 206 239
cat_threshold=0 0 270336 8192 2147516928 268435456 0 0 0 33554432 131072 0 526344 0 262144 2064 0 135168 0 16777216 4325376 0 8388608 131104 32 0 134217732 16 0 0 0 32 60 0 8388608 0 4096 262144 1048577 16777228 16384 0 1073741856 100663296 16 0 0 0 0 2048 268435968 0 2048 73728 2097408 1 16400 268435456 262656 0 8 536870912 0 8388608 16777216 0 0 134348800 0 0 2147483648 1 36732930 32 16384 8192 8921152 0 0 32768 1024 0 0 4325376 0 76579072 2048 256 5120 0 1 0 0 0 0 0 0 0 40960 16384 0 1024 2215903236 1024 2099232 0 0 8448 8212 0 0 65 0 1048576 1 268435456 2147483648 0 33554432 1024 8 0 0 146800640 0 0 0 256 0 256 8192 67108864 33554432 1073741824 268435464 256 0 131072 536870912 64 8388608 65536 0 1024 0 2129920 0 8388608 65 0 536870912 262152 268435456 0 0 2214592768 0 0 0 0 0 4194304 786432 0 352321536 33554434 2216 75497472 75501824 1073741824 0 0 536871424 0 0 0 134217856 50331648 131200 0 0 0 0 0 0 4096 0 67108864 0 0 0 0 2097152 1024 0 2 0 0 512 12808259 12714755 12789763 8178688 12011009 37 2136064 0 0 1024 0 0 0 0 0 8192 16 0 0 0 0 0 0 268435456 0 0 0 0 0 0 0 0 0 0 0 0 0 0 0 67108864
is_linear=0
shrinkage=0.04


Tree=14
num_leaves=31
num_cat=15
split_feature=50 52 50 50 50 50 52 50 50 41 52 52 50 52 65 52 39 32 36 39 29 38 42 13 50 17 18 31 36 10
split_gain=677.36 385.1 208.287 158.755 105.31 110.618 97.0479 113.208 94.3968 50.241 34.5719 22.6928 18.6004 15.7885 15.4339 14.7828 22.2664 12.066 8.87607 8.74986 9.35068 6.90035 6.79662 6.37497 6.22319 6.17488 5.8236 5.58733 5.42737 4.66902
threshold=0 1 2 3 4 5 6 7 8 0.12940952181816107 9 10 11 12 1.5000000000000002 13 0.44543650746345526 0.98856806755065929 0.20204082131385806 0.47413024306297308 2.5000000000000004 0.79898989200592052 -1.0000000180025095e-35 0.53907206654548656 14 0.077524039894342436 0.040408162400126464 0.92893216013908397 0.8169856369495393 4.5000000000000009
decision_type=9 1 9 9 9 9 1 9 9 2 1 1 9 1 2 1 8 10 10 10 10 10 2 2 9 10 8 10 8 2
left_child=9 27 15 10 13 11 7 -7 -8 12 22 23 -1 17 18 16 -3 -5 -12 20 -15 -20 -4 -6 -18 -24 -13 -2 -14 -11
right_child=1 2 3 4 5 6 8 -9 -10 29 14 26 28 19 -16 -17 24 -19 21 -21 -22 -23 25 -25 -26 -27 -28 -29 -30 -31
leaf_value=-0.0083343498180754663 0.029770478972472047 -0.009463431224011427 0.029778298674181115 0.021862100421124367 0 0.0061486104922351785 0.014488316033515762 -0.026210082644317467 -0.012442917083808689 0.050470927516449854 0.0099823175115935411 0.0083541087856242088 0.032052697354336732 0.026774251517291032 0.022654872704808971 0.027898683656420609 -0.0012358948190278689 -0.0057483945736478102 -0.017798519374545886 0.0017472213072206525 -9.9658094282416754e-05 0.0044153979143814028 0.025948335471900296 0.018182439210430522 0.02416654544543205 0.0068244693915517733 -0.0083181679877596237 0.043339943995474334 0.008811113104562342 0.02253289968963533
leaf_weight=25.923493191599846 220.91788652539253 57.067097648978233 138.46285206079483 26.406483024358749 35.714107245206833 194.38937431573868 226.04228684306145 1515.1521376371384 1651.911023825407 387.67765448987484 33.923324868083 38.640676617622375 118.28294484317303 121.25334122776985 31.238540098071098 225.48399674892426 23.831415474414825 125.32164469361305 79.948912218213081 45.445908278226852 22.970519796013832 26.275457978248596 47.331179112195969 187.89969956874847 81.517389789223671 74.8028873950243 134.39775797724724 145.72067514061928 26.815835118293762 24.401220664381981
leaf_count=114 888 245 585 118 161 912 1010 7709 7815 1566 154 170 487 525 133 944 103 566 361 199 101 117 197 832 346 323 612 584 111 102
internal_value=0.000378276 -0.00399571 -0.0068565 -0.00917518 -0.011496 -0.0133334 -0.0155578 -0.0224976 -0.00910162 0.040816 0.0136252 0.00657032 0.0221041 0.00954877 -0.000559842 0.0208149 0.00934038 -0.000255077 -0.00651286 0.0169331 0.0225001 -0.0121724 0.0225496 0.0146666 0.0205213 0.015122 -0.00412126 0.0347918 0.0265579 0.0491545
internal_weight=6095.17 5512.07 5145.43 4757.53 4325.54 3984.15 3587.49 1709.54 1877.95 583.101 431.983 396.652 171.022 341.398 171.386 387.9 162.416 151.728 140.148 189.67 144.224 106.224 260.597 223.614 105.349 122.134 173.038 366.639 145.099 412.079
internal_count=28090 25710 24238 22600 20730 19221 17446 8621 8825 2380 1870 1775 712 1509 765 1638 694 684 632 825 626 478 1105 993 449 520 782 1472 598 1668
cat_boundaries=0 32 33 64 98 127 158 159 195 226 227 228 260 261 262 286
cat_threshold=0 0 270336 73728 2147516928 268435457 0 0 0 33554432 0 16 526344 0 262144 2064 0 4096 0 16777216 4390912 0 8388608 131088 32 0 134217732 24 0 0 0 32 28 0 8388608 131072 0 262144 2148532224 8 33570816 0 1073741856 100794368 0 64 0 32768 1024 2048 268567040 0 2112 9445376 0 1 16416 268435456 512 0 0 0 0 8388608 0 0 0 2147487744 269484032 0 16777221 1048578 288 0 0 8404992 1 32768 0 1 0 0 4194304 0 67142656 2312 0 4096 0 1 0 0 536870912 0 256 16785408 32 32768 33554432 1073741824 402653192 268435460 1024 2080 0 303104 8192 81920 8192 524288 16 0 0 2 1 0 536870912 33554433 256 4096 0 2214592512 0 0 0 0 256 16384 0 4 262144 8256 2244608 262144 2097280 0 8210 128 577 0 0 1048576 0 0 49152 0 262144 134217760 2097152 2097152 1024 4194306 262144 0 0 0 0 262144 3936128 0 0 67108864 0 12 524292 2147483648 75497504 0 2097152 4227072 1024 516 0 0 4096 8256 2149580800 0 0 268697600 0 32 0 0 0 0 0 0 37748736 0 64 524288 0 524288 8388608 0 0 2148533248 67141888 2228224 8706 33554434 1 536870912 64 0 98306 20971520 18874368 1 0 0 2147483648 0 20 0 33554432 0 256 512 0 0 131072 0 0 64 14887011 14029729 0 0 8192 65536 0 0 0 0 0 0 0 0 0 0 0 0 0 0 0 0 0 0 0 131072 0 0 0 0 0 0 0 32 3137536 3390464 0 0 0 0 0 2147483648 0 0 0 1073741824 131072 0 0 0 0 0 0 0 0 0 0 0 0 16384
is_linear=0
shrinkage=0.04


Tree=15
num_leaves=31
num_cat=10
split_feature=52 51 17 51 65 52 51 51 20 52 40 40 13 55 52 21 54 54 55 41 55 12 36 15 51 65 36 51 54 8
split_gain=609.113 173.428 142.586 79.2881 52.7815 49.5372 46.0985 43.5428 42.6555 42.551 40.7128 31.0969 27.5688 24.8091 22.0354 19.5396 18.0288 16.8741 15.7498 21.7528 19.1832 16.1681 14.1807 14.0291 12.4031 11.1166 10.8211 9.97513 12.0457 8.96492
threshold=0 1 0.13397436589002612 2 1.5000000000000002 3 4 5 3.5000000000000004 6 0.37940952181816107 0.37940952181816107 0.99494948983192455 25.023274421691898 7 7.5000000000000009 121.37820053100587 121.50691986083986 25.028354644775394 -0.6035533845424651 24.979660034179691 8.5000000000000018 0.908033847808838 0.72850123047828685 8 3.5000000000000004 0.95480081439018261 9 121.54416275024415 23.500000000000004
decision_type=1 9 8 9 2 1 9 9 10 1 2 2 2 2 1 10 2 2 2 2 2 8 10 10 9 2 8 9 2 10
left_child=2 8 7 4 5 18 -4 -1 14 16 25 24 13 -6 23 27 -10 -11 20 -20 21 -3 -16 -2 -8 -9 -21 -7 -29 -17
right_child=1 3 6 -5 12 15 11 10 9 17 -12 -13 -14 -15 22 29 -18 -19 19 26 -22 -23 -24 -25 -26 -27 -28 28 -30 -31
leaf_value=0.041288179238151493 -0.0090998230754310745 0.017226860145776807 0.028507716244728778 0.030646347575457873 0.044371092744854269 -0.01032013190011255 -0.017532851766686404 0.0042458661928147243 0.0040717551477865111 -0.028070789056562934 0.03196833216022045 0.020506140239346091 0.0056928821569121168 0.00093214240932899557 -0.012484169452479167 -0.013353018663103207 -0.013414262174553066 -0.013382781064606844 -0.0021802920160236775 0.011381039162305937 -0.0078539447201810744 -0.012422283111652844 0.0031312735189678352 0.017020343125462887 -0.00052713933189568447 0.031112793487089827 0.031844630534625183 0.0024193403382889982 -0.021349323292919959 -0.032277054125082298
leaf_weight=465.86576211452484 46.786413609981537 110.27210956811905 102.96007493138313 120.9788831025362 67.318005457520485 254.90203732252121 79.821271404623985 183.54408775269985 112.76130414009094 647.86366114020348 273.23923979699612 91.078593835234642 199.50065696239471 31.317901045084 633.83057340979576 375.79890008270741 477.83293041586876 179.99781262874603 169.00672303140163 223.03141395747662 278.45647850632668 34.687910825014114 104.54985539615154 85.023465648293495 273.95065370202065 24.529906406998634 52.264236435294151 322.6647077947855 33.077108919620514 46.361774280667305
leaf_count=1885 224 484 429 491 278 1210 382 790 534 3375 1107 376 860 132 3072 1819 2328 917 766 986 1312 160 488 391 1253 99 224 1458 160 229
internal_value=0.000489075 -0.00671362 0.0225474 0.000998793 -0.000820106 -0.0032969 0.00632797 0.0320614 -0.0144948 -0.0188411 0.0214666 0.000250944 0.0146696 0.0314822 -0.00748552 -0.00915079 -0.00987023 -0.0247042 0.0037225 0.0089904 -0.00171209 0.00982103 -0.0101041 0.00709069 -0.00511413 0.00816285 0.0158361 -0.0045572 -5.07262e-07 -0.0158316
internal_weight=6103.27 4608.28 1494.99 2319.64 2198.66 1900.52 547.811 947.179 2288.65 1418.46 481.313 444.851 298.137 98.6359 870.19 1032.8 590.594 827.861 867.719 444.302 423.416 144.96 738.38 131.81 353.772 208.074 275.296 610.644 355.742 422.161
internal_count=28219 21898 6321 10569 10078 8808 2440 3881 11329 7154 1996 2011 1270 410 4175 4876 2862 4292 3932 1976 1956 644 3560 615 1635 889 1210 2828 1618 2048
cat_boundaries=0 1 2 3 4 5 6 7 8 9 10
cat_threshold=4194367 8418381 67340848 10564544 67276800 1028096 8646720 8390720 8388621 34848
is_linear=0
shrinkage=0.04


Tree=16
num_leaves=31
num_cat=16
split_feature=50 52 50 50 50 50 50 52 41 41 52 50 52 52 16 28 15 37 52 51 38 13 50 38 38 38 51 33 10 35
split_gain=592.012 313.952 218.982 124.334 93.6999 99.014 77.8866 78.3274 51.6095 22.0957 21.9372 21.3245 20.3478 15.0554 13.0997 9.71766 9.36917 9.17132 8.6775 7.86097 7.81902 7.74906 7.21392 6.63184 6.26764 6.19613 6.14139 5.95499 5.84804 4.26404
threshold=0 1 2 3 4 5 6 7 0.12940952181816107 0.37940952181816107 8 9 10 11 0.14415584504604342 -1.0000000180025095e-35 0.96039214730262767 0.3364779949188233 12 13 0.81934732198715221 0.99494948983192455 14 0.53950104117393505 0.55217784643173229 0.55646631121635448 15 0.10714286193251611 8.5000000000000018 0.072077922523021712
decision_type=9 1 9 9 9 9 9 1 2 2 1 9 1 1 2 10 10 10 1 9 8 2 9 8 8 8 9 8 2 10
left_child=8 9 12 -4 18 13 10 -8 11 25 -7 20 -3 28 -10 24 17 -17 -5 -11 -1 27 -15 -23 -14 -2 -27 -20 -6 -13
right_child=1 2 3 4 5 6 7 -9 14 19 -12 29 15 22 -16 16 -18 -19 21 -21 -22 23 -24 -25 -26 26 -28 -29 -30 -31
leaf_value=0.0083781079236818524 0.025363493249677127 0.029288853134946211 -0.035247773620168267 -0.00037948312313754477 -0.001004363046268817 -0.003767256597571354 -0.020275236268901427 -0.0076237535359593633 0.048814294042526671 0.0032836143104873058 0.015093246012678314 0.038139043122783385 0.014108875307865656 0.0044117369020933543 0.021665632035132085 0.032085331436510989 0 0.0084880026741717043 0.037234687624874821 0.03415146880866822 -0.019498398209133495 0.021449009802887265 0.021764573687492704 -0.0018059979231842807 -0.0090101033379373467 0.014303112311313412 -0.0051717747229554833 0.016959159150509419 0.017106641522118059 0.017179651136473541
leaf_weight=31.870756104588509 28.508563369512558 203.25719752907753 268.8296747803688 50.751235514879227 238.41657535731792 187.77720367908478 1486.3806431144476 1766.1083520650864 372.73437634110451 31.124517887830734 183.57986234128475 54.484282970428467 22.940888181328773 89.045016810297966 46.332834869623184 60.141503483057022 42.845381259918213 57.291235134005547 48.59201417863369 321.03668183088303 23.255020514130592 28.472165763378143 123.76541383564472 42.391188740730286 51.38206672668457 31.484768703579903 46.003245443105698 83.062006279826164 27.166660353541374 47.227707162499428
leaf_count=138 119 842 1389 224 1062 858 7589 8366 1512 125 815 219 99 393 194 256 182 245 202 1289 102 120 534 177 222 130 195 357 123 195
internal_value=7.57611e-05 -0.00398397 -0.00688166 -0.00946026 -0.00774852 -0.00922494 -0.0114889 -0.0134781 0.0381363 0.0271936 0.00572864 0.0181905 0.0197187 0.00771184 0.0461507 0.0100852 0.0159191 0.0215532 0.0152696 0.0326116 -0.00316603 0.0190389 0.0153601 0.00807183 -0.00118243 0.0108046 0.00399309 0.0256775 0.00101854 0.0272973
internal_weight=6096.26 5520.35 5062.2 4624.34 4355.51 4102.24 3623.85 3252.49 575.905 458.158 371.357 156.838 437.858 478.394 419.067 234.601 160.278 117.433 253.269 352.161 55.1258 202.517 212.81 70.8634 74.323 105.997 77.488 131.654 265.583 101.712
internal_count=28273 25913 24055 22209 20820 19740 17628 15955 2360 1858 1673 654 1846 2112 1706 1004 683 501 1080 1414 240 856 927 297 321 444 325 559 1185 414
cat_boundaries=0 32 33 64 100 134 167 199 200 201 233 234 235 236 237 269 270
cat_threshold=0 0 270336 73728 2147516928 268435456 0 0 0 33554432 131072 0 526344 0 262144 2064 0 131072 536870912 16777216 4259840 0 8388608 131072 32 0 134217732 24 536870912 0 0 32 60 0 0 131072 4096 0 1048577 16777229 2 256 1073741856 100663296 16 1 0 0 0 2048 268435968 0 2048 67272704 2304 1 16384 0 512 0 0 0 0 8388608 0 285212672 33554434 33556520 67108864 75497728 0 131072 1 536870912 0 0 8192 134217857 33554432 655360 16777216 2048 0 0 0 0 8 0 0 1024 0 1048576 0 2097152 0 0 2 0 0 512 0 8388608 0 2147483648 263168 2147485696 0 33570816 0 8194 0 8388608 64 0 32768 1025 0 4096 0 0 9446656 2097152 0 67112976 268435456 262145 0 0 0 0 0 0 32 32768 33554432 1610612736 268436484 268435460 0 33685536 8388608 3145728 32 16384 8192 10240 0 32770 1048576 0 0 2147483648 4194304 0 0 4096 256 3221225472 4194304 0 0 0 256 0 0 16777216 67108864 0 0 16781320 0 8192 2097152 0 294912 8192 20 0 524288 0 0 2147483649 9437186 64 0 0 2097153 134217760 8 32 1056 142606338 0 0 0 0 0 262400 64 3936000 3533824 0 0 270336 65536 33280 0 0 0 0 0 0 0 0 0 0 16 0 0 536870912 0 0 0 0 131072 0 0 0 0 0 0 0 32 8529667 2932480 1639424 8650761 0 536870912 268436484 4 0 131072 0 0 0 0 8192 0 0 0 0 0 0 0 0 0 0 0 0 0 0 0 0 0 0 0 0 16777216 160256
is_linear=0
shrinkage=0.04


Tree=17
num_leaves=31
num_cat=18
split_feature=52 50 50 50 50 52 50 50 50 52 50 50 55 50 50 15 52 14 52 52 15 37 52 40 7 65 3 40 35 28
split_gain=559.121 286.841 174.793 138.416 111.578 95.3022 76.4003 54.2947 50.7242 42.0508 47.7909 42.2969 40.4979 20.6179 19.7125 18.0301 17.6409 15.0554 13.2222 13.1813 12.1998 9.22704 10.6055 9.05583 8.63384 8.12108 7.90736 6.5139 10.305 6.20114
threshold=0 1 2 3 4 5 6 7 8 9 10 11 25.175254821777347 12 13 0.35948719084262853 14 0.908033847808838 15 16 0.96039214730262767 0.067231640219688429 17 0.98296290636062633 9.5000000000000018 1.5000000000000002 2.5000000000000004 0.60355338454246532 0.063164893537759795 -1.0000000180025095e-35
decision_type=1 9 9 9 9 1 9 9 9 1 9 9 2 9 9 10 1 8 1 1 10 8 1 2 2 2 2 2 10 10
left_child=2 13 23 19 21 26 18 15 -8 10 -10 -11 14 16 -9 -7 29 24 -6 25 -18 -5 -23 -1 -16 -3 27 28 -4 -2
right_child=1 3 5 4 6 7 8 12 9 11 -12 -13 -14 -15 17 -17 20 -19 -20 -21 -22 22 -24 -25 -26 -27 -28 -29 -30 -31
leaf_value=0.044694475469029049 -0.011963786394316438 -0.0033035857920239347 0.036147395202238773 0.017146193504191706 -0.0042640870197757589 -0.0046242805431356785 -0.033900049197703952 -0.01562930458183847 0.018792864247340588 0.0034866776778158743 -0.010777783249116459 -0.019896193441158963 0.031740268641840028 0.0400685997191969 0.003616333951847463 0.031792941021339775 0.029617688531805214 0.010836232735527888 0.012220689670569851 0.015611903448264368 0.0037839871421649434 -0.0048610068532475102 0.0090446541568157506 0.016362243161350685 -0.0095145298926099658 0.018559438203380761 0.0068673779844721271 0.036977230348076477 0.0089457182954035593 0.0084174032514715939
leaf_weight=396.13318309187889 30.201588869094849 133.74204507470131 39.926900029182434 93.137178003787994 143.07749259471893 23.395683825016022 283.53958560526371 148.00143499672413 92.041293561458588 133.38703009486198 482.87024076282978 1917.0196483582258 51.328955546021461 109.59759026765823 127.0002318918705 130.95124274492264 157.00051337480545 149.21587334573269 142.05888746678829 278.96983693540096 39.894434630870819 144.69286665320396 182.2117215692997 29.249725893139839 195.88819174468517 28.702302843332291 26.177218213677406 204.51322744786739 58.587030082941055 68.048267796635628
leaf_count=1621 128 598 161 411 663 102 1500 670 417 633 2314 9736 211 445 596 544 655 631 648 1226 168 655 801 120 897 121 105 822 235 286
internal_value=0 -0.00725134 0.0203285 -0.0104817 -0.0130729 0.0118827 -0.0156286 0.00436308 -0.0175786 -0.0156257 -0.00565225 -0.0183511 -0.000703029 0.0242867 -0.00366415 0.0246298 0.0167073 0.000486794 0.00408252 0.0104216 0.0235398 0.0061836 0.00297508 0.042029 -0.00431244 0.000829272 0.0296747 0.0323999 0.021377 0.00153406
internal_weight=6040.56 4460.19 1580.37 4055.45 3614.04 1154.99 3193.99 825.782 2908.86 2625.32 574.912 2050.41 671.435 404.742 620.106 154.347 295.145 472.104 285.136 441.414 196.895 420.042 326.905 425.383 322.888 162.444 329.204 303.027 98.5139 98.2499
internal_count=28120 21405 6715 19723 17778 4974 15911 3651 14600 13100 2731 10369 3005 1682 2794 646 1237 2124 1311 1945 823 1867 1456 1741 1493 719 1323 1218 396 414
cat_boundaries=0 1 29 61 93 127 128 163 194 231 232 262 298 322 356 357 358 359 360
cat_threshold=4194431 0 0 401408 8192 2147516416 1048577 8 0 0 33554480 33554432 8388608 2056 0 0 2048 2048 268567040 0 16777216 8519680 0 8388609 147456 0 0 134217732 24 0 0 270336 65792 2149597184 268435456 16842756 1048576 0 33554432 131072 0 526336 32768 262144 2064 0 4096 536870912 16777216 67117056 33554432 0 131088 32 0 4 0 0 0 0 8224 0 0 201326596 2147487748 1049088 131104 262144 33554560 288 1073807360 8192 16 64 0 0 1025 0 0 0 0 1048576 256 32 2214592512 272629760 262144 0 0 0 0 8388608 16777216 0 0 17826816 65536 262208 270534656 1 1048576 8192 0 67108864 65 1 0 2147483648 1073741824 525376 0 0 0 256 2101256 0 16 32 0 16384 131072 0 0 0 0 32 8192 28 0 1073741824 4105 67108866 268443648 2147491840 8388608 2359296 0 2 0 134225920 524288 8192 0 0 520 2147483648 8192 2359297 268436480 0 2097152 0 134217728 0 0 0 0 0 128 0 0 0 2097152 0 4194304 1073741824 268439552 35328 2147483776 131072 10502144 4096 1074790400 67108992 0 0 0 0 1048578 1 131072 0 0 229408 8 0 32 0 262144 0 0 0 0 8388864 0 335544320 1107361858 2099368 67108864 8392960 81920 131072 0 536870912 0 0 33562624 138412032 67108864 131072 0 0 0 0 0 0 0 0 67108864 0 0 0 512 2097152 0 0 2 0 0 512 32768 8401024 0 2097152 2148024352 0 2097152 134218240 16777216 4096 0 32768 0 32768 0 0 0 0 0 32768 536870912 0 134250496 196608 0 0 512 0 0 0 0 128 0 545259520 268435456 0 16777216 0 2147483648 142606336 4096 1 0 16896 134479888 2097152 0 2 0 0 2 0 262176 0 0 0 0 0 0 0 256 0 262208 64 524288 0 262144 8912896 0 0 270336 0 0 1048577 8 0 0 16 33554432 8388608 0 0 0 2048 0 268566528 0 0 8388608 0 8388608 147456 0 69206016 167788564 33556512 262144 67305984 134217729 272 16 0 0 0 1073742848 0 4 256 576 0 2 16 0 0 4096 0 67108864 1024 0 0 0 0 0 0 0 8192 3379328 3853312 2469888 4000768
is_linear=0
shrinkage=0.04


Tree=18
num_leaves=31
num_cat=19
split_feature=50 52 50 50 50 50 52 50 50 52 52 52 50 52 52 40 35 53 51 51 42 8 42 31 39 8 15 37 28 50
split_gain=526.203 288.995 164.31 119.182 109.296 90.1288 69.322 77.8211 60.2651 36.4699 27.2588 19.597 16.7956 16.2989 15.3053 11.3815 11.2379 11.0865 8.96083 8.22079 7.98325 7.87404 9.91737 7.584 7.5113 7.3565 6.49721 6.39607 6.34693 5.99351
threshold=0 1 2 3 4 5 6 7 8 9 10 11 12 13 14 0.91597560048103344 0.091966174542903914 15 16 17 -0.60785761475563038 6.5000000000000009 0.6078576147556306 0.20185185223817828 0.4301948100328446 6.5000000000000009 0.9529346525669099 0.38501602411270147 -1.4999999999999998 18
decision_type=9 1 9 9 9 9 1 9 9 1 1 1 9 1 1 2 10 1 9 9 2 10 2 10 8 8 10 8 10 9
left_child=9 12 11 10 14 13 8 -8 -7 16 26 27 -2 18 20 19 24 29 -6 -14 -5 -12 -23 -15 -1 -22 28 -3 -4 -16
right_child=1 2 3 4 5 6 7 -9 -10 -11 21 -13 15 23 17 -17 -18 -19 -20 -21 25 22 -24 -25 -26 -27 -28 -29 -30 -31
leaf_value=0.0079800673321878297 0.038472205976407735 -0.015843771400727808 -0.0095619700159043051 0.027668331501429364 -0.011707776257033595 0.014217803446506817 0.0038252466040526768 -0.022265962332757034 -0.010860512447106405 0.043888019894165478 0.0032491284670566295 0.023634843091268429 -0.00088099878571920175 -0.0030346321004694143 -0.0040347402852619705 0.004180073967706365 0.0061212377545404959 -0.0060186934500344683 0.0063675096141273344 0.024870073132189915 0.023395821024001208 0.028665278519407394 0.0046572917134123414 0.014935086438232268 0.036050153748043989 0.0040483292006550523 -0.017716648227450536 0.0095405435153142534 0.0078275276311859706 0.017953764632275434
leaf_weight=28.072956666350365 146.66574785113335 27.966914594173431 42.106561943888664 64.903341293334961 96.868918806314468 162.93689431250095 204.06299924850464 1836.8489535748959 1199.1611117124557 393.49900947511196 37.566515907645226 291.37070833146572 28.173407286405563 41.928301811218262 24.983942925930023 71.769766494631767 81.680524155497551 143.77228055894375 60.289030060172081 224.97911396622658 43.237762659788132 158.50479672849178 38.222347244620323 201.69919592142105 53.821533873677254 108.61253134906292 24.587793439626694 25.189077407121658 109.13534766435623 54.445553481578827
leaf_count=114 594 121 189 282 450 722 985 9585 5696 1610 160 1221 113 193 113 302 339 645 274 905 188 656 160 911 217 472 107 107 480 237
internal_value=3.00259e-05 -0.00377433 -0.00662483 -0.00861871 -0.0106193 -0.0128097 -0.0149303 -0.0196386 -0.00772388 0.0365394 0.0116796 0.0194887 0.0256702 0.00503704 0.00807221 0.01839 0.0165479 0.000377338 -0.00470691 0.0228945 0.0153724 0.0203235 0.0243309 0.0113084 0.0276709 0.010255 -0.00042567 -0.00314426 0.00270712 0.0112834
internal_weight=6027.06 5469.99 4998.4 4653.87 4243.75 3803.8 3403.01 2040.91 1362.1 557.074 410.123 344.527 471.588 400.785 439.955 324.922 163.575 223.202 157.158 253.153 216.754 234.294 196.727 243.627 81.8945 151.85 175.83 53.156 151.242 79.4295
internal_count=28148 25868 23954 22505 20753 18816 16988 10570 6418 2280 1752 1449 1914 1828 1937 1320 670 995 724 1018 942 976 816 1104 331 660 776 228 669 350
cat_boundaries=0 32 33 62 96 128 161 162 197 222 223 224 225 261 262 263 264 265 266 298
cat_threshold=0 0 270336 8192 2147516928 268435457 0 0 0 33554432 67239936 0 526344 0 0 2064 0 135168 0 16777216 4194304 0 8396801 131072 32 0 134217732 24 0 0 0 8224 60 0 8388608 131072 0 0 2148534272 16777228 0 0 32 33554432 8208 64 0 294912 1024 2048 268435968 0 2112 8586240 0 0 16400 268435456 512 0 0 536870912 0 0 0 4096 1048576 0 262145 36749312 32 1073741826 0 8912896 1 32768 0 0 0 0 0 33554432 40960 2097416 0 67109888 8388608 262145 0 0 0 0 8650752 0 0 40960 33554432 536870912 1049600 2147483652 262144 2113568 536870912 8320 8388864 16 8192 64 0 0 1048577 1 0 2147483648 4194304 1 1048576 2048 288 32 4194304 0 0 0 0 0 256 16777216 0 1073741824 4140 268697600 9220 33554432 0 262208 0 65536 0 2147483649 6 0 2147483648 2 268435521 32768 0 8 201326848 0 0 0 0 0 0 0 256 0 0 2147483648 67108896 12677187 0 0 273154048 0 88 131072 0 67112960 12288 2097152 0 1024 262656 0 0 1610612736 532488 0 0 262144 262176 4096 131072 2147483648 0 0 0 131072 0 33554432 0 64 524288 0 262144 0 0 2281701376 69239042 4194306 8194 8192 0 0 0 1073741952 134299648 17829888 2105344 0 1048576 0 1 0 4 0 33554432 0 4352 134217728 1562304 3986816 2140160 0 0 16386 33619968 16384 68157440 64 257 536875008 0 0 16448 16777216 0 0 0 0 0 671088640 0 67141632 33554432 0 0 8388608 263168 0 0 8388608 0 256 0 0 0 32 64 2419713 14832513 40 138248 25 0 0 1049600 0 0 2097152 0 0 0 0 0 0 0 0 0 0 0 0 0 0 0 0 32 0 0 0 0 0 0 0 0 16777216
is_linear=0
shrinkage=0.04


Tree=19
num_leaves=31
num_cat=18
split_feature=50 52 50 50 52 50 50 50 50 52 50 50 50 40 42 52 52 13 11 42 52 65 54 14 12 52 52 0 13 40
split_gain=479.023 266.549 157.824 120.442 82.6769 120.553 86.039 58.1739 52.1984 40.2501 35.051 34.4404 12.9254 15.6622 9.77887 10.3564 9.75694 9.1138 9.11004 8.68962 15.9595 8.67863 8.24006 8.03164 9.96511 6.95619 6.5516 5.14968 4.93803 3.5982
threshold=0 1 2 3 4 5 6 7 8 9 10 11 12 0.91597560048103344 -1.0000000180025095e-35 13 14 0.96459901332855236 3.5000000000000004 -0.60785761475563038 15 4.5000000000000009 121.46110153198244 0.36451049149036413 3.5000000000000004 16 17 12.500000000000002 0.95683228969573986 0.12940952181816109
decision_type=9 1 9 9 1 9 9 9 9 1 9 9 9 2 2 1 1 2 10 2 1 2 2 8 8 1 1 2 2 2
left_child=9 12 19 -4 6 14 23 16 17 21 -10 -9 -2 18 15 -6 -7 -8 -14 25 -21 22 -1 -5 -25 -3 -24 -15 -16 -22
right_child=1 2 3 4 5 7 8 11 10 -11 -12 -13 13 27 28 -17 -18 -19 -20 20 29 -23 26 24 -26 -27 -28 -29 -30 -31
leaf_value=-0.0071846485778066941 0.03794972257384354 0.0081866046418124332 -0.034077752862988142 0.00552846052470233 0.018966755757971774 -0.0077718886700922155 0.020351510496731683 0.0006064413758587264 -0.025093545663353679 0.043213368627207996 -0.0037984284550579956 -0.017802977134134128 0.026241793981635002 -0.0095554224189334323 0.023388645688545772 -0.002964271876929137 0.0093237167106570793 0.0025905591672666546 0.0040225465266179403 -0.0055969205868348264 0.013980977941073582 0.031033497156616487 0.021671765036109899 0.01822365214602481 0.040779200324912702 0.034718388541953672 -0.00056490479184064608 0.010362124237017543 0.0077895341543716161 0.027346968687243192
leaf_weight=29.781575188040733 117.51414069533348 56.298104882240295 261.64709997177124 31.555954724550247 34.309219911694527 61.636031731963158 149.71321235597134 183.17692399024963 127.14885693788528 376.77045732736588 1122.6488660424948 1955.130189627409 247.41362251341343 28.240184843540192 114.43714870512486 103.87461575865746 174.73349717259407 72.155853793025017 38.177380278706551 53.114167973399162 129.99497446417809 43.310487762093544 57.947594299912453 87.190803691744804 71.66343766450882 72.375444859266281 35.721543967723846 49.088269650936127 60.360378623008728 65.692717045545578
leaf_count=129 476 236 1410 136 154 286 647 871 614 1549 5256 9996 997 120 519 475 816 306 153 224 552 175 235 364 306 300 146 205 268 270
internal_value=3.37521e-05 -0.00355711 -0.0063226 -0.00837674 -0.00671438 -0.0110392 0.000303297 -0.0141277 -0.00304021 0.0353271 -0.00625262 -0.0162234 0.0244416 0.0186821 0.0119076 0.00393103 0.00458852 0.014221 0.0234607 0.0180816 0.0135514 0.0153036 0.00982756 0.0245773 0.029455 0.0272098 0.0155292 0.00270678 0.0184797 0.0182288
internal_weight=6012.82 5469.29 4988.86 4611.38 4349.73 2687.66 1662.08 2374.68 1471.67 543.532 1249.8 2138.31 480.434 362.919 312.981 138.184 236.37 221.869 285.591 377.475 248.802 166.761 123.451 190.41 158.854 128.674 93.6691 77.3285 174.798 195.688
internal_count=28191 25957 24006 22424 21014 13385 7629 11969 6823 2234 5870 10867 1951 1475 1416 629 1102 953 1150 1582 1046 685 510 806 670 536 381 325 787 822
cat_boundaries=0 36 37 69 105 106 131 156 188 222 223 253 284 310 311 312 313 314 315
cat_threshold=0 0 270336 8192 2147516928 268435457 0 0 0 33554432 0 0 526336 32768 0 2064 2048 4096 0 16777216 4259840 0 8396800 131120 32 0 134217732 24 0 0 0 32 0 0 0 64 60 0 0 268435456 0 0 1048576 12 16386 16777472 32 33685504 16 9 0 0 1024 0 268567040 0 0 8527872 2312 1 16384 0 0 0 0 536870912 0 8388608 16777216 0 285212672 33554498 1073744032 75497472 8388864 0 131072 0 536870912 0 0 0 134217861 184549376 163840 0 0 0 0 0 0 0 0 33554432 0 2048 1048576 512 2097152 1024 0 2 0 0 512 12660931 0 1082130432 68289541 2147483648 18087936 131104 262145 33554560 8192 90112 40960 64 0 0 0 0 64 0 0 2097153 269484032 0 32 0 268435456 0 0 4096 67145984 1024 33562626 16777216 3153920 0 1073741824 0 134750208 0 0 262144 0 0 2147516416 0 0 67109920 0 0 5376 512 0 536870912 0 266240 12304 2147485696 2147483648 8650752 4128 67108880 0 8390144 4 0 0 1 1032 2097152 8192 262144 0 0 0 2 138412032 0 0 0 256 4194304 0 64 0 0 524328 268435462 270532608 0 33554435 0 1073741856 16384 67108992 16384 16 0 2148565120 1 0 0 536870912 0 134250496 0 0 0 0 262144 0 0 0 0 0 0 67108896 32768 3069888 0 0 1 33554440 1052680 16 2151694336 4368 8192 65536 268435458 0 1073741824 0 0 33554432 64 0 0 2147483648 0 32768 4128 0 32768 132096 0 0 0 16384 16 0 138412032 67174400 64 2129984 0 134217984 536870912 0 2147483648 1 262144 8192 0 1073741824 268435456 0 0 4 295936 0 2228224 2214592512 0 0 0 0 0 0 262144 0 0 16386 33619968 2113536 1048576 64 257 536870912 0 0 16450 16777216 0 0 0 0 0 536870912 0 0 33554440 0 0 0 263168 147712 3178496 14698624 10073856 2885376
is_linear=0
shrinkage=0.04


Tree=20
num_leaves=31
num_cat=7
split_feature=52 35 11 66 52 52 55 55 36 55 54 54 55 4 54 36 54 52 40 53 53 54 36 54 0 27 53 18 35 19
split_gain=400.024 112.654 98.1296 52.4466 40.0984 38.9377 33.7571 29.8516 29.2857 24.6671 24.3934 20.6453 18.4275 16.4031 13.8632 13.7339 13.6879 13.0357 12.5097 12.233 10.989 14.5087 11.8044 9.37133 9.27173 8.91556 8.84212 8.65544 9.87786 8.58222
threshold=0 0.067231640219688429 1.5000000000000002 1.4980468750000002 1 2 25.090485572814945 24.975025177001957 0.95401689410209667 25.090485572814945 121.5089569091797 121.5784149169922 25.090485572814945 0.97467949986457836 121.53562545776369 0.89699381589889537 121.54966354370119 3 0.12940952181816109 4 5 121.43050765991212 0.60158732533454906 121.50691986083986 19.500000000000004 -0.052357455715537064 6 0.23883928358554843 0.35751880705356603 7.5000000000000009
decision_type=1 10 8 2 1 1 2 2 10 2 2 2 2 2 2 10 2 1 2 1 1 2 10 2 2 2 1 10 10 2
left_child=1 -1 3 16 7 -3 11 -4 12 10 15 20 23 -5 -15 25 17 19 -12 -2 21 -7 -23 -9 27 -6 -10 -19 -29 -20
right_child=2 5 4 13 9 6 -8 8 26 -11 18 -13 -14 14 -16 -17 -18 24 29 -21 -22 22 -24 -25 -26 -27 -28 28 -30 -31
leaf_value=0.031095053836598354 -0.0064572683417846314 0.02428718647245089 0.0085066720800896153 0.046850122352011025 -0.022113150164760478 0.022710302459872746 0.025070661234883249 -0.013289939945394567 0.019926454876787073 0.00048556141032920298 -0.011305810789572714 0.030211542652547153 0.0036275542952685889 -0.0012263670529045648 0.03410459095251922 -0.0072415424545626515 0.016848855932282001 -0.0030910977622503879 0.0098308429587500665 0.012960004343424593 -0.0042267739854460265 -0.0075947007369341572 0.013953870926541684 -0.0039640666462550343 -0.010284138453328547 -0.011486452089047645 -0.0037721032387305637 0.022210927270514262 0.00091507953150165103 -0.014012094181897923
leaf_weight=606.45483191311359 62.299871161580086 198.29632513225079 227.99525037407875 45.798666775226593 796.05628669261932 60.27462762594223 106.96227587759495 725.70214581489563 64.48292201757431 170.03940333425999 276.93856534361839 32.321747869253159 155.47414527833462 38.624121114611626 25.895883411169052 164.66061554849148 75.761144533753395 467.35471370816231 92.005980744957924 175.90010561048985 412.75662097334862 104.72629654407501 59.56484517455101 241.59729659557343 190.43314345180988 181.78482447564602 34.918851405382156 45.849320694804192 119.12645751237869 26.914372146129608
leaf_count=2504 279 797 1063 186 4244 261 439 3575 292 782 1402 135 696 162 107 827 327 2164 450 788 1882 481 266 1156 893 929 160 215 570 141
internal_value=0.000331436 0.0174961 -0.00586437 0.00360116 -0.00962612 0.00907932 0.0046696 -0.00457889 -0.00709831 -0.0137658 -0.0154397 0.00128885 -0.00896136 0.0293111 0.0140994 -0.0184122 0.000971069 -0.000217681 -0.00668834 0.00772085 -0.000370582 0.00647003 0.00028112 -0.0110136 -0.00263435 -0.0202264 0.0131752 -0.000277875 0.00743045 0.00392561
internal_weight=5986.97 1581.36 4405.61 1247.04 3158.57 974.903 776.606 1450.17 1222.18 1708.4 1538.36 669.644 1122.77 110.319 64.52 1142.5 1136.72 1060.96 395.859 238.2 637.322 224.566 164.291 967.299 822.764 977.841 99.4018 632.33 164.976 118.92
internal_count=28173 6765 21408 5691 15717 4261 3464 6942 5879 8775 7993 3025 5427 455 269 6000 5236 4909 1993 1067 2890 1008 747 4731 3842 5173 452 2949 785 591
cat_boundaries=0 1 2 3 4 5 6 7
cat_threshold=4194431 8614144 28 8393472 9 65 78
is_linear=0
shrinkage=0.04


Tree=21
num_leaves=31
num_cat=6
split_feature=35 51 20 51 54 51 45 29 53 54 2 54 54 45 45 55 29 51 19 55 55 36 35 12 55 10 54 54 21 53
split_gain=351.903 165.32 58.9676 51.0414 43.3995 31.3688 27.8026 21.3401 20.0529 22.4298 19.4893 16.4204 23.5967 16.92 14.5566 13.7413 13.3715 12.7826 12.6878 12.0278 12.0254 11.6497 11.2832 11.0049 10.6395 10.543 10.2812 15.4029 10.1951 9.92981
threshold=0.035098522901535041 0 2.5000000000000004 1 121.5784149169922 2 1.0000000180025095e-35 -1.4999999999999998 3 121.51924133300783 24.500000000000004 121.46519470214845 121.47341918945314 1.0000000180025095e-35 1.0000000180025095e-35 24.973035812377933 1.5000000000000002 4 5.5000000000000009 24.965684890747074 24.943084716796879 0.95040982961654674 0.89087301492691051 5.5000000000000009 25.082249641418461 1.0000000180025095e-35 121.45270156860353 121.46343231201173 8.5000000000000018 5
decision_type=8 9 10 9 2 9 2 8 1 2 2 2 2 2 2 2 10 9 2 2 2 10 8 10 2 2 2 2 8 1
left_child=3 2 7 -1 6 15 8 21 9 -3 -8 14 13 16 25 -4 -13 -9 22 -10 -16 -2 23 -17 -22 -7 -21 -28 -15 -5
right_child=1 4 5 29 -6 11 10 17 19 -11 -12 12 -14 28 20 18 -18 -19 -20 26 24 -23 -24 -25 -26 -27 27 -29 -30 -31
leaf_value=-0.0027432796242334283 -0.0099339128744597993 0.023589692409568243 0.0015281942085798202 0.033928565209038329 0.0348536732257358 0.0078549276073007022 0.0030268654001393415 -0.0056349009108141376 0.021100995154018757 0.003226438838494669 -0.016078194354572625 0.0063755447929394974 -0.0084527934735586993 0.0003145755481282008 0 -0.0085608663735955749 -0.017915168642738916 0.0055946761825940326 -0.022885991955816119 -0.0068062664153241371 -0.022648766586909581 0.01076821635198163 0.0052663699540427033 -0.020725778313090703 0.0042139002160442064 -0.0091059298537594906 0.02710199875150392 0.00084188538961113102 0.02360295338223567 0.016124733852005139
leaf_weight=90.138997107744217 409.14800234138966 283.68745262920856 59.709368675947189 472.73734627664089 87.529441729187965 67.40254370868206 400.56776703894138 200.92993618547916 51.97215972840786 129.58939507603645 103.07908302545547 83.161532402038574 488.02345396578312 47.230013027787209 54.446585223078728 245.1951659321785 56.204725459218025 648.40343208611012 454.43656349182129 143.57447698712349 277.95680256187916 43.569669023156166 43.573934182524681 268.41869811713696 22.830211490392685 297.50515341758728 42.0480727404356 157.38155347108841 88.119507730007172 152.59801407158375
leaf_count=386 1981 1208 292 1967 355 317 1828 948 228 575 516 383 2443 216 272 1243 255 2918 2415 636 1478 198 225 1392 112 1462 173 714 398 641
internal_value=9.8515e-05 -0.0034888 -0.00775339 0.0263192 0.00823081 -0.0113 0.00637627 -0.00082347 0.0109523 0.0169617 -0.000963571 -0.00729728 -0.00318795 0.00607728 -0.0116707 -0.0165407 -0.00356326 0.00289674 -0.0177918 0.00395812 -0.017425 -0.00780197 -0.0134348 -0.0150954 -0.0205089 -0.00585517 0.00115104 0.00700389 0.0159197 0.0300947
internal_weight=5971.17 5255.69 3856.27 715.474 1399.43 2554.21 1311.9 1302.05 808.253 413.277 503.647 1482.88 762.739 274.716 720.141 1071.33 139.366 849.333 1011.62 394.976 355.234 452.718 557.188 513.614 300.787 364.908 343.004 199.43 135.35 625.335
internal_count=28175 25181 18948 2994 6233 12903 5878 6045 3534 1783 2344 7336 3695 1252 3641 5567 638 3866 5275 1751 1862 2179 2860 2635 1590 1779 1523 887 614 2608
cat_boundaries=0 1 2 3 4 5 6
cat_threshold=8453213 67125841 8389708 97 77 105
is_linear=0
shrinkage=0.04


Tree=22
num_leaves=31
num_cat=16
split_feature=50 52 50 50 50 50 52 50 50 52 52 50 52 52 54 53 52 30 9 38 14 36 14 36 0 37 37 37 13 41
split_gain=407.202 247.399 146.31 136.857 82.5451 62.0483 49.4721 117.243 61.8459 24.9787 19.7428 17.5205 16.9483 12.2691 10.7037 10.5211 10.3316 10.9919 9.75029 8.84856 8.33401 12.6727 10.0964 7.95597 9.0784 7.78756 7.00814 8.62744 10.0255 5.45819
threshold=0 1 2 3 4 5 6 7 8 9 10 11 12 13 121.46519470214845 14 15 0.9375000298023225 10.500000000000002 0.4743421077728272 0.7933771312236787 0.64400920271873485 0.4301948100328446 0.76500600576400768 13.500000000000002 0.38501602411270147 0.83469945192337047 0.53410854935646068 0.9529346525669099 -0.12940952181816107
decision_type=9 1 9 9 9 9 1 9 9 1 1 9 1 1 2 1 1 10 10 8 10 10 10 10 2 8 10 10 2 2
left_child=9 11 13 10 -5 12 7 -7 -8 14 20 -2 15 23 25 -6 -13 -18 -14 -15 22 -22 -4 24 -3 -1 27 28 -12 -24
right_child=1 2 3 4 5 6 8 -9 -10 -11 26 16 18 19 -16 -17 17 -19 -20 -21 21 -23 29 -25 -26 -27 -28 -29 -30 -31
leaf_value=-0.014097170820301895 0.037702224166422924 -0.0015758432671111903 0.0073878037255392407 -0.031764109894585661 0.0076623402514210846 0.0081682014299541954 0.014049379381069036 -0.020615135867823278 -0.0084190797499088081 0.039317812943426185 0.020554356102252435 0.02912603142685978 0.006918455254747752 0.035258577665789423 0.024121815852737278 -0.013284781365804511 0.0040327068879813461 0.020848188198550104 0.026722396191497712 0.017794621947582773 -0.005614503274105156 0.018850511641161079 -0.025092087110711963 -0.010891291262079762 0.02595951012932789 0.013540133779878925 -0.0012689028475736622 0.031743620174399557 0.0027315167137990327 -0.0011374548129068399
leaf_weight=23.629046633839607 128.44610279798508 35.803212568163872 44.49446614086628 259.98021872341633 64.282987520098686 268.66143396496773 208.18892012536526 1289.9045317769051 1681.3990985751152 383.26851685345173 151.00207217037678 96.145484879612923 86.936574131250381 80.746173560619354 86.042589023709297 59.953504756093025 142.02009715139866 115.78727792203426 83.769302994012833 180.32829163968563 55.756855189800262 71.606780603528023 37.928182899951935 30.748914271593094 32.182193204760551 32.577485576272011 27.400923877954483 67.359932214021683 81.324372783303261 27.171381413936615
leaf_count=100 525 149 204 1442 294 1273 926 6905 8101 1598 647 389 393 334 349 281 583 473 361 746 245 312 168 133 135 136 118 290 344 125
internal_value=0.000154529 -0.00314186 -0.00584368 -0.00779808 -0.0104042 -0.00879442 -0.0103115 -0.0156103 -0.00584192 0.0332651 0.0104535 0.0237567 0.00851752 0.0182299 0.0146349 -0.00264476 0.0173147 0.0114773 0.0163064 0.0229689 0.00124966 0.00818168 -0.00652823 0.00414633 0.01207 0.00139226 0.0167155 0.018968 0.0145888 -0.0161734
internal_weight=5934.85 5409.33 4926.93 4567.12 4003.08 3743.1 3448.15 1558.57 1889.59 525.518 564.045 482.399 294.942 359.809 142.249 124.236 353.953 257.807 170.706 261.074 236.958 127.364 109.594 98.7343 67.9854 56.2065 327.087 299.686 232.326 65.0996
internal_count=28079 25896 23926 22429 19976 18534 17205 8178 9027 2183 2453 1970 1329 1497 585 575 1445 1056 754 1080 1054 557 497 417 284 236 1399 1281 991 293
cat_boundaries=0 36 37 68 102 138 170 171 203 235 236 237 272 273 274 275 276
cat_threshold=0 0 270336 8192 2147746304 268435456 0 0 0 33554432 67108864 0 526345 0 0 2064 0 135168 0 16777216 4390912 0 8396800 131104 32 0 134217732 0 0 0 0 32 0 0 0 64 60 0 8388608 131072 0 32768 2148532225 12 33570818 0 32 131072 16 64 0 0 0 2048 512 4194304 2048 9437440 0 1 17424 268435456 512 0 24 536870912 0 8388608 0 0 0 4100 268435456 2 262145 3145728 256 1073741824 33554432 8192 0 0 2148794368 1 64 2415919104 0 33554432 33824 0 0 3288338432 0 262144 0 0 0 0 0 0 32 40960 0 402653184 33554498 2088 75497472 8388864 1073741824 0 0 536870912 2 0 16384 134217857 50331648 131072 16777216 0 134217728 2147483648 0 0 8 0 603979776 0 2048 0 0 2097152 0 0 2 0 0 512 16384 0 67109888 2147483648 0 2052 0 2147516416 8224 8208 0 2148024322 0 32768 1 0 268959744 0 0 0 201334784 2099208 2097408 0 4194304 0 0 131072 0 0 256 8192 3936000 0 2097152 12 0 1050636 2097216 2147483648 266368 0 2162688 40960 1344 0 16384 0 1073741824 0 0 0 262144 268435456 4096 131104 0 0 0 0 0 0 33554432 262144 64 16 1073741824 2417491968 67108864 134234112 33685504 184549376 8192 0 64 128 142606336 4194304 2097152 0 0 0 32769 8192 20 0 256 0 256 0 0 0 0 0 0 192 16777216 1824320 3592448 0 0 16384 65536 69222400 1048576 64 2097409 536870912 0 0 16450 16777216 0 0 0 0 0 536870912 0 83886080 33554440 0 16 0 263168 0 0 8388608 0 0 0 0 0 32 5041280 2222144 104 8
is_linear=0
shrinkage=0.04


Tree=23
num_leaves=31
num_cat=16
split_feature=50 52 50 50 52 50 50 50 50 50 50 41 51 52 52 30 13 28 36 20 38 38 30 39 33 52 36 52 36 54
split_gain=394.365 207.632 142.714 105.096 83.5081 96.4905 80.1601 50.2584 44.8676 66.6807 28.161 28.1266 13.1197 12.5235 11.5453 10.8049 6.21018 8.25515 7.57402 5.79213 5.40846 5.38802 5.10078 7.63417 4.68595 5.23345 4.19732 4.29336 3.57854 3.35475
threshold=0 1 2 3 4 5 6 7 8 9 10 0.12940952181816107 11 12 13 0.9586748778820039 0.99494948983192455 8.5000000000000018 0.49725274741649633 5.5000000000000009 0.41223156452178961 0.81934732198715221 0.5937500298023225 0.96039214730262767 0.010102040600031616 14 0.49725274741649633 15 0.58236432075500499 121.45270156860353
decision_type=9 1 9 9 1 9 9 9 9 9 9 2 9 1 1 8 2 10 10 8 10 10 10 8 10 1 10 1 10 2
left_child=11 12 14 -4 6 16 19 -8 13 -10 -9 21 -2 -7 15 26 17 -6 -18 20 -5 24 -16 -24 -1 -26 29 -28 -17 -3
right_child=1 2 3 4 5 8 7 10 9 -11 -12 -13 -14 -15 22 28 18 -19 -20 -21 -22 -23 23 -25 25 -27 27 -29 -30 -31
leaf_value=0.031213636419380766 -0.003049318181121659 0.0074849216230517945 -0.031417263218940686 0.027676089038656256 0.01854111534139884 -0.004758862588525834 -0.023634104964938334 0.012226153768839733 0.00078588062405405754 -0.017688465727748195 -0.0021447182057679239 0.039841212343952243 0.02753857605333826 0.014704630141734364 0.03865224751766981 0.003145439333740333 -0.012475179170665264 -0.0031547069226892095 0.011368891458012063 0.038450384682877745 0.0084128731272184142 0.0012626021977401967 0.024437459100271106 0.0068810484919101878 0.023845033485140232 0.0017746867842460682 -0.0057903230329975084 0.01186567250240458 -0.0161609369446408 0.031010786990296746
leaf_weight=52.010412812232971 27.670612454414368 23.634131491184235 258.06848309934139 63.736150398850441 177.80707810819149 89.432139784097672 137.75086262822151 252.59492325782776 382.68796445429325 1799.1616235226393 1164.3425045460463 361.73425337672234 344.79768496751785 98.624897688627243 33.333776488900185 23.84655836224556 30.269178137183189 29.783874809741974 48.249728143215179 58.347766116261482 50.14665025472641 27.751236572861671 160.06387984752655 63.406531423330307 25.479772716760635 51.464578062295914 24.5882348716259 43.919962391257286 27.514836192131042 27.460238292813301
leaf_count=210 111 101 1433 271 817 421 673 1077 1776 9526 5432 1520 1406 450 140 99 138 141 218 257 212 114 660 262 105 213 105 185 118 115
internal_value=0.00015634 -0.00305021 -0.0051971 -0.00725152 -0.00572179 -0.0101603 0.00112187 -0.00182701 -0.0128237 -0.0144558 0.000504421 0.0329844 0.0251845 0.00568231 0.0165374 0.0068621 0.011375 0.0153333 0.00174094 0.0258614 0.0200726 0.0183299 0.0221709 0.0198032 0.0216692 0.0134627 0.0137304 0.00612036 -0.0073585 0.0221224
internal_weight=5959.68 5441.24 5068.77 4641 4382.94 2656.02 1726.92 1554.69 2369.91 2181.85 1416.94 518.44 372.468 188.057 427.768 170.964 286.11 207.591 78.5189 172.231 113.883 156.706 256.804 223.47 128.955 76.9444 119.603 68.5082 51.3614 51.0944
internal_count=28306 26144 24627 22842 21409 13487 7922 7182 12173 11302 6509 2162 1517 871 1785 723 1314 958 356 740 483 642 1062 922 528 318 506 290 217 216
cat_boundaries=0 36 37 71 107 108 137 162 192 223 255 288 289 290 291 292 293
cat_threshold=0 0 270336 8192 2147516416 268435456 1 0 0 33554432 67108864 0 526344 0 262144 2064 0 131072 0 16779328 4325376 0 8396800 131072 32 0 134217732 0 536870912 0 0 32 0 0 0 64 28 0 0 0 0 1048576 2148532225 8 0 256 32 33685504 80 0 0 0 1024 2048 268440064 0 0 269558016 0 1 67125296 268435456 0 0 24 0 0 0 16777216 0 32768 0 352321536 33554496 2088 75497472 75497728 4194304 131072 2048 1024 0 0 24576 142606464 33554436 131072 0 2048 134217728 0 0 0 0 0 0 0 0 1048576 0 2097152 0 0 2 0 0 512 12660963 0 545259520 71435264 2147483648 262172 133120 262144 42205312 0 73744 0 0 1 0 0 0 524360 0 0 2097153 0 4096 32 0 4194304 0 0 0 256 0 0 4096 67109122 1024 8194 4 3162112 0 0 64 134234112 16777216 1081344 0 1048576 0 2147516417 0 0 67108864 198656 0 5376 512 0 0 144 0 24 65552 3221225472 256 1 536969216 268435458 0 1073741824 0 134217728 0 64 0 0 2147483648 0 32768 4128 0 33587200 132096 0 2105344 516 17408 0 0 1052676 262144 16777216 16416 0 0 12320 16449 8192 8390144 4 0 0 8388609 512 2097152 0 0 262144 264 0 2 134217728 0 0 0 0 0 8650752 16 1073741824 268435465 4 14336 2097220 2147483648 204472320 0 0 2147483648 257 0 0 16384 2 268436480 0 2 262160 1056 0 0 0 0 0 0 134217984 0 0 0 2147483648 0 0 3221241856 36868 512 16384 50397184 0 536870912 16384 128 524288 1048592 0 1081344 1 0 0 536870912 0 134251520 8 0 0 0 0 0 0 0 0 8388864 0 67108864 9 3409408 2750656 272640 2134144
is_linear=0
shrinkage=0.04


Tree=24
num_leaves=31
num_cat=12
split_feature=52 51 51 51 52 52 30 35 42 52 0 51 15 54 54 52 35 52 38 51 54 42 65 54 37 54 37 43 52 40
split_gain=320.689 130.463 61.2743 60.2096 53.5639 45.0832 29.7026 24.7002 21.5558 17.7978 17.7917 14.7995 15.1821 13.5991 19.0269 18.5318 13.2025 12.0403 11.3168 11.1968 12.0992 11.1825 10.7662 10.1573 9.10021 10.9702 8.95006 8.80343 7.85871 7.84114
threshold=0 1 2 3 4 5 0.87499997019767772 0.035098522901535041 0.87837970256805431 6 26.500000000000004 7 0.96693986654281627 121.50691986083986 121.45882797241212 8 0.063164893537759795 9 0.97100839018821727 10 121.54891586303712 -1.0000000180025095e-35 4.5000000000000009 121.49193191528322 0.091966174542903914 121.4471893310547 0.048199767246842391 1.0000000180025095e-35 11 -0.37940952181816096
decision_type=1 9 9 9 1 1 10 8 2 1 2 9 10 2 2 1 8 1 10 9 2 2 2 2 8 2 8 2 1 2
left_child=3 6 5 4 23 18 13 11 16 -8 19 12 -7 14 15 21 -5 -4 -3 20 -9 29 27 -1 25 -17 -21 -6 -15 -2
right_child=1 2 17 8 22 7 9 10 -10 -11 -12 -13 -14 28 -16 24 -18 -19 -20 26 -22 -23 -24 -25 -26 -27 -28 -29 -30 -31
leaf_value=0.034146395722060456 -0.0015899240992223744 0.0063047722264309783 -3.8935211377107494e-05 0.036006479468346057 -0.00636391696536705 0.039551628345948754 0.0080206657185187442 0.0016000633747691151 -0.0037748919521112256 -0.0080405935373024894 -0.015897014907354574 -0.0079725962927922941 0.0064493701242993619 -0.013020064552084645 -0.022628174578430658 -0.016991043345838924 0.022225769863922332 0.033387258694000596 0.023548439506514224 0.0044530418257913533 -0.024223867160488681 -0.010100533557237086 0.02302070520824763 0.0062791556324551289 -0.01964442098849498 0.013541304666018531 -0.0085341768000474858 0.0054408875098259256 -0.0010271298458200263 0.019446659229731579
leaf_weight=131.4253956079483 74.558789372444153 746.66522660851479 28.745361864566803 309.80206872522831 199.04993045330048 39.041916534304619 146.00688475370407 641.06572759151459 29.489359766244888 340.69717562198639 205.45649282634258 35.486165091395378 52.992549642920494 179.53005528450012 501.72095081210136 35.928250849246979 251.05112098157406 102.38451573252678 63.718053072690964 92.673839196562767 25.368005186319351 161.57136318087578 28.739998295903206 29.93685194849968 394.6616595685482 29.595638811588287 630.49381363391876 194.76469956338406 184.36172153055668 38.708210229873657
leaf_count=539 393 3342 116 1307 880 160 680 2935 124 1672 1043 156 226 941 2760 196 1038 419 278 432 125 839 120 121 2115 139 3159 857 942 183
internal_value=0.000249767 -0.00438425 0.00148266 0.018834 0.00915464 2.14818e-05 -0.0118389 -0.0036272 0.0279109 -0.00314952 -0.00502231 0.0129296 0.0199557 -0.0145243 -0.0165438 -0.0122388 0.0301242 0.0266711 0.00772645 -0.00334888 0.000408133 -0.00330865 0.0012914 0.0277713 -0.0169998 -0.00293438 -0.00673082 -0.000480573 -0.00747527 0.00594829
internal_weight=5925.69 4751.43 2664.09 1174.26 583.917 2532.96 2087.34 1722.58 590.343 486.704 1595.06 127.521 92.0345 1600.64 1236.74 735.024 560.853 131.13 810.383 1389.6 666.434 274.838 422.555 161.362 460.186 65.5239 723.168 393.815 363.892 113.267
internal_count=28237 23251 12391 4986 2517 11856 10860 8236 2469 2352 7694 542 386 8508 6625 3865 2345 535 3620 6651 3060 1415 1857 660 2450 335 3591 1737 1883 576
cat_boundaries=0 1 2 3 4 5 6 7 8 9 10 11 12
cat_threshold=63 8418380 67340849 75517151 24 12595584 13109312 165888 8847424 169024 67240496 11807360
is_linear=0
shrinkage=0.04


Tree=25
num_leaves=31
num_cat=16
split_feature=50 52 50 50 52 50 50 50 50 50 50 41 7 41 52 51 38 26 42 53 52 8 39 7 22 40 39 42 7 52
split_gain=332.703 200.855 131.214 107.47 73.4931 92.3098 70.1928 49.4786 45.968 40.4143 34.902 33.372 17.9921 11.4922 10.5712 9.64019 9.21683 8.66347 8.52685 7.96889 8.7141 8.6576 7.82206 5.94306 5.93878 5.81296 5.59588 5.57322 4.93641 4.46919
threshold=0 1 2 3 4 5 6 7 8 9 10 0.12940952181816107 10.500000000000002 -0.6035533845424651 11 12 0.2869249433279038 0.077677227556705489 0.6078576147556306 13 14 13.500000000000002 0.30094340443611151 15.500000000000002 -1.4999999999999998 -0.7865660786628722 0.15470086038112643 -1.0000000180025095e-35 9.5000000000000018 15
decision_type=9 1 9 9 1 9 9 9 9 9 9 2 2 2 1 9 8 2 2 1 1 10 8 2 2 2 10 2 2 1
left_child=11 15 14 29 5 22 13 27 16 -9 -10 12 -1 -6 -3 -2 -8 19 -17 21 -21 -16 24 -15 -5 -13 -14 -7 -24 -4
right_child=1 2 3 4 6 7 8 9 10 -11 -12 25 26 23 17 18 -18 -19 -20 20 -22 -23 28 -25 -26 -27 -28 -29 -30 -31
leaf_value=-0.0094649785300011374 0.0041396298105006524 0.00076066575853806818 -0.0013801293069611409 0.011954687622595713 0.0017722832806502573 0.011969622198680521 -0.0046714944949259908 0.00029503385203637092 -0.022824487496240931 -0.018524316909801053 -0.0032759003199793945 0.01647096433390751 0.0064480187790160164 0.019826508189393459 -0.013610055373949508 0.031160430945807196 0.017229493284753882 0.029163372576114267 0.0078557140992864607 0.0025896472450463769 0.024578580904278679 0.014291911707423537 0.0044421670717534976 0.042221028932997777 -0.0096973838110554801 0.040319961245250592 0.03036365571052424 -0.001197109308078294 0.020736951221678172 -0.034807026604521722
leaf_weight=35.584959551692009 52.0400320738554 73.519999012351036 20.045517608523369 34.528466984629631 50.456184223294258 96.196508705615997 32.469895288348198 215.5796699821949 147.70594857633114 1436.1326953023672 1662.8155975788832 30.372308611869812 29.219188138842583 178.92061115801334 30.346480533480644 286.33366623520851 196.73367109894753 110.48178970813751 34.485494777560234 57.458750233054161 121.17619250714779 30.770135879516602 46.873029351234436 25.627263903617859 36.344204545021057 323.8993107676506 52.976206704974174 97.926995307207108 127.94841575622559 216.8063707947731
leaf_count=154 209 312 108 162 219 441 146 1025 740 7744 7873 126 121 752 127 1182 873 461 140 238 500 127 225 108 166 1383 217 452 584 1230
internal_value=0.00011058 -0.00272482 -0.00484691 -0.00681623 -0.00532974 -0.0107315 -0.000359958 -0.0138138 -0.00288569 -0.0160755 -0.00505611 0.0317845 0.013006 0.0188068 0.016091 0.025024 0.0134344 0.019091 0.0280159 0.0146468 0.0183575 0.000133428 0.0118108 0.0236682 0.000680348 0.0385887 0.0229486 0.00510736 0.0167242 -0.0323081
internal_weight=5891.78 5419.72 5046.86 4623.11 4386.26 2091.53 2294.73 1845.84 2039.73 1651.71 1810.52 472.052 117.78 255.004 423.753 372.859 229.204 350.233 320.819 239.752 178.635 61.1166 245.694 204.548 70.8727 354.272 82.1954 194.124 174.821 236.852
internal_count=28145 26144 24613 22848 21510 10799 10711 9662 9632 8769 8613 2001 492 1079 1765 1531 1019 1453 1322 992 738 254 1137 860 328 1509 338 893 809 1338
cat_boundaries=0 36 37 68 104 105 137 162 195 229 265 301 302 303 304 305 306
cat_threshold=0 0 270336 73728 2147516416 0 4 0 0 33554432 0 0 526344 0 0 16 2048 4608 0 16777216 4259840 0 8396800 131072 32 0 134217732 24 0 0 0 8224 0 0 0 64 28 0 8388608 0 0 262144 2148532257 0 0 256 32 100794368 16400 65 0 1048576 3072 0 131072 4194304 64 75628800 2097408 0 67125248 0 512 0 0 0 0 8388608 0 352321536 35651648 2080 75497472 8651008 0 131072 16 0 0 0 0 46137477 50331648 131200 0 0 0 0 0 0 0 0 100663296 0 0 1048576 4 2097152 0 0 2 0 0 512 3968768 0 0 9 2147483648 1048588 64 262145 33816608 8192 73744 8192 1088 0 16384 0 1073741824 268435520 0 0 2097152 262176 8 2097152 2147483648 0 0 0 0 0 0 0 64 0 0 134742016 268701696 1026 268435456 16777224 1073152 0 1073741824 0 8921088 16777232 0 262144 1 0 2147516416 0 4 1024 0 0 4112 272629760 0 536870912 339739648 4 576 133120 0 67108864 536870912 2113600 0 256 134479872 2129920 2147483648 0 512 0 0 0 1081344 0 32 0 134217728 0 0 0 0 4194304 0 0 524288 0 0 68157472 67108865 402669568 8192 8388609 2097152 0 0 0 2147549186 0 40960 1 1048576 1 0 536870912 0 8192 33619968 256 256 512 1 0 0 0 0 524288 16777216 32 32768 16 0 20 4096 16779280 2113536 2147483648 8388880 0 0 4194432 1 20 0 0 0 0 1048576 2 262144 268435456 0 1 16 0 0 0 0 0 256 262144 16777216 0 0 0 8912896 1024 0 65680 0 4352 524304 3225419776 304 134219776 536870912 0 0 1207967744 0 134217728 0 64 0 134217738 2147483648 0 32768 0 0 8192 0 0 0 512 16384 0 0 0 0 0 33554432 55296 8405001 20 6947328 41024
is_linear=0
shrinkage=0.04


Tree=26
num_leaves=31
num_cat=20
split_feature=50 52 50 50 50 50 50 50 50 50 52 52 50 52 42 50 51 52 51 30 8 65 52 39 30 42 52 29 43 30
split_gain=333.381 160.046 120.913 79.7018 68.69 62.5219 71.3154 56.8598 42.522 38.8115 33.6915 33.425 35.8347 20.8615 19.7248 19.3358 19.1848 16.4758 15.3434 12.3292 10.036 9.74299 9.34121 7.61372 7.55492 9.62935 7.11001 9.31821 8.46952 7.78449
threshold=0 1 2 3 4 5 6 7 8 9 10 11 12 13 1.0000000180025095e-35 14 15 16 17 0.95454546809196483 8.5000000000000018 3.5000000000000004 18 0.04446640424430371 0.93205496668815624 -1.0000000180025095e-35 19 1.0000000180025095e-35 -0.56174489110708226 0.8750000298023225
decision_type=9 1 9 9 9 9 9 9 9 9 1 1 9 1 2 9 9 1 9 10 10 2 1 10 8 2 1 8 2 10
left_child=10 4 -3 17 14 26 13 24 22 -9 18 -11 20 23 -2 -10 -14 19 -1 -4 -13 -12 -8 -7 25 -6 -5 29 -29 -28
right_child=1 2 3 5 7 6 8 9 15 11 21 12 16 -15 -16 -17 -18 -19 -20 -21 -22 -23 -24 -25 -26 -27 27 28 -30 -31
leaf_value=-0.013581792765954157 0.031580031900866043 0.014742984962507394 0.023542245468724091 -0.0067805210224825612 0.024206193566889415 0.022506679102406401 -0.010391573873835941 -0.019700459104553324 -0.030835428679039305 0.020058650853940062 0.028992548931135217 0 -0.0086705937438932377 -0.0055191605173762074 0.0043118198998720056 -0.016631444361342836 0.0042193859445023183 -0.0024566955695773615 0.015190236925372691 -0.0040972412607087868 0.02197085085696417 0.043570241956594299 0.005465424437763146 0.004622540307363021 0.032922047450505747 0.001492053519933235 0.0221054569364003 -0.017808566345705309 0.007615812215409197 0.0033814436566913676
leaf_weight=31.109068766236305 212.45156244933605 334.32231895625591 139.84070388972759 47.153664976358414 76.456201136112213 73.320749208331108 75.156526818871498 126.37319754064083 205.59242027997971 135.95149399340153 286.74144695699215 43.052468031644821 489.30836161971092 228.27709826827049 57.098931580781937 1916.8773334622383 280.07362715899944 98.66563855111599 74.396928280591965 28.349499136209488 126.9580794274807 166.56923884153366 159.43061049282551 87.430870413780212 80.747036516666412 51.345622852444649 89.429737463593483 28.343998968601227 50.836474373936653 64.823488458991051
leaf_count=129 889 1447 619 218 321 329 366 608 1209 554 1199 191 2303 1084 240 10252 1240 448 306 123 529 733 780 401 334 217 414 130 231 287
internal_value=0.000107477 -0.00301246 -0.00773312 -0.0100772 0.00714904 -0.011939 -0.0137874 0.00346702 -0.0164142 2.17564e-06 0.0290779 0.00257512 -0.000209682 0.00209718 0.0251445 -0.0182234 -0.00396188 0.0104805 0.00590607 0.0177588 0.0156072 0.0340664 0 0.0125746 0.0220032 0.0156309 0.00586464 0.00875464 -0.00176488 0.0147157
internal_weight=5866.48 5307.67 3627.85 3293.53 1679.82 3026.67 2746.09 1410.27 2357.06 1201.72 558.817 1075.34 939.393 389.029 269.55 2122.47 769.382 266.856 105.506 168.19 170.011 453.311 234.587 160.752 208.549 127.802 280.587 233.434 79.1805 154.253
internal_count=28131 25764 18338 16891 7426 15701 14421 6297 12607 5425 2367 4817 4263 1814 1129 11461 3543 1190 435 742 720 1932 1146 730 872 538 1280 1062 361 701
cat_boundaries=0 35 36 66 101 133 165 202 238 274 304 305 306 343 344 381 382 383 384 385 386
cat_threshold=0 0 270336 8192 2147516928 269484032 0 0 0 33554432 67108864 0 526344 0 262144 16 0 131072 0 16777216 71434240 33554432 8388608 131088 32 0 134217732 24 0 0 0 32 0 0 2147483648 12587071 0 8388608 131072 0 262144 131073 9 33554560 8192 65584 33595393 16 0 2097152 0 2048 64 512 0 0 9437184 256 33 0 0 512 0 0 0 33554432 0 1610612736 1053696 2147483648 1048644 10272 0 2147745792 256 0 0 1 5 0 0 1 512 268435456 8192 33554432 268435456 0 0 2214608896 272629760 0 0 0 256 0 0 0 0 0 64 0 0 16384 268505088 16384 2 4 1048576 536870912 0 131072 10306 0 32768 0 2048 0 2147487744 536870912 4 134291456 0 256 32 0 1025 0 0 0 0 0 8192 0 0 12 537133056 0 2150105088 262144 8405024 0 0 0 8390144 262208 8192 0 0 524288 0 0 2359297 537133312 4096 0 512 0 262144 0 131072 0 0 8650752 16777216 0 0 88080416 67141637 285212672 33554432 8388608 135266305 32 1073741825 0 16384 0 16777216 16384 0 0 33024 0 0 1056 0 131072 0 1 0 0 0 0 0 0 2147483648 524288 0 0 524288 131072 0 4194304 2147483648 0 2097152 2149580800 16777280 2105344 4096 2 0 540672 16777217 131088 2147483648 0 2049 268435456 4194304 0 32768 0 0 4096 8388608 0 0 0 536870912 0 301989888 0 0 0 0 64 16384 0 0 131074 16 0 2147483648 69210112 0 69222466 2147483648 67648 16 1073758208 0 8388608 1024 2097152 0 0 32768 520 0 0 134217728 0 0 0 64 0 0 0 0 0 0 1 0 335544320 33554436 2049 8 260 3225436160 32 8193 4194304 268435458 0 8388608 128 0 0 64 0 0 2147483648 0 0 4096 16384 67108864 131072 0 0 0 17408 214976 24 0 0 1207959560 4 1088 134234624 2 20480 0 1074790400 128 16 0 0 128 1025 0 0 0 0 1056 2056 0 1280 0 262144 0 0 0 0 524544 0 32 32768 0 0 32768 467136 0 201326592 33554432 10487976 201850880 8392960 0 131072 0 0 0 0 0 171966464 50331648 131072 0 2048 0 0 0 0 0 0 33554432 0 2048 134217728 0 2097152 0 0 2 0 0 512 32768 8399951 1794816 656384 3245120 2359296
is_linear=0
shrinkage=0.04


Tree=27
num_leaves=31
num_cat=11
split_feature=50 50 50 50 20 50 50 50 50 50 40 50 41 41 36 40 16 9 36 40 44 41 53 33 38 38 29 38 38 30
split_gain=294.914 131.887 97.9238 77.8969 64.8802 102.872 69.6434 48.6156 38.0539 34.8701 19.9368 19.1965 16.9508 15.8513 10.736 9.93613 9.15432 8.39347 7.92282 7.82732 7.21846 6.1807 5.77638 5.2887 6.36589 4.94079 5.57952 4.74669 4.39965 4.81995
threshold=0 1 2 3 2.5000000000000004 4 5 6 7 8 -0.37940952181816096 9 0.12940952181816107 0.60355338454246532 0.77951389551162731 0.37940952181816107 0.063164893537759795 11.500000000000002 0.66904762387275707 -1.0000000180025095e-35 1.0000000180025095e-35 0.12940952181816107 10 0.35762548446655279 0.60172414779663097 0.12613636255264285 -1.0000000180025095e-35 0.13397436589002612 0.75204917788505565 0.7500000298023225
decision_type=9 9 9 9 10 9 9 9 9 9 2 9 2 2 10 2 2 10 10 2 2 2 1 8 10 10 10 10 8 10
left_child=12 -2 10 13 6 23 16 -7 -9 -8 25 -11 17 14 28 -16 -5 -1 -12 -14 27 -20 -18 -6 -25 -3 -27 -15 -4 -30
right_child=1 2 3 4 5 7 9 8 -10 11 18 -13 19 20 15 -17 22 -19 21 -21 -22 -23 -24 24 -26 26 -28 -29 29 -31
leaf_value=0.0046193626555428562 -0.034056121987878503 -0.0072115775987273735 0.0072769744265552437 0.026528644383026694 0.022377001262160176 0.0081069208581203041 -0.016265504670133428 0.0038490189871531167 -0.014137255947559862 0.011457456264361647 0.029289750898261805 -0.0015032139107642507 0.02391964905468718 -0.00081765417798392362 0 0.024310539764818548 0.015624099877310001 0.025580372553926173 -0.0024622417076768104 0.038429812399859639 0.032019082612175731 0.020271770342365193 -0.003851756359940599 0.014860104267356596 -0.0074804380455602438 0.021409780038537215 0 0.019045026354579612 0.0057577565646760587 -0.013156480372382666
leaf_weight=66.527542933821678 190.62345698475838 36.58834645152092 64.145352110266685 167.90318596363068 136.84262232482433 191.82382841408253 212.85975407063961 204.90408320724964 2042.8383824825287 206.20874086022377 183.14062936604023 1036.1991993486881 141.30147048830986 24.313883244991302 43.245907217264175 73.565357133746147 51.347574964165688 61.755104318261147 27.161720886826515 243.83137600123882 78.780689522624016 44.759826764464378 33.443527698516846 66.972229510545731 23.589601501822472 30.482390642166138 39.50265209376812 58.76771654188633 29.065837562084198 52.556360721588135
leaf_count=276 1094 162 286 710 626 897 1030 1001 10766 912 768 4860 586 102 191 311 231 253 114 1072 326 188 151 310 108 135 170 245 131 229
internal_value=0.000175222 -0.00262949 -0.00136954 -0.00290603 -0.00450905 -0.00841304 0.00155577 -0.010808 -0.0124741 -0.00187173 0.0182722 0.000743046 0.0286896 0.0131616 0.0070658 0.0158326 0.0203102 0.0154411 0.0247638 0.0335322 0.0232112 0.0118241 0.00924399 0.0166237 0.00874462 0.00378066 0.00989182 0.0132887 -0.000118907 -0.00624662
internal_weight=5865.05 5351.63 5161.01 4799.37 4374.93 2666.97 1707.96 2439.57 2247.74 1455.27 361.636 1242.41 513.415 424.441 262.579 116.811 252.694 128.283 255.062 385.133 161.862 71.9215 84.7911 227.404 90.5618 106.573 69.985 83.0816 145.768 81.6222
internal_count=28241 26054 24960 23423 21602 13708 7894 12664 11767 6802 1537 5772 2187 1821 1148 502 1092 529 1070 1658 673 302 382 1044 418 467 305 347 646 360
cat_boundaries=0 36 69 100 134 166 195 230 265 293 325 326
cat_threshold=0 0 270336 8192 2147484160 269484033 0 0 0 33554434 0 0 526344 0 262144 16 0 512 0 16777280 4194304 0 0 131120 32 0 134217732 24 0 0 0 8224 0 0 2147483648 64 0 268435456 33587264 32 8388608 8388864 4210688 131072 0 0 268435456 0 1073758208 8388737 50331648 163968 0 262144 0 2147483648 0 0 0 0 100663296 0 2048 0 0 2097152 1024 1048576 2 0 0 0 65536 1081344 0 12 3 0 32 100794368 524290 1 32768 0 2048 2049 268570624 536870912 0 75563008 33554432 8388609 1073741824 0 262144 0 0 0 0 256 0 0 0 4096 16384 2149580800 0 35651584 545259776 0 0 64 0 0 1048576 1024 268435456 2147483648 4325376 2097152 163840 2048 8448 67129344 0 513 0 0 536870912 0 35651584 0 0 40960 16400 536870912 83891233 335544320 268435456 33554432 262144 0 8704 1073741824 0 8388608 0 2 0 8388608 0 32768 0 4 403709952 2097408 0 0 406847488 0 0 0 0 0 0 2147483648 0 2097152 134217728 35651584 2238784 64 150994945 9445376 0 537919504 128 16400 16777280 0 2147483648 1 0 0 0 16 16777216 8 0 0 0 0 0 0 8388608 0 4194304 4194308 0 1024 163844 0 1048576 0 16448 32768 73728 0 0 4194305 1048832 64 2097152 0 0 262144 4194304 0 268436480 0 0 16384 0 0 0 524288 0 67108896 0 96 128 8388608 2147483648 32770 21237772 10272 65538 1073741824 0 40960 4194304 1024 0 8192 16384 0 0 64 8192 0 1024 0 0 2147483904 512 0 0 16777216 256 0 0 0 0 0 8192 0 67108864 69781 2312 272633857 262148 2147483648 0 8704 33792 4227072 0 0 0 0 0 16777216 32768 0 0 134217728 131072 0 0 512 0 8192 256 0 8388608 16384 2147483653 0 67239938 64 262144 134217744 16384 0 2048 71303184 1076494352 0 0 0 0 0 262144 32 0 0 268435456 8388608 0 0 0 0 0 268435456 16777216 89
is_linear=0
shrinkage=0.04


Tree=28
num_leaves=31
num_cat=14
split_feature=52 51 51 52 65 20 52 52 52 51 64 51 20 28 53 51 38 54 12 52 54 42 54 9 31 7 41 51 36 51
split_gain=263.653 81.4118 75.2403 53.744 38.8046 28.7522 24.145 20.3595 18.7204 18.111 15.9084 15.4051 14.165 13.1797 12.1263 11.8847 10.449 10.5466 13.8308 11.2948 10.3587 13.3971 10.0755 10.0609 13.5468 11.4247 9.82025 11.2276 10.7686 9.2852
threshold=0 1 2 3 3.5000000000000004 3.5000000000000004 4 5 6 7 1.0000000180025095e-35 8 3.5000000000000004 7.5000000000000009 9 10 0.10263158008456232 121.45789718627931 7.5000000000000009 11 121.444637298584 -0.60785761475563038 121.50691986083986 10.500000000000002 0.5040983557701112 11.500000000000002 0.91597560048103344 12 0.29893617331981664 13
decision_type=1 9 9 1 2 10 1 1 1 9 2 9 10 10 1 9 8 2 8 1 2 2 2 10 10 2 2 9 10 9
left_child=1 10 5 -3 6 8 14 23 13 12 20 -6 -8 29 -4 -5 -16 18 -18 -19 21 -1 -9 24 -7 -26 28 -28 -17 -2
right_child=2 3 4 15 11 7 9 22 -10 -11 -12 -13 -14 -15 16 26 17 19 -20 -21 -22 -23 -24 -25 25 -27 27 -29 -30 -31
leaf_value=0.022408006515556484 -0.0052977533450094443 0.025619505224999842 0.012039253000921138 -0.009091593851534659 -0.0053994352492383046 -0.0080007317623449151 -0.0022171006296257058 -0.022132518102035398 -0.012276866530478065 0.010291124360132865 0.030557684505455266 0.028581246286474217 -0.011361727397336293 -0.026197866163607496 -0.014940802359877485 -0.0034996917550379979 0.0033199469294572202 0.010905950661782276 -0.012171306835840723 -0.00018508221587502108 0.029124760585487099 -0.0068261939544100661 -0.010131778472904442 -0.016902890949477549 0.02133187729658724 -0.010898270740558675 -0.010701183237574151 0.0053409201030760866 0.013350070818894047 0.0065492751082096732
leaf_weight=37.831322431564331 151.06935204565525 173.90559965372086 174.76691997051239 124.73838806152344 27.035671800374985 277.46463976800442 547.58588199317455 527.41224782168865 283.36755014955997 96.066245749592781 443.44108644127846 84.766037508845329 550.72129333019257 22.45878230035305 56.920196175575256 78.357032030820847 211.68680286407471 277.86830788850784 154.55678114295006 296.16921761631966 42.669093072414398 55.04363688826561 167.34280282258987 135.09371326863766 48.497775793075562 21.555589005351067 108.38785587251186 145.79471117258072 219.89923483133316 279.16801595687866
leaf_count=158 768 720 790 583 111 1443 2565 3101 1452 429 1905 352 2826 121 265 360 970 1235 756 1369 178 234 919 701 249 110 493 642 965 1348
internal_value=3.43415e-05 0.0148643 -0.00482456 0.00669487 -0.000199877 -0.0107556 -0.00131689 -0.0146874 -0.00452807 -0.00528877 0.0263669 0.0222982 -0.00678976 0.000614568 0.00274085 0.00135608 0.000937217 0.00200341 -0.00323945 0.00538206 0.013791 0.005414 -0.0190908 -0.00762867 -0.00399448 0.0110828 0.00392834 -0.00170384 0.00887268 0.00235916
internal_weight=5821.64 1430.07 4391.57 851.083 2478.14 1913.43 2366.34 1177.37 736.064 1194.37 578.985 111.802 1098.31 452.696 1171.97 677.177 997.201 940.281 366.244 574.038 135.544 92.875 694.755 482.612 347.518 70.0534 552.439 254.183 298.256 430.237
internal_count=28118 6238 21880 3763 11668 10212 11205 6523 3689 5820 2475 463 5391 2237 5385 3043 4595 4330 1726 2604 570 392 4020 2503 1802 359 2460 1135 1325 2116
cat_boundaries=0 1 2 3 4 5 6 7 8 9 10 11 12 13 14
cat_threshold=4194367 55554176 8418380 24 8598464 8646720 10361024 67340801 131584 64 8388677 8393088 18434 16452
is_linear=0
shrinkage=0.04


Tree=29
num_leaves=31
num_cat=10
split_feature=52 51 41 65 52 51 51 20 52 51 37 30 42 54 2 37 18 39 30 2 40 52 54 2 37 27 38 53 37 51
split_gain=234.005 123.877 73.7032 68.9032 27.3262 23.8744 19.1957 17.6775 14.3605 14.2837 14.1801 12.8248 11.8531 24.0835 11.4783 12.3628 11.0683 10.728 12.8555 10.7956 10.4067 10.358 19.6043 8.99394 8.93371 8.87611 9.32877 8.73977 8.62411 8.49458
threshold=0 1 0.60355338454246532 4.5000000000000009 2 3 4 5.5000000000000009 5 6 0.038838613778352744 0.58750000596046459 -0.60785761475563038 121.45522689819337 26.500000000000004 0.24764151126146319 0.09175084158778192 0.18301435559988025 0.94827589392662059 12.500000000000002 0.91597560048103344 7 121.43968200683595 30.500000000000004 0.30839161574840551 -0.020305091515183445 0.77913278341293346 8 0.45534290373325353 9
decision_type=1 9 2 2 1 9 9 8 1 9 8 10 2 2 2 10 10 8 8 2 2 1 2 2 8 2 8 1 8 9
left_child=20 3 5 4 7 8 10 14 23 -4 -6 -10 -11 16 15 29 -14 19 -19 -8 -1 22 -12 -3 -22 26 -9 -13 -18 -2
right_child=1 2 9 -5 6 -7 17 25 11 12 21 27 13 -15 -16 -17 28 18 -20 -21 24 -23 -24 -25 -26 -27 -28 -29 -30 -31
leaf_value=0.026683277565159248 0.0081702365075392684 -0.004330333305820667 0.006768936727641256 0.030478827035593598 0.011131761192015945 0.020394656676463709 0.017375196099338706 -0.02148727336276849 -0.0077634556716187223 0.032638151287200545 0.01408508556978562 0.0104922070407748 0.021073949632646017 0.032752670421802896 -0.021725254285516932 -0.0093500938443099296 -0.014647432248419079 -0.013646872208242705 0.0087021336480329805 -0.0089940390052719865 0.0023827337771820728 -0.0068571380704191753 -0.0030526228057778403 -0.024419861266630635 0.022707212573939276 -0.0031948730838097178 -0.011690985081062508 -4.8421321346557216e-05 0.0095813636467651127 -0.005063147518501788
leaf_weight=476.3710000962019 127.33940771222115 420.505077034235 156.77219423651695 73.082785278558731 134.3145257383585 77.874472379684448 39.877304494380951 378.44386924803257 129.79594683647156 153.15378370881081 137.06967847049236 283.3323944658041 40.037248089909554 83.997656926512718 75.779456347227097 512.46788486838341 44.72711244225502 490.12634924054146 40.451531440019608 50.116266787052155 70.040327966213226 452.25523948669434 422.92101940512657 35.1954136043787 71.475857093930244 88.94986766576767 326.24957574903965 220.8195263594389 39.106521800160408 155.24449500441551
leaf_count=2027 615 2002 673 301 602 317 192 2160 636 643 624 1282 166 364 397 2682 190 2536 183 256 297 2256 1984 189 304 476 1827 1004 168 774
internal_value=0.000417132 -0.00237371 0.00649589 -0.00665406 -0.00751326 0.00092302 -0.00393675 -0.0111846 -0.000716863 0.0190186 -0.000807909 0.00313163 0.0232967 0.0168097 -0.00720727 -0.00567138 0.00499212 -0.00953058 -0.0118403 0.00277949 0.0233848 -0.00246671 0.00117355 -0.00604237 0.0132092 -0.0155914 -0.0170944 0.00608609 -0.00321696 0.000977014
internal_weight=5807.89 5190.01 1685.32 3504.69 3431.61 1167.52 1767.13 1664.47 1089.65 517.795 1146.56 633.948 361.022 207.869 870.831 795.052 123.871 620.571 530.578 89.9936 617.887 1012.25 559.991 455.7 141.516 793.643 704.693 504.152 83.8336 282.584
internal_count=28127 25499 7634 17865 17564 5430 8633 8931 5113 2204 5466 2922 1531 888 4468 4071 524 3167 2719 448 2628 4864 2608 2191 601 4463 3987 2286 358 1389
cat_boundaries=0 1 2 3 4 5 6 7 8 9 10
cat_threshold=60 8420429 4162688 67338802 30784 1835584 33280 12595265 86 25600
is_linear=0
shrinkage=0.04


Tree=30
num_leaves=31
num_cat=16
split_feature=50 52 50 50 50 50 50 52 52 52 30 50 51 14 52 50 32 37 52 25 29 39 30 16 20 54 39 54 40 50
split_gain=250.963 140.093 108.647 88.9179 63.5663 51.5988 45.0817 36.1818 30.7639 18.2102 15.7161 10.4295 8.23732 7.01408 6.63634 13.6062 6.11651 6.03296 5.63249 5.36417 5.02282 4.87893 5.05281 4.98587 4.31062 10.6971 3.68872 3.17213 7.99071 3.11325
threshold=0 1 2 3 4 5 6 7 8 9 0.94827589392662059 10 11 0.85053193569183361 12 13 0.78629976511001598 0.15470086038112643 14 1.0000000180025095e-35 1.5000000000000002 0.95505049824714672 0.95588234066963207 0.036038961261510856 1.0000000180025095e-35 121.46842193603517 0.46770833432674414 121.63333129882814 -0.37940952181816096 15
decision_type=9 1 9 9 9 9 9 1 1 1 10 9 9 10 1 9 10 8 1 2 10 8 10 2 10 2 8 2 2 9
left_child=8 12 -3 14 9 18 16 -8 27 10 20 13 26 -11 15 -4 -7 -10 -6 -13 -5 22 23 -16 -19 -26 -2 28 -1 -14
right_child=1 2 3 4 5 6 7 -9 17 11 -12 19 29 -15 21 -17 -18 24 -20 -21 -22 -23 -24 -25 25 -27 -28 -29 -30 -31
leaf_value=0.01274131699356275 -0.003235181553353983 -0.029387995986522863 -0.01216533828632451 0.029204942891085293 0 -0.0027624388710853691 0.004159758906667063 -0.0055469559624071428 -0.004441850230411346 0.00066351406712648723 -0.0031396271133277 0.0040126103965272752 0.0020396559914314626 0.022152570655752921 0.04041802878089009 0.016065138527301841 -0.028934046684367339 0.021730952226385818 -0.030294687615377756 -0.012249957062057344 0.011375389606720054 0.011008046843134325 0.011353217016443842 0.020168186413044343 -0.0097751776769801468 0.018507648515351773 0.013895677490221775 0.049919170699128483 0.03451717217904151 0.027023938970081436
leaf_weight=41.939494326710701 31.503501281142235 236.42291285097599 31.197336331009865 121.63724139332771 21.053364709019661 19.035261765122414 769.16692246496677 2860.705915749073 29.532969295978546 48.837942004203796 37.006011784076691 48.839281886816025 24.420629143714905 48.406646758317947 55.53089551627636 55.932135626673698 137.69332946836948 65.252280190587044 140.10168252885342 75.161434322595596 48.535222515463829 60.42873552441597 40.83190156519413 68.960026323795319 31.705822363495827 45.997771203517914 38.846296146512032 38.338006526231766 275.36889204382896 261.75244070589542
leaf_count=175 127 1420 135 513 113 105 3485 14603 123 211 153 213 102 200 231 236 780 267 779 346 207 254 169 291 139 186 157 170 1226 1101
internal_value=0.000686539 -0.00196809 -0.00374771 -0.00236109 -0.00385841 -0.00545868 -0.00444669 -0.00347597 0.0265814 0.0105281 0.0187936 0.00200164 0.0217228 0.0110368 0.017739 0.00545903 -0.0245451 0.0103382 -0.0267199 -0.00536643 0.0247038 0.02176 0.0264117 0.0305672 0.0142724 0.00683214 0.00552056 0.0336682 0.0319434 0.0251661
internal_weight=5810.14 5282.01 4925.48 4689.06 4376.18 3947.76 3786.6 3629.87 528.135 428.424 207.178 221.245 356.523 97.2446 312.881 87.1295 156.729 172.489 161.155 124.001 170.172 225.752 165.323 124.491 142.956 77.7036 70.3498 355.646 317.308 286.173
internal_count=28217 25931 24444 23024 21708 19865 18973 18088 2286 1843 873 970 1487 411 1316 371 885 715 892 559 720 945 691 522 592 325 284 1571 1401 1203
cat_boundaries=0 35 36 72 106 139 176 208 209 210 211 232 233 234 258 259 290
cat_threshold=0 0 401408 8192 2147516416 268435457 0 0 0 33554432 67108864 0 526344 32768 262144 2064 0 135168 536870912 16777216 4194304 0 8396800 131072 32 0 134217732 8 0 0 0 8224 0 0 2147483648 28 0 285212672 33554432 2088 67108864 75497728 1073741824 131072 0 541065216 0 0 1073750016 138412164 50331648 131200 0 0 0 2147483648 0 0 4 0 67108864 0 2048 0 512 2097152 0 0 2 0 0 512 0 0 0 0 1310720 0 5 32768 16777472 65570 33685504 16 1 0 0 0 0 268435968 131072 64 9633792 0 1 16400 268435456 513 0 16 536870912 0 8388608 0 0 32768 0 1082130432 134218753 2147483648 0 2148532226 16777224 1335296 8388640 8196 0 8388608 64 0 1048577 1025 0 0 0 1 34048 0 0 0 0 262144 0 0 0 0 256 0 67108864 65536 67108864 2 4194304 0 16 0 256 2148796416 0 0 0 33570816 17 0 557056 16777216 1073743872 0 0 0 0 8 0 570425348 0 8192 1048704 0 0 4194304 0 0 128 0 0 16384 263168 0 64 142606464 8388608 266240 4210688 512 0 0 256 16777216 32768 8388608 0 0 65536 0 134217728 0 1073741824 1048576 16781312 0 8192 0 8 134217728 4 2147500032 66560 1048576 12587042 14166079 12829025 0 8388608 0 0 0 2148532224 16777224 262144 0 0 0 0 64 0 0 1 0 0 0 0 32768 8405081 5347328 0 0 0 0 1048576 0 0 0 0 0 33554432 0 0 0 0 0 0 0 0 0 1048576 0 0 16384 4229120 0 0 0 0 131072 64 1 0 4096 0 0 0 0 0 0 0 0 0 0 0 40960 0 0 0 0 0 0 0 0 0 25165824
is_linear=0
shrinkage=0.04


Tree=31
num_leaves=31
num_cat=15
split_feature=50 52 50 50 50 50 50 52 52 52 54 52 51 39 7 33 38 30 52 11 54 50 24 24 15 14 50 9 43 15
split_gain=258.64 134.028 110.601 78.5782 55.2035 48.2104 46.7732 41.9651 21.2466 15.7576 21.5233 15.423 9.60752 8.3826 8.13586 7.49238 8.62224 7.27249 7.25839 8.00739 6.2972 5.88511 5.69763 4.75432 4.34142 3.44728 3.0471 2.46799 3.79051 5.54827
threshold=0 1 2 3 4 5 6 7 8 9 121.46519470214845 10 11 0.45080643892288214 17.500000000000004 0.12500000745058062 0.065942030400037779 0.83968311548233043 12 2.5000000000000004 121.62438964843751 13 -11.499999999999998 -17.499999999999996 0.84495192766189586 0.81302964687347423 14 3.5000000000000004 1.0000000180025095e-35 0.84698995947837841
decision_type=9 1 9 9 9 9 9 1 1 1 2 1 9 10 2 10 10 10 1 10 2 9 8 10 10 10 9 10 2 10
left_child=9 12 -3 18 11 8 -7 -8 23 10 -1 15 -2 17 -10 -5 -17 -13 19 26 27 -14 -20 -6 -12 -15 -4 -11 29 -29
right_child=1 2 3 4 5 6 7 -9 14 20 24 13 21 25 -16 16 -18 -19 22 -21 -22 -23 -24 -25 -26 -27 -28 28 -30 -31
leaf_value=-0.014178670005443603 -0.0026561395040857632 -0.030363005732151574 -0.01170987656230142 0.032199705064241947 0.033715377630327857 -0.02789250847500192 -0.00096344675475839724 -0.0099047291328937716 0.0026086175324455925 0.012724397532733536 0.0089656250723786496 0.0066685921982023947 -0.00013081689812834209 0.01993060623116329 -0.015523124241552014 -0.0059627558189386887 0.020388722780359993 -0.010903367189686266 0.0019994347472256546 0.019246591525794745 0.047381044212493423 0.024438012573662304 0.023535237790503098 0.013991250310931552 0.029050838850033348 0.0033859634490949991 0.0037856712540966699 0.032704381757787886 0.036677005340730907 0.015520263270107472
leaf_weight=32.922440767288208 29.012582018971443 232.89272922277451 24.242361411452293 60.078865081071854 24.480412691831589 153.55212140083313 1483.9063614457846 1972.5216607153416 165.51902015507221 27.74133463203907 38.873214766383171 64.939046874642372 24.417410582304001 44.895216584205627 46.311644792556763 25.338987186551094 55.343444466590881 75.627479776740074 25.179151892662048 31.605113923549652 54.329182744026184 306.37552781403065 194.16564160585403 164.52418486773968 51.560490816831589 43.672092095017433 31.06319397687912 74.461440846323967 135.73029756546021 88.269578129053116
leaf_count=141 117 1401 101 256 101 878 6984 10535 735 118 159 292 101 199 205 115 247 331 111 137 239 1294 826 701 211 188 131 323 605 399
internal_value=9.34062e-05 -0.00254476 -0.00429301 -0.00290062 -0.00429185 -0.00566773 -0.00713696 -0.00609259 0.0072964 0.027047 0.0108328 0.0102144 0.0205219 0.00313979 -0.00146232 0.0201908 0.0120144 -0.00269785 0.0162087 0.00411518 0.0316424 0.0226396 0.020345 0.0165967 0.0215488 0.0126032 -0.00439666 0.0292404 0.0304746 0.024243
internal_weight=5783.55 5279.66 4919.86 4686.97 4380.71 4010.82 3609.98 3456.43 400.835 503.888 123.356 369.895 359.806 229.134 211.831 140.761 80.6824 140.567 306.255 86.9107 380.532 330.793 219.345 189.005 90.4337 88.5673 55.3056 326.203 298.461 162.731
internal_count=28181 25986 24474 23073 21767 20139 18397 17519 1742 2195 511 1628 1512 1010 940 618 362 623 1306 369 1684 1395 937 802 370 387 232 1445 1327 722
cat_boundaries=0 35 36 69 100 132 166 202 203 204 205 206 207 208 239 264
cat_threshold=0 0 270336 73728 2147483648 268435457 0 2 0 33554434 0 524288 526344 0 0 16 0 131584 0 16777280 4325376 0 8396800 131088 32 0 134217732 24 0 0 0 32 0 0 2147483648 28 0 268435456 33554432 2216 75497472 75501824 4194304 131072 0 604012544 2 0 8192 129 50331648 131200 16777216 0 0 1073741824 0 0 4096 0 33554432 0 0 0 512 2097152 0 0 2 0 8388608 132096 0 1081344 2148532256 12 32768 16777472 16388 67239936 0 0 0 1 1024 2048 268435456 0 33556480 545325056 4096 1 0 272629760 512 0 0 0 0 8388608 0 536870912 67108864 2415923200 268697604 18432 1 24576 0 73728 33554432 8208 0 32768 294912 0 1 0 4194304 2097153 1048576 2097152 0 67108896 8388608 0 0 0 536870912 0 0 16777216 0 0 268435464 4 1088 4 545259520 8388608 32 32 0 2155889728 4 0 0 2048 0 4096 8192 0 335544320 2048 0 2147500032 0 1 16384 0 0 0 256 8192 67108896 32768 0 16777216 32896 37748736 0 16 1073741824 0 264192 0 0 0 1073759232 41943040 67108896 32768 32768 262144 167772160 2147483648 0 0 8 1081344 67108864 0 2048 1048576 0 2147500032 0 0 0 128 0 512 12644451 13633441 1236544 8799297 25 6391488 0 0 0 0 131072 0 4 4096 4096 1073741824 0 0 0 0 0 0 0 0 2 0 8192 0 0 0 0 0 0 0 0 0 16777216 0 0 0 0 1048576 2148532224 0 0 0 0 0 0 0 0 0 0 0 0 0 0 0 0 0 0 268435456
is_linear=0
shrinkage=0.04


Tree=32
num_leaves=31
num_cat=23
split_feature=50 52 50 50 50 51 50 50 50 50 53 50 52 50 52 52 41 50 50 51 52 9 52 21 26 37 41 52 52 30
split_gain=243.318 123.651 123.302 75.2553 68.4451 56.049 57.6825 52.371 38.7721 27.3375 25.9023 24.2289 24.0075 20.3483 17.5155 14.7968 14.3375 24.8754 18.4475 12.9595 12.8707 11.6622 11.6273 10.7001 10.2316 9.70278 9.2724 8.79574 7.59695 7.28312
threshold=0 1 2 3 4 5 6 7 8 9 10 11 12 13 14 15 -0.7865660786628722 16 17 18 19 7.5000000000000009 20 1.5000000000000002 0.077677227556705489 0.23706512153148654 0.60355338454246532 21 22 0.83653846383094799
decision_type=9 1 9 9 9 9 9 9 9 9 1 9 1 9 1 1 2 9 9 9 1 10 1 10 2 10 2 1 1 8
left_child=15 4 12 28 -2 6 22 -7 21 -10 19 -12 23 27 -15 25 17 -8 -18 26 -13 -6 -5 -3 29 -1 -11 -9 -4 -14
right_child=1 2 3 5 8 7 16 13 9 10 11 20 24 14 -16 -17 18 -19 -20 -21 -22 -23 -24 -25 -26 -27 -28 -29 -30 -31
leaf_value=-0.010781206879727024 0.028989609852870878 -0.012131549251127199 0.00062958126603518806 -0.0097828641964675285 0.0029852617396682879 -0.027227320358040076 0.014567322272455736 0.012534517014955423 -0.015078402306524604 0.0055449227398643242 0.012650340723509259 -0.020040299820936691 0 -0.012114012121975238 -0.003082233668565703 0.031503639014771684 -0.007494223068407988 -0.018546235113702344 -0.02797680246804132 -0.00016194316605409279 -0.0027116910736964188 0.028467037728394869 0.0099494760053381297 0.0087975792269197866 0.030057166890826999 0.017726333158362501 0.022206503310148756 -0.0014236187762935012 0.012400804702471208 0.018929183092561003
leaf_weight=25.018926188349724 195.17830681800842 59.217489615082741 156.15411400794983 60.656135007739067 40.912314638495445 165.09222051501274 36.388987183570862 128.46068915724754 128.86729604005814 86.901129201054573 127.00210335850716 74.952002435922623 46.256518051028252 526.71819600462914 1043.6739892214537 379.01487825810909 118.30843189358711 140.71629436314106 583.12507876753807 110.51851619780064 362.63680686056614 124.37824022769928 116.40910270810127 94.565938889980316 123.87006895244122 47.339018449187279 175.8279313147068 141.80076314508915 231.95161037147045 112.77242588996887
leaf_count=104 831 257 710 316 178 935 204 585 584 383 566 328 199 2782 5191 1687 681 799 3490 508 1649 527 582 422 547 196 760 686 1032 474
internal_value=0.000203758 -0.00221861 -0.00591614 -0.00846553 0.00779258 -0.010577 -0.0180503 -0.00652922 0.0041101 0.00116963 0.00362547 -0.00177768 0.0137901 -0.00445691 -0.00621011 0.0279112 -0.0222621 -0.0116381 -0.02513 0.0116029 -0.00628981 0.0212994 0.00284965 0.000455504 0.0205838 0.00668673 0.0163654 0.00545109 0.00791394 0.0136465
internal_weight=5764.69 5313.31 3886.14 3449.46 1427.17 3061.35 1055.6 2005.75 1232 1066.71 937.838 564.591 436.682 1840.65 1570.39 451.373 878.539 177.105 701.434 373.248 437.589 165.291 177.065 153.783 282.899 72.3579 262.729 270.261 388.106 159.029
internal_count=28193 26206 19892 17993 6314 16251 6072 10179 5483 4778 4194 2543 1899 9244 7973 1987 5174 1003 4171 1651 1977 705 898 679 1220 300 1143 1271 1742 673
cat_boundaries=0 36 37 68 100 132 133 169 202 233 264 265 302 303 338 339 340 376 412 413 414 415 416 417
cat_threshold=0 0 270336 8192 2147516928 268435456 0 0 0 33554464 0 0 526344 0 0 16 1 0 0 16779328 4194304 0 8396801 131120 32 262144 134217732 8 0 0 0 32 0 0 0 64 4198527 0 0 218234880 2147487746 268705792 1179649 262144 128 8192 0 33554432 1 0 0 0 2048 2048 131584 0 1 9568512 2097152 0 2214608896 0 0 0 0 0 0 524288 0 8388608 4 65540 0 2099200 1 3221225472 32 1073750036 40960 64 1 2097152 0 0 524800 2415919104 0 0 268436480 0 2097152 0 272629760 512 0 131072 0 0 0 16777216 0 4194304 0 268501248 16384 0 16842820 2113536 536875008 0 67239936 532480 16777216 32768 0 1048578 0 4096 536870912 0 134225920 33556480 256 4096 0 0 0 0 536870912 0 0 8192 8393804 16384 0 32 16777216 24 33603618 0 68 0 64 0 2281701376 0 16809984 2147483648 0 134217792 32 0 0 0 0 0 1026 32770 0 0 0 256 0 262272 64 67108864 0 262144 8388608 327680 67108864 65536 1073742080 0 67112960 65600 131072 0 131072 268435584 0 0 0 83886080 655360 16777216 1073741828 33554440 0 0 0 0 0 33554432 0 2056 1048832 0 0 1024 0 2 0 0 1073758216 33554432 2099200 2147483648 0 8388609 0 2 4 2050 71303232 2 4194304 0 0 131072 0 4 83984384 8 0 256 0 0 0 16777232 8388608 0 301990144 0 0 167773204 2049 262168 65541 1 268435456 8192 98304 0 134217728 1024 16512 0 0 576 0 4194306 0 0 0 4096 16384 0 0 0 0 0 0 16777344 65 0 67108864 524290 2147484164 5242880 69210304 0 33554432 16 537919488 2 0 0 0 2147745792 256 0 0 134217728 0 32 0 0 0 536870912 0 0 0 0 0 0 0 0 8192 0 0 49152 3197056 0 1075838976 1064968 262145 1048580 0 8388608 167772160 0 16386 0 16384 64 0 0 1024 268435456 0 0 2359296 32768 256 32 0 0 0 0 0 0 33554432 8388608 2147483648 32 8192 64 3672320 185920 0 0 0 0 20971776 4194304 0 0 1 32768 64 65536 269488128 135266304 0 0 0 0 0 0 0 0 0 0 0 0 0 0 0 0 0 0 0 0 0 512 0 0 4194448 512 524288 65540 34078720 512 2 135266432 0 8 2113536 0 128 16777216 8192 1024 0 65536 262144 16777216 256 536870912 1073741824 0 0 2099200 0 0 0 8388608 1073741824 0 0 1 499216 34 2442368 10701312 2417664
is_linear=0
shrinkage=0.04


Tree=33
num_leaves=31
num_cat=20
split_feature=50 52 50 50 50 50 50 50 50 51 50 52 52 52 53 50 51 52 50 41 9 38 6 26 41 52 37 38 42 33
split_gain=223.273 124.066 98.1966 69.855 57.0439 52.7761 38.53 35.0819 34.5445 31.9559 23.6536 18.4272 14.3565 13.9165 13.4822 18.6201 10.8809 9.88602 9.71207 8.95856 9.49033 8.67853 8.44894 10.4159 8.05608 7.4251 6.91504 6.65214 6.42221 7.89232
threshold=0 1 2 3 4 5 6 7 8 9 10 11 12 13 14 15 16 17 18 0.37940952181816107 8.5000000000000018 0.85786435008049022 0.025807525962591175 0.077677227556705489 0.12940952181816107 19 0.38501602411270147 0.96225070953369152 1.0000000180025095e-35 0.062500003725290312
decision_type=9 1 9 9 9 9 9 9 9 9 9 1 1 1 1 9 9 1 9 2 10 10 2 2 2 1 10 8 2 10
left_child=24 4 13 -4 21 22 12 19 17 -10 27 -12 -7 -3 16 -16 -13 -8 -15 -6 -21 28 25 -24 -1 26 -5 -9 -2 -30
right_child=1 2 3 5 7 6 8 10 9 -11 11 14 -14 18 15 -17 -18 -19 -20 20 -22 -23 23 -25 -26 -27 -28 -29 29 -31
leaf_value=0.019838551800883682 0.034960907655573401 0.01917981196966868 -0.030180522324281731 0.001661285893334365 0 0.01614521844467753 0.011558760608953252 -0.020679489650059217 -0.0034695344248632941 -0.013640641977092343 0.021937916356042874 -0.0039240659729907201 -0.002388297145110485 -0.0050476407525671752 0.011461325171282207 -0.0048157980713626949 0.016023811545109911 -0.0023905007273343306 0.012849468393172109 0.0040795608683266236 0.029939701323954133 0.0046526944149612934 0.031287049916920967 0 0.034330663482698365 -0.00083673717173028293 0.021515536266388139 -0.00024397795966382346 -0.0010671760571165181 0.02794058185470218
leaf_weight=126.83335882425308 145.51941904425621 238.55760431289673 191.35731533169746 52.550647854804993 27.509094879031181 122.72894106805325 124.53873001039028 85.718832299113274 736.9031982421875 1732.4172261208296 69.166203290224075 56.205408334732056 126.01186135411263 92.55904558300972 131.89626775681973 463.44899626076221 148.87998881936073 184.51110741496086 74.78084759414196 32.054041177034378 121.73364205658436 27.765138521790504 46.049416914582253 25.096910566091537 260.4434165507555 146.9811817407608 64.428678244352341 38.396511763334274 24.095568776130676 28.750150263309479
leaf_count=521 632 1019 1183 234 115 552 587 391 3591 9662 289 253 588 403 578 2095 649 872 321 139 519 122 197 115 1186 674 288 179 107 123
internal_value=0.00045954 -0.00168996 -0.00531127 -0.0074549 0.00847723 -0.00602727 -0.00770577 0.00473798 -0.00906743 -0.0106527 0.00163169 0.00403857 0.00707849 0.0130053 0.00209224 -0.000983849 0.0105712 0.0034438 0.00323965 0.0202364 0.0249738 0.0263206 0.00875843 0.0209139 0.0292043 0.00540551 0.0121944 -0.0137052 0.0303604 0.0154194
internal_weight=5747.89 5360.61 3959.47 3553.58 1401.14 3362.22 3027.11 1175.01 2778.37 2469.32 993.712 869.597 248.741 405.897 800.431 595.345 205.085 309.05 167.34 181.297 153.788 226.13 335.107 71.1463 387.277 263.961 116.979 124.115 198.365 52.8457
internal_count=28184 26477 20286 18543 6191 17360 15852 5207 14712 13253 4434 3864 1140 1743 3575 2673 902 1459 724 773 658 984 1508 312 1707 1196 522 570 862 230
cat_boundaries=0 36 37 69 105 137 170 205 240 274 275 306 307 308 309 310 347 348 349 374 375
cat_threshold=0 0 401408 2147491840 2147516416 268435456 8 0 0 33554432 67108864 0 526344 0 0 16 0 512 0 16777216 4390912 0 8388608 0 32 512 134217732 16 0 0 0 32 0 0 0 64 4198463 0 0 150994944 4096 268697600 1048609 262145 262144 288 32 33562625 0 1 2097152 0 2048 2560 268435456 0 33554432 1048576 0 1 67125248 268435456 0 0 0 0 0 0 16777216 0 0 1107296256 2099360 524288 8392960 268517376 131072 0 536870912 268435456 0 33554432 33554576 100663296 655360 0 262144 0 2147483648 0 0 8 0 67108864 1024 0 1048576 0 2097152 0 0 0 0 0 512 0 4194304 65536 268501248 512 0 16842820 3145728 0 2 131072 0 0 32768 0 0 0 135168 536870912 4 201326592 33554432 256 135184 0 1024 0 0 0 0 0 8192 16 8388608 67109892 262144 1048576 2099200 8388608 16512 0 65552 0 16401 0 8192 0 1025 0 2147614720 0 0 536870912 4352 2097152 0 0 262144 0 131072 256 0 8388608 2147483648 524288 0 1610612736 0 32768 16 2147614722 536870912 100663296 8192 1073758212 32768 8912898 512 0 1 536870912 64 0 0 262145 0 2097152 0 2147483648 12582912 0 0 0 0 4194304 0 0 32 0 64 0 0 0 33554432 2114560 2214592512 0 16385 536875008 0 4 2112 83886144 16 2147745792 2048 0 0 0 0 32800 2048 0 288 0 0 0 16777216 545259520 0 33554688 0 0 0 48 0 2097152 524288 17825798 2048 64 0 2105344 0 8322 0 768 4 0 0 8388864 268435456 4096 0 2097152 1280 0 131104 1073741856 134217728 0 0 0 0 0 262144 0 0 8192 34210355 0 0 167773186 513 4194328 66048 3221225473 32 8192 98304 0 134217728 0 16512 0 0 4672 0 0 0 0 0 4096 16384 67108864 0 0 0 0 0 16777344 8 9120064 9380608 64 0 2097152 3288350728 133124 1441792 2101313 131072 41947392 0 1048576 0 2 0 0 0 2 1 0 0 0 0 8 0 0 0 0 0 0 0 0 0 0 0 8192 0 0 32768 8405573 8782528 0 0 0 4096 268697600 1048576 0 0 0 0 0 0 0 0 0 2048 512 0 0 0 0 0 0 16384 268435456 11665856
is_linear=0
shrinkage=0.04


Tree=34
num_leaves=31
num_cat=14
split_feature=50 52 50 50 50 50 52 50 50 52 52 52 51 55 39 32 4 15 30 38 54 52 20 55 55 40 42 4 38 15
split_gain=221.089 103.874 98.6313 63.4466 53.0958 38.9949 38.3225 76.9974 40.7851 14.2723 13.9328 12.2887 11.8773 10.3126 8.51684 8.6253 5.82498 5.11813 8.22049 4.73783 4.94378 4.48566 4.46155 3.87675 3.64689 2.97828 2.61446 2.52569 2.2541 1.87571
threshold=0 1 2 3 4 5 6 7 8 9 10 11 12 25.081449508666996 0.38548950850963598 0.98856806755065929 0.95505049824714672 0.47655677795410162 0.96446609497070324 0.43826219439506536 121.63333129882814 13 3.5000000000000004 25.021309852600101 25.185379981994632 -0.37940952181816096 0.6078576147556306 0.97080135345458995 0.62605932354927074 0.63733074069023143
decision_type=9 1 9 9 9 9 1 9 9 1 1 1 9 2 8 10 2 10 10 8 2 1 10 2 2 2 2 2 8 10
left_child=10 12 -3 11 9 21 7 -7 -8 23 13 -4 27 -1 22 -16 -13 -18 -19 -12 28 -6 -11 29 26 -25 -14 -2 -21 -5
right_child=1 2 3 4 5 6 8 -9 -10 14 19 16 24 -15 15 -17 17 18 -20 20 -22 -23 -24 25 -26 -27 -28 -29 -30 -31
leaf_value=0.018221882688341868 0.0073567804997283562 -0.033689758991528013 0.024234404770193452 -0.0029194485770398693 -0.0042454699068107081 0.010417950787169197 0.010631197671567321 -0.020244472137087046 -0.0039952737496192162 0.010372760523881022 0.042204974245679136 -0.0095098869589114593 0.024768606551995722 -0.0098356874631626255 0.032104385278093825 0.012979233859101711 -0.0037935287410821163 0.020517594985911387 -0.0013454386919712002 0.010220161647003735 0.044971784210634691 -0.028330232514528052 -0.0065277414619797558 -0.00032456046583804056 0.0045736037519765 -0.01799946325546466 0.0096078023918252705 -0.0086952101925035948 0.02633907180815168 0.010676167804512285
leaf_weight=57.97860936820507 25.414959669113159 154.24976213276386 126.7726374566555 23.229671642184258 36.70720000565052 164.79005120694637 326.02590228617191 524.30344243347645 2897.4646916240454 59.170240238308907 88.893335789442062 24.615274399518967 250.76365910470486 26.542508855462074 56.529165282845497 155.22400309145451 30.466491967439651 79.281354054808617 37.53390771150589 28.899651899933815 30.852426618337631 123.47406020760536 35.190158948302269 33.916906848549843 23.633878961205482 27.171178042888641 33.827678456902504 26.943417564034462 195.59605452418327 30.976384073495865
leaf_count=238 103 967 528 101 179 793 1454 2973 14574 253 396 105 1080 111 240 683 132 335 156 131 144 756 157 145 102 124 140 109 894 134
internal_value=0.000144077 -0.00211458 -0.00364768 -0.00257458 -0.00378113 -0.0051906 -0.00433739 -0.0128177 -0.00246738 0.00950531 0.0272723 0.0148297 0.0181715 0.0082128 0.0139459 0.0187999 0.0063984 0.00983362 0.0135617 0.031358 0.0279715 -0.0237612 0.00385739 -0.00237939 0.0212821 -0.00925575 0.0232326 -0.000504741 0.0246191 0.00475753
internal_weight=5736.44 5307.68 4947.09 4792.84 4494.17 4072.77 3912.58 689.093 3223.49 421.408 428.763 298.67 360.584 84.5211 306.114 211.753 171.897 147.282 116.815 344.241 255.348 160.181 94.3604 115.294 308.225 61.0881 284.591 52.3584 224.496 54.2061
internal_count=28237 26323 24789 23822 22566 20729 19794 3766 16028 1837 1914 1256 1534 349 1333 923 728 623 491 1565 1169 935 410 504 1322 269 1220 212 1025 235
cat_boundaries=0 36 37 69 103 132 168 169 201 238 239 240 241 242 243
cat_threshold=0 0 401408 8192 2147484160 268435456 0 0 0 33554432 0 0 526344 0 0 0 2048 512 0 16779264 4390912 33554432 8388864 131104 32 0 134217732 24 0 0 0 8224 0 0 2147483648 64 28 0 16777216 33554432 2144 109051904 8388864 1074266112 0 0 0 0 0 1073750016 12583040 184549376 163840 16777216 2048 167772160 0 0 0 8 0 0 131072 0 0 512 2097152 0 1048576 0 0 0 2147483648 32768 1 0 33570818 256 1073741858 67239936 8388624 0 0 0 1040 0 2147483648 0 33554432 9445376 2097416 1 1040 8388608 512 0 0 536870912 0 8388608 0 0 32768 33554432 0 1048576 4096 262144 2148532224 17039365 294912 0 81924 0 0 0 32768 1310720 1073741824 1 268566528 0 1 671089920 2048 0 1140850688 268435456 0 0 0 256 65536 67108864 2097154 128 0 536870912 0 131072 1312768 536870912 0 0 33570816 33554433 0 128 0 1073741824 1073741824 2147483648 0 1048576 0 0 8192 1024 2048 1048576 0 2147483648 65536 0 2 0 0 512 3670016 0 536870912 67129348 65536 3145804 2048 0 8388640 536870912 4194304 40960 16384 262148 0 0 4096 64 0 0 0 268468256 4096 131104 0 4194304 0 0 0 0 0 0 2147483648 16 0 272629760 335806466 141312 147456 0 1056768 8400896 0 33554432 0 65 0 0 257 8 4096 0 0 67108864 0 0 4096 0 0 0 0 0 0 524352 16777216 0 0 0 0 131072 6368416 171968 8530211 8405017 4202529
is_linear=0
shrinkage=0.04


Tree=35
num_leaves=31
num_cat=19
split_feature=50 52 50 50 50 50 50 50 50 50 53 50 14 52 50 52 52 37 17 11 31 53 50 29 39 40 17 0 52 33
split_gain=183.236 106.235 81.6175 63.4657 62.5244 49.4529 36.7547 30.4934 37.4367 29.8547 20.5424 26.1655 18.836 18.675 15.1229 14.7594 12.0944 10.9735 10.8214 11.3546 8.36535 8.25452 12.4546 7.77501 7.44936 7.41655 7.34039 7.31798 6.99603 6.46575
threshold=0 1 2 3 4 5 6 7 8 9 10 11 0.94494947791099559 12 13 14 15 0.91042780876159679 0.44220647215843206 1.0000000180025095e-35 0.81302964687347423 16 17 -1.4999999999999998 0.47413024306297308 0.78656607866287243 0.2736185491085053 11.500000000000002 18 0.27308239042758947
decision_type=9 1 9 9 9 9 9 9 9 9 1 9 10 1 9 1 1 8 10 8 10 1 9 10 10 2 10 2 1 10
left_child=13 4 16 -4 -2 21 -7 12 -9 27 17 18 -8 14 -1 -13 -3 20 19 -12 -11 26 -23 -15 -17 -22 -5 -6 -24 -28
right_child=1 2 3 5 9 6 7 8 -10 10 11 15 -14 23 -16 24 -18 -19 -20 -21 25 22 28 -25 -26 -27 29 -29 -30 -31
leaf_value=-0.016470648798547181 0.028360214897953751 -0.00038531845303844736 -0.028685266956996067 0.018725490370367536 0.0023530991530280598 -0.026986122827832203 0.011181317655123877 0.0027861077824669427 -0.009732559600899594 0.0043096073762302189 -0.00082944100379677733 0.0083658908437451666 -0.011168021139431951 0.013172126192172468 0.014948156239107993 -0.017852998548487882 0.018484912006779299 -0.01284446342072364 -0.010878122442093321 0.026212816786974277 0.023192699101292222 -0.013728782681955971 -0.0041912433196513001 0.030563155944081093 -0.0044576869286568916 0.0020051528472640433 -0.01154766576068619 0.024924104601132372 0.011902441890385116 0.011425845420756838
leaf_weight=26.381528869271278 195.27528192102909 75.341101929545403 187.35392414033413 133.17791946232319 31.825645089149475 132.1876026391983 235.31391979753971 455.45464473962784 2248.677427187562 161.30929392576218 35.398868218064308 52.898445606231689 75.324024304747581 64.457327708601952 45.412889748811722 202.84451685845852 237.54125772416592 29.53478966653347 23.376154899597168 66.755127653479576 104.92294633388519 50.094915807247162 56.874508678913116 331.2205014526844 110.4585092663765 38.957362979650497 26.769428446888924 123.01552306115627 115.53636355698109 45.300341099500656
leaf_count=114 841 322 1165 589 135 808 1086 2098 12178 727 151 219 329 275 186 925 1015 132 113 290 446 232 257 1526 508 164 122 527 510 207
internal_value=9.87869e-05 -0.00205959 -0.00511982 -0.00677065 0.00845345 -0.00550145 -0.0072432 -0.00624162 -0.00761296 0.00410464 0.000917599 -0.00422034 0.00543538 0.0236953 0.00232136 -0.00959413 0.0140703 0.00838002 0.0106647 0.0170539 0.0109426 0.00707864 0.00134222 0.0272984 -0.0129311 0.0178503 0.0126917 0.0194142 0.00657623 0.00243755
internal_weight=5718.99 5251.52 4074.95 3762.07 1176.57 3574.71 3146.96 3014.77 2704.13 981.297 826.456 491.732 310.638 467.472 71.7944 366.201 312.882 334.724 125.53 102.154 305.19 427.753 222.506 395.678 313.303 143.88 205.248 154.841 172.411 72.0698
internal_count=28197 26096 20918 19581 5178 18416 16499 15691 14276 4337 3675 2206 1415 2101 300 1652 1337 1469 554 441 1337 1917 999 1801 1433 610 918 662 767 329
cat_boundaries=0 32 33 67 104 136 161 192 223 260 296 297 334 335 367 368 369 370 395 396
cat_threshold=0 0 270336 73728 2147516416 268435456 0 0 0 33554464 0 0 526344 0 262144 16 2048 135680 0 16779264 4194304 0 8396801 131072 32 0 134217732 24 0 0 0 32 4194367 33554432 0 134348804 2147745792 0 1181697 8 32770 0 1073741824 33554432 3 0 0 0 0 0 0 0 0 9569280 2097408 0 2214593536 268435456 512 0 0 0 0 8912896 0 0 8192 0 67108864 33620096 2432 67108864 8388864 81920 0 16 0 4 0 33562624 129 100663296 163968 0 0 134217728 0 0 0 0 0 67108864 1024 0 0 0 2097152 0 0 2 0 0 512 32768 0 4194304 0 268435712 16384 0 16973892 1048576 536870912 0 67239936 0 67108864 32768 0 2048 0 0 536870912 0 67117088 33556480 256 48 0 1024 0 0 536870912 0 256 8192 16384 536870912 1049632 268472324 268435456 0 536870913 16384 8192 16 8192 8405008 0 2097152 2147483648 1024 8 270532864 0 0 256 8 2097152 0 12582912 1114112 272629760 0 6291504 134742016 536875024 131072 131072 2048 0 0 8 1073741824 75497472 0 524288 2 1073741824 33554432 3221225472 0 0 0 0 0 0 2048 0 512 0 66560 16 1082130432 83886080 2 1311248 96 8650752 0 256 0 0 134283520 5 0 0 1073743873 512 1 0 1 0 0 0 16416 0 262144 16384 0 0 0 262144 0 0 4194304 83886080 4 2621440 2147483648 1048576 0 16384 0 512 576 8192 1 536870912 1088 2147516416 8192 262144 134217728 4096 32 2 134217729 0 0 0 64 4194304 0 0 0 0 0 0 131072 0 0 2147483648 0 3147264 0 0 2097409 4096 1073741826 4 540736 16777216 16 0 2 1 0 0 20 16777216 0 0 1342181376 536870912 0 0 16777216 0 0 268435456 0 0 0 0 64 65 0 85983232 606210 512 4327424 2214592640 134217728 8392704 0 1048576 0 2 0 0 2147483648 256 0 0 134217728 0 1024 0 0 0 0 0 0 0 0 0 128 0 0 8192 32 0 16384 132800 0 0 270336 65536 0 0 0 0 0 0 0 0 0 0 0 16 0 0 0 0 0 0 0 131072 0 0 0 0 0 0 0 32 24 2197696 104 0 536870912 1056 0 268435456 0 0 0 0 16 0 16400 0 0 2147483648 0 0 0 0 0 0 0 0 0 4194304 3738112
is_linear=0
shrinkage=0.04


Tree=36
num_leaves=31
num_cat=18
split_feature=50 50 52 50 50 50 50 50 50 50 52 50 52 52 50 52 42 27 52 52 65 55 18 38 18 39 42 17 55 38
split_gain=174.728 100.361 94.3183 77.903 66.909 46.024 38.8315 31.7579 30.3437 31.4663 29.1635 33.3443 21.2213 20.8759 18.5448 11.7341 10.6 10.4189 9.30996 8.9629 7.94968 7.72178 7.57693 6.74697 6.5912 5.88647 5.41924 5.07852 4.7456 3.58217
threshold=0 1 2 3 4 5 6 7 8 9 10 11 12 13 14 15 1.0000000180025095e-35 -0.11050061136484145 16 17 1.5000000000000002 25.090485572814945 0.33072917163372045 0.63525497913360607 0.53410854935646068 0.63693180680274974 -0.60785761475563038 0.072077922523021712 24.977840423583988 0.54653680324554454
decision_type=9 9 1 9 9 9 9 9 9 9 1 9 1 1 9 1 2 2 1 1 2 2 10 8 8 8 2 8 2 10
left_child=13 -2 4 12 16 19 -5 18 15 -10 28 20 22 21 -13 -9 24 26 23 -6 -12 -1 27 -8 -3 -20 -14 -4 -7 -19
right_child=1 2 3 6 5 10 7 8 9 -11 11 14 17 -15 -16 -17 -18 29 25 -21 -22 -23 -24 -25 -26 -27 -28 -29 -30 -31
leaf_value=0.013071347365954191 -0.029777260518728799 0.036069972500207589 -0.0031208281005081495 -0.025544863716180328 0.002320213281963291 0 0.0095984103324531118 0.01220556819591752 0.0020392214464590485 -0.011419161675532252 0.02406470627529159 -0.012357896929157357 0.007816798812522726 0.029625965704154638 0.0023500046320422134 -0.0035945916839863908 0.0075824860899574584 0.014418995724887194 0.0049732143821277454 -0.024032509411839115 0.0035058074847563125 -0.012050766176688623 0.0087067177978822439 -0.011665232015053996 0.0095514948432097995 0.021921194312122437 0.030644709151482145 -0.026157944585436022 0.019158521149447962 0.0031763319010749448
leaf_weight=44.252475664019585 179.98125921189785 142.66035680472851 40.451353266835213 164.73056392371655 28.589396595954895 23.215144917368889 35.864536881446838 143.794040158391 331.10977220535278 1686.2175384759903 135.13784563541412 142.26005525887012 28.575359225273132 333.48076823353767 1054.6496158093214 133.33761808276176 38.530050054192543 126.37838792800903 67.219861820340157 97.881688848137856 43.799886360764503 27.158440798521042 33.743939876556396 51.520552068948746 23.970756664872169 76.629372924566269 87.58905054628849 24.230715110898018 254.46216678619385 82.602732971310616
leaf_count=184 1149 615 175 1015 135 97 166 672 1592 9390 581 669 125 1542 4843 638 164 540 307 473 183 112 149 242 102 348 385 107 1087 349
internal_value=0.000359379 -0.00160854 -0.000525955 -0.00486487 0.00625567 0.00363201 -0.00738717 -0.0060512 -0.00748908 -0.00920161 0.00547258 0.0029721 0.0108153 0.0251978 0.000454059 0.00474087 0.0271296 0.0156769 0.00772227 -0.0183196 0.0183742 0.00273417 -0.00501762 -0.00241335 0.0327611 0.0136518 0.0257486 -0.0132955 0.0170064 0.0102467
internal_weight=5684.03 5279.13 5099.15 3114 1985.16 1780 2690.42 2525.69 2294.46 2017.33 1653.52 1375.85 423.572 404.892 1196.91 277.132 205.161 325.146 231.234 126.471 178.938 71.4109 98.426 87.3851 166.631 143.849 116.164 64.6821 277.677 208.981
internal_count=28136 26298 25149 16200 8949 8068 14370 13355 12292 10982 7460 6276 1830 1838 5512 1310 881 1399 1063 608 764 296 431 408 717 655 510 282 1184 889
cat_boundaries=0 36 72 73 102 127 158 195 231 263 299 300 337 338 339 376 377 378 379
cat_threshold=0 0 270336 8192 2147516416 268435456 0 0 0 33554434 0 0 526344 0 262144 16 1 512 0 16777280 4194304 0 8396800 2147614720 268435488 0 134217732 24 0 0 0 32 1 0 0 64 0 134217728 33554432 2080 8388608 545521920 16384 131072 2048 0 0 0 1073750016 146800641 184549376 131200 0 0 0 0 0 0 4104 0 4 0 2048 0 516 2097152 0 1048576 0 0 0 512 12595327 0 0 16909317 0 270336 2148532257 262152 33554560 8192 81952 33554432 17 0 0 0 2048 268435456 0 0 1 1048576 8 2097184 16384 4194304 0 0 0 256 0 0 0 2166784 512 2 68 8193 256 0 0 548866 16777216 1081344 1048576 0 0 2147618817 536870912 0 67174400 33554432 256 1073745920 8388608 0 268435456 68681728 131080 131096 4 3225419776 32 1073750033 98304 0 4194336 0 1073758208 0 0 0 0 0 2147483648 0 0 32 16384 0 131072 0 8192 0 0 16777216 65536 71303168 65602 1075839360 134742016 67113984 64 0 0 0 4194304 0 16777216 1048708 0 16777216 0 2048 0 0 0 33751040 0 0 33554432 0 0 1048576 0 2147483648 1024 0 0 0 0 0 32768 0 1619001344 67108864 2147483648 1049104 655360 8388609 262144 0 0 8192 0 529 8192 0 0 64 2129920 0 2097152 256 256 1 67108880 0 0 0 0 0 0 0 64 0 0 0 524288 0 0 139464704 0 2048 16388 2147483648 1209008128 0 0 0 576 4 2113536 16384 3 1024 0 8192 0 268697600 4096 131072 0 0 0 16384 131328 0 0 64 16777216 16384 0 268959792 4100 285216780 2097168 0 0 0 8208 64 1073743872 262144 16777216 1 1073741824 0 0 0 0 32 0 0 2 0 0 0 0 0 0 8388608 0 32 0 0 8388609 28 0 0 0 386 525376 2281725952 0 16384 32 1073741824 131072 134217728 0 0 0 1048576 2048 268435456 0 0 140288 131072 0 272 512 262145 0 0 536870912 128 8388864 0 0 0 0 0 32768 2197504 165568 0 67108864 1040 33554432 67110912 68354048 33554432 16 0 536871936 268435462 0 0 67108864 0 34078720 65536 32768 134217728 0 32 0 131072 0 0 1024 0 256 0 0 0 0 0 0 0 0 16384 379392 3179776 4104
is_linear=0
shrinkage=0.04


Tree=37
num_leaves=31
num_cat=18
split_feature=50 50 52 50 50 50 50 50 50 52 51 50 53 52 52 36 26 42 37 37 52 52 26 14 52 54 33 8 28 36
split_gain=182.809 91.8914 78.2261 59.9878 57.5768 52.1101 37.924 36.599 34.4141 25.3179 24.415 19.6461 18.2721 18.0699 15.8748 11.0783 9.85514 8.56302 7.30779 7.18591 6.93985 6.69564 6.44686 5.9391 5.5447 5.48492 5.45852 5.37278 4.42059 4.40551
threshold=0 1 2 3 4 5 6 7 8 9 10 11 12 13 14 0.61200717091560375 0.056079665198922164 1.0000000180025095e-35 0.048199767246842391 0.64400920271873485 15 16 0.20112359523773196 0.94764256477355968 17 121.45882797241212 0.066869918256998076 11.500000000000002 -1.4999999999999998 0.52689418196678173
decision_type=9 9 1 9 9 9 9 9 9 1 9 9 1 1 1 10 2 2 10 8 1 1 2 10 1 2 10 10 10 10
left_child=14 -2 5 20 13 17 28 19 16 -8 -10 -11 -13 18 27 26 -9 -3 -5 24 29 -21 -16 -20 -6 -19 -15 -1 -7 -4
right_child=1 2 3 4 7 6 9 8 10 11 -12 12 -14 15 22 -17 -18 25 23 21 -22 -23 -24 -25 -26 -27 -28 -29 -30 -31
leaf_value=-0.0072552053434313422 -0.028699461924983842 0.027167994671004406 0.0084514207904907521 0.027817489827300354 -0.0011239608157406489 -0.0028635253797686922 0.024040661468223111 -0.0054726586447478359 -0.0049347766663327252 0.013691859834527855 -0.01488704044661879 0.004610667677827144 -0.0065922519473025215 -0.0029645383316290229 0.033650675685936569 -0.0074405040145300704 0.009969799477934119 -0.0039791133484081802 0.014643047061645988 -0.016485842221501089 0.014667139798050123 0.0038874354890883439 0.012001022509889339 -0.0058850338008337401 0.012836512037619487 0.018166551052572026 0.012293176947647429 0.013651361289712463 -0.022724760765989529 -0.0125744009470955
leaf_weight=24.333469569683075 180.22197970747948 196.89153429865837 27.329980954527855 62.720346972346306 65.416357174515724 26.914517015218735 90.419424027204514 107.3881022632122 613.72543163597584 228.28835229575634 1396.0131054669619 706.59677530825138 328.72166275978088 50.154457852244377 277.08951014280319 146.88030727207661 153.68282599747181 27.019189298152924 91.192146182060242 27.412685751914978 262.1596749573946 55.329478293657303 35.060695827007294 24.837062627077103 140.91263744235039 35.831808477640152 111.43841396272182 53.821066334843636 91.64340403676033 25.98245395720005
leaf_count=102 1148 860 120 263 302 131 389 503 3188 968 8123 3196 1522 224 1301 666 752 113 411 123 1141 257 150 108 620 163 524 223 432 113
internal_value=0.000219756 -0.00176127 -0.00072302 -0.00427907 -0.00601602 0.00614558 0.00310502 -0.00841836 -0.0101327 0.00507409 -0.0119168 0.00343516 0.000991264 0.00644055 0.0261123 0.000302419 0.00343018 0.0222003 0.0160866 0.00481855 0.0119489 -0.004625 0.0305464 0.010022 0.00894808 0.00875986 0.00749066 0.00612066 -0.0172778 -0.00141045
internal_weight=5665.43 5275.12 5094.9 3362.58 3047.1 1732.33 1472.58 2559.88 2270.81 1354.03 2009.74 1263.61 1035.32 487.223 390.305 308.473 261.071 259.743 178.75 289.071 315.472 82.7422 312.15 116.029 206.329 62.851 161.593 78.1545 118.558 53.3124
internal_count=28136 26360 25212 17438 16064 7774 6638 13868 12566 6075 11311 5686 4718 2196 1776 1414 1255 1136 782 1302 1374 380 1451 519 922 276 748 325 563 233
cat_boundaries=0 32 64 65 94 127 155 188 220 256 257 258 292 293 294 295 296 297 298
cat_threshold=0 0 270336 8192 2147483648 268435456 0 2 0 33554466 0 0 526344 0 0 16 0 268439552 0 16777216 4259840 33554440 8396800 16 8388640 512 134217732 24 0 0 0 8224 0 0 33554432 4196384 8388864 8388864 0 131072 2064 32776 0 0 0 142606465 50339840 163840 0 0 0 2147483648 0 0 12 0 67108864 0 0 0 516 2097152 1024 1048576 12587135 16384 0 16913408 2214592512 1056832 2148532225 1 128 8192 0 8192 8388624 0 16384 0 2048 268959744 512 0 2097152 1179904 0 0 0 4194304 0 0 0 256 0 0 12 131072 285474832 35668000 8650752 34603008 32 16 33554432 16385 4 0 0 0 0 32768 0 262144 0 256 131073 16384 0 0 0 131072 0 0 8388608 64 524288 0 0 0 69632 49152 514 65540 1056769 0 0 67239936 532482 0 32784 1310720 1048576 0 2147483648 536870912 4 201326592 0 256 1073877248 0 0 0 16777216 0 0 4 1 8 131076 2151694336 48 8193 4259840 268435456 4194304 1073741824 1073758208 4 0 64 0 0 0 0 0 4096 16384 4096 131072 0 8192 0 17408 16777216 0 524288 268435456 8388608 135266305 1048580 32772 0 536870920 2214854656 0 2105344 0 1024 1 2097152 0 1 256 2147483648 0 16 1024 512 2097152 2147483648 268435456 0 0 0 0 0 0 16777216 0 1610612736 0 537395202 520 133120 0 2097152 256 64 32832 2097152 0 16809984 0 0 8264 2228224 8192 0 262144 0 0 512 0 0 16384 0 67108928 37748736 0 8388608 0 0 0 1 8 426545 0 0 1207959552 268435716 6292480 2149580800 16777288 20480 0 0 128 16384 67108864 0 2147483648 6144 2049 131072 0 0 9216 0 0 32 0 0 0 0 0 0 268435712 0 0 8192 105 197504 186048 2131968 181248 1835520
is_linear=0
shrinkage=0.04


Tree=38
num_leaves=31
num_cat=14
split_feature=50 50 52 50 50 50 52 50 50 52 52 59 36 39 52 42 50 31 40 52 31 8 2 36 28 36 32 0 39 38
split_gain=172.184 90.6786 81.9335 64.9971 52.6051 41.2767 31.7989 73.1937 48.4706 17.2827 13.2807 10.3284 8.69519 8.48643 7.52263 7.50313 7.3899 6.57531 5.11446 5.04394 5.07253 4.90509 4.8045 3.81497 3.32339 2.79736 1.79057 1.73943 1.36753 1.17995
threshold=0 1 2 3 4 5 6 7 8 9 10 1.0000000180025095e-35 0.75204917788505565 0.4301948100328446 11 -0.60785761475563038 12 0.95875850319862377 -0.6035533845424651 13 0.90121948719024669 25.500000000000004 13.500000000000002 0.86754387617111217 -1.0000000180025095e-35 0.58236432075500499 0.80243903398513805 13.500000000000002 0.35067567229270941 0.15504807978868487
decision_type=9 9 1 9 9 9 1 9 9 1 1 10 10 8 1 2 9 8 2 1 10 10 2 10 10 10 10 2 8 10
left_child=10 26 16 17 14 9 7 -7 -8 11 12 -6 13 -1 22 -11 -3 18 27 -18 24 28 -5 -12 -21 -26 -2 -4 -22 -15
right_child=1 2 3 4 5 6 8 -9 -10 15 23 -13 -14 29 -16 -17 19 -19 -20 20 21 -23 -24 -25 25 -27 -28 -29 -30 -31
leaf_value=-0.0027708264246207809 -0.014207252143583394 0.029374473596583781 0.0030523813443506611 0.0083910396421007678 -0.0068827468652684519 0.0099355168561466364 0.014301768324227908 -0.011645809504275319 -0.0028447450427139523 0.027190732994508918 0.033920403048621796 0.020200062757079713 -0.0072518244948549249 0.013864477012660106 -0.029091545154295063 0.01121759275763488 0.020475590264796024 0.00084841877968502431 0.024719420559812692 -0.0091019641101540514 0.0074249828452929868 -0.001182612753756851 -0.015949254953523777 0.014826709510790976 0.014944356830513983 -0.0014593311879295002 -0.032846954567353752 0.015392832045408382 0.023123270511194033 0.030148164565934468
leaf_weight=23.538021743297577 24.779953896999359 78.355954557657242 37.518839940428734 19.833156913518906 112.44670966267586 295.00530928373337 290.05935451388359 1392.1347925961018 1931.9333328902721 77.061794489622116 236.59464025497437 22.768119648098946 26.838617667555809 36.492026686668396 135.20509292185307 162.81999325752258 92.939899742603302 37.40021938085556 135.61275935173035 31.449621543288231 24.106382384896278 23.425370305776596 21.589205384254456 34.389368414878845 25.011068969964981 31.230728149414062 148.07329660654068 54.205439209938049 45.354172363877296 34.298867642879486
leaf_count=98 151 350 161 104 503 1344 1268 7870 9392 329 1112 96 111 154 823 710 406 163 567 129 108 106 129 167 104 131 972 230 204 144
internal_value=0.000108423 -0.00182644 -0.000810156 -0.00222099 -0.00338746 -0.00245541 -0.0036856 -0.00780615 -0.000516605 0.00996271 0.0251727 -0.00151409 0.0105024 0.0169234 -0.0239287 0.0162187 0.0173987 0.0164903 0.0196137 0.0125498 0.0071108 0.0137594 -0.00346852 0.0307675 0.000257417 0.00613345 -0.0291242 0.0109706 0.0188082 0.0234864
internal_weight=5642.47 5250.32 5077.47 4725.59 4460.86 4284.23 3909.13 1687.14 2221.99 375.097 392.152 135.215 121.168 94.3289 176.627 239.882 351.873 264.737 227.337 273.517 180.577 92.8859 41.4224 270.984 87.6914 56.2418 172.853 91.7243 69.4606 70.7909
internal_count=28136 26350 25227 23689 22568 21512 19874 9214 10660 1638 1786 599 507 396 1056 1039 1538 1121 958 1188 782 418 233 1279 364 235 1123 391 312 298
cat_boundaries=0 36 72 73 104 135 169 170 203 235 236 237 238 273 274
cat_threshold=0 0 401408 8192 2147483648 0 8 0 0 33554434 0 524288 526344 0 262144 16 0 131072 4194304 16779264 4194304 2097160 8396800 16 32 0 134217732 16 0 0 2097152 32 0 0 0 64 0 0 33587200 4196592 0 8388864 1073758208 131072 2048 0 0 4 1073741824 201326596 50331648 163968 0 0 0 0 0 0 0 0 0 0 0 0 512 2097152 0 1048576 2 128 0 33554944 28 0 8388608 0 2415919104 32768 1 4 33595394 256 1073741856 33554432 512 0 0 1048576 1024 2048 268435968 0 0 196864 0 1 67239936 8388608 512 0 8 0 0 8388608 65536 285212672 2 0 75497472 67108992 67174400 0 262144 536870912 1073741824 0 24576 12583040 8192 524288 0 0 134217728 2147483648 0 0 4 0 570425344 0 0 1048704 0 2147483648 65536 0 0 16781312 131072 0 1048576 16777216 16384 8388608 16388 67239936 8192 17 0 32768 2048 0 2147487744 0 262145 67117056 0 2097152 1073758208 4194304 1 0 131072 0 0 262144 0 0 40960 3936000 0 536870912 4 4 3146308 0 2147745793 67371168 8192 2162704 40960 64 0 16384 0 1073741824 64 2097152 0 0 269484032 0 0 2147483648 0 0 0 0 256 33554432 0 0 524288 0 0 1572864 67375104 138543106 35659778 134217730 1048576 0 0 0 8388608 64 2105344 0 1 0 32768 0 0 0 0 0 5120 268435456 0 0 0 0 0 64 16785408 1637376 1810240 117856 0 16777216 16384 65536 16384 67108864 16842752 1 536870912 0 4 16384 16777216 0 0 2048 0 0 671088640 0 0 33554432 0 0 0 263168 0 0 0 0 0 0 0 0 32 8
is_linear=0
shrinkage=0.04


Tree=39
num_leaves=31
num_cat=12
split_feature=52 51 51 54 52 52 65 31 52 54 52 51 20 54 53 2 37 12 51 31 53 4 37 38 54 36 37 7 39 51
split_gain=125.447 50.2203 42.3306 31.1711 31.1396 25.7181 15.4413 14.5534 22.6754 17.2982 16.5318 13.0937 12.4433 12.0337 11.4366 11.2224 8.26632 8.62962 8.1745 8.13836 8.10083 7.5428 7.32641 7.74681 9.19816 6.8873 9.04336 6.82304 10.4209 7.91705
threshold=0 1 2 121.62438964843751 3 4 3.5000000000000004 0.63702240586280834 5 121.50691986083986 6 7 3.5000000000000004 121.37533187866212 8 28.500000000000004 0.20101010054349902 7.5000000000000009 9 0.49590164422988897 10 0.81365740299224865 0.45534290373325353 0.68301436305046093 121.44659423828126 0.11180555447936059 0.53950104117393505 8.5000000000000018 0.35805861651897436 11
decision_type=1 9 9 2 1 1 2 10 1 2 1 9 10 2 1 2 10 10 9 10 1 2 8 8 2 10 8 2 8 9
left_child=2 7 4 5 -1 6 11 8 9 12 -9 21 18 25 -4 20 -13 -18 -2 -17 -7 -3 23 24 -16 -10 -27 28 -15 -29
right_child=1 3 14 -5 -6 15 -8 10 13 -11 -12 16 -14 27 22 19 17 -19 -20 -21 -22 -23 -24 -25 -26 26 -28 29 -30 -31
leaf_value=0.013894289321641422 0.009709205793533085 0.011099048348812183 0.025111967191901147 0.028696951675233402 -0.001032576219527974 0.0089842704584068289 0.021858670832530357 0.0050352584083066696 -0.01436611490221161 -0.0065090851223818047 -0.0077188778011145487 -0.0090000521518372716 -0.027071718120896381 0.0085981744088332521 -0.000756827041043175 -0.0185159595202362 0.0093079619125810819 -0.0052434003390551967 -0.015652685785324895 0.0013042108587172586 0.0018362198664069311 -0.011063096144240153 0.019141219472136706 -0.002304463922244909 0.025712937315223391 -0.00082300521503377694 0.021590385700827348 0 -0.0081314352115227709 -0.015116116360754913
leaf_weight=344.2317061573267 24.445898190140724 21.010322153568268 274.16410459578037 56.794748812913895 588.22899045050144 471.57631334662437 27.837052896618843 233.42192623019218 19.884569928050041 150.6741047501564 463.73477590084076 112.26043543219566 258.05023872107267 74.305617332458496 33.879278212785721 52.609959870576859 164.05909015238285 100.16041614115238 28.804548978805542 72.653166726231575 593.03617523610592 518.94541522860527 121.95303221046925 85.618933796882629 43.826170027256012 63.754855394363403 44.743532583117485 78.225885093212128 229.88922427594662 277.82137338072062
leaf_count=1485 129 106 1234 244 2732 2176 116 1202 103 865 2457 514 1672 413 142 288 753 499 177 356 2735 2710 555 392 206 333 228 433 1321 1568
internal_value=0.000116175 -0.00346737 0.0100054 0.000685769 0.00458952 -0.000112453 -0.00500707 -0.00811877 -0.0107445 -0.0177309 -0.00345283 -0.00601336 -0.023471 -0.00623867 0.018642 0.00377018 -8.46854e-05 0.0037226 -0.00485268 -0.00725783 0.00514955 -0.00988866 0.0114136 0.00580552 0.0145823 0.00464753 0.00878776 -0.00849834 -0.00390725 -0.012257
internal_weight=5630.6 4138.7 1491.9 2190.94 932.461 2134.15 944.273 1947.76 1250.6 461.975 697.157 916.436 311.301 788.625 559.442 1189.88 376.48 264.22 53.2504 125.263 1064.61 539.956 285.277 163.324 77.7054 128.383 108.498 660.242 304.195 356.047
internal_count=28144 21398 6746 10497 4217 10253 4698 10901 7242 2843 3659 4582 1978 4399 2529 5555 1766 1252 306 644 4911 2816 1295 740 348 664 561 3735 1734 2001
cat_boundaries=0 1 2 3 4 5 6 7 8 9 10 11 12
cat_threshold=4194431 8442957 8416863 60 2015232 3673728 8931456 10752 65 1024 74 8421440
is_linear=0
shrinkage=0.04


Tree=40
num_leaves=31
num_cat=18
split_feature=50 50 52 50 50 50 50 52 50 50 50 50 13 52 52 52 38 2 13 36 36 52 52 38 39 39 55 50 39 38
split_gain=138.302 84.6151 79.0164 62.5476 50.2557 43.9608 33.8468 33.2517 66.1719 54.3942 24.7233 14.126 13.5904 11.8283 11.8005 10.1859 9.5493 9.04037 6.41918 9.44085 5.61152 5.09725 4.5326 4.42143 4.01565 3.69403 10.9362 7.76409 4.60623 4.38255
threshold=0 1 2 3 4 5 6 7 8 9 10 11 0.97646731138229381 12 13 14 0.35067567229270941 14.500000000000002 0.96039214730262767 0.35805861651897436 0.54653680324554454 15 16 0.33060109615325933 0.35067567229270941 0.52419984340667736 24.988149642944339 17 0.70064935088157665 0.76975053548812877
decision_type=9 9 1 9 9 9 9 1 9 9 9 9 2 1 1 1 8 2 2 8 10 1 1 10 10 10 2 9 10 8
left_child=13 -2 5 25 -5 18 12 9 -9 -8 14 23 22 17 -7 -13 -17 -1 19 -3 -19 -14 -6 -12 -25 27 -27 -4 -28 -29
right_child=1 2 3 4 6 10 7 8 -10 -11 11 15 21 -15 -16 16 -18 20 -20 -21 -22 -23 -24 24 -26 26 28 29 -30 -31
leaf_value=-0.0080112010052779802 -0.028503864043698944 0.0067849500562837386 -0.0014332211651525771 -0.025684347924218073 -0.0014526355772344923 -0.016300009144744415 0.017601478007375083 0.010167791479862172 -0.012369384216245545 -0.0036086002993017709 0.0086542236821350906 0.018563364117923479 0.0057011910888612616 0.028808155727774985 0.0058903176591966009 0.012535736717926833 0.00067957198570475471 0.026280569519756099 0.016229979192777629 0.038166895186126766 0.0015447549046738978 -0.0094286675651934059 0.016198301254326936 0.013683079192424404 0.037856686058063083 0 0.040639530746639264 0.0058193408988882053 0.014007723016799863 0.021550013849034287
leaf_weight=30.135125577449799 163.0007094219327 23.065709188580513 62.091434225440025 158.05449724942446 29.576697647571564 105.34673810005188 208.79530577361584 235.94362615048885 1336.5635602995753 1410.2299027293921 35.455769240856171 69.137195438146591 54.309709504246712 261.53574788570404 49.200120076537132 137.02005644142628 484.06878674030304 36.319342702627182 93.801900118589401 92.440154805779457 26.585417896509171 58.982000187039375 188.40060611069202 31.430000588297844 36.46276493370533 26.108239620923996 32.765222296118736 52.250143483281136 29.415228724479675 93.169885158538818
leaf_count=128 1071 99 277 960 138 474 948 1157 7431 7116 161 301 240 1254 210 629 2175 155 426 404 113 257 854 138 163 118 140 225 129 402
internal_value=0.000256469 -0.0013872 -0.000441871 -0.00312589 -0.00456934 0.00868475 -0.00351146 -0.00478723 -0.00891112 -0.000724565 0.00478578 0.00765889 0.0083969 0.0239185 -0.0092216 0.00526718 0.00335281 0.0078972 0.024756 0.0326076 0.0170045 -0.00238735 0.014396 0.0207711 0.0286464 0.0141253 0.0217809 0.0110028 0.0303189 0.0153891
internal_weight=5651.66 5297.09 5134.09 3976.66 3680.86 1157.43 3522.8 3191.53 1572.51 1619.03 948.121 793.575 331.269 354.576 154.547 690.226 621.089 93.0399 209.308 115.506 62.9048 113.292 217.977 103.349 67.8928 295.8 88.2887 207.511 62.1805 145.42
internal_count=28293 26643 25572 20392 19101 5180 18141 16652 8588 8064 4251 3567 1489 1650 684 3105 2804 396 929 503 268 497 992 462 301 1291 387 904 269 627
cat_boundaries=0 35 71 72 106 143 176 210 211 243 268 299 335 336 337 338 339 340 357
cat_threshold=0 0 270336 8192 2147483648 0 0 16384 16777216 33554434 0 524288 526344 0 0 16 0 512 536870912 16779328 4259840 2097152 8396800 0 32 0 134217732 8 0 0 524288 32 0 0 2147483648 0 0 33554496 1082132512 8388608 8388880 0 268435456 2048 32768 0 0 0 5 50339840 34242688 16777216 0 0 0 0 0 4104 0 0 0 2048 0 0 2097152 0 1048576 0 0 0 512 4198461 0 0 131076 4096 3145728 131072 1 262146 0 32 33562624 0 0 0 0 3072 2568 0 4194304 33554432 8552448 256 2097153 67109888 268435456 512 0 16 0 0 8388608 0 0 32768 0 83886080 18 2097152 201850912 67108864 65536 0 0 0 8 0 1073741824 144 67108864 0 2 4 0 1073741824 32 17825792 0 0 100663296 1024 8 0 0 0 0 0 67108866 0 0 0 32768 0 0 0 268632320 16896 2415919104 16842752 1048576 536875008 0 0 16448 0 32768 0 1073741824 0 4096 0 0 134217760 33554432 256 131376 0 263168 0 0 8388608 0 0 0 67108864 0 8388608 16778240 2 16779264 2148548609 8388616 0 8388864 81920 0 3 0 18874368 262144 0 0 2415951872 0 1 0 0 0 0 0 0 0 0 0 0 0 64 0 8192 8577474 0 0 67108864 2147483648 852 526336 2147483648 1052832 16 2097168 4227072 16464 0 16384 4096 1073745920 0 32 0 262144 0 0 131072 0 0 0 16384 0 256 0 0 2147483648 0 0 135790593 604274689 268435456 268435970 150994944 0 8192 268443648 131072 0 65 0 0 0 0 131072 8192 4 1140851712 66048 0 147456 4194304 0 268435456 134217732 4096 4196368 1249856 1 16 134225920 268500992 0 0 0 1073741824 0 256 576 32768 2 0 0 0 0 16384 0 0 0 0 0 0 25165824 0 4194304 1073823744 33554432 32834 2097152 64 2097409 0 536870912 131072 0 0 2 262144 2 1 0 134217728 20 67239936 0 0 4096 0 0 0 0 536870912 0 0 0 0 0 0 64 1766976 4198433 8 8700738 2131968 0 0 0 4096 3145728 0 0 0 0 0 33554432 0 0 0 0 0 512
is_linear=0
shrinkage=0.04


Tree=41
num_leaves=31
num_cat=17
split_feature=50 50 52 50 50 50 50 50 52 50 50 52 38 52 9 26 51 50 39 32 43 35 35 36 10 35 52 52 35 31
split_gain=139.446 88.9435 73.1228 62.5256 51.3471 34.431 33.685 27.7287 25.1743 23.5712 16.7264 13.946 12.6664 11.8214 9.44048 17.9325 11.0041 7.77121 7.04569 6.78233 5.7945 5.53147 5.4592 4.21352 6.03168 4.12486 3.95223 3.14362 3.01144 2.87466
threshold=0 1 2 3 4 5 6 7 8 9 10 11 0.33687943220138555 12 7.5000000000000009 0.089898992329835906 13 14 0.57275134325027477 0.99494948983192455 1.0000000180025095e-35 0.035098522901535041 0.30860807001590734 0.14415584504604342 1.0000000180025095e-35 0.10840187966823579 15 16 0.077422577887773528 0.45584416389465338
decision_type=9 9 1 9 9 9 9 9 1 9 9 1 8 1 10 2 9 9 10 10 2 10 8 10 2 10 1 1 10 10
left_child=21 -2 6 11 26 8 20 -7 12 -9 25 17 -6 -12 15 -15 -16 -4 -10 -13 -3 -1 -19 -21 -25 -8 -5 -23 -29 -27
right_child=1 2 3 4 5 7 10 9 18 -11 13 19 -14 14 16 -17 -18 22 -20 23 -22 27 -24 24 -26 29 -28 28 -30 -31
leaf_value=0.030951342196754116 -0.029682854778146882 0.017324201911886362 -0.0070785522394035526 0 -0.0032717987484743132 -0.022713284712501038 0.00024592431350804934 0.006986594714460898 -0.0065261602593911471 -0.004515183585678025 0.022455727400384068 0.033379729673459604 0.027718810913653604 -0.025682638336049599 -0.0018092865146407937 0.0070509249673208043 0.014661907366218748 0.018999596671255631 0.010534872133710484 0 0.037293992000887836 0.0010950893331024109 -0.0029617443363207582 0.007644112048107196 0.025230021096911075 -0.0026762039339199924 -0.026755189298234092 0.0059574627832400416 0.025312360672859007 -0.0224867733922882
leaf_weight=173.14058551192284 160.4762394875288 60.125664085149765 63.704312190413475 19.395845293998718 22.92499352991581 111.03431981801987 43.515415117144585 299.81274347007275 120.12357832491398 3148.8996264487505 81.456895992159843 49.939763605594635 118.06063529849052 34.579650297760963 93.115484192967415 77.08701291680336 198.40383645892143 47.294028118252754 50.791063591837883 23.831565544009209 79.887045800685883 30.233105763792992 23.67756175994873 66.465840071439743 77.886290967464447 23.023739129304886 161.51362745463848 22.177304610610008 98.401453614234924 32.126115679740906
leaf_count=858 1057 269 288 116 106 707 189 1368 557 16301 360 210 529 154 406 362 864 200 236 102 367 132 103 278 330 108 967 102 431 140
internal_value=-8.09823e-05 -0.00167368 -0.000709376 -0.00265736 -0.0040815 -0.00305092 0.0109406 -0.00418177 0.00939401 -0.00348358 0.0062571 0.0131464 0.0211541 0.00932983 0.00591979 -0.00358046 0.00982498 0.00208128 -0.00112323 0.0193191 0.0278301 0.0247895 0.0103363 0.0153009 0.0177936 -0.00789962 -0.0241126 0.0184118 0.0206466 -0.0154588
internal_weight=5613.11 5289.15 5128.68 4405.36 4052.56 3871.65 723.321 3559.75 311.9 3448.71 583.308 352.799 140.986 484.643 403.186 111.667 291.519 134.676 170.915 218.123 140.013 323.952 70.9716 168.184 144.352 98.6653 180.909 150.812 120.579 55.1499
internal_count=28197 26674 25617 22398 20887 19804 3219 18376 1428 17669 2583 1511 635 2146 1786 516 1270 591 793 920 636 1523 303 710 608 437 1083 665 533 248
cat_boundaries=0 36 69 70 104 141 166 201 237 238 275 306 307 308 309 333 334 335
cat_threshold=0 0 262144 8192 2147483648 268435456 0 0 0 33554432 0 16 526400 0 262144 16 2049 512 0 16779328 4194304 0 8192 131072 32 512 134217732 24 0 0 0 32 0 0 2147483648 64 0 402653184 35653760 1073741856 0 8388880 540672 131072 0 0 0 0 256 46137476 184549376 163840 65536 0 0 0 0 32768 4104 0 0 0 8 0 0 2097152 0 0 2 4194364 0 0 131104 4096 512 2048 13 2 256 1073750048 0 0 8 0 1048576 0 0 268566528 0 33554432 143753216 0 1 21504 0 1 0 0 256 0 8388608 0 0 32768 0 83886080 65538 134217984 67108864 128 65536 0 2 536870912 2 0 1107296256 0 4 524288 0 1073741824 1107297280 3221225472 0 1048576 0 0 100663296 131072 0 1048576 0 0 0 0 536870912 0 0 0 16384 0 545259520 268443656 0 16777220 134225921 0 2147491904 32 0 67108864 0 0 0 32768 1610615808 0 2147483713 0 2097152 0 0 8388640 3288334338 8388608 0 0 73728 33620224 49154 67108864 65536 9437441 536870912 1048576 0 16448 0 16 0 2048 0 0 536870912 0 67108896 33554432 0 16 0 0 0 0 0 0 0 0 32 0 32 8454144 0 0 2048 8388608 603979776 71434240 256 1050624 1048576 1073741824 0 0 67108865 67108864 128 0 4 134217728 0 0 0 0 0 0 0 2048 0 33554944 0 65536 0 0 4096 0 512 10559233 301989888 0 134217733 17170432 32768 1048610 536870912 35913856 0 6 8192 65537 0 0 0 0 0 0 4202496 1 805306368 264 0 0 268435456 0 0 131072 0 0 0 0 0 0 0 0 131072 0 69206016 134217764 6272 512 2147487872 0 4112 0 1073741824 0 0 0 0 0 0 576 0 2 0 0 0 0 0 0 0 0 0 0 0 25165952 3525632 8 8401945 0 0 0 4096 512 0 0 0 0 1073741824 0 0 0 0 0 0 0 0 0 0 134217728 0 0 16384 19520 2147144
is_linear=0
shrinkage=0.04


Tree=42
num_leaves=31
num_cat=17
split_feature=50 50 52 50 50 50 50 50 50 50 52 10 50 31 38 36 42 13 52 52 52 12 39 37 52 18 40 39 53 8
split_gain=139.717 72.0611 60.2974 61.9535 52.9031 38.1108 35.7307 28.8833 24.5883 18.6216 17.9043 10.9475 9.42899 9.86722 10.0951 9.02839 8.2843 9.15802 8.13298 6.88884 6.62871 4.86308 4.46608 4.00097 6.65415 3.80499 3.76187 3.6495 3.20579 5.18863
threshold=0 1 2 3 4 5 6 7 8 9 10 1.5000000000000002 11 0.94151845574378978 0.18065268546342853 0.87939393520355236 0.6078576147556306 0.94151845574378978 12 13 14 2.5000000000000004 0.69337606430053722 0.39339827001094824 15 0.067041199654340758 0.78656607866287243 0.56330129504203807 16 25.500000000000004
decision_type=9 9 1 9 9 9 9 9 9 9 1 2 9 10 8 10 2 2 1 1 1 10 8 10 1 10 2 10 1 10
left_child=15 -2 5 -4 10 -3 18 19 -9 11 16 23 21 14 -14 20 -5 -18 -6 -8 -1 25 -20 24 -7 -11 -15 -22 -12 -30
right_child=1 2 3 4 6 9 7 8 -10 12 28 -13 13 26 -16 -17 17 -19 22 -21 27 -23 -24 -25 -26 -27 -28 -29 29 -31
leaf_value=0.0053783523517688704 -0.026135074333517267 0.027821250299509225 -0.025222241223292433 0.024126803328439413 0.018074531226058444 0.0081012917812444667 0.0008112798063344244 0.0049954733759115261 -0.0065627311852315727 0.015944874855245292 -0.0064800033065606421 -0.022075004696902618 0.019962927819842161 0.023191247097118086 -0.00094083733665788389 0.0071065164585692965 0.018737965065932095 -0.011881580417343992 -0.0022793407879244088 0.013058793092432932 0.024673738881336983 0.027223628944148738 0.010556605992245074 0.010229092038818957 -0.014221752249341966 0 0.0054082828673748789 0.038051084750711082 0.00034781694883007005 0.020192466451800003
leaf_weight=48.043600022792816 166.26640152186155 132.55495126545429 168.21213615685701 178.53154852986336 119.27026571333408 24.790330141782761 153.148547321558 319.95382754504681 2700.8056845441461 74.201754152774811 43.475112989544868 48.882202729582787 36.920277386903763 50.59861333668232 299.57278181612492 52.998784050345421 29.563867643475533 23.263192191720009 85.704431861639023 153.50425846874714 196.30616098642349 54.418888553977013 76.348063319921494 35.826683551073074 35.286901786923409 32.340685695409775 40.180002525448799 86.399411261081696 92.431688025593758 23.255894184112549
leaf_count=200 1134 581 1006 773 524 109 683 1568 14455 341 192 226 171 232 1358 250 129 101 376 669 933 238 334 158 157 137 176 412 413 98
internal_value=0.000390635 -0.00135266 -0.000454782 -0.0024602 -0.00140716 0.0090554 -0.00294008 -0.00411468 -0.00531328 0.0051453 0.0122938 -0.00716361 0.00831093 0.00475736 0.00155288 0.0232128 0.0192397 0.00504686 0.0103903 0.0073274 0.0262812 0.0164206 0.00356964 0.000245829 -0.00572881 0.0112225 0.0162223 0.0284335 0.00129491 0.00477815
internal_weight=5583.06 5199.31 5033.04 4167.47 3999.26 865.574 3608.74 3327.41 3020.76 733.019 390.521 144.786 588.233 427.272 336.493 383.748 231.359 52.8271 281.323 306.653 330.749 160.961 162.052 95.9039 60.0772 106.542 90.7786 282.706 159.163 115.688
internal_count=28134 26339 25205 21321 20315 3884 18609 17375 16023 3303 1706 650 2653 1937 1529 1795 1003 230 1234 1352 1545 716 710 424 266 478 408 1345 703 511
cat_boundaries=0 36 69 70 107 141 174 205 236 271 302 303 340 341 342 343 344 345
cat_threshold=0 0 401408 8192 2147516416 268435456 0 8388608 0 33570816 33554432 0 526344 0 0 1040 0 512 0 16779328 4194304 256 8396800 16 32 0 4 8 0 0 0 8224 0 0 0 64 0 0 33554432 2272 100663296 545259776 335560704 131072 0 0 0 0 1073750016 176160768 184549408 131200 32768 0 0 0 0 0 0 0 0 0 0 0 0 2097152 0 1048576 2 4198460 0 67108864 65536 6291712 524288 0 1078001664 0 2048 0 0 0 33554432 68157568 67108864 17334272 2 1073741824 1107296256 1073741824 0 17825792 0 0 100663296 132096 2048 0 4 0 0 0 0 0 0 0 16384 0 0 67109888 4096 268435968 1 16777224 0 32 1073741856 139264 2147483648 1 0 2147516416 0 0 268435456 0 0 66560 0 2097153 148480 8388608 513 134217728 16 0 0 8388608 0 0 32768 0 0 2147500032 33751296 16386 2147483712 16842816 0 4096 0 4 16448 16777216 0 0 1074266112 0 0 536870912 0 201326624 33554432 0 0 0 0 0 0 0 0 0 0 32 16384 0 16777224 2147745792 0 1048612 8650756 33562624 8388864 0 0 8704 16 32768 0 2048 0 20480 0 262144 40960 2097152 0 2147487744 268435456 0 16384 131072 0 0 524288 0 0 0 536870916 1311808 2048 0 2147500096 8192 8192 67108864 1040 0 1073750016 262144 0 524289 131072 4202496 2097152 605028352 0 0 67108864 4194304 0 0 0 256 0 256 0 1610612736 1048576 1 133140 2 0 2359296 0 2097154 0 0 0 16777216 1 537919488 64 32768 0 0 0 0 131360 1073741858 134217730 0 0 0 0 33554432 262208 64 0 0 2097152 0 67108864 201327636 4608 4325392 1052801 2147483649 1048592 0 1073774592 0 0 0 1073741824 0 0 64 0 2 0 32768 0 0 16384 536870912 0 0 0 0 0 8388608 9134339 0 4194304 65576 268435460 3145728 67108864 131072 2101505 536870912 0 67239936 2 0 16 262144 0 0 0 134217728 16 0 2048 0 131072 8389120 1024 0 0 8388608 0 0 0 0 8192 32 0 16384 338499 1429056 186880 12 65
is_linear=0
shrinkage=0.04


Tree=43
num_leaves=31
num_cat=19
split_feature=50 50 52 50 50 50 50 50 52 50 51 50 50 42 52 52 52 29 39 27 39 50 39 42 14 14 53 50 54 26
split_gain=117.183 73.7725 72.0691 54.3222 50.8122 33.4257 31.3992 26.4153 24.7083 23.3958 20.3602 31.9963 16.4378 15.5993 14.0393 12.0808 11.5927 8.78431 7.22204 6.86635 6.29026 6.14475 5.55872 8.49476 5.20825 4.90902 4.8383 4.42902 3.8659 3.84075
threshold=0 1 2 3 4 5 6 7 8 9 10 11 12 1.0000000180025095e-35 13 14 15 -1.0000000180025095e-35 0.14415584504604342 -0.06704119965434073 0.31851120293140417 16 0.29758481681346899 1.0000000180025095e-35 0.80104166269302379 0.96225070953369152 17 18 121.51551818847658 0.034785239025950439
decision_type=9 9 1 9 9 9 9 9 1 9 9 9 9 2 1 1 1 10 10 2 10 9 10 2 10 10 1 9 2 2
left_child=15 -2 4 14 22 -5 18 16 27 26 11 -9 -12 -11 -4 28 -7 20 -6 -18 -16 -19 23 -3 -24 -23 -10 -8 -1 -17
right_child=1 2 3 5 6 7 8 10 9 13 12 -13 -14 -15 17 29 19 21 -20 -21 -22 25 24 -25 -26 -27 -28 -29 -30 -31
leaf_value=-0.003113965683170281 -0.028739815114590676 0.021273852131341427 -0.0062619406148210115 -0.023267099674708934 -0.0049346549629733592 -0.0069038599304063345 0.0013110605668433476 0.0050362651071772669 0.02128081190902496 0.0030818496346859 -0.013531798640975118 -0.013881781590248528 -0.0014502876081744979 -0.0077311297238198094 0.030179972198382574 0.032637532079983024 0.017610183252773894 -0.00072020281057951472 -0.024983789254230181 0.0032985013968704325 0.010444682824731393 0.023142996058981381 0.012333173273820995 -0.00042173436396210514 0.035094081912047118 0.0014730698064299938 0.0035846032493561833 0.017739658048821612 0.015298239851783222 0.017091002071481398
leaf_weight=36.383691802620888 136.74411518126726 113.53495700657368 57.117079883813858 150.63015805184841 58.421166896820068 68.057399809360504 47.094872400164604 168.57283665239811 99.491501852869987 677.47758193314075 194.90807758271694 792.55454655736685 1389.5719610750675 305.4264065772295 74.385680675506592 181.63368798792362 121.01249803602695 77.501612529158592 65.863017603754997 105.26303291320801 55.649546414613724 51.332539603114128 32.726076573133469 35.556898221373558 82.799939796328545 27.738011732697487 60.48133884370327 230.63359259068966 26.926617845892906 58.941057607531548
leaf_count=160 947 515 259 953 280 336 208 887 424 3104 1111 4793 6904 1429 339 889 586 349 318 483 259 221 143 160 385 115 259 1021 113 256
internal_value=0.000167278 -0.00124796 -0.000431796 -0.0039186 0.00596161 -0.00566534 0.00306808 -0.0046074 0.00481278 0.002099 -0.00592955 -0.0105168 -0.00306191 -0.000277235 0.0108246 0.023719 0.00649588 0.0144381 -0.0151014 0.0107877 0.0225817 0.00795502 0.0217122 0.0161241 0.0295915 0.014584 0.0155855 0.0152321 0.004336 0.0281878
internal_weight=5584.43 5280.55 5143.8 3334.29 1809.51 2990.57 1544.89 2839.94 1420.61 1142.88 2545.61 961.127 1584.48 982.904 343.724 303.885 294.333 286.607 124.284 226.276 130.035 156.572 264.618 149.092 115.526 79.0706 159.973 277.728 63.3103 240.575
internal_count=28206 26788 25841 17595 8246 16053 7043 15100 6445 5216 13695 5680 8015 4533 1542 1418 1405 1283 598 1069 598 685 1203 675 528 336 683 1229 273 1145
cat_boundaries=0 36 70 71 103 132 169 206 241 242 279 280 316 346 347 348 349 381 382 413
cat_threshold=0 0 262144 8192 2147483648 0 536870920 2097152 0 33554432 67108864 0 526345 0 0 0 1 2147484160 0 16777216 12713984 0 8388864 32 32 0 134217728 8 0 0 0 8224 0 0 0 64 0 0 35651584 4196384 8388608 8388864 16384 0 2048 0 0 4 1073741824 209715205 50331648 131072 2 0 33554432 2147483648 0 0 0 0 0 0 2048 1048576 0 2097152 1024 1048576 0 128 12587135 16384 8388608 131076 2147483649 1056832 1050625 0 128 1 32 33554432 1 512 16384 0 2048 524288 0 0 2097153 1048576 256 1 67108864 268435456 0 4 0 256 0 0 2164260864 0 0 8192 2101248 16384 270532608 16777220 9437185 0 0 131072 534530 0 1081360 2147745792 1048592 0 135168 0 0 134283264 0 0 131328 0 1 0 0 536870912 0 67108864 8258 2097280 203948032 335548416 0 0 0 8388608 0 0 58720256 1048576 4 16 0 0 1024 0 0 0 0 0 33554432 0 0 0 0 2147483776 0 0 2 67108864 0 512 32768 0 268435456 524292 1 24 64 3225419777 268435488 1 98304 268435456 0 0 1073758208 0 0 0 0 0 0 0 0 4096 0 0 131072 0 8192 0 17408 16777344 0 0 0 0 0 16384 0 0 134217728 67141632 268435456 139264 8650752 33558528 4352 1073758272 64 256 4 0 0 3 268435456 32768 0 0 294912 0 0 16384 1 0 0 131328 0 0 0 0 0 0 64 28 0 0 1207959552 256 4229120 2281701378 8194 0 0 1073741824 128 134217728 2097152 0 0 1073742849 2048 0 0 0 67117056 2056 0 1040 0 0 0 0 0 0 8388608 0 0 0 0 0 32768 8500300 0 0 4194336 1049088 16 4210724 0 134479888 0 32768 32768 65536 0 1073741824 16385 0 8512 268435456 0 0 0 0 2097152 4096 8388608 512 0 0 0 0 262208 64 0 0 0 8388608 0 2097152 2147483648 1073742080 2 512 16850944 131072 0 268435968 128 8192 0 33685504 67108864 0 98304 2048 0 0 1073741824 65536 16777216 131072 536871424 0 8 0 16778240 2048 2130048 626048 3180544 0 0 4 1 0 1048577 0 0 1 0 0 0 0 16384 0 0 0 0 0 2097152 0 0 0 0 0 0 0 0 0 0 0 2147483648 108 0 67108864 34 0 2097152 4224 0 0 4096 1074790400 0 64 0 0 0 0 64 0 0 0 8192 0 0 0 0 0 4 0 0 0 8388608
is_linear=0
shrinkage=0.04


Tree=44
num_leaves=31
num_cat=9
split_feature=50 50 50 35 50 50 50 50 40 30 51 40 4 41 19 33 40 40 4 39 8 30 43 41 53 54 40 39 33 26
split_gain=120.967 78.2868 50.1752 42.5085 54.2328 50.184 33.3375 24.6943 21.119 15.5394 14.3696 10.9869 10.3563 8.68581 7.65515 6.46245 6.16645 6.0116 5.89838 5.14608 4.20641 6.60175 4.12682 3.57354 3.56387 3.43898 3.0703 2.35384 2.14381 1.62167
threshold=0 1 2 0.067231640219688429 3 4 5 6 -0.6035533845424651 0.96446609497070324 7 1.0000000180025095e-35 0.9529346525669099 -0.6035533845424651 1.0000000180025095e-35 0.051597362384200103 0.91597560048103344 -0.37940952181816096 0.98856806755065929 0.85912698507308971 11.500000000000002 0.5937500298023225 0.81174489855766307 0.12940952181816107 8 121.45063400268556 -0.37940952181816096 0.66939890384674083 0.1820107847452164 0.33060109615325933
decision_type=9 9 9 8 9 9 9 9 2 10 9 2 2 2 2 8 2 2 2 8 10 8 2 2 1 2 2 8 10 2
left_child=14 29 -3 5 15 9 13 19 -9 -4 11 18 -13 24 23 27 22 -15 -7 -8 21 -17 -12 -1 -6 -11 -16 -5 -22 -2
right_child=1 2 3 4 6 10 7 8 -10 25 16 12 -14 17 26 20 -18 -19 -20 -21 28 -23 -24 -25 -26 -27 -28 -29 -30 -31
leaf_value=0.018649550036362813 -0.035132719276001118 -0.025060408198066434 0.042482746795135785 -0.0051175014741026209 0.0057263160907567532 0.0037374797163184184 -0.024196643019442132 -0.006748719148298582 -0.00031546375366495449 0.025526113398042904 0.0086279019400041877 -0.014986792323238848 0.0084570929542997653 0.0065147399100951341 0.0030280809882248729 0.024143908494801743 -0.0042592273481589548 0.019471578444742687 -0.015332913795579748 -0.0090124362702967958 0.029548778551573545 0.006674518865547277 0.021505359577804511 0.033988702246704729 -0.0058406959425937703 0.008072110730751321 0.020169862172323527 0.01032638315705664 0.010114608077896228 -0.020860916349203167
leaf_weight=65.268289029598236 86.760050296783447 113.3590469956398 74.753944784402847 29.100459814071655 77.920457273721695 29.455463245511055 108.32155958563089 1389.5221792533994 1987.6627168357372 35.523411720991135 180.94972785562277 32.615753218531609 143.26647618412971 134.68650043010712 35.473795786499977 53.783195957541466 38.160027757287025 117.06561502814293 107.96786807477474 72.871256433427334 62.248153612017632 110.66946582496166 58.084592401981354 143.9665896743536 63.420900106430054 54.615098625421524 38.82757942378521 23.593746900558472 22.881801351904869 65.36759053170681
leaf_count=275 561 715 339 126 344 136 602 7686 9823 158 828 145 637 632 155 246 165 503 505 404 272 487 269 750 284 264 170 100 101 482
internal_value=0.00014703 -0.00124815 -0.000364096 0.000263963 -0.00128714 0.0089793 -0.00255713 -0.00379016 -0.0029656 0.0274819 0.00307845 -0.00272059 0.00370497 0.0082846 0.0249223 0.0146281 0.00950458 0.0128795 -0.0111172 -0.0176551 0.0177562 0.0130496 0.0122155 0.0298441 0.000369405 0.0161409 0.012945 0.00174646 0.0253979 -0.0281923
internal_weight=5558.16 5274.63 5122.5 5009.14 4253.75 755.392 3951.47 3558.38 3377.18 164.892 590.5 313.306 175.882 393.093 283.536 302.277 277.194 251.752 137.423 181.193 249.583 164.453 239.034 209.235 141.341 90.1385 74.3014 52.6942 85.13 152.128
internal_count=28164 26814 25771 25056 21610 3446 20278 18515 17509 761 2685 1423 782 1763 1350 1332 1262 1135 641 1006 1106 733 1097 1025 628 422 325 226 373 1043
cat_boundaries=0 35 69 105 139 175 209 234 235 236
cat_threshold=0 0 262144 8192 2147516416 268435488 0 2 16777216 33554432 0 0 526344 0 0 16 2048 4608 0 16777280 4195328 0 8396800 0 32 0 134217728 24 0 0 0 8224 0 0 2147483648 0 0 33554432 4196384 0 545259776 67125248 131072 0 0 0 0 0 8388740 50331648 163968 16777216 0 33554432 0 1073741824 1048576 0 0 67108864 0 0 1056768 516 2113536 0 1048576 0 128 8388608 0 2097152 0 76021760 0 524288 268435456 264192 524288 0 0 1207967744 33554433 134225952 524288 0 0 0 1073741824 0 0 8 1081344 4 0 2056 524288 0 0 65536 0 536870914 0 0 33554432 16 8388608 0 335544320 263172 1048578 5 33554432 0 1074790498 0 8912897 0 131072 1048576 0 8 268435456 0 0 268435712 2097408 32 131072 8388608 0 0 0 0 0 0 0 0 32768 0 0 8192 65536 0 131136 0 0 536870912 65552 131072 16386 4194304 2129920 262144 1 1 131072 536870912 0 131104 33554432 257 16 4194304 262144 4 0 0 0 0 16777216 0 0 0 64 16384 0 67642368 4096 16448 2099200 536870912 32768 256 16384 100663296 8192 1048576 0 0 1024 0 0 0 262160 65536 2048 0 268451872 268435968 0 0 0 256 0 0 2147483648 32 8192 0 0 2048 10486784 0 8 4194304 0 16 536870928 128 0 37748736 71319600 2 33554433 0 133124 536870912 0 2048 32768 4 0 37748736 67137099 86
is_linear=0
shrinkage=0.04


Tree=45
num_leaves=31
num_cat=18
split_feature=50 50 52 50 50 50 50 50 52 50 52 42 9 52 52 51 42 7 50 15 37 52 39 39 37 52 42 51 15 42
split_gain=115.211 76.1778 52.893 55.9796 44.3644 43.558 26.7989 28.8893 17.9704 20.0268 17.215 12.6762 10.1689 9.7383 9.65034 8.95555 8.60442 8.36452 7.18828 5.41665 6.2345 5.05488 5.73782 4.71706 4.53937 6.34611 4.15303 3.91937 6.58051 3.32581
threshold=0 1 2 3 4 5 6 7 8 9 10 1.0000000180025095e-35 11.500000000000002 11 12 13 -0.60785761475563038 24.500000000000004 14 0.30839161574840551 0.57259953022003185 15 0.59317129850387584 0.45584416389465338 0.46201923489570623 16 -0.87837970256805409 17 0.85053193569183361 -0.60785761475563038
decision_type=9 9 1 9 9 9 9 9 1 9 1 2 8 1 1 9 2 2 9 10 8 1 10 10 10 1 2 9 10 2
left_child=12 -2 5 19 -5 17 21 14 27 11 -9 -10 13 -1 -8 18 -17 -3 -11 23 24 22 -6 -4 25 -21 -15 28 -7 -22
right_child=1 2 3 4 6 8 7 10 9 15 -12 -13 -14 26 -16 16 -18 -19 -20 20 29 -23 -24 -25 -26 -27 -28 -29 -30 -31
leaf_value=-0.002163674139536042 -0.030340100886565212 0.028177941841690077 0.031047628031651883 -0.024621731552950981 -0.0019513783769981967 -0.011488694368732096 0.011722075349019539 -0.011546115321482498 0.018723317497051591 0.0031867570034428486 -0.0040872433082832001 -0.0054263678224266256 0.029003730573975844 0.0035609900170088431 0 0.0064000290114384342 -0.0041230549867648479 0.003013866604311436 -0.014799356523977774 0.015938145451075227 0.011244875409353964 0.014747002768658481 0.014420636419998259 0.0064922786777948938 0.02736954408296231 -0.001151075782199151 0.024112999918551439 0.017132558406536557 0.014381683327709772 -0.0041156067334901757
leaf_weight=46.774430751800537 126.92317342013121 160.82738633453846 41.090880334377289 152.29688900709152 106.23626247048378 24.526701837778091 173.11587980389595 687.91932211071253 131.68828347325325 44.874278753995895 1928.2933148741722 42.544506251811981 183.34378704428673 23.508745342493057 289.64237719774246 204.13803443312645 301.28757704794407 27.780473664402962 127.1762600839138 82.993015125393867 28.946084663271904 112.24389065802097 43.903109148144722 24.833605781197548 32.413928732275963 55.785532727837563 101.53576153516769 145.78500215709209 28.245767638087273 60.862537235021591
leaf_count=195 864 729 182 951 506 103 772 3917 570 214 10328 185 887 110 1343 920 1387 135 628 358 123 501 205 111 138 239 489 645 131 265
internal_value=0.000100067 -0.00143124 -0.000614537 -0.00294795 -0.00444809 0.00651472 -0.0034167 -0.00447718 0.00315148 0.000511822 -0.00611076 0.0120553 0.0216646 0.0143466 0.00461832 -0.00262488 0.00010693 0.0235328 -0.0101219 0.0125165 0.0098308 0.00852472 0.00283488 0.0231895 0.0142137 0.0101569 0.0192112 0.0135494 0.0017545 0.000956191
internal_weight=5541.54 5186.37 5059.45 3820.58 3493.65 1238.87 3341.35 3078.97 1050.27 851.709 2616.21 174.233 355.163 171.819 462.758 677.476 505.426 188.608 172.051 326.926 261.001 262.383 150.139 65.9245 171.192 138.779 125.045 198.557 52.7725 89.8086
internal_count=28131 26450 25586 19939 18523 5647 17572 16360 4783 3904 14245 755 1681 794 2115 3149 2307 864 842 1416 1123 1212 711 293 735 597 599 879 234 388
cat_boundaries=0 32 64 65 98 135 168 203 235 236 267 268 269 270 271 308 309 310 311
cat_threshold=0 0 270336 8192 2147483648 268435457 0 8388608 0 33554464 131072 524304 526344 0 262144 0 1 512 0 16779328 12648448 0 8193 0 32 512 134217728 8 0 0 0 8224 0 0 33554432 32 8388608 8388880 16384 268435456 264208 0 0 4194304 8192 8388608 50331648 32768 32768 0 33554432 0 0 16777220 12 0 4100 0 8192 0 4 2149597184 0 1048576 12582974 0 536870912 132128 32768 262212 1179680 262152 33570816 16777216 0 8320 8389120 64 0 0 1 524288 0 0 33554432 269484032 0 8388608 0 0 0 4 0 0 0 0 16777216 67108864 8454144 339738624 32770 169869312 0 67113472 0 0 33554432 68157440 0 16384 50349056 33554576 0 131072 65536 1073741824 134217728 1073741824 0 0 0 0 0 0 0 0 0 0 1024 0 32 0 0 0 32768 0 4194304 134234112 33620224 32768 2 16785472 2097152 0 0 0 24578 20971520 18 2147483648 2064 2048 0 0 16 67108864 33554432 256 131072 0 0 0 0 0 0 0 0 32 33570832 0 8 2 131072 2147483648 0 262144 0 81920 0 0 0 2146304 1 1026 0 4096 0 262144 33792 256 0 2147483648 406847488 0 0 131072 0 4194304 0 2147483648 0 0 64 0 0 88084480 2147483648 8200 136333316 536870913 135266304 536871168 1073741840 64 0 16 0 0 0 0 2147483648 8192 1 393216 8 0 16386 0 0 0 0 0 0 0 64 12 0 0 2147483648 4096 2098690 196608 131078 0 4096 268500992 67108864 0 0 32768 0 1280 512 0 2 0 140288 8 0 1024 0 262144 4 16777216 0 0 8388864 1638912 2527808 1246080 8405061 0 0 0 0 2048 20480 65536 256 0 0 0 0 0 131072 4194304 0 0 0 0 0 0 0 0 0 0 0 0 0 0 0 128 0 0 0 0 0 16384 3982336 1941505 131085
is_linear=0
shrinkage=0.04


Tree=46
num_leaves=31
num_cat=16
split_feature=50 50 52 50 50 50 50 50 52 50 52 52 13 15 50 44 17 29 15 52 9 37 39 52 55 39 37 35 52 55
split_gain=110.832 69.6992 60.6669 45.8858 45.8751 39.0485 28.5873 27.9617 30.8837 22.4743 21.5159 17.4397 13.6287 14.445 12.7537 11.878 11.3028 8.76309 7.55357 6.52041 6.47247 6.14728 8.00023 6.1229 5.99687 5.72994 5.04196 4.64321 4.53891 3.62268
threshold=0 1 2 3 4 5 6 7 8 9 10 11 0.97467949986457836 0.54653680324554454 12 1.0000000180025095e-35 0.15047170221805575 1.0000000180025095e-35 0.40238095819950109 13 22.500000000000004 0.65075755119323742 0.5045454502105714 14 25.04283428192139 0.65108695626258861 0.83469945192337047 0.2152509689331055 15 25.023274421691898
decision_type=9 9 1 9 9 9 9 9 1 9 1 1 2 10 9 2 10 8 10 1 10 10 8 1 2 8 10 10 1 2
left_child=16 -2 3 20 17 -6 12 10 -9 18 -8 24 28 -14 25 -16 29 21 -5 -18 -3 22 -4 -19 -11 -13 -23 -20 -7 -1
right_child=1 2 4 9 5 6 7 8 -10 11 -12 14 13 -15 15 -17 19 23 27 -21 -22 26 -24 -25 -26 -27 -28 -29 -30 -31
leaf_value=0.021634720338350528 -0.026886020418895779 0.026689641754848874 0.0076601551410726346 0.00097268788163462063 -0.022893939263170123 -0.0022039039510047169 0.01284985558680251 -0.014515261937495685 -0.0040864842255694239 0.0069632302953721069 -0.0045067784973585427 0.0016587778509054207 0.016811541709949807 -0.012504038566398293 -0.008014804078201718 0.0024368495048118512 -0.0070321990349073438 0.012888376427003443 0.013662666508343937 0.015394210977680366 0.0026398361499011913 -0.0081595862914331865 0.028433047952677079 -0.0058579876919921305 0.029819163624685459 0.016806177795960678 0.015003692422694666 0.031167205877408573 0.015055483715538625 0.035445426954346416
leaf_weight=125.34714166820049 155.91689644753933 182.83289869129658 55.734880477190018 42.962993115186691 167.25788122415543 28.818118244409561 216.11730490624905 597.45210142433643 1947.6958363130689 45.589819461107254 214.81804530322552 92.011028617620468 33.704202979803085 82.152280181646347 415.83869048953056 289.48010268807411 24.037729516625404 29.646197780966759 89.377413094043732 37.948311492800713 23.155696630477905 24.049103066325188 86.183148413896561 58.996404811739922 36.467190727591515 72.385681927204132 25.537285283207893 47.26177404820919 186.41343973577023 95.722904115915298
leaf_count=605 1081 862 240 197 1016 132 996 3405 10446 197 1020 400 149 356 1943 1319 108 129 394 169 116 106 374 261 169 324 112 207 843 474
internal_value=-0.000406145 -0.00175174 -0.000901494 0.00636471 -0.00351002 -0.00478365 -0.00376248 -0.00501368 -0.00661307 0.00303555 0.00429229 0.000470562 0.00715635 -0.00346757 -0.00128161 -0.00365857 0.0233203 0.0116584 0.0154415 0.00777142 0.0231121 0.0167884 0.0209495 0.00130226 0.0165757 0.00825811 0.00368486 0.020745 0.0132397 0.0283549
internal_weight=5530.91 5247.86 5091.94 1337.36 3754.58 3474.43 3307.17 2976.08 2545.15 1131.37 430.935 951.773 331.088 115.856 869.716 705.319 283.056 280.147 179.602 61.986 205.989 191.504 141.918 88.6426 82.057 164.397 49.5864 136.639 215.232 221.07
internal_count=28150 26794 25713 6128 19585 18363 17347 15867 13851 5150 2016 4352 1480 505 3986 3262 1356 1222 798 277 978 832 614 390 366 724 218 601 975 1079
cat_boundaries=0 35 69 70 103 134 171 203 240 241 278 279 280 307 308 309 310
cat_threshold=0 0 0 2147491840 2147483648 32 0 16386 0 33554432 0 0 526344 0 0 2048 1 512 536870912 16779328 12779520 0 139265 0 32 0 134217728 24 0 0 256 32 0 0 2147483648 0 0 33554432 40 0 8392960 2621440 131072 2048 0 268435456 0 1073758208 262277 50331680 33718272 0 262144 0 0 0 1048576 4096 0 33554432 0 0 0 0 2113536 1024 1048576 0 128 12582973 0 4194304 270336 65536 51200 268435458 65600 1048576 0 0 67108992 134217792 0 32784 1048576 272 0 4096 0 0 67109888 33554432 0 131072 0 262144 0 0 0 0 0 0 67108864 33570816 8388608 131108 32768 0 1181696 1 262144 16777216 8224 0 16 0 2097152 0 1024 524288 268566528 4194304 0 1048608 0 2097152 2214596624 0 0 4 0 0 0 8388608 65536 201326592 2147590144 2097152 134742018 603979776 65536 0 0 1048576 4 134217728 33554432 16 4 0 0 1073741828 134217728 1073741824 0 0 16777216 0 67108864 1024 0 1048576 0 0 65536 0 0 0 0 0 32768 0 536870912 1040 786432 1081856 2149580801 262152 2097280 0 0 8 0 65 0 0 1082130433 268435456 2097152 0 1 270336 2097152 8388608 0 8388608 0 0 0 256 0 64 2147483648 0 0 16777224 603979780 16789580 0 0 0 1073741824 65536 131072 256 0 0 0 0 64 1 8192 262144 134217984 4352 0 512 138412032 0 0 0 0 128 0 0 0 0 64 0 131072 1579008 0 0 16384 33554944 2097154 128 16777216 33554433 536875008 1073741824 131076 540672 0 2 2147745796 0 2048 268435456 0 20 0 0 0 1280 0 0 0 0 536870912 0 524288 0 0 8192 0 64 32768 1708930 8 0 2097152 3221225472 256 4588096 2147484160 0 4352 0 0 0 32784 18874368 524288 0 1027 0 131072 0 0 32768 2097160 0 67108864 0 0 4 6963712 466946 2195456
is_linear=0
shrinkage=0.04


Tree=47
num_leaves=31
num_cat=15
split_feature=11 52 65 51 52 51 51 42 52 51 52 52 51 28 38 16 55 55 8 55 31 37 53 52 14 2 52 53 52 12
split_gain=80.3814 36.2665 34.7914 24.9821 24.2728 23.9571 16.4545 15.82 27.7938 15.0408 13.02 11.9116 11.5435 10.6895 11.6947 10.5988 10.442 15.1626 10.2905 10.205 9.36869 8.8039 8.71851 8.10337 7.27813 7.08058 6.85811 9.94327 6.58738 9.43365
threshold=1.5000000000000002 0 3.5000000000000004 1 2 3 4 -0.60785761475563038 5 6 7 8 9 -6.4999999999999991 0.86715686321258556 0.091966174542903914 24.973035812377933 25.029530525207523 22.500000000000004 25.019770622253422 0.69309264421463024 0.40192307531833654 10 11 0.97837775945663463 21.500000000000004 12 13 14 9.5000000000000018
decision_type=8 1 2 9 1 9 9 2 1 9 1 1 9 10 8 2 2 2 8 2 8 8 1 1 10 2 1 1 1 10
left_child=2 3 4 18 12 7 -4 8 -3 -6 -9 19 25 -5 -15 -10 21 28 -2 -7 -11 -13 24 -8 -22 -1 -19 -28 29 -18
right_child=1 5 6 13 9 11 23 10 15 20 -12 16 -14 14 -16 -17 17 26 -20 -21 22 -23 -24 -25 -26 -27 27 -29 -30 -31
leaf_value=-0.0026677437527050287 0.00382561154608645 0.021773940468622334 0.024661341768511771 -0.00034354782897708493 0.021281960785850443 0.0042907501287674692 0.013246688109564354 -0.0018108152650904367 0.0069315752425140008 -0.001850094541638182 -0.015449330602628517 -0.00092846953063672262 0.0054687599052720736 -0.015913322247828616 -0.0070151476203891032 -0.012813084997382722 -0.0049617781633374165 0.011699564416884417 -0.019908535968530722 0.021247488140927022 0.0059935001328370076 0.015931367690155095 0.011175512775177688 -0.003112141948626052 -0.012833032034290195 -0.015330067663143359 0.0076154914471628244 -0.012837881819243353 -0.0081920241159136892 0.012042697971851899
leaf_weight=430.86294993013144 301.69001376628876 66.874140925705433 204.29406078159809 136.19728216528893 115.90420647710562 143.87835089117289 103.29396383464336 211.22447346895933 60.317333273589611 176.76787865161896 273.29515537619591 76.930565729737282 249.32451121509075 624.03497559577227 416.1657951399684 123.9478907212615 149.10286183655262 159.8279283195734 27.19937090575695 97.211579829454422 86.166951820254326 121.87528169155121 429.04825705289841 75.928872987627983 46.186174668371677 82.086996488273144 79.636747881770134 48.479366645216942 313.38241202384233 73.724838733673096
leaf_count=2069 1455 319 1005 774 530 719 504 1131 305 836 1558 366 1167 3790 2472 669 724 721 147 421 394 582 1954 348 210 418 361 222 1592 374
internal_value=6.17931e-05 -0.00358432 0.00645501 -0.00823584 0.00384206 -1.99055e-05 0.0172247 -0.00570214 0.0022771 0.00840161 -0.00997635 0.00329953 -0.00135382 -0.0109561 -0.012423 -0.00591909 0.00131963 -0.000645846 0.00148953 0.0110529 0.00596906 0.00944638 0.00856637 0.00650809 -0.000613931 -0.00476905 0.00666057 -0.000518707 -0.00463162 0.0006872
internal_weight=5504.86 3505 1999.86 1505.29 1616.35 1999.71 383.517 735.659 251.139 854.073 484.52 1264.05 762.274 1176.4 1040.2 184.265 1022.96 824.154 328.889 241.09 738.169 198.806 561.401 179.223 132.353 512.95 287.944 128.116 536.21 222.828
internal_count=28137 18702 9435 8638 7578 10064 1857 3982 1293 3924 2689 6082 3654 7036 6262 974 4942 3994 1602 1140 3394 948 2558 852 604 2487 1304 583 2690 1098
cat_boundaries=0 1 2 3 4 5 6 7 8 9 10 11 12 13 14 15
cat_threshold=3968514 918048 8119360 8991788 55359616 8388764 67440674 213021 4194444 67124815 18 6438958 8454417 114 12656
is_linear=0
shrinkage=0.04


Tree=48
num_leaves=31
num_cat=19
split_feature=50 50 52 50 50 50 50 50 50 50 50 13 15 51 27 52 0 14 13 26 52 52 52 42 38 38 40 53 52 52
split_gain=91.8433 71.0186 51.6886 56.9572 54.3454 34.1164 31.754 27.0597 24.4362 22.335 18.2291 15.159 12.2147 11.5626 11.2901 10.3319 9.25671 9.19674 8.38512 8.33718 8.06858 8.04415 6.75116 9.12387 6.40912 6.3122 6.01394 4.35329 4.19655 3.81068
threshold=0 1 2 3 4 5 6 7 8 9 10 0.93295881152153026 0.45346321165561682 11 -0.024695121683180329 12 18.500000000000004 0.3303030282258988 0.99494948983192455 0.077677227556705489 13 14 15 -0.60785761475563038 0.41763564944267279 0.36451049149036413 0.78656607866287243 16 17 18
decision_type=9 9 1 9 9 9 9 9 9 9 9 2 8 9 2 1 2 10 2 2 1 1 1 2 8 8 2 1 1 1
left_child=19 26 4 11 17 -5 18 15 12 -10 22 20 -9 21 -15 25 29 -3 -6 -1 -4 -12 -8 -24 -19 -7 -2 -17 -18 -13
right_child=1 2 3 5 6 7 10 8 9 -11 13 16 -14 14 -16 27 28 24 -20 -21 -22 -23 23 -25 -26 -27 -28 -29 -30 -31
leaf_value=0.026353488194556612 -0.032942387201255668 -0.0004571001109120417 -0.0028530973723628352 -0.021752747389689134 -0.019581056702364964 -0.00023965643295635678 0.024100021171572936 0.015968560697932718 0.0025138438689816735 -0.0086043093644063481 0.010001575632200594 0.0054555612074207727 -0.00021017150197565887 0.0071391263580708421 -0.00083031984794529248 -0.010413515139118319 0.0222829947515591 0.036978367650878301 0.0013120788397815012 0.0075638855155751661 0.022308488533664631 -0.012589329275631394 0.018305701702726919 -0.0026382351744948206 0.019629789386635076 0.022528204963566049 -0.0088674150298751007 0.0043818324340410084 0.00077336507533494708 -0.010136452021645967
leaf_weight=218.63729636371136 119.21415079385042 23.024402007460594 25.570670753717422 172.96022741496563 123.58277527987957 22.14533069729805 79.176154509186745 100.61240586638451 338.71473969519138 1811.632897362113 20.691126555204391 26.675148785114288 246.34964647889137 630.53956151753664 505.7452280819416 29.681029692292213 24.372806191444397 61.208379536867142 37.300496369600296 55.424940302968025 159.73802012205124 113.09593214094639 57.695448890328407 65.657829165458679 164.33595818281174 91.050850957632065 27.213898070156574 95.414155840873718 39.185179859399796 60.973792865872383
leaf_count=1102 851 101 115 1105 590 102 359 490 1605 10339 88 116 1171 2961 2232 139 107 288 171 244 716 577 253 287 784 416 192 434 175 261
internal_value=8.11724e-05 -0.00111561 -0.000288282 -0.00334592 0.00495799 -0.00516728 0.00219964 -0.00399847 -0.00524381 -0.0068385 0.00409274 0.0118882 0.00445807 0.002208 0.00355526 0.00851145 0.00253834 0.021852 -0.0138858 0.0220391 0.0197699 -0.00830499 0.0148528 0.0068034 0.0251245 0.0166725 -0.0272416 0 0.0137001 -0.00564219
internal_weight=5547.62 5273.56 5127.13 3245.08 1882.05 2908.56 1633.48 2735.6 2497.31 2150.35 1472.6 336.516 346.962 1270.07 1136.28 238.291 151.207 248.569 160.883 274.062 185.309 133.787 202.529 123.353 225.544 113.196 146.428 125.095 63.558 87.6489
internal_count=28371 27025 25982 17291 8691 15801 7518 14696 13605 11944 6757 1490 1661 5858 5193 1091 659 1173 761 1346 831 665 899 540 1072 518 1043 573 282 377
cat_boundaries=0 35 67 68 100 136 173 203 235 268 299 332 333 334 335 336 337 338 339 340
cat_threshold=0 0 0 268443648 2147483648 268435456 0 0 0 33554464 0 0 526345 0 0 16 0 66048 0 16779264 4259840 33554432 0 16 32 262656 134217732 8 0 0 0 32 0 0 2147483648 0 0 33587200 104 8388608 8388880 0 131072 262144 1024 0 0 1073750016 8388608 117440512 131200 0 16 0 1073741824 0 1048576 4096 0 67108864 0 2048 0 0 2149580800 66560 1048576 12652607 0 8388608 285343744 2147483650 0 1048577 262144 2097152 257 73728 33554432 8389121 4 0 0 0 64 131072 0 2097153 8388608 4194304 8388641 0 402653184 0 0 0 256 0 0 2147483648 0 0 270336 2162688 2129922 33554434 0 1056768 0 0 67108864 134750208 18874368 32784 1310720 256 0 2147483648 0 0 201326592 0 256 131072 0 0 0 16777216 0 0 0 8192 1 0 32 64 65536 268435456 2147491840 1075842176 134742018 67375106 34078720 0 0 0 0 0 50331648 144 0 524288 16777216 1073741824 134217728 0 0 4 0 131072 33554432 0 0 0 0 0 0 0 2 0 0 0 32768 0 67108864 1024 1 268439568 1572864 3225550849 4128 8193 4293136 268435456 0 0 67108864 0 0 4160 0 2 0 0 0 32 0 4096 0 0 8320 0 1024 16 0 0 0 17825856 133156 536870912 33554560 8224 64 8192 1024 0 1073741824 0 1073741824 268959744 0 8192 0 536903680 0 131072 2147500546 0 0 0 0 0 0 0 16777216 16384 536870912 1025 655361 272400 136314944 8 134217728 0 3 0 16 0 16777216 0 2048 512 32768 0 0 1310720 256 2097152 67108896 0 0 0 0 0 0 262144 0 524288 0 0 134217764 294916 268435468 2147516416 1 8388608 0 16400 67108864 0 0 40960 0 536875010 0 268435456 0 262144 32 66048 0 0 4194304 0 0 131328 64 0 8388608 0 4194304 4096 4096 540672 512 16777286 0 0 2 131072 0 0 131074 0 1073741824 1 268439552 536870912 4 0 0 0 1073746208 8388608 1024 0 0 536870912 0 33554688 0 67108864 8388613 1737088 2113664 28 65549 33 666112 271616
is_linear=0
shrinkage=0.04


Tree=49
num_leaves=31
num_cat=19
split_feature=50 50 50 52 50 50 50 50 50 52 50 50 52 65 52 53 39 52 50 13 54 0 7 52 30 39 38 42 17 52
split_gain=98.6736 66.9407 45.6642 40.9007 63.9621 48.2671 38.8056 37.2745 28.2822 22.4334 22.4237 20.0559 13.0741 10.5321 9.83787 7.85993 7.19074 7.10286 6.95101 6.93989 5.72203 4.55737 6.99674 5.66872 4.22084 3.49251 2.77841 2.73378 2.29454 2.23802
threshold=0 1 2 3 4 5 6 7 8 9 10 11 12 3.5000000000000004 13 14 0.38548950850963598 15 16 0.96039214730262767 121.46842193603517 11.500000000000002 24.500000000000004 17 0.90000000596046459 0.26568628847599035 0.71119534969329845 -0.60785761475563038 0.21370023488998416 18
decision_type=9 9 9 1 9 9 9 9 9 1 9 9 1 2 1 1 8 1 9 2 2 2 2 1 10 10 10 2 10 1
left_child=12 -2 26 5 14 17 21 29 15 13 -10 -11 -1 -8 19 -9 -16 -4 -19 27 -14 23 -23 -7 -18 -21 -3 -5 -20 -6
right_child=1 2 3 4 7 6 9 8 10 11 -12 -13 20 -15 16 -17 24 18 28 25 -22 22 -24 -25 -26 -27 -28 -29 -30 -31
leaf_value=0.033369967088940057 -0.027330269526427014 -0.028305569401439558 -0.022618866546708218 0.012804836971566735 -1.1611845121293396e-05 -0.005053273006688115 0.030813293450908535 0.014746073011096233 0.0046433702108517752 0.015282698968010162 -0.007296157170273712 0.0013906425282937441 0 0 -0.0072308224297201974 0.00093560649847038906 0.0024983776306233218 0.010304393848358096 -0.019464387580257675 0 0.018358318602811528 0.029612470787295828 0.0076453593378528317 0.017112302446160563 0.019505086862806015 0.018234273394056914 -0.0069675465196139298 0.030437093800599269 -0.0013745313824409312 -0.027096131435497078
leaf_weight=135.87122718989849 135.21897195279598 97.349616579711437 94.424564182758331 35.486911684274673 16.618396446108818 22.647450506687164 72.419090822339058 127.57763117551804 285.24160216748714 172.47440612316132 1700.5639427304268 1596.0406019091606 43.889002397656441 23.482597395777702 49.744188100099564 145.60836893320084 55.576053619384766 23.40490934252739 30.794638127088547 39.021853387355804 60.395377978682518 134.73380486667156 36.1043471544981 37.592142596840858 42.457264557480812 27.735038444399834 18.035520128905773 83.656321734189987 21.213919743895531 123.06784841418266
leaf_count=708 990 641 477 162 109 119 322 618 1378 778 9520 7461 190 121 218 700 252 107 138 167 269 621 180 194 185 118 116 374 103 819
internal_value=0.000165138 -0.00100964 -0.000231765 0.000372866 -0.00291085 0.00433543 0.00603569 -0.00521678 -0.00387432 0.00400999 -0.00554921 0.00287382 0.0244604 0.0215591 0.0131195 0.00788632 0.00418457 -0.0153219 -0.00372747 0.0192799 0.00994798 0.0210578 0.0254332 0.0105723 0.010647 0.00859098 -0.0236037 0.0260737 -0.0112337 -0.0243168
internal_weight=5488.45 5248.29 5113.07 4997.69 2732.36 2265.33 2095.49 2398.68 2258.99 1864.42 1985.81 1768.52 240.156 95.9017 333.678 273.186 147.778 169.838 75.4135 185.9 104.284 231.078 170.838 60.2396 98.0333 66.7569 115.385 119.143 52.0086 139.686
internal_count=28155 26988 25998 25241 14620 10621 9796 13144 12216 8682 10898 8239 1167 443 1476 1318 655 825 348 821 459 1114 801 313 437 285 757 536 241 928
cat_boundaries=0 36 70 101 102 134 171 203 240 272 273 308 339 340 341 342 343 360 361 362
cat_threshold=0 0 262144 8192 0 268435456 0 1 256 33554432 67108864 8388608 526344 0 32768 0 1 4608 0 16779328 12582912 0 8396800 16 32 0 134217728 262152 0 0 2097152 32 0 0 2147483648 64 0 0 33554432 40 75497472 8388864 540672 0 262144 4194304 0 0 1073750016 41943044 50331648 33587200 0 0 0 0 2048 0 4104 0 67108864 0 2048 0 0 2097152 0 1048576 2 128 0 0 2048 1077936192 0 24 4194304 131072 1050624 0 268435712 0 0 135266432 134217760 131200 0 1073741840 33554432 0 0 1048576 16384 0 32768 0 8 8192 4 0 66560 12783743 16 8388608 132096 0 1081408 1048641 1 33554560 8193 16 2185232384 64 0 16384 0 0 512 0 0 2097152 1179648 0 0 2147500544 134217728 0 4 0 0 0 0 2147483648 0 67108864 66565 0 0 4718656 1 4128 134225921 98320 4194368 0 0 16384 67108864 0 64 0 0 2147483648 262144 0 0 16384 0 131072 0 0 0 17408 16777216 0 0 0 0 0 16384 0 0 8200 67108864 2281717760 2147483650 0 2113536 8388608 2 0 8194 16777217 0 0 16 0 268435456 536870912 4 66560 33554432 256 135424 4194816 0 0 0 0 0 0 8192 0 335544320 1075847232 2361728 168296450 67109376 201326592 0 0 0 0 2147483658 16793600 16 0 0 0 0 134217728 0 8192 16777216 0 0 33554432 0 0 0 0 0 0 0 0 67108864 0 0 32768 33554432 0 268451853 2147483648 17039368 559104 8 32 134217728 64 0 1280 0 0 2147483648 2051 268435520 0 0 0 0 512 2228224 2 0 0 0 0 0 0 0 64 8 268435456 0 1048576 805339140 4096 4 262144 16 32 66048 8192 81936 64 0 0 536870912 8192 2147483648 0 0 262144 4194304 0 67108864 0 0 0 256 256 33554432 262144 16777216 524288 0 2105344 0 0 1140850688 131072 34078720 33554464 268435458 1048576 0 268451872 131072 134217728 16 32768 262144 1074790401 0 2147483648 0 0 201326592 0 0 0 268435456 0 4 0 0 0 256 3432511 812288 11 8585249 0 67108864 65536 0 0 64 1 0 0 0 0 0 0 0 0 0 64 4325452 2099200
is_linear=0
shrinkage=0.04


Tree=50
num_leaves=31
num_cat=16
split_feature=50 50 50 52 50 50 50 50 50 50 50 53 52 43 52 64 3 52 17 36 8 43 37 36 29 28 27 52 4 60
split_gain=95.8683 61.3783 38.3671 37.0864 52.667 47.7834 38.9856 33.4085 24.88 22.3841 20.8073 15.4165 14.2903 9.35768 7.63922 6.59753 6.48738 6.77833 6.15525 5.85045 5.75707 3.7814 3.65776 3.59324 3.28995 3.2048 2.99987 2.91013 2.57878 2.06831
threshold=0 1 2 3 4 5 6 7 8 9 10 11 12 -0.56174489110708226 13 1.0000000180025095e-35 1.0000000180025095e-35 14 0.69309264421463024 0.87939393520355236 9.5000000000000018 -0.56174489110708226 0.80163934826850902 0.24602774530649188 1.0000000180025095e-35 -1.0000000180025095e-35 -0.094494048506021486 15 0.92206478118896495 1.0000000180025095e-35
decision_type=9 9 9 1 9 9 9 9 9 9 9 1 1 2 1 2 2 1 10 10 10 2 8 10 8 10 2 1 2 8
left_child=12 -2 14 5 16 18 13 22 27 20 -10 -11 15 26 -3 -1 17 25 29 21 -8 -14 -6 -19 -15 -5 -7 -9 -18 -4
right_child=1 2 3 4 7 6 9 8 10 11 -12 -13 19 24 -16 -17 28 23 -20 -21 -22 -23 -24 -25 -26 -27 -28 -29 -30 -31
leaf_value=-0.010961681043787313 -0.028797184873119819 0.0048838473182819852 -0.02666169767425592 -0.0091218079538551208 -0.026397426676523929 0.014561224642993191 0.001687956072801329 0.00089096589603942546 0.0053781536012975448 0.0070804236603099757 -0.0066541745164592405 -0.0012040488711385429 0.017116360945273659 0.031321220317845809 -0.024493995713013847 0.012064036305307257 0.0087502326608957931 0.0026727894338043653 -0.00016148053536840096 0.0059955299892115489 0.020623131698245475 0.033071344011644424 -0.0091091914402210202 0.017897595439622934 0.014129661618049917 0.0047471563540901511 -0.0038933583338268359 0.011944933511816289 0.028756631371019154 -0.011850123936369281
leaf_weight=26.444174706935883 114.90520587563515 16.275518849492073 76.019217573106289 33.834708228707314 130.29492570459843 22.723307073116302 35.050623059272766 71.216589450836182 250.28836184740067 545.29241688549519 1914.4834620207548 988.22945126146078 57.725242078304291 111.94386254251003 120.6934500336647 48.189936935901642 25.170396074652672 38.076109886169434 26.457210376858711 24.512968614697456 143.63017494976521 149.9955442994833 35.738179177045822 112.5385248363018 42.22482143342495 79.412140637636185 22.822676435112953 143.26345653086901 42.418949604034424 42.132657080888748
leaf_count=116 814 77 383 153 776 107 166 320 1213 2513 10580 4663 297 535 840 209 120 176 151 128 675 772 226 499 188 356 101 666 185 223
internal_value=-0.000323697 -0.00163704 -0.000934461 -0.00031951 -0.00324883 0.00376231 0.00548931 -0.00522115 -0.00391984 0.00342287 -0.0052264 0.00176889 0.0208579 0.0216355 -0.020734 0.00309039 0.0114096 0.00849979 -0.0173155 0.0259531 0.0162785 0.029238 -0.0218884 0.0135181 0.0273301 0.000206437 0.00544775 0.00865985 0.0226976 -0.0222379
internal_weight=5492 5185.14 5070.23 4933.26 2876.74 2056.53 1911.92 2545.28 2379.25 1712.2 2164.77 1533.52 306.868 199.715 136.969 74.6341 331.451 263.861 144.609 232.234 178.681 207.721 166.033 150.615 154.169 113.247 45.546 214.48 67.5893 118.152
internal_count=28228 26706 25892 24975 15270 9705 8948 13781 12779 8017 11793 7176 1522 931 917 325 1489 1184 757 1197 841 1069 1002 675 723 509 208 986 305 606
cat_boundaries=0 33 67 103 104 136 167 192 229 265 301 337 338 339 340 341 342
cat_threshold=0 0 8192 2147491840 2147485184 32 0 8192 0 33554432 1 524288 526336 0 0 16 0 66048 4194304 16777280 4325376 0 8396800 32 32 0 134217728 16 0 0 0 2147491872 1 0 0 33556480 8390656 0 8388864 1077936128 0 1048592 0 0 0 0 41943041 50331648 33554560 0 2048 0 2147483648 524288 17858560 16777216 0 0 0 0 1048576 4 2147483648 0 1048576 0 128 1024 16777216 0 4194336 76021760 67108864 16384 268566528 264192 8388608 0 0 8192 262272 4 163840 98304 1073741824 0 0 0 0 16384 0 0 131072 0 0 512 2113536 1024 0 2 0 0 512 12718271 16384 8388608 5120 0 262144 2149064769 2147483649 8650752 256 48 41024 0 8 16384 0 2048 0 2097152 0 0 8388608 0 0 2147483648 0 512 4 0 320 0 0 16777216 0 69206016 64 1024 0 524480 2147483648 32 8449 66064 4194370 0 8388608 134234112 134217728 0 16777216 0 0 65536 1048576 0 4096 0 0 0 0 0 0 0 16777216 0 0 786432 327822 16384 268435456 16777280 2097152 545259520 0 0 10240 4194305 0 0 1073741824 0 32768 0 0 201392128 33554688 256 0 4194816 65536 0 2637824 136 134217729 4096 201326656 0 33554432 268468224 0 2147483656 20987904 1073741824 0 1073742080 0 0 0 16 134217728 256 4 131072 67108864 1024 0 0 0 0 0 0 0 67108864 0 0 32768 0 1073741824 1179713 0 1048584 33685504 8388616 0 8192 16384 33554432 784 0 40960 0 1048577 0 0 0 262144 1048576 4096 2097152 0 134217728 262144 0 0 0 0 0 64 0 0 8192 524288 0 0 67108864 16777216 134250496 2097152 268435456 33570816 0 1048578 67108864 16 2097152 163840 2147745792 0 0 131072 536870912 20 536870912 0 32 131328 0 1 0 0 536870912 0 301990144 0 0 0 0 64 144 0 268435460 32768 4096 0 262144 1048736 33 65536 2151677952 0 64 0 0 2 268436480 131104 2 2097152 262144 4194816 0 1140851200 0 0 0 0 0 4194304 0 0 0 0 0 32 65 1204096 1052 2671616 3148544
is_linear=0
shrinkage=0.04


Tree=51
num_leaves=31
num_cat=14
split_feature=50 50 52 50 50 50 50 52 50 50 50 35 25 38 2 51 9 52 35 38 38 37 38 42 13 40 52 39 13 42
split_gain=100.899 64.7193 44.0232 52.407 42.4399 35.1517 24.6532 20.1658 44.763 44.6335 11.9237 8.29363 7.25876 14.2589 7.80343 6.48364 7.63527 6.45853 6.37344 6.32181 5.96952 5.51101 5.21644 5.20448 3.85574 3.63931 3.42034 3.39493 3.32145 2.85778
threshold=0 1 2 3 4 5 6 7 8 9 10 0.10840187966823579 1.0000000180025095e-35 0.33060109615325933 12.500000000000002 11 7.5000000000000009 12 0.72613638639450084 0.33687943220138555 0.26726190745830541 0.14415584504604342 0.85786435008049022 0.6078576147556306 0.93387979269027721 0.78656607866287243 13 0.60188680887222301 0.96459901332855236 -0.87837970256805409
decision_type=9 9 1 9 9 9 9 1 9 9 9 10 2 8 2 9 10 1 10 8 8 8 10 2 2 2 1 8 2 2
left_child=23 -2 5 22 12 28 17 8 -8 -9 11 25 14 -14 26 19 18 -6 -17 -12 -18 -15 -4 24 -1 -7 -5 -16 -3 -19
right_child=1 2 3 4 6 10 7 9 -10 -11 15 -13 13 21 27 16 20 29 -20 -21 -22 -23 -24 -25 -26 -27 -28 -29 -30 -31
leaf_value=0.018974529892066376 -0.030441332612085734 0.030671971421015229 -0.025903825593481696 0.0054082132310816758 -0.0016804413962764925 0.0073974962968683571 0.017774365500314197 0.012814287093828255 -0.0009144691085025572 -0.0063966863545844646 0.013817778017107272 -0.018987413955518024 -0.0041850780523687101 0.0057119641020656831 0.0042471578512291086 -0.011068359366119671 0.031656968633189841 -0.0076065840825586808 0.010981757347712983 -0.0063284801793636941 0.010363418233786397 0.02804655703688019 -0.00051899363616650222 0.010523737026595712 0.035855769215123304 -0.010495024189718342 -0.010676851581973923 0.021701375538308455 0.016103589616684032 -0.032141462256592777
leaf_weight=60.714620500802994 102.72154179215431 96.302689179778099 159.1629244312644 24.755776047706604 39.249550804495811 48.664022654294968 219.7057246118784 202.78440632671118 1607.3284629583359 1787.7067291364074 27.707535728812218 51.850376337766647 32.251568168401718 27.14325076341629 40.724103003740311 43.180126890540123 21.597845822572708 15.226272970438002 31.83896192908287 97.693843752145767 234.96223773062229 111.73032777011395 16.040526479482651 34.618234157562256 110.67062912881374 22.204933702945709 34.703024566173553 39.264345154166222 73.13046370446682 66.208108887076378
leaf_count=297 771 451 1023 105 257 228 1025 1001 7887 9777 126 232 143 121 178 197 100 98 146 441 1071 497 101 170 565 101 150 173 360 455
internal_value=-2.92671e-07 -0.00111001 -0.000437403 -0.0019664 -0.00103792 0.00842723 -0.00218207 -0.00157401 0.00144849 -0.00434836 0.00342053 -0.00702863 0.0128411 0.0187457 0.00594771 0.00640316 0.00929115 -0.0189687 -0.00135866 -0.00126744 0.0128033 0.0241704 -0.0225199 0.026476 0.0306962 0.00120554 -0.00458687 0.013823 0.0237774 -0.0255364
internal_weight=5481.84 5275.84 5173.12 4423.99 4248.78 749.133 3938.21 3817.53 1827.03 1990.49 579.7 122.719 310.572 171.125 139.447 456.981 331.579 120.684 75.0191 125.401 256.56 138.874 175.203 206.003 171.385 70.869 59.4588 79.9884 169.433 81.4344
internal_count=28247 27215 26444 22991 21867 3453 20500 19690 8912 10778 2642 561 1367 761 606 2081 1514 810 343 567 1171 618 1124 1032 862 329 255 351 811 553
cat_boundaries=0 36 72 73 102 136 173 210 211 241 273 304 305 306 307
cat_threshold=0 0 131072 8192 2147483648 268435456 0 2 0 33554464 0 0 526408 0 0 16 0 268435968 0 16779328 29360128 0 8192 4128 32 512 134217728 8 0 0 0 8192 0 0 2147483648 64 65536 0 33587200 96 0 8388864 16384 131072 264192 0 0 0 8192 67108864 50331648 33554432 0 1048576 33554432 0 2048 32768 16781316 0 0 0 0 0 0 2149597184 0 1048576 0 128 0 512 4194364 0 88080384 65536 37748992 67108896 0 65538 256 0 537919488 0 0 1107296256 134742144 0 557184 0 4 1032 0 32 0 0 0 603979776 131072 8 1048576 512 0 8388608 134221824 4096 512 37 262149 2147483648 256 1073758208 0 8388624 17 0 32768 1024 0 0 0 0 1024 0 2097152 2147483648 0 1 4 16 0 0 9175104 0 0 32768 0 4194304 352256 33620224 1064960 0 65536 1048833 536875008 0 4 16448 0 131072 0 0 2048 0 536870912 0 67108896 33554432 0 0 0 1024 0 0 8388608 0 0 32 32 8192 0 0 16384 8388608 268435456 1075838978 8388624 8388608 16 67108864 512 1048576 67108864 256 0 16384 4456448 4 131072 32770 2048 0 3221225472 0 16777216 8 0 0 0 0 0 0 0 1024 0 536870912 0 0 0 16384 8597891 0 0 270368 67108995 33554433 2105344 33554432 0 0 8192 67239936 8192 16777216 0 262144 0 0 32768 0 4 1610678272 65792 256 16384 512 0 0 0 0 4194304 0 0 269484225 2147483648 1054976 2148008000 8 33554592 0 0 32768 16896 0 0 2147483648 2 8 131072 0 2097152 1081344 0 8388608 0 0 0 0 0 256 0 0 2164260864 0 2097152 201326596 4096 131600 1183872 1 16 0 1073741824 0 0 0 0 4 2048 64 0 2 0 40960 0 0 0 8388608 0 4 0 0 0 25165824 67133529 245952 8474114
is_linear=0
shrinkage=0.04


Tree=52
num_leaves=31
num_cat=17
split_feature=50 50 52 50 50 50 50 52 50 50 50 52 52 21 50 17 51 52 35 13 60 30 38 32 52 13 14 42 8 38
split_gain=76.1538 68.1281 44.7969 52.431 35.9329 35.2199 23.2123 18.5181 57.6075 33.18 13.3319 11.2486 8.40457 9.13948 7.91112 7.73391 7.51924 7.49382 7.23617 5.29084 4.65626 4.54969 4.46384 3.68372 3.58525 3.55244 3.06324 3.05257 2.95613 2.79944
threshold=0 1 2 3 4 5 6 7 8 9 10 11 12 8.5000000000000018 13 0.063164893537759795 14 15 0.16530054807662967 0.27842378616333013 1.0000000180025095e-35 0.9821428954601289 0.19836065918207171 0.81892696022987377 16 0.9225774109363557 0.96490147709846508 0.6078576147556306 23.500000000000004 0.43826219439506536
decision_type=9 9 1 9 9 9 9 1 9 9 9 1 1 10 9 10 9 1 10 2 8 10 10 10 1 2 10 2 10 10
left_child=17 -2 5 19 12 28 23 8 -8 -9 26 -12 13 15 21 -5 -16 18 -1 -4 22 -13 -14 -6 -25 -22 -7 29 -3 -19
right_child=1 2 3 4 6 10 7 9 -10 -11 11 14 20 -15 16 -17 -18 27 -20 -21 25 -23 -24 24 -26 -27 -28 -29 -30 -31
leaf_value=0.015688084991761438 -0.029699522710135519 0.02731849206910459 -0.0040117743690588877 0.010007895172304604 0 0.019759257522687226 0.012984148173010759 0.012410082862786201 -0.010957421167332308 -0.0012710260796317627 0.014110262606217129 -0.012266630978435077 0.0037868185475312312 0.020541837254079084 -0.0034430918416182015 -0.012794088419212842 0.0063301286469037736 0.036029306290012456 -0.0087345891312407015 -0.026241788171934878 0.01545599362008143 0.0055884276936640775 0.023768685493331602 -0.0033775383904629053 -0.024180450256902592 -0.00096758830401796902 0.0033271242429142546 0.013041269370455912 0.010322047583647789 0.019405693281430526
leaf_weight=50.535353004932404 111.31036296486855 140.73435299098492 23.92576302587986 32.919692724943161 15.18083669990301 96.055177733302116 189.76444137096405 310.87185744941235 759.84860668331385 2168.7445245459676 83.812393024563789 113.77160513401031 26.12641379237175 26.587191328406334 211.41927259415388 57.821325942873955 270.05013382434845 87.244674161076546 24.735482439398766 152.09779664874077 35.752383932471275 23.461020737886429 123.41107654571533 38.46220164000988 87.534416034817696 38.132773295044899 28.713380247354507 35.228790014982224 32.587748348712921 56.179854109883308
leaf_count=224 823 681 169 145 102 436 890 1389 4346 11248 386 504 117 125 999 274 1192 454 105 930 159 104 542 274 592 168 132 178 183 290
internal_value=0.000388704 -0.000679954 3.64532e-05 -0.0018218 -0.000813722 0.00756139 -0.00201862 -0.00131906 -0.00602485 0.000500478 0.00388249 0.00156264 0.0113079 0.0016974 -0.000399326 -0.00422228 0.00202393 0.0211469 0.00655268 -0.0222934 0.0158465 -0.00839423 0.0206425 -0.0171243 -0.0204578 0.00720204 0.0152319 0.0262086 0.023307 0.0305256
internal_weight=5453.02 5199.1 5087.79 4087.18 3911.16 1000.61 3570.41 3429.23 949.613 2479.62 827.283 702.514 340.751 117.328 618.702 90.741 481.469 253.924 75.2708 176.024 223.423 137.233 149.537 141.177 125.997 73.8852 124.769 178.653 173.322 143.425
internal_count=28161 26910 26087 21470 20371 4617 18841 17873 5236 12637 3753 3185 1530 544 2799 419 2191 1251 329 1099 986 608 659 968 866 327 568 922 864 744
cat_boundaries=0 28 64 65 102 133 166 199 200 224 249 280 281 282 315 316 317 318
cat_threshold=0 0 262144 2147491840 2147483648 0 0 2 0 33554432 0 0 526344 0 0 3072 0 268632576 4194304 16779328 29360384 2048 8192 48 32 0 134217728 16777224 0 0 33554432 4194304 8388608 256 1073741824 268566528 264192 8388608 0 0 1024 12582912 50331648 163968 16777216 262144 0 0 0 0 4 2 0 0 2048 1048576 516 2097152 0 0 0 128 0 33554944 4194365 0 71303168 1073743872 35651840 0 545259520 65536 0 4096 0 6 8256 33554432 144 0 524290 0 4 1241513984 0 0 1048576 0 32768 603979780 1024 0 0 0 0 1024 0 0 0 0 0 32768 268435456 536870912 134348804 4096 4194304 134356993 1 32768 16777472 0 0 2147483650 1 0 0 0 0 0 0 35651584 131072 8 8388609 67108864 272629760 0 4 16 0 4194304 8388608 0 4194304 8192 256 2113536 268435456 65536 9437185 536870912 0 131072 0 0 32770 0 18 0 4096 671088640 16 32 33554432 0 131328 67108864 0 0 0 0 0 268435456 32 67108864 8388608 0 98434 134219808 67649536 0 268451842 0 536870912 536870912 0 8 16384 167772160 67108864 16777216 32768 0 1024 0 0 16777216 8 0 0 0 8 0 0 0 0 0 603979778 3673088 0 0 16392 131072 33108 5244928 262144 33820704 0 65536 32768 16400 4 0 0 1073745920 64 0 0 262144 1081376 0 0 2147483648 0 0 4096 67371010 270848 16384 16777224 128 1073750016 1342177312 0 0 4194368 2097152 0 8388608 0 2147516416 2 0 201335808 0 0 17408 512 0 69206016 67174400 33554944 67241984 2148532224 64 256 0 536870912 67108996 64 0 524288 262144 0 0 0 0 4 67108864 0 0 268435456 0 262144 0 0 545259520 0 256 8 3440768 0 0 16436 6144 0 69632 1 0 0 1114112 0 16402 16777216 1073741824 0 0 576 0 2 0 8192 0 0 0 0 1024 0 0 0 0 25165952 0 32 8414285 4380480 2378304
is_linear=0
shrinkage=0.04


Tree=53
num_leaves=31
num_cat=15
split_feature=50 50 52 50 50 50 50 50 50 52 52 50 40 37 51 9 50 31 39 38 37 37 8 54 38 52 14 36 41 43
split_gain=72.7043 60.3569 43.232 52.6068 31.2973 28.077 25.431 19.6117 18.0714 13.5068 10.9153 12.0311 10.1841 9.12235 7.8944 7.87044 7.85595 6.83315 5.80235 6.72808 5.3038 4.83286 4.24713 3.8678 3.4239 3.39933 3.30179 3.25526 3.05414 2.6201
threshold=0 1 2 3 4 5 6 7 8 9 10 11 0.37940952181816107 0.53410854935646068 12 12.500000000000002 13 0.64400920271873485 0.48610039055347448 0.68301436305046093 0.30104167759418493 0.63574936985969555 3.5000000000000004 121.45061492919923 0.81204709410667431 14 0.91622808575630199 0.077935222536325469 -0.6035533845424651 1.0000000180025095e-35
decision_type=9 9 1 9 9 9 9 9 9 1 1 9 2 8 9 10 9 10 8 10 10 10 8 2 8 1 10 8 2 2
left_child=10 -2 5 22 13 21 28 9 -9 -8 11 -1 14 15 23 25 29 20 19 -18 -16 26 -4 -7 -17 -5 -3 -15 -6 -14
right_child=1 2 3 4 6 12 7 8 -10 -11 -12 -13 16 27 17 24 18 -19 -20 -21 -22 -23 -24 -25 -26 -27 -28 -29 -30 -31
leaf_value=-0.013970900024537143 -0.02841763493537583 0.034872058092412415 -0.010213806384067428 0.0042621133626075764 -0.006019797141169239 -0.023223486287766857 0.016200398676459518 0.0059029091259380608 -0.0030271026407057426 0.00090438751749499172 0.024938531108247494 0.013913188862378046 -0.014380304421095974 0.0041418508357813719 -0.018574004333623578 0.005273928102228106 -0.0056669797917827582 0.01551287596697774 0.018470843966009367 0.013902651699614101 0.0036936851534057351 0.0056056049308700522 -0.028899274612424874 -0.0041124558802596266 0.026185204894890086 -0.0092769004545806798 0.016847365970734111 0.023033337256355368 -0.024904591560161005 0.0028421133340414536
leaf_weight=24.141538858413696 109.41976856440306 75.866056680679321 36.494193226099014 51.244405001401901 24.354996182024479 29.623775854706764 150.74245916306973 394.90988878905773 3144.6530205979943 232.61009280383587 197.36514337360859 55.352465778589249 23.007074624300003 22.828736662864685 20.188072547316551 32.127317383885384 46.369952574372292 45.954561114311218 122.43655295670033 56.127990439534187 46.869285263121128 21.525210782885551 116.58835694938898 44.814825192093849 25.153427287936211 39.046923771500587 48.2200927734375 104.88902087509632 83.752487413585186 22.694487825036049
leaf_count=108 803 354 260 236 168 141 666 1776 16717 1042 1036 247 111 105 100 147 207 205 561 253 234 97 734 196 122 183 241 480 573 114
internal_value=0.000198655 -0.000891472 -0.000210474 -0.0015841 -0.000719747 0.00969629 -0.00163196 -0.00106044 -0.00200445 0.00735286 0.0196261 0.0043599 0.00438356 0.0119629 -0.00257078 0.00515385 0.00939119 0.00401679 0.0121391 0.00501153 -0.00355626 0.0243151 -0.0235457 -0.0115045 0.0161427 -0.00208882 0.0289464 0.0200906 -0.0195525 -0.00500876
internal_weight=5449.37 5172.51 5063.09 4459.4 4306.31 603.698 4031.02 3922.92 3539.56 383.353 276.859 79.494 458.087 275.29 187.451 147.572 270.636 113.012 224.934 102.498 67.0574 145.611 153.083 74.4386 57.2807 90.2913 124.086 127.718 108.107 45.7016
internal_count=28217 26826 26023 23209 22215 2814 20942 20201 18493 1708 1391 355 2122 1273 876 688 1246 539 1021 460 334 692 994 337 269 419 595 585 741 225
cat_boundaries=0 36 72 73 110 144 177 210 241 271 272 273 298 299 330 331
cat_threshold=0 0 8192 2147491840 2147483648 0 0 2 25165824 33554434 0 8396800 526344 0 0 16 1 2147484160 0 18876480 79822848 0 8192 0 32 0 134217728 262144 0 0 0 0 0 0 0 64 65536 0 33587200 64 1 8388864 0 131072 0 4194304 0 0 8192 75497600 184549408 0 0 262160 0 0 0 0 0 0 0 131072 8192 8192 0 2113792 0 1048576 0 0 2097152 512 4194332 0 88080384 0 4196608 67108866 0 65536 256 2048 536870912 1073741828 0 1107312640 262144 2 688128 0 0 1241513984 0 0 0 0 0 0 0 0 524288 512 0 0 0 0 0 0 0 16384 33554432 536870912 134348800 262144 1050628 2147614720 12 4096 256 131072 0 2147483649 262208 0 32768 0 0 0 4194304 33554432 0 4104 32 0 0 0 4 131088 256 0 8388736 0 0 32768 0 83886080 2147811328 66304 67109378 67108928 16842752 1048577 0 1048576 4 16448 0 0 0 526336 0 0 134217728 16 32 0 0 0 0 263168 0 0 536870912 0 0 32 32 8388608 268435456 65552 32 8388608 0 1145061440 0 0 8 0 32768 0 33554432 4 128 2 2048 1032 1073741824 0 0 16392 0 8192 64 0 1048576 4 0 0 0 2 0 8388608 335544320 0 16818176 2097185 545521664 2148548672 8192 0 0 272 0 2097152 0 1 0 268435456 536870912 0 65536 2097152 0 1073741826 0 512 0 0 0 0 524352 16 0 1052672 4096 1024 268435456 0 1075838976 4096 32 67108864 134217728 1 0 0 1610612736 0 131073 8192 0 135266304 256 10485761 152608 0 1 0 0 0 128 8489857 1758848 0 0 8192 0 0 0 0 0 0 0 0 8192 0 0 0 16 0 2147483648 0 0 0 0 0 0 32 81409 0 0 134217732 4096 0 128 4 0 0 0 131072 0 0 0 0 0 64 0 0 0 8192 0 0 135168 0 0 4 0 0 0 25165824 9207875
is_linear=0
shrinkage=0.04


Tree=54
num_leaves=31
num_cat=12
split_feature=50 50 50 52 50 50 50 10 52 50 52 20 3 52 17 51 38 39 39 43 9 20 40 0 43 12 26 33 9 8
split_gain=76.0462 60.8916 34.5374 31.4075 32.8637 29.2132 19.8977 22.8099 12.6083 11.7177 10.7281 7.9565 6.93169 8.20802 4.69149 4.34032 6.37087 3.67577 3.23819 2.88976 2.72672 2.04987 1.96852 1.66717 1.55323 1.28532 5.11189 1.73684 1.27296 2.39513
threshold=0 1 2 3 4 5 6 13.500000000000002 7 8 9 10.500000000000002 1.0000000180025095e-35 10 0.063164893537759795 11 0.65058138966560375 0.13397436589002612 0.68819445371627819 1.0000000180025095e-35 13.500000000000002 1.5000000000000002 0.60355338454246532 10.500000000000002 0.81174489855766307 7.5000000000000009 0.23861283808946612 0.31846591830253607 24.500000000000004 14.500000000000002
decision_type=9 9 9 1 9 9 9 2 1 9 1 10 2 1 10 9 10 8 8 2 8 10 2 2 2 8 2 10 10 10
left_child=8 23 17 9 10 24 11 -8 18 14 -5 -7 13 -12 19 16 21 -3 -1 -4 22 -11 -10 -2 -6 26 -19 -28 29 -17
right_child=1 2 3 4 5 6 7 -9 20 15 12 -13 -14 -15 -16 28 -18 25 -20 -21 -22 -23 -24 -25 -26 -27 27 -29 -30 -31
leaf_value=-0.0095849096045864026 -0.01188780884333402 0 -0.020770935929588771 -0.0092286386170196705 -0.020855142014739921 0.0057282271716611599 -0.00089285362241454849 -0.013841713518930099 0.022136561393985687 0.0079562754256201559 4.6306732085348486e-05 0.023794343663167714 0.029403871732056306 0.019187013683923983 0.0094730663822671472 0.015655000129841383 -0.0051479939996493381 -0.022588402959463065 0.009478091356336725 -0.00036312031075628256 0.031865974123436142 0.022088321291756724 0.0060361838272297279 -0.032466088676874651 -0.0072071885633662146 -0.02716065280078837 0.0061411225238984799 -0.010086817736292209 0.010403121127588488 0.031031989366922998
leaf_weight=24.217935264110565 18.559794060885906 15.035764403641222 19.842057347297668 22.207848235964775 127.73206255584955 317.83588071167469 3559.6338206902146 227.36994533985853 91.569629743695259 66.793614909052849 70.286428898572922 41.96961897611618 55.413908392190933 82.306632429361343 22.105209082365036 61.970160022377968 37.300970733165741 52.448031105101109 22.793891623616219 24.149858683347702 98.739609837532043 29.263148948550224 23.468592718243599 100.0197054669261 28.065922722220421 57.385851539671421 16.092860646545891 15.325627155601977 30.799523040652275 55.853519231081009
leaf_count=109 122 98 100 104 813 1407 18274 1339 450 324 313 195 250 372 95 279 172 330 103 122 531 124 133 736 171 395 112 113 147 278
internal_value=-1.63413e-05 -0.0011115 -0.000399361 0.000215494 -0.00068487 -0.00149589 -0.000819885 -0.00168835 0.0204457 0.0115394 0.0135555 0.00796917 0.0165348 0.0119991 -0.00332698 0.0150835 0.00748367 -0.0180555 0 -0.0111565 0.0247197 0.0133393 0.0194068 -0.0277711 -0.0177195 -0.0211114 -0.0154518 -0.0015236 0.0204693 0.0240737
internal_weight=5416.56 5155.77 5037.19 4880.9 4532.82 4302.61 4146.81 3787 260.79 348.078 230.215 359.805 208.007 152.593 66.0971 281.981 133.358 156.288 47.0118 43.9919 213.778 96.0568 115.038 118.579 155.798 141.252 83.8665 31.4185 148.623 117.824
internal_count=28111 26785 25927 24879 23238 22199 21215 19613 1326 1641 1039 1602 935 685 317 1324 620 1048 212 222 1114 448 583 858 984 950 555 225 704 557
cat_boundaries=0 34 66 99 100 129 166 201 202 233 234 235 236
cat_threshold=0 8388608 262144 268443648 2147483648 0 0 3 0 33554432 0 524288 526344 0 1 16 2048 268567040 131072 16779328 4194304 0 8192 0 32 0 134217728 16 0 0 0 8224 0 32768 0 0 33556480 1082130448 0 8392720 0 0 0 67108864 256 131072 1073750016 75497604 50331648 131072 2 16 33554432 0 0 0 8 0 0 131072 0 128 512 2113536 0 1048576 0 16777216 65664 4194344 8388608 262920 4325376 131072 262144 32776 0 0 16384 262145 0 32768 0 1311744 1024 0 2560 0 0 0 0 0 8 524288 4 0 0 0 2 28 0 0 268566528 0 32768 33570880 16777220 33603584 0 34 67248128 8388608 16 0 1081344 0 524288 2147483712 0 1 73728 2097152 1 1073741824 0 0 4 8 536870912 8388608 67108864 0 0 67108864 67108864 1073741824 32 135268352 536870912 0 4194304 256 37748736 134217728 34078848 16777216 0 134217728 0 0 32768 16777216 0 33562624 1088 2048 0 0 0 0 0 0 4096 0 0 16384 16384 0 4096 0 16786432 1048580 8 262144 32 0 33554432 16 67 2129920 0 1048576 64 0 0 0 1280 2048 131072 2147614736 272629760 512 16384 0 256 0 0 0 0 0 64 593792 0 0 0 2048 2228224 1048704 65540 4096 0 1073741824 131072 64 0 0 0 0 64 0 2 0 8192 0 0 131072 0 0 4 0 0 0 8388608 524320 8838144 8537177
is_linear=0
shrinkage=0.04


Tree=55
num_leaves=31
num_cat=16
split_feature=50 50 52 50 50 50 50 52 50 50 50 52 50 27 52 51 42 37 52 21 7 17 39 23 17 27 35 33 39 0
split_gain=78.9845 56.4667 37.1214 34.9857 34.6101 33.3386 19.2172 17.7447 53.8611 26.1568 15.6105 12.8258 11.6908 10.724 9.77371 9.7509 6.4802 6.38309 6.13503 12.5011 5.86054 5.77 5.70284 5.63736 6.49149 5.22011 5.00096 8.56923 4.11698 3.92798
threshold=0 1 2 3 4 5 6 7 8 9 10 11 12 -0.14415584504604337 13 14 0.87837970256805431 0.69337606430053722 15 6.5000000000000009 20.500000000000004 0.036038961261510856 0.40212766826152807 -7.4999999999999991 0.067041199654340758 -0.2521186470985412 0.2299679517745972 0.19472222030162814 0.28436657786369329 11.500000000000002
decision_type=9 9 1 9 9 9 9 1 9 9 9 1 9 2 1 9 2 8 1 10 2 10 10 10 10 2 10 10 10 2
left_child=13 -2 3 22 14 -6 18 8 -8 -9 17 -12 21 -1 23 -14 26 25 19 -7 -20 -13 28 -4 -25 -5 -16 -28 -3 -24
right_child=1 2 4 10 5 6 7 9 -10 -11 11 12 15 -15 16 -17 -18 -19 20 -21 -22 -23 29 24 -26 -27 27 -29 -30 -31
leaf_value=0.0035421292109876702 -0.025306523548836841 0.016837973628705028 0.014874428219878319 0.0097910171206809452 -0.020620236701704979 -0.01030297808488112 0.012249697748706188 -0.020555602338089691 -0.015845180362883883 -0.00088675135375915703 0.018350620450053989 0.0011068780300123688 -0.0033873572187452447 0.026654820597869749 0.027296968222566866 0.0064696918261688162 -0.0013459001654960012 -0.022835864663251559 0.016213510874443293 0.018145856808207347 -0.0027326592353764767 0.016575004221269802 0.013447893340032229 0.0065055209930232659 -0.016654026798461882 -0.0081291803149946672 -0.0047338681601864236 0.019450909496642615 -0.00055047419581902865 0.036085027550503392
leaf_weight=42.626514464616776 132.50561898946762 132.41230411827564 22.204777181148529 27.98016595095396 156.84213729202747 67.155839711427689 130.30704071372747 98.914254076778889 465.22921754419804 2304.7962878197432 82.068314671516418 59.91865698993206 426.32495509833097 197.33643387258053 72.727271154522896 237.24209225177765 25.886819764971733 35.086497537791729 136.2119052708149 32.535364270210266 28.320725843310356 125.59233450889587 31.90948386490345 29.896967157721519 38.017868876457214 112.6654804199934 30.435795590281487 67.580858618021011 22.903553366661072 49.367556422948837
leaf_count=189 969 631 100 139 974 304 654 617 2868 12107 392 286 2025 1005 321 1049 114 176 652 160 129 569 157 128 177 517 133 302 113 238
internal_value=0.000153926 -0.000909271 -0.000192196 0.00546369 -0.00226107 -0.0033986 -0.00247427 -0.00339986 -0.00951516 -0.00182687 0.00234042 0.00443345 0.00276992 0.0218931 0.0107354 0.000172427 0.0156129 -0.00812146 0.00757879 -0.000368892 0.0121342 0.0112534 0.0189854 -0.000425632 -0.00643762 -0.00421306 0.0191514 0.0118817 0.0142118 0.0287239
internal_weight=5423 5183.04 5050.53 1343.47 3707.06 3420.31 3263.47 2999.25 595.536 2403.71 1106.88 931.146 849.078 239.963 286.75 663.567 196.631 175.732 264.224 99.6912 164.533 185.511 236.593 90.1196 67.9148 140.646 170.744 98.0167 155.316 81.277
internal_count=28195 27001 26032 6292 19740 18465 17491 16246 3522 12724 5153 4321 3929 1194 1275 3074 870 832 1245 464 781 855 1139 405 305 656 756 435 744 395
cat_boundaries=0 35 68 69 102 135 170 201 202 234 263 294 295 323 324 325 326
cat_threshold=0 0 132096 2147491840 0 0 0 16384 0 33554466 0 18 526344 32768 0 0 2048 2147483648 4194304 16779328 4194304 0 8192 1073741824 32 0 134217728 24 0 0 0 8224 0 0 2147483648 65536 0 33554432 12582944 8388609 4352 1074266112 268435456 16 1024 0 16777216 1073758208 8388613 33554432 0 0 1073741824 0 0 0 0 8 0 67108868 2048 0 0 4 2113536 0 1048576 2 12582973 0 2097152 2281971712 65536 2149613568 268435458 0 1048577 536870912 0 128 134742080 0 131088 262144 272 0 4096 0 0 83952640 33554432 0 32 0 262144 0 0 0 0 0 0 67108864 33554432 0 524292 67108864 1048592 141312 9 2 256 81920 0 0 0 8192 0 1024 0 131584 0 0 8388608 2312 8388609 16 268435456 512 4 0 0 0 0 0 524288 1048576 155189248 3221233666 2097152 67633154 8388608 65536 0 0 0 0 134217728 33555456 144 268435460 256 0 4100 0 1073741824 0 0 0 32768 0 1024 0 0 0 0 0 0 67108864 0 524288 0 0 20971520 0 0 1048612 0 4096 0 64 0 65536 4194304 2097152 0 0 584 268435457 0 33816576 394240 0 131072 2214596608 138412032 0 16384 0 256 0 8388608 3670016 0 612368384 67129344 69632 2097164 2147483649 262144 33816608 536870912 0 40960 16384 0 16384 0 1073745920 0 0 0 0 1048608 0 32 0 0 0 8192 0 0 0 0 2147483648 8389633 67108864 16512 0 64 0 0 0 536870912 4194304 128 32772 0 33554432 67108864 16781314 0 0 134217728 2147483648 32 0 0 32 33554432 0 2048 0 1536 0 268435456 22 16911360 16 1179712 16385 4128 0 269549568 0 0 0 1073758336 0 0 64 0 2 0 0 8 0 4112 8388608 0 4 8192 0 1024 8388608 8 0 71303168 1140850688 4096 4197378 128 16973826 8388608 0 1073741824 67239936 0 0 0 4 2051 512 268435456 0 16 0 0 0 131328 0 0 0 16777216 2393344 8416781 3229696
is_linear=0
shrinkage=0.04


Tree=56
num_leaves=31
num_cat=14
split_feature=65 51 52 51 52 52 52 51 54 53 54 44 52 52 32 52 52 55 54 26 13 21 37 4 11 32 52 12 9 51
split_gain=41.7561 38.9313 29.9752 18.146 17.1053 15.4623 13.3153 14.6421 13.8468 12.6139 11.0002 9.49106 18.0415 9.73759 9.32556 13.9724 10.4407 14.3568 11.4677 8.34472 8.3144 7.56346 9.33085 6.85532 7.78734 7.19418 6.76382 6.55372 6.04138 5.98887
threshold=3.5000000000000004 0 1 2 3 4 5 6 121.44675445556642 7 121.45522689819337 1.0000000180025095e-35 8 9 0.9506097435951234 10 11 25.019770622253422 121.44198989868165 1.0000000180025095e-35 0.94151845574378978 6.5000000000000009 0.18301435559988025 0.81365740299224865 12.500000000000002 0.91578015685081493 12 5.5000000000000009 8.5000000000000018 13
decision_type=2 9 1 9 1 1 1 9 2 1 2 2 1 1 8 1 1 2 2 2 2 8 8 2 8 10 1 10 8 9
left_child=1 2 -1 -2 9 -5 8 11 -4 -3 -11 13 -13 -8 15 29 17 -16 -18 -14 -12 22 26 -10 25 -25 -6 -24 -15 -9
right_child=3 4 6 5 21 -7 7 14 23 10 20 12 19 28 16 -17 18 -19 -20 -21 -22 -23 27 24 -26 -27 -28 -29 -30 -31
leaf_value=0.014372558618452876 0.022493034189388635 0.014911622480938381 -0.018304429789581713 0.016871022630826644 0.0064181718682999401 -0.0041860563014966927 2.2372146646263379e-05 -0.0041729758120181842 0.009016100698717118 -0.0066974159954441871 0.016875713769380012 0.013035790780899099 0.0047469962687453652 -0.0089960644027275369 0.0011167664123213927 -0.012962046018841766 0.0045419124124962398 0.025905053399847212 -0.0035339522181132223 -0.013072056932940362 -0.00079559322460727195 -0.0033728623966635201 0.0045120594816424418 -0.024382070552051154 -0.019026427031708676 -0.0040586141970418241 -0.0098113822984844511 0.019125137019439718 -0.019779337513397537 0.013868777335945935
leaf_weight=130.55081583559513 157.76275107264519 312.086740039289 180.88360138237476 75.876264214515686 49.615932419896126 133.19875457882881 119.22606532275677 47.368572138249874 41.319395653903484 109.68702348321676 93.078802391886711 83.661688722670078 53.929479584097862 230.16620092839003 99.068463213741779 182.625682502985 458.34943402558565 57.361297346651554 709.83651934564114 141.82790717482567 70.888930886983871 395.62591297179461 443.62064202874899 25.234351769089699 71.430491283535957 554.87789256125689 107.44799337536097 52.771381318569183 156.07104089856148 46.255768224596977
leaf_count=586 812 1405 1179 388 221 668 682 263 259 505 437 442 262 1433 520 927 2430 257 3554 808 333 2024 2045 166 481 3115 499 250 900 227
internal_value=-2.53732e-05 -0.000985254 -0.00342754 0.0129055 0.00405815 0.00398441 -0.00420916 -0.00261347 -0.00842601 0.00946174 0.00272528 -0.00704093 -0.00110215 -0.0103797 -0.000385159 -0.00701281 0.00100028 0.0102181 -0.000339512 -0.00768469 0.00931996 0.000931474 0.00358782 -0.00582649 -0.00685973 -0.00517765 -0.00473065 0.00628069 -0.0132626 0.00524081
internal_weight=5391.71 5024.87 3390.04 366.838 1634.82 209.075 3259.49 2385.75 873.746 585.741 273.655 784.882 279.419 505.463 1600.87 276.25 1324.62 156.43 1168.19 195.757 163.968 1049.08 653.456 692.862 651.543 580.112 157.064 496.392 386.237 93.6243
internal_count=28078 26210 18491 1868 7719 1056 17905 12705 5200 2680 1275 4527 1512 3015 8178 1417 6761 777 5984 1070 770 5039 3015 4021 3762 3281 720 2295 2333 490
cat_boundaries=0 1 2 3 4 5 6 7 8 9 10 11 12 13 14
cat_threshold=8420429 24 55064580 14680719 6701319 3705856 8389644 97 8389058 151648 340484 4194496 205056 20544
is_linear=0
shrinkage=0.04


Tree=57
num_leaves=31
num_cat=13
split_feature=20 51 52 52 52 8 51 55 55 52 52 53 53 13 54 66 31 30 13 52 51 52 18 52 37 9 15 54 31 55
split_gain=46.0272 23.759 21.23 19.0831 14.9741 13.8844 13.1626 11.7433 20.7266 15.9947 11.985 11.6496 11.0973 10.4658 10.4371 10.0296 9.85091 11.8112 9.66462 9.26497 9.23896 9.92121 9.16314 8.49219 8.19384 8.16123 8.03172 7.50824 7.5652 7.31686
threshold=2.5000000000000004 0 1 2 3 30.500000000000004 4 24.973574638366703 25.029530525207523 5 6 7 8 0.97837775945663463 121.5089569091797 1.7006835937500002 0.20185185223817828 0.6250000298023225 0.97259759902954113 9 10 11 0.047065338119864471 12 0.53262412548065197 11.500000000000002 0.16807910054922107 121.46883392333986 0.63548949360847484 25.186804771423343
decision_type=8 9 1 1 1 10 9 2 2 1 1 1 1 2 2 2 8 10 2 1 9 1 8 1 10 8 8 2 10 2
left_child=3 4 11 6 14 15 12 9 23 -4 -10 -3 20 19 -2 29 -13 -18 25 -14 -1 -22 -8 26 -19 -6 -9 28 -27 -5
right_child=1 2 7 5 18 -7 22 8 10 -11 -12 16 13 -15 -16 -17 17 24 -20 -21 21 -23 -24 -25 -26 27 -28 -29 -30 -31
leaf_value=-0.0085244899453231857 -0.017065911619085983 -0.0073068122308244171 0.015959101093960919 -7.3690452531120047e-05 -0.0031795939634980497 -0.016054947718331034 0.019744950254261703 0.017759014767190037 0.010259254860670622 -0.0026433176252982993 -0.0025545267345475566 -0.00050501234933744785 -0.0037395963679058841 -0.0081380050931803526 0.0038059685172319108 0.013143744971540226 0.028227601009513301 0.0022421496288742098 0.0081587963642456938 0.010559568603936647 0.020263052873466521 0.0033008090026824793 0.0081620341051839469 -0.010701096480260883 0.019584875638226976 -0.019436901494573208 -0.0042208955589340992 -0.025738758974631619 0.0035617255209346322 0.016255248259880607
leaf_weight=28.70263808965683 332.92578701674938 62.807650156319141 102.58054385334253 1027.250542037189 423.62760506570339 68.710196912288666 203.61603993922472 27.122083984315395 166.0898862183094 190.39452924579382 314.9326192215085 92.625990092754364 115.32007001340389 154.54881589114666 39.681490555405617 108.46701973676682 69.185868486762047 124.45191546529531 82.883793257176876 157.01426862180233 129.30040936917067 123.36833766847849 275.78594328463078 587.70318013429642 66.218320682644844 33.801690720021725 148.73255652189255 52.757951557636261 50.113869093358517 40.764607399702072
leaf_count=130 2260 314 487 5056 2515 350 1054 146 776 1065 1573 474 559 726 230 507 346 601 446 730 609 584 1280 3311 319 192 780 327 268 181
internal_value=0.000207176 -0.0031293 -0.000507216 0.00428472 -0.00803973 0.000758469 0.00787398 -0.00269197 -0.00441187 0.00440828 0.00204728 0.00734694 0.0041739 0 -0.0143882 0.00182756 0.0102041 0.0144197 -0.00408751 0.00472012 0.0101499 0.0127049 0.0130074 -0.00849385 0.00871391 -0.0060629 -0.000306162 -0.0144311 -0.00604938 0.000603764
internal_weight=5401.49 2968.64 1952.85 2432.85 1015.79 1245.19 1187.66 1537.56 1244.58 292.975 481.023 415.29 708.255 426.883 372.607 1176.48 352.482 259.856 643.185 272.334 281.371 252.669 479.402 763.558 190.67 560.301 175.855 136.674 83.9156 1068.02
internal_count=28196 16430 10192 11766 6238 6094 5672 8138 6586 1552 2349 2054 3338 2015 2490 5744 1740 1266 3748 1289 1323 1193 2334 4237 920 3302 926 787 460 5237
cat_boundaries=0 1 2 3 4 5 6 7 8 9 10 11 12 13
cat_threshold=8401932 6299880 12718879 7866240 92456537 8536065 9437445 16 65 135686 67141649 131339 104980
is_linear=0
shrinkage=0.04


Tree=58
num_leaves=31
num_cat=12
split_feature=50 50 50 50 20 50 50 50 50 50 50 41 41 13 13 21 30 53 50 29 42 36 36 9 36 38 38 13 7 31
split_gain=67.6326 49.2948 31.1281 28.5071 23.5164 61.2086 43.8307 33.7668 27.831 21.8755 13.5157 10.2325 10.1926 8.80432 8.05943 6.91174 6.90612 6.65127 6.08847 5.97365 5.78405 5.47322 5.58606 5.01263 4.02089 3.69307 2.50036 2.45659 1.73199 2.30594
threshold=0 1 2 3 1.5000000000000002 4 5 6 7 8 9 -0.37940952181816096 0.98296290636062633 0.73508772253990184 0.9529346525669099 1.0000000180025095e-35 0.96153846383094799 10 11 -3.4999999999999996 0.6078576147556306 0.90161287784576427 0.33541667461395269 9.5000000000000018 0.14415584504604342 0.63525497913360607 0.29935064911842352 0.9225774109363557 15.500000000000002 0.85053193569183361
decision_type=9 9 9 9 8 9 9 9 9 9 9 2 2 2 2 10 10 1 9 10 2 10 8 10 8 8 10 2 2 10
left_child=11 24 -3 21 6 14 15 13 16 -9 -10 18 19 -7 23 17 -8 -5 -1 -13 -17 22 26 -6 -2 -16 -4 -26 29 -24
right_child=1 2 3 4 5 7 8 9 10 -11 -12 12 -14 -15 25 20 -18 -19 -20 -21 -22 -23 28 -25 27 -27 -28 -29 -30 -31
leaf_value=-0.0046935252456345401 -0.0055801563295138721 -0.020152345043713923 0.010742674180369475 0.009569187608101843 0.014077346144727458 0.021081432255892759 0.022674843334555266 -0.017496249735761683 0.011299056672127786 -0.0045499608548498632 0.00073017492474766982 0.0050594651451761653 -0.00014798278312009772 0.0040156413963050473 0.014011037999830542 -0.02560256718804001 0.0084574264360944146 -0.013242814814246809 0.016477914364242612 0.029401908906730837 -0.0047692772328878884 -0.0027685756635157893 0.017240188139900546 0.029450030960565476 -0.03525550074002267 -0.003332075985767608 -0.0036912615193224049 -0.011594592126037178 0.024898889398887382 0.0015932646920290311
leaf_weight=41.744746938347816 15.345013357698916 107.84199395775795 39.528316095471382 25.55821718275547 166.43696771562099 79.500703826546669 166.45578941702843 222.38877653330564 230.82741475105286 2288.8538242205977 964.28839008510113 22.631966516375542 23.675099015235901 129.15274307131767 25.187490463256836 90.805885747075081 101.32129594683647 26.508169770240784 21.756517395377159 166.45895372331142 34.123953111469746 26.764023050665855 69.832457691431046 54.366759061813354 72.685297176241875 49.303293585777283 27.623724982142448 17.861337162554264 69.885016888380051 23.915304362773895
leaf_count=198 122 770 173 119 781 385 783 1258 1048 12713 4649 101 111 607 116 428 504 122 97 898 158 117 307 252 551 226 126 109 313 103
internal_value=0.000185003 -0.000874416 -0.000261795 0.000230799 -0.000499659 -0.00259984 0.00334282 -0.00449588 0.0056429 -0.00580145 0.00290276 0.0189383 0.0237722 0.0104631 0.0142566 -0.0146932 0.016999 -0.0024809 0.00466178 0.0267968 -0.0204685 0.0128078 0.0152626 0.0185193 -0.0261179 0.00279297 0.00468359 -0.0316484 0.0192178 0.0137339
internal_weight=5402.63 5126.36 5020.47 4912.63 4655.08 3015.19 1639.89 2719.9 1462.89 2511.24 1195.12 276.267 212.766 208.653 295.295 176.996 267.777 52.0664 63.5013 189.091 124.93 257.549 230.785 220.804 105.892 74.4908 67.152 90.5466 163.633 93.7478
internal_count=28245 26840 26058 25288 24149 16338 7811 14963 6984 13971 5697 1405 1110 992 1375 827 1287 241 295 999 586 1139 1022 1033 782 342 299 660 723 410
cat_boundaries=0 34 68 104 140 167 200 235 259 290 322 323 341
cat_threshold=0 0 131072 73728 0 0 0 2 16777216 33554432 67108864 540672 526344 0 0 16 2048 36864 0 16777216 4194304 0 8192 1073741856 268435488 0 134217728 262152 536870912 0 0 32 0 32768 0 0 33556480 4195344 0 8388872 0 0 1050624 4751360 0 0 16785408 8650756 50331648 0 0 0 0 3221225472 0 32768 8 0 33554432 0 8388608 0 0 0 0 1048576 0 128 0 268435456 2097152 96 0 1073741824 1077936128 268567040 262144 0 0 0 268435456 0 0 33718400 16777216 0 8 0 0 0 16781312 1048576 0 0 2 0 0 2097408 128 0 2 0 0 512 0 8388608 8 0 262144 2147631104 4 8192 8388608 0 0 0 1 2097152 4194304 0 0 512 4194304 33556545 8520960 35651584 256 0 0 262656 0 16 0 0 2097152 8192 0 0 0 64 16384 536870912 2151944196 268472576 4194308 32768 0 0 512 1073741890 33554432 8388928 0 0 0 1082130432 0 268435456 0 0 268435456 0 10485760 131072 4194304 0 16388 0 603979776 4103 268470528 4194308 2359296 65536 0 8192 1073742848 4358208 8388672 0 0 0 0 0 0 0 0 0 0 0 0 4194816 0 0 0 0 0 16777216 0 32 0 1073741824 0 0 1048576 35921956 2147483650 0 258 8224 172032 8193 0 2 1048576 0 268435456 0 8192 0 1048576 133632 0 16384 0 0 1 16777216 0 4194304 0 0 0 0 32 0 0 9216 100663297 2149712448 268435520 16777216 1048576 0 528 0 2066 4194320 1081344 2147483648 1 0 131072 536870912 0 0 8 1 4096 0 0 1073741824 1 256 268959808 16777217 0 16 603980304 1073741824 16908288 4198400 168296577 0 1 0 131072 536870912 0 0 1048576 0 4096 0 0 0 0 0 0 65536 0 0 134217728 132 16384 526465 65 35672064 536870912 81920 128 32768 64 134234128 0 4098 1 0 134217728 262144 16777216 0 0 16 8388608 0 0 0 0 0 0 16777216 74 0 0 0 0 0 0 0 0 0 0 0 16384 524288 0 0 16 0 32768
is_linear=0
shrinkage=0.04


Tree=59
num_leaves=31
num_cat=19
split_feature=50 50 52 50 50 50 50 50 50 50 52 52 50 52 13 42 38 52 52 38 53 52 42 38 42 17 38 36 52 35
split_gain=71.0157 45.2669 30.9428 51.8531 51.8337 32.3932 27.9799 23.7683 21.6911 18.162 16.9689 14.8291 14.5414 15.8601 11.4478 10.398 8.60536 7.3099 6.11242 6.00201 5.85186 5.35109 5.21648 5.36414 4.7766 4.71634 4.58753 4.50117 5.86153 5.18887
threshold=0 1 2 3 4 5 6 7 8 9 10 11 12 13 0.95683228969573986 1.0000000180025095e-35 0.26726190745830541 14 15 0.35067567229270941 16 17 -0.60785761475563038 0.8473193645477296 -0.60785761475563038 0.067041199654340758 0.39339827001094824 0.45534290373325353 18 0.45199692249298101
decision_type=9 9 1 9 9 9 9 9 9 9 1 1 9 1 2 2 10 1 1 10 1 1 2 8 2 8 8 10 1 10
left_child=18 -2 3 10 -4 21 -6 -7 17 16 14 -11 15 -14 24 -10 -9 26 19 -1 -16 22 -5 -24 -3 -23 -8 29 -29 -12
right_child=1 2 4 5 6 7 8 9 12 11 27 -13 13 -15 20 -17 -18 -19 -20 -21 -22 25 23 -25 -26 -27 -28 28 -30 -31
leaf_value=0.016816542448709507 -0.025568388513134633 0.0076249241923157822 0.018865593873121804 0.025288711254647642 -0.012172687552869528 -0.024796093788485747 -0.010253191794954611 0.014550645913107823 0.015786570118519958 -0.014598409103918944 -0.0014527155820265552 -0.0054382967920767302 0.0052260529068873639 -0.0032974121998874863 0.013944035149566221 -0.0015253392993922644 -0.002658042521962787 0.020777636333507439 0.025558649668441045 -0.0053736436446220701 -0.0065300620846538027 0.011971546048783368 -0.0020259949681444163 0.016877533688694737 0.031490710463577501 -0.0047009260355871619 0.0091610647299594887 -0.015784958766358964 0.0024992870095599763 0.022716877160582093
leaf_weight=39.03958348929882 102.92111344635487 22.841781243681908 264.58581094443798 40.695009127259254 230.24127974361181 110.70751140266657 21.643685281276703 85.532830469310284 158.83437493443489 385.75064143538475 26.9938685297966 1246.92075496912 488.10627997666597 1125.2221635133028 33.238636016845703 79.699088647961617 89.667062141001225 114.04182684421539 166.65757766366005 29.800122693181038 29.650730654597282 35.381378158926964 44.374934017658234 41.47103513777256 90.897425979375839 76.946102112531662 64.531387224793434 28.658648416399956 69.613919526338577 21.010077431797981
leaf_count=179 720 106 1287 194 1127 683 96 441 771 2393 127 7204 2299 5593 145 388 462 527 895 134 130 166 213 193 402 395 284 134 315 101
internal_value=-4.91504e-05 -0.00106517 -0.000484987 -0.00365735 0.0026 -0.0059133 0.000594781 -0.00765647 0.00211489 -0.00640053 0.0109497 -0.00772789 0.000699926 -0.000682001 0.0189598 0.00961288 0.00549781 0.0141484 0.0207448 0.00636441 0.00531849 0.0076341 0.0129987 0.00731219 0.0273892 0.000614203 0.00339806 0.000289653 -0.00443172 0.00989341
internal_weight=5365.68 5130.18 5027.26 2480.35 2546.91 2157.45 2282.32 1918.58 2052.08 1807.87 322.905 1632.67 1851.86 1613.33 176.629 238.533 175.2 200.217 235.497 68.8397 62.8894 238.868 126.541 85.846 113.739 112.327 86.1751 146.277 98.2726 48.0039
internal_count=28104 26896 26176 13804 12372 12344 11085 11183 9958 10500 1460 9597 9051 7892 783 1159 903 907 1208 313 275 1161 600 406 508 561 380 677 449 228
cat_boundaries=0 28 62 63 96 132 167 200 237 272 300 301 302 339 340 341 342 343 344 345
cat_threshold=0 0 131072 8192 2147483648 268435456 0 2146304 16777216 33554434 0 8192 526336 0 32768 0 2048 512 131072 16779328 4325376 0 8193 1073741872 8388640 0 134217728 24 65536 0 50331648 64 0 776 71319552 0 264208 0 0 0 8192 1074003968 50339840 0 16777218 16 8 65536 0 0 0 0 0 0 0 65536 0 16384 0 1048576 0 128 4099520 0 545259520 5 131072 8 2150629376 262144 262144 32 65536 172032 1104 5 0 0 4096 0 0 0 2097152 1310720 0 2097184 16384 0 512 0 0 0 4194304 0 0 524288 0 0 271368 36864 134218752 34086913 285212736 0 0 16 67108864 8388608 16777280 134217728 1048576 0 0 2147483648 0 4 67108864 33554440 256 0 268435456 0 0 0 0 0 0 8224 0 0 0 64 0 0 32 516 268738560 138412032 0 4224 2 2105376 0 0 0 0 0 18 0 131072 0 0 268443680 4194560 131072 67108864 0 0 4 0 256 0 8388608 16777280 0 0 524288 0 67108864 1048709 521 6144 7340048 1073741824 0 1 99328 268435456 0 268435456 0 0 0 5184 0 2 0 0 0 32 0 0 131072 0 8320 512 0 0 0 524288 0 4194304 8194 32768 134217730 528384 16777280 0 0 268435456 0 65536 17825792 0 0 0 0 2147485696 536870912 0 67108864 131072 8 0 33554432 1024 8388608 0 0 0 1024 32 0 0 0 512 32768 0 4194304 0 268500994 4227074 2147483650 11 8192 256 0 33554432 589824 5243904 1081344 0 0 1 4097 536870912 0 0 0 0 4352 134217728 0 0 0 0 128 268435456 0 0 0 16 0 1073741824 4194304 16777224 16783872 16 0 100663332 0 1073872896 33554560 257 8389128 0 0 0 72 2097152 0 1 0 0 0 0 4194304 0 0 134348800 1704320 1572864 0 2097152 2147483648 0 576 0 2147483652 33554432 0 0 131072 2048 256 2097168 262144 0 0 268435456 0 0 65536 131328 0 132098 4194304 1024 4 16777216 8388608 0 0 0 1 0 2147483648 512 49152 4259884 8470529 2825088 42 2491584 2129920
is_linear=0
shrinkage=0.04


Tree=60
num_leaves=31
num_cat=15
split_feature=50 50 50 50 52 50 50 50 50 50 53 52 52 38 13 13 36 31 8 52 53 38 38 39 40 39 39 17 29 29
split_gain=58.3711 52.0916 30.889 24.922 21.9321 49.5549 47.7306 33.9879 27.396 20.3149 18.9806 12.7814 10.9016 8.76471 8.20366 7.40886 5.46143 5.40322 5.2543 4.96889 3.6229 3.41708 4.88886 3.32299 4.123 3.18479 2.95007 1.82482 1.7821 1.37971
threshold=0 1 2 3 4 5 6 7 8 9 10 11 12 0.8473193645477296 0.97467949986457836 0.99494948983192455 0.71525096893310558 0.81909090280532848 10.500000000000002 13 14 0.13397436589002612 0.33060109615325933 0.2869249433279038 0.37940952181816107 0.37602458894252783 0.68819445371627819 0.1679487228393555 2.5000000000000004 -1.0000000180025095e-35
decision_type=9 9 9 9 1 9 9 9 9 9 1 1 1 10 2 2 10 10 10 1 1 10 10 8 2 10 10 8 8 10
left_child=12 26 11 -4 5 15 23 17 13 -10 -9 14 25 -7 18 16 -5 -8 20 -17 -3 27 -23 24 -6 -1 -2 -13 29 -14
right_child=1 2 3 4 6 8 7 10 9 -11 -12 21 28 -15 -16 19 -18 -19 -20 -21 -22 22 -24 -25 -26 -27 -28 -29 -30 -31
leaf_value=-0.0029354574374456984 -0.031990846998427011 -0.0068384074348597336 -0.018601536992719398 0.024309969552171028 -0.0021844170792544599 0.0040135407347939613 -0.02100534927571622 0.0097404375917916671 0.0068887557790761264 -0.0082230736855617697 8.3480065202978671e-05 0.01546786326373034 0.015748353422801075 0.024976119021072881 -0.010675681389941058 -0.0088814372129198561 0.007016180842937059 -0.0039051434419895372 0.022037269399637533 0.0097825110337518926 0.0087656161126355367 0.042892707066248252 0.018614021055373665 0.024047270793702797 0.01840771218048735 0.012867797209628702 -0.0098167165986277234 0 0.0098744455484914249 0.032912615063908926
leaf_weight=37.734119430184364 87.788174957036972 28.464600712060928 107.25530632585287 107.91841404885054 22.152385115623474 195.56466839462519 124.61818292737007 393.37886306643486 145.77561943233013 1615.8287501260638 1641.0483985617757 27.120437100529671 29.548937380313873 34.879466727375984 45.220313787460327 23.7772057056427 51.593582957983017 45.735758170485497 28.700088635087013 41.286117658019066 37.901553243398666 19.472624495625496 96.742896929383278 154.33880603313446 32.77725774794817 32.908710107207298 20.189710147678852 21.170468673110008 17.569439709186554 100.17469675838947
leaf_count=172 643 139 734 550 99 1015 687 1870 728 9046 8168 135 140 175 214 108 244 211 137 185 186 103 498 729 152 151 156 103 85 605
internal_value=0.000292355 -0.000588472 3.47549e-05 -0.00077104 -0.000295019 -0.00316072 0.00233135 0.000529435 -0.0052026 -0.00691368 0.00201814 0.0120718 0.0198805 0.00741924 0.00227327 0.0140596 0.0192212 -0.0158659 0.00908542 0.00265791 0.0020526 0.0194281 0.0244485 0.0199214 0.0102801 0.0039975 -0.0263108 0.00945619 0.0263013 0.0298809
internal_weight=5368.64 5150.7 5042.72 4737.93 4630.67 2216.62 2414.05 2204.78 1992.05 1761.6 2034.43 304.793 217.936 230.444 140.287 224.575 159.512 170.354 95.0662 65.0633 66.3662 164.506 116.216 209.268 54.9296 70.6428 107.978 48.2909 147.293 129.724
internal_count=28168 27015 26216 24701 23967 12051 11916 10936 10964 9774 10038 1515 1153 1190 676 1087 794 898 462 293 325 839 601 980 251 323 799 238 830 745
cat_boundaries=0 32 67 103 136 137 173 206 242 274 310 311 312 313 314 315
cat_threshold=0 0 262144 8192 0 32 0 0 0 33562624 0 0 526344 32768 2147483648 1048576 1 4608 0 18876416 12649472 0 8448 1073741856 32 0 134217728 262152 0 0 0 32 1024 0 33587200 32 8388608 524544 0 268435456 2048 0 256 0 1207967744 100663300 50331650 32768 2 1024 0 0 0 16777216 0 32768 0 131072 0 0 33554432 2113536 0 1048576 0 0 2097152 0 0 9216 131074 2147491856 268451840 262144 8388609 536870912 66 0 0 0 0 1 1025 0 0 0 33554496 256 2097152 0 16 0 0 0 16777216 0 128 256 2147491840 0 32768 2147483664 64 0 0 2048 4194368 33554432 8388608 0 0 33816576 0 0 8 33554432 4456449 201326592 33554560 0 262144 33554432 0 0 131072 16777224 0 4 0 2050 256 0 1024 524288 0 2 3992160 33554432 134217728 268435649 2147483648 1050624 537919552 0 0 256 4194320 4194304 16384 0 540672 0 4098 8 131072 0 0 1048576 8 8388608 2147483648 134217728 512 1 0 0 0 0 0 0 0 0 512 0 0 2148007936 337903616 512 67108868 33554496 16384 8388608 0 131072 8388608 88080384 0 262144 16 0 0 0 0 738197504 256 0 16384 12583424 0 0 0 0 0 33554432 0 1 0 134217728 1073741953 2147516416 5249024 537919552 2097152 32 0 4227584 4227072 16384 0 136839168 0 2 4096 0 0 1073741824 0 32768 0 0 0 0 0 1048576 0 0 1024 0 0 0 0 512 16400 8388608 1048580 536936449 4096 40960 268435464 2097184 134217728 512 2147516544 0 0 135266304 0 2048 0 0 0 0 268468224 0 0 2 33554432 0 0 0 0 0 0 16777216 0 0 4194336 134217728 32836 2049 2097152 262144 4128 2097152 64 34320 262144 2097152 0 0 0 268437536 2 0 0 4194304 2097152 0 268435456 0 0 134217728 0 256 0 64 0 0 0 8388640 64 7944064 739264 1097728 35
is_linear=0
shrinkage=0.04


Tree=61
num_leaves=31
num_cat=13
split_feature=50 50 50 52 50 50 50 50 53 52 9 25 9 51 43 54 37 17 52 39 13 52 37 55 37 30 39 31 37 15
split_gain=61.5642 55.3077 28.3778 25.7393 28.0506 21.784 20.2769 17.7257 17.7894 8.73814 7.63694 7.54249 7.48394 7.00072 6.21294 6.16772 5.72068 5.3718 5.14254 3.80469 3.09798 2.93956 4.6664 3.84509 2.59693 2.50386 2.45847 2.01848 3.47021 1.72132
threshold=0 1 2 3 4 5 6 7 8 9 10.500000000000002 1.0000000180025095e-35 12.500000000000002 10 1.0000000180025095e-35 121.43448638916017 0.30839161574840551 0.050423728302121169 11 0.16774892061948779 0.96039214730262767 12 0.50274726748466503 25.025135040283207 0.21483516693115237 0.93357846140861522 0.18301435559988025 0.13397436589002612 0.68801230192184459 0.091372914612293257
decision_type=9 9 9 1 9 9 9 9 1 1 10 2 10 9 2 2 10 10 1 10 2 1 8 2 10 10 10 10 10 10
left_child=21 29 18 6 9 27 14 12 -9 10 -5 13 -7 19 26 -13 -15 25 -3 -8 -16 22 -1 -23 -17 -11 -4 -6 -29 -2
right_child=1 2 3 4 5 7 11 8 -10 17 -12 15 -14 16 20 24 -18 -19 -20 -21 -22 23 -24 -25 -26 -27 -28 28 -30 -31
leaf_value=-0.0044759029941444416 -0.0096637287790879468 0.0023632794195783719 -0.026393558316034311 0.011863274264817304 -0.026318398787228522 0.0040450874318682835 0.0067425891044408885 0.0046225402178610864 -0.0029188609948397519 0.014391672631444868 -0.011458306485170025 0.0023585293437945964 0.017125167815141097 0.0054021168082631823 -0.0081796871874610863 0.038592956919812037 0.019021717271443729 0.019440570450134309 -0.0234992177775501 -0.012468969212048873 0.010107917604723736 0.015999811121614291 0.016978155161441695 0.030329899486751976 0.018635169997104059 0 -0.0056635653134424705 -0.016541224740127144 -0.00086413642408250961 -0.033185165892480745
leaf_weight=26.217442467808723 13.381270468235014 17.564295619726181 20.918827429413795 35.417025953531265 30.372826889157295 300.6527339220047 25.420449063181877 585.34762335568666 2995.0144001990557 26.863918527960777 45.262714803218842 22.743049561977386 91.284038707613945 101.01675549149513 20.545232340693474 28.586023762822151 116.29840695858002 157.3344034999609 87.156158223748207 30.022911816835403 29.236710697412491 89.28204944729805 28.363658621907234 93.794397115707397 57.475645080208778 49.582296401262283 24.383371904492378 94.311886474490166 33.561518460512161 85.999138854444027
leaf_count=115 114 113 98 167 214 1399 128 2972 15950 117 207 100 410 493 93 128 590 704 655 130 152 463 124 509 250 227 116 593 214 646
internal_value=0.00032003 -0.000625121 0 0.00046742 -0.00048731 -0.00138279 0.00915473 -0.000768794 -0.00166623 0.0107419 -0.000798992 0.0132496 0.00713937 0.00960702 -0.00666213 0.0225462 0.0124831 0.0146132 -0.0192418 -0.00300365 0.00213775 0.0195983 0.00584537 0.0228443 0.027239 0.00564295 -0.0173055 -0.0152789 -0.0127645 -0.0281294
internal_weight=5363.41 5125.75 5026.37 4921.65 4445.01 4130.55 476.647 3972.3 3580.36 314.46 80.6797 381.563 391.937 272.759 95.0841 108.805 217.315 233.781 104.72 55.4434 49.7819 237.658 54.5811 183.076 86.0617 76.4462 45.3022 158.246 127.873 99.3804
internal_count=28191 26980 26220 25452 23174 21752 2278 20731 18922 1422 374 1819 1809 1341 459 478 1083 1048 768 258 245 1211 239 972 378 344 214 1021 807 760
cat_boundaries=0 36 72 105 106 137 174 205 234 235 236 237 238 239
cat_threshold=0 536870912 131072 8192 2147483648 1 0 0 16777216 33554466 0 0 526344 32768 0 0 2048 65536 0 16779328 12583936 2099200 8192 48 32 0 134217728 8 0 0 0 8192 0 32768 0 64 8388608 0 33556480 64 100663296 272 1073758208 0 264192 0 0 8 1073750016 8388608 33554432 128 2 2048 33554432 0 2048 0 4096 0 4096 0 0 8192 0 2149580800 0 1048576 0 0 0 33554432 262272 0 0 32 8388608 545267712 0 0 0 8 0 256 256 100663301 16777220 163840 0 262144 0 0 0 8388608 12 32768 0 0 8 0 512 67108864 1024 0 536870912 60 0 8388608 335544320 0 512 33570816 13 262144 8388608 64 0 2155880448 64 0 1081344 1024 64 268468992 0 0 0 0 8388608 2214592512 4194304 512 4 16 0 0 128 0 16777216 33042 0 2 67112960 4194304 32 0 536870912 258 0 0 144 134217728 16777216 0 4 536870912 0 0 131072 0 0 33562624 1024 2048 1048576 0 0 4194304 0 2 0 0 0 16384 0 67108864 2281701408 4096 2097664 64 16777220 0 0 1073741824 67108864 0 0 0 0 0 0 0 0 0 40960 0 0 135168 0 0 4 0 0 0 25166080 33554432 0 151004160 4098 0 2097216 131072 33554434 0 147472 0 16 0 1073741824 0 2 0 2149580864 0 1 131328 256 256 4608 0 0 0 131072 256 64 379904 16473 8429632 709376
is_linear=0
shrinkage=0.04


Tree=62
num_leaves=31
num_cat=15
split_feature=50 50 50 52 50 50 50 0 50 50 50 52 39 52 30 36 36 29 52 52 38 21 14 52 55 38 55 17 11 37
split_gain=63.8814 36.8439 32.5414 24.3252 40.6761 32.6154 24.8198 19.951 23.7702 19.344 15.5796 14.2785 11.3014 11.3003 7.91705 7.86795 7.27459 6.7785 6.64369 6.24477 5.65461 5.16652 4.38342 3.85017 2.39033 3.59671 1.79739 3.568 2.20685 3.70881
threshold=0 1 2 3 4 5 6 27.500000000000004 7 8 9 10 0.41742423176765447 11 0.9375000298023225 0.084523811936378493 0.69337606430053722 1.5000000000000002 12 13 0.5040983557701112 11.500000000000002 0.84698995947837841 14 25.053524971008304 0.43826219439506536 25.049374580383304 0.16530054807662967 1.5000000000000002 0.26598639786243444
decision_type=9 9 9 1 9 9 9 2 9 9 9 1 10 1 10 10 8 10 1 1 8 8 10 1 2 10 2 10 10 8
left_child=13 -2 11 5 23 17 15 9 -9 -8 14 24 16 20 22 -6 -12 -4 -17 -16 -1 -14 -7 -5 25 -3 28 -28 29 -13
right_child=1 2 3 4 6 10 7 8 -10 -11 12 26 21 -15 19 18 -18 -19 -20 -21 -22 -23 -24 -25 -26 -27 27 -29 -30 -31
leaf_value=0.016048422545661124 -0.02198282321561399 0.014553543246904933 0.027450967387772793 0 -0.0062298170959706649 -0.0095811739427966343 -0.016213037523570967 0.0050988822603500582 -0.014554585305395476 -0.0002204699866152919 0.0060296867582357427 0.017577964727642701 0.017279651595823439 0.02628731401832507 -0.011053189716876603 0.0013975012089484564 -0.0059713253999665178 0.0018207001418792863 0.01597086466145814 0.01092855268167503 -0.0071752812518774056 -0.0027592630820238531 -0.030054650112648077 -0.024156142445188055 -0.0095092353438145701 -0.0055587961054639401 0.034793818949053784 0.011471474000327246 0.02259536491037923 -0.00292004475888418
leaf_weight=24.435480341315269 110.0552774220705 22.397752046585083 118.13511382043362 22.471501938998699 38.562592387199402 68.008726790547371 111.36086572706699 127.3240755200386 359.88430280983448 2967.6501009762287 186.84582804888487 23.499441877007484 125.70807958394289 164.00876323878765 20.896614655852318 87.671097666025162 133.93488664925098 21.886312574148178 186.14462994039059 33.864766821265221 33.270220667123795 20.965487450361252 25.154055789113045 133.83902267366648 27.655246987938881 23.753640368580818 45.041007950901985 25.896266788244247 40.662929862737656 22.858821496367455
leaf_count=107 821 107 555 165 183 307 751 659 2185 15467 885 136 601 851 102 413 627 97 835 161 145 101 114 903 133 114 240 124 186 121
internal_value=0.000396403 -0.000536065 0 -0.00072949 -0.00197044 0.00578231 -0.00111781 -0.00208222 -0.00957032 -0.000884004 0.00156344 0.0141645 0.00516959 0.0207146 -0.00913634 0.00942197 0.000942796 0.0222494 0.0121081 0.00196195 0.00244538 0.0142869 -0.0165621 -0.02106 -0.000806558 0.00427943 0.0207387 0.0278591 0.0157723 0.00778089
internal_weight=5353.84 5132.13 5022.07 4790.31 4034.91 755.4 3878.6 3566.22 487.208 3079.01 615.378 231.765 467.454 221.714 147.924 312.378 320.781 140.021 273.816 54.7614 57.7057 146.674 93.1628 156.311 73.8066 46.1514 157.958 70.9373 87.0212 46.3583
internal_count=28196 27093 26272 25111 21561 3550 20493 19062 2844 16218 2898 1161 2214 1103 684 1431 1512 652 1248 263 252 702 421 1068 354 221 807 364 443 257
cat_boundaries=0 36 67 99 100 120 154 185 221 258 289 290 291 292 293 294
cat_threshold=0 0 393216 8192 1049600 0 0 8194 16777216 33554468 33554432 2048 526336 0 1 0 0 2147553280 0 16779264 12582912 2048 8396800 0 268435456 0 134217728 0 0 0 0 0 1 32768 2147483648 64 65536 134217728 35653632 536870976 41943040 256 67125248 0 1050624 0 0 4 8192 129 33554432 33554432 16842752 262144 0 2147483648 0 0 0 0 0 0 0 0 33554436 2097152 16777216 0 8388608 0 0 2147778560 0 0 32769 32 0 0 2155872256 8 32768 2147483648 1073741824 268435969 512 0 64 65536 4112 256 256 32 0 0 16777240 536870912 0 270532608 8224 4194428 0 268435456 65602 33554720 67108866 545259520 196610 32 0 268435456 6 0 41975808 1048592 4 557056 0 0 1107296256 1073741824 0 4194304 2 167838464 2050 67108864 65536 9437440 536875008 0 4 16386 0 655376 262144 524288 0 0 536870912 0 32 33554432 0 16 0 0 0 0 0 0 0 0 32 8192 0 0 134217728 67112960 16777296 2228228 8388608 128 0 2097152 0 0 0 2097152 32768 1025 0 270549248 0 0 0 264 131072 2147484160 8388608 512 0 0 256 0 8388736 33570944 0 0 0 0 0 0 0 0 0 0 0 0 0 0 0 0 0 0 0 0 0 0 0 671088640 16 24581 134348800 64 37748864 786692 2164260864 8 0 794688 34078720 0 16777216 1073741824 8388608 524288 67112960 0 8519680 2 1048576 134217728 0 0 71303172 67117058 640 0 0 134218752 0 32 0 16777216 0 536870916 0 0 0 0 0 0 0 0 0 0 33554432 16384 0 69206016 201326596 4224 2228752 1183744 1 16 0 1073774592 67108864 0 0 1073741824 0 257 64 0 2 0 32768 8 0 4096 8388608 0 4 0 0 0 8388736 3360160 54592 2403456 104 2206720
is_linear=0
shrinkage=0.04


Tree=63
num_leaves=30
num_cat=15
split_feature=50 50 50 50 52 50 50 50 50 50 50 52 35 52 37 25 54 29 37 52 13 35 52 0 66 36 16 16 36
split_gain=57.2311 51.833 29.411 23.9406 22.0937 51.1479 36.1493 28.3869 24.1361 15.8242 15.5117 8.06951 7.61158 6.30102 5.43036 5.39531 5.11878 5.02041 3.94505 3.661 3.24603 2.83902 1.8069 1.33408 1.08305 0.982565 0.932357 1.94953 0.449861
threshold=0 1 2 3 4 5 6 7 8 9 10 11 0.79814815521240245 12 1.0000000180025095e-35 2.5000000000000004 121.46842193603517 1.5000000000000002 0.038838613778352744 13 0.90521115064620983 0.10840187966823579 14 12.500000000000002 1.4980468750000002 0.35067567229270941 0.2806250005960465 0.43007518351078039 0.067424245178699507
decision_type=9 9 9 9 1 9 9 9 9 9 9 1 10 1 8 2 2 10 10 1 2 10 1 2 2 10 2 2 10
left_child=21 11 19 17 5 14 18 12 13 -9 -10 16 -8 -7 -5 -16 -2 22 -6 -3 -20 -1 -4 -24 25 -13 -21 -28 -23
right_child=1 2 3 4 6 8 7 9 10 -11 -12 24 -14 -15 15 -17 -18 -19 20 26 -22 28 23 -25 -26 -27 27 -29 -30
leaf_value=-0.0034019451545302631 -0.0039529821594102904 0.0018796582856587555 0 0 0.00052557234934871215 -0.0050179523988524138 0.020687334414862871 0.011389333972128091 0.0088829306604645535 0.0016911493485737969 -0.0043336201862257421 0.0099218107295424747 0.00011945233369578781 -0.022687306950181185 0.021741631254458323 0.0060574601296096422 0.015947005447811826 0 -0.022653759480723998 -0.031060043629601741 -0.0084672302049969578 -0.010369980797217045 -0.013157017126421427 -0.029804183317480974 0.033083082016666723 0.023753059286897832 -0.00081202694796085346 -0.021390227592653261 -0.027518439251282962
leaf_weight=13.192602738738058 38.656906947493553 14.673866316676138 17.186221592128277 30.260667219758034 19.413378156721592 77.657604493200779 203.7056952342391 296.94317661225796 144.83781830966473 2153.8051866739988 1310.7977735996246 28.538160510361195 35.739135965704918 134.74940530955791 143.28124736249447 57.612063050270081 33.667649805545807 21.55630936473608 84.594588413834572 49.518026702105999 56.844271704554558 14.868365772068499 30.264928467571735 51.906013749539852 57.494663685560226 64.99455975741148 12.97721430659294 25.754998154938221 122.31313286721706
leaf_count=75 175 94 105 134 101 394 987 1332 726 10716 7328 146 170 755 660 283 160 142 457 328 271 110 200 347 402 330 99 205 941
internal_value=0.000115694 0.000853857 -1.52834e-05 0.000457161 0.000931898 -0.00239361 0.00315506 0.00428917 -0.0048769 0.00293647 -0.00292777 0.0190765 0.0170663 -0.0170723 0.0146502 0.0175972 0.00485612 -0.0160908 -0.0144466 -0.0197586 -0.0175725 -0.023047 -0.0209991 -0.0224349 0.0247119 0.0204536 -0.0233005 -0.015834 -0.0262305
internal_weight=5347.81 5197.43 4974.08 4871.16 4750.24 1899.2 2851.05 2690.19 1668.04 2450.75 1455.64 223.352 239.445 212.407 231.154 200.893 72.3246 120.913 160.852 102.924 141.439 150.374 99.3572 82.1709 151.027 93.5327 88.2502 38.7322 137.181
internal_count=28173 27047 25834 25108 24314 10280 14034 13205 9203 12048 8054 1213 1157 1149 1077 943 335 794 829 726 728 1126 652 547 878 476 632 304 1051
cat_boundaries=0 32 67 103 135 136 168 199 232 265 302 334 335 336 337 338
cat_threshold=1024 0 33554432 4194440 134217728 8388872 16384 131072 0 2097152 0 4194304 0 142868609 234881024 32768 0 0 2 2147483648 0 0 4096 0 4 16 24 0 0 2097152 65536 1048576 0 8388608 262144 8192 0 268435456 0 16384 0 33554434 0 2147483648 526344 0 262144 0 1 4609 536870912 16779328 12583168 0 8192 32 32 0 0 24 0 0 0 32 0 32768 2147483648 0 0 2176 1073741856 0 1073741824 67108864 0 262144 1048584 268435456 0 1073750016 0 16785410 128 4096 2064 0 0 0 8192 16777216 0 4096 0 0 1048576 516 16384 0 0 524288 0 0 512 8650752 0 0 64 76025856 0 0 268435460 512 524288 0 0 302022912 71303204 0 131072 2 4 0 0 2048 0 4 0 0 2048 2048 134217728 33554432 2048 0 131072 3982338 0 0 268435460 2147549184 286261252 135790608 4 0 4096 65536 33554432 18432 16 0 2147483648 4096 0 0 0 2097152 139296 0 0 0 134217728 512 4 2097152 256 0 64 16777216 0 536870912 65537 0 17825856 542638096 8192 16 1048576 71368704 0 4 134217728 0 0 4096 64 0 8 0 1074003968 32768 0 32768 0 0 0 2097152 0 1024 8389696 0 0 67121160 69206016 2147483648 32 0 8192 32 0 0 8388608 8388609 1081344 0 1073741824 2048 2147483648 0 0 134217728 256 8388608 0 67109376 262144 0 0 0 0 0 0 67108864 0 270532608 2148012040 77727748 2 67108864 16777216 1048576 1073741858 0 0 134250496 8388608 16777216 0 0 16777216 2147516416 0 0 134217728 256 8388608 0 67109376 0 0 0 0 0 0 0 67108864 0 2097152 524320 4 394240 8192 64 1048577 0 131104 131072 524296 0 1090519042 0 1048576 0 32768 0 0 603980800 0 257 1280 268435456 0 0 0 0 0 0 2147483648 0 0 0 0 131072 0 0 1024 268435456 4194824 0 131072 262144 8192 4194304 67108864 0 0 16384 0 1026 512 3276800 0 0 268468224 4194312 2097152 2147487744 0 0 134217728 256 0 0 8388608 64 4863936 2130944 10338 51248
is_linear=0
shrinkage=0.04


Tree=64
num_leaves=30
num_cat=15
split_feature=50 50 50 50 50 52 50 50 50 50 52 52 52 36 52 36 36 41 26 52 36 16 36 15 36 38 21 26 38
split_gain=51.5255 46.4905 22.3806 20.858 18.4199 18.1579 37.9186 31.5024 23.8539 20.0964 15.139 11.2711 9.8838 7.95202 7.69813 6.73764 5.61767 4.08699 3.00578 4.55794 4.11632 2.12819 2.08551 1.70002 1.66659 1.52266 1.59305 1.08325 0.754858
threshold=0 1 2 3 4 5 6 7 8 9 10 11 12 0.47673159837722784 13 0.87939393520355236 0.87939393520355236 0.60355338454246532 0.2152509689331055 14 0.20204082131385806 0.3647450208663941 0.072077922523021712 0.78629976511001598 0.83424907922744762 0.40192307531833654 1.5000000000000002 0.050252525135874755 0.19836065918207171
decision_type=9 9 9 9 9 1 9 9 9 9 1 1 1 10 1 8 10 2 2 1 10 2 10 10 10 10 10 2 8
left_child=14 22 12 18 10 6 17 11 -9 -8 13 -7 -3 -5 -1 23 25 -6 20 -20 -4 -21 -2 -12 27 28 -27 -14 -16
right_child=1 2 3 4 5 7 9 8 -10 -11 15 -13 24 -15 16 -17 -18 -19 19 21 -22 -23 -24 -25 -26 26 -28 -29 -30
leaf_value=-0.001602946579196868 -0.0071768413133087884 0.0032726861926388553 -0.0033638593403140351 0.0078636110739039242 -0.021077296500364544 0.0017758522627279794 0.022296843192861415 0.0091876175109758679 -0.001199274683537461 0.0054490030121087394 0.025230850736294108 -0.021286747577335997 -0.0090636849947596174 -0.016791472055111969 0.0130822865960726 -0.00019570465112175278 0.00081301748736385758 -0.0062945416308982987 0.0061792165396245173 -0.0018182021002359099 -0.029262009122655436 -0.022896417920394475 -0.029283768542826591 0.013883415675594738 -0.0081365919747812231 0.022175874486446021 0.0078010376855417564 -0.028306902712433107 0.029186183227369936
leaf_weight=33.061563357710838 14.188370652496813 34.798948302865028 16.586048908531666 35.863702565431595 56.167946934700012 46.21592515707016 153.96675016731024 383.61833307147026 3127.728186763823 448.4211398884654 84.371092319488525 148.65075920522213 15.110593125224112 37.37690757215023 23.07902766764164 27.362143814563751 21.894562169909477 82.039385423064232 18.369080945849419 14.321191266179083 41.621359281241894 25.991643406450748 95.022855900228024 78.172439023852348 20.168961770832539 34.723105184733868 38.984377652406693 68.275892660021782 98.468132928013802
leaf_count=159 109 198 100 168 311 292 723 1719 16361 2240 401 901 100 175 114 142 100 394 137 108 267 201 750 402 149 189 173 511 528
internal_value=0.000214386 -0.000678551 -6.96092e-05 0.000403077 0.000843821 0.000213805 0.00587018 -0.000930214 -2.45698e-05 0.0102247 0.0108326 -0.0159858 -0.0151173 -0.00419574 0.0174051 0.0166091 0.0203019 -0.0121217 -0.0152808 -0.0084566 -0.0230487 -0.0138255 -0.0248509 0.0204701 -0.021098 0.0233263 0.0158056 -0.0257561 0.0269242
internal_weight=5324.62 5074.41 4965.2 4826.84 4709.95 4446.81 740.595 3706.21 3511.35 602.388 263.146 194.867 138.354 73.2406 250.211 189.906 217.149 138.207 116.889 58.6819 58.2074 40.3128 109.211 162.544 103.555 195.255 73.7075 83.3865 121.547
internal_count=28122 26859 26000 25042 24229 22941 3668 19273 18080 2963 1288 1193 958 343 1263 945 1104 705 813 446 367 309 859 803 760 1004 362 611 642
cat_boundaries=0 35 72 108 141 174 175 206 243 274 311 312 313 314 315 316
cat_threshold=0 0 134217728 2147491840 262144 2 16777216 0 0 33554438 131072 589824 526344 0 0 0 0 512 0 16777216 4195584 0 0 32 32 262656 134217728 24 0 0 0 8192 1 40960 2147483648 0 0 33554432 4194304 0 256 540672 131072 0 0 0 0 1073750016 41943169 50331648 131072 0 0 0 2147483648 0 0 135168 1048576 0 0 8192 128 0 2115584 1024 9437184 0 0 0 33554432 32768 262144 0 64 2112 8388608 8650760 0 268435712 2048 0 0 0 0 4718592 32 33587328 65536 0 0 0 1073743872 32768 16777216 0 512 0 0 1572864 512 0 0 131072 0 0 0 512 8388608 0 2131968 56 0 0 1077936128 0 1048576 0 268435720 4194304 33587200 67371012 134217728 16777216 0 1048576 1024 0 1048576 0 8 0 0 16 2048 0 4 256 0 0 2 0 8388608 139264 335544320 1050112 0 8388616 270338 8388608 0 0 2147483650 4194304 0 0 1048576 0 4096 0 33554496 8454144 65544 272 0 8388608 0 0 0 0 0 2097152 32 67108864 4196508 0 0 1024 5249 2151811072 1048768 4 4112 0 1073807872 33554432 0 0 134217728 0 0 512 0 0 0 134250496 0 0 151552 33554432 0 0 0 536870912 0 8388608 0 352321536 524288 131328 67108866 67108864 65536 0 33554434 67109888 6 64 0 18 2 524288 0 0 167772168 0 0 0 0 0 603979776 0 0 256 0 0 0 0 0 0 0 0 16384 301989888 0 0 5120 2147483648 1050624 4 134250496 256 24576 128 1024 68 2097152 0 0 65 268451841 4194304 0 134217728 0 2097152 16384 0 0 0 131072 256 0 8388736 0 23068672 2148073480 196868 69222418 67108864 65536 3145728 0 0 4 64 0 131072 0 526352 0 32768 134217728 0 32 0 0 16 0 0 0 0 0 0 0 0 0 0 0 0 16384 7392128 2327616 172156 558464 8568960
is_linear=0
shrinkage=0.04


Tree=65
num_leaves=31
num_cat=14
split_feature=52 51 51 51 52 37 53 51 0 65 52 38 52 54 9 51 53 20 52 18 31 41 39 21 35 52 18 53 37 18
split_gain=27.494 21.6213 14.3109 13.7699 13.2074 13.5388 11.3671 10.9941 12.6745 13.0954 10.1586 9.68973 9.59237 9.46149 9.44944 9.31179 8.97236 7.95434 7.68544 8.95294 7.19737 7.13886 7.05814 6.90844 6.51406 6.45259 6.37685 6.28576 6.28049 6.19396
threshold=0 1 2 3 4 1.0000000180025095e-35 5 6 39.500000000000007 4.5000000000000009 7 0.85786435008049022 8 121.53332519531251 11.500000000000002 9 10 18.500000000000004 11 0.050423728302121169 0.46225070953369146 -0.12940952181816107 0.90990260243415844 5.5000000000000009 0.091966174542903914 12 0.15184453129768374 13 0.53410854935646068 0.56787469983100902
decision_type=1 9 9 9 1 10 1 9 2 2 1 10 1 2 8 9 1 8 1 10 10 2 8 8 10 1 10 1 10 10
left_child=2 11 14 20 5 -5 24 16 9 10 -9 23 26 -14 -1 -7 18 28 22 -20 21 -3 -6 25 -4 -2 -8 -17 -18 -28
right_child=1 3 6 4 7 15 12 8 -10 -11 -12 -13 13 -15 -16 27 17 -19 19 -21 -22 -23 -24 -25 -26 -27 29 -29 -30 -31
leaf_value=0.0026708259542936041 0.0047580459553357695 -0.012887115249204148 0.017698173266568664 0.0083570919675641439 0.0084081402532421752 -0.019853619946898122 0.015547797044555658 0.0013028151529550984 -0.015896710909184635 0.014831530654135058 -0.0047388998990354524 0.0091676365369558269 -0.014246335509085615 0.013211012777325795 -0.018314438282882751 -0.00089854508812356243 0 -0.013782683030925634 -0.0024026305717588558 0.022125812301136277 0.017850782583972546 0.016298185248981606 -0.013893754548140957 -0.01434529440534674 0.007522304957907771 -0.0090551782324797461 -0.0069769630366074377 -0.011627330207183347 0.0064094641151772229 0.012150667553438759
leaf_weight=85.499737419188023 71.47003261744976 27.840803101658821 236.37790068238974 79.290475770831108 58.763648472726345 90.400064885616302 85.356150142848492 945.25393808633089 88.502109356224537 77.016058243811131 814.95013318955898 39.864645816385746 77.9337527602911 21.467276237905025 49.894206583499908 224.31265813857317 661.60392268002033 45.810820013284683 27.175146110355854 108.43864794075489 100.83642486482859 17.561629608273506 30.190349861979485 282.99360210448503 210.39604768902063 141.09759928286076 61.098373398184776 143.9831617847085 385.70062829554081 40.678268723189831
leaf_count=400 417 167 1260 417 280 596 430 4972 494 365 4356 248 378 115 226 1255 3209 273 125 519 516 92 139 1946 978 839 289 810 1896 195
internal_value=0.000152895 -0.00111644 0.00660339 -7.03464e-05 -0.00056135 -0.00627815 0.00881866 0.000405299 -0.00151076 -0.000773845 -0.00150805 -0.00854268 0.00221153 -0.00709646 -0.00494466 -0.00904937 0.00320601 0.00161786 0.0102678 0.0160186 0.0113729 -0.000704521 0.000261727 -0.0102553 0.0128033 -0.00451383 0.00741441 -0.00543597 0.00238817 0.000691683
internal_weight=5331.76 4463.06 868.702 3927.63 3781.39 537.986 733.308 3243.41 1925.72 1837.22 1760.2 535.426 286.534 99.401 135.394 458.696 1317.68 1093.12 224.568 135.614 146.239 45.4024 88.954 495.561 446.774 212.568 187.133 368.296 1047.3 101.777
internal_count=28202 23931 4271 20481 19706 3078 3645 16628 10187 9693 9328 3450 1407 493 626 2661 6441 5378 1063 644 775 259 419 3202 2238 1256 914 2065 5105 484
cat_boundaries=0 1 2 3 4 5 6 7 8 9 10 11 12 13 14
cat_threshold=4194334 8388620 75513937 56099248 1572864 97 67502659 8718817 4194328 67121217 64 125024 134880 58
is_linear=0
shrinkage=0.04


Tree=66
num_leaves=31
num_cat=16
split_feature=50 50 50 52 50 50 50 50 30 50 50 52 50 52 52 52 37 52 37 38 15 38 13 7 39 55 31 40 38 30
split_gain=46.9191 42.5679 23.4646 20.3366 39.588 35.0022 30.7233 23.7048 17.8311 16.8132 13.8207 11.0992 13.2173 8.9017 7.99325 7.62603 7.20245 6.86523 6.43934 5.46175 5.41577 3.38582 6.29332 3.30399 3.2028 3.04761 2.70897 2.90024 2.21523 2.15264
threshold=0 1 2 3 4 5 6 7 0.9586748778820039 8 9 10 11 12 13 14 0.47722567617893225 15 0.12599206715822223 0.040408162400126464 0.92893216013908397 0.36451049149036413 0.96799793839454662 21.500000000000004 0.12599206715822223 25.072025299072269 0.14415584504604342 0.60355338454246532 0.15504807978868487 0.76587700843811046
decision_type=9 9 9 1 9 9 9 9 8 9 9 1 9 1 1 1 10 1 8 10 10 10 2 2 8 2 10 2 8 10
left_child=15 28 26 5 24 18 8 20 13 17 -11 23 -13 -6 -10 16 -1 -8 -4 29 -7 -17 25 -9 -5 -23 -3 -28 -2 -20
right_child=1 2 3 4 6 7 9 11 14 10 -12 12 -14 -15 -16 21 -18 -19 19 -21 -22 22 -24 -25 -26 -27 27 -29 -30 -31
leaf_value=-0.0077149428106427203 -0.0068447846411394554 -0.003226573851628558 0.003317895256384016 -0.003150966715179916 0.020617929867413173 -0.016201469110467909 0.0038211341921244807 0.011163792050388104 0.0066672915858895024 0.0072876000772646998 -0.0021328765834802864 0.013367427557149149 0.00082978048788494047 0.0061828036624651354 -0.016710787626323519 0.026513849421926163 0.016319151888672046 -0.017696720895218978 4.6398004765168957e-05 0.030454191343221915 0 0.010356332993098983 7.4666653064418115e-05 0.030328521212124638 -0.025372095081333951 0.030688017144293461 -0.02878292330281159 -0.0044590243878952183 -0.0259761562562894 0.018122993298843069
leaf_weight=40.495661079883575 18.585834570229053 15.057487212121485 29.928686335682869 15.309747599065302 149.8894124776125 125.46310120820999 27.151797518134117 56.640595942735672 30.93536876142025 262.88423442840576 2383.2992808520794 144.77430574595928 916.72157573699951 190.21334552764893 40.211143106222153 102.50411811470985 30.138069041073322 134.25696150958538 20.803317993879318 98.096357315778732 44.865878120064735 37.084756478667259 36.82152147591114 26.691939130425453 117.93849987536669 28.599728509783745 54.858851946890354 13.750234968960283 110.86604918539524 22.516593463718891
leaf_count=192 140 122 143 105 673 583 142 271 135 1231 13010 669 4435 884 177 572 141 863 97 481 207 206 189 144 798 151 401 104 824 105
internal_value=0.000205316 -0.000688422 -5.60714e-05 0.000332619 -0.00139038 0.00420642 -0.000450963 0.00186479 0.00955337 -0.00196644 -0.00115368 0.0039818 0.00272077 0.0135857 -0.00783171 0.0158367 0.00236387 -0.0139465 0.0204754 0.0251311 -0.011427 0.0199101 0.0140464 0.0169762 -0.021607 0.0210365 -0.0193707 -0.0248138 -0.0220917 0.0107591
internal_weight=5327.35 5051.71 4922.26 4838.59 3352.09 1486.5 3218.84 1315.16 411.249 2807.59 2646.18 1144.83 1061.5 340.103 71.1465 275.644 70.6337 161.409 171.345 141.416 170.329 205.01 102.506 83.3325 133.248 65.6845 83.6666 68.6091 129.452 43.3199
internal_count=28195 26744 25780 25153 18018 7135 17115 6309 1869 15246 14241 5519 5104 1557 312 1451 333 1005 826 683 790 1118 546 415 903 357 627 505 964 202
cat_boundaries=0 35 69 105 106 135 168 200 235 268 303 304 338 339 340 341 342
cat_threshold=0 1073741824 262144 8192 2147484160 0 0 0 0 33562624 33685504 0 526337 0 262144 1024 0 0 0 16779329 4194304 2048 8388864 0 32 0 134217732 131096 0 0 256 8192 67108864 0 2147483648 0 4194304 35651584 4194432 8388608 536871168 136331264 268566528 2147483648 4194304 0 0 1342185472 0 50331650 0 4096 0 0 2147483648 0 17825792 12 0 0 0 0 1572864 0 0 0 0 2 128 8388608 0 0 64 0 8388608 524288 0 264192 0 256 131076 0 38010912 134225920 131200 0 1 33554440 1073741824 0 8192 16777216 0 0 131072 0 0 0 2098176 0 0 0 0 0 512 12603516 0 134217728 64 33620000 201850882 67109888 73728 8388608 0 269484032 4 134217728 41943296 134742016 0 0 16779264 4 134217728 0 0 0 4096 0 0 16 0 0 4 0 0 135290888 304152578 4227074 268959744 8 8388608 0 1048576 0 540674 4194304 1081344 0 16 2048 0 0 0 0 65536 0 0 4194304 0 0 0 0 0 524288 0 32 16384 8388608 16777248 32768 0 1048581 2147483652 1048576 0 32 0 1 0 1073741824 0 2049 64 32832 0 0 268476448 0 2228224 2147487744 512 1024 0 0 0 33554432 8388608 64 0 2097152 67108864 0 2097168 1179652 1073741828 2097168 4096 536970240 192 0 0 1073741824 0 0 64 0 0 0 268476416 0 32 16384 512 0 0 8192 536870912 0 25165952 0 0 0 524288 0 285212672 1081346 1073742592 0 0 0 0 33554432 131072 1073741824 114690 5120 16 4 0 33587200 0 0 65536 1073741824 0 0 256 671088640 0 2049 2097152 0 8388608 64 0 32 268435456 536870912 67239936 4 268566592 2048 262144 2097280 256 0 67109056 1280 516 16777216 0 0 0 0 0 262144 67108864 4194304 0 0 0 262144 0 0 0 0 0 0 0 32768 532480 8 0 0 1073741824 131072 264192 134218304 73730 33558528 0 1342177280 1140850688 0 8388608 134217730 2147483648 1 512 4096 0 16 135397376 8 0 131328 0 0 0 0 0 0 0 0 0 8192 2302593 1376259 56928 98306
is_linear=0
shrinkage=0.04


Tree=67
num_leaves=31
num_cat=13
split_feature=50 50 50 52 50 50 0 50 52 52 50 25 37 15 7 52 38 7 25 52 38 43 52 54 33 8 55 42 37 55
split_gain=51.1606 47.2894 26.8889 22.4461 22.4792 19.7174 15.95 22.4149 12.6592 8.91921 8.04653 6.48262 5.70227 6.05379 8.39553 5.44186 5.48748 5.24268 5.97778 3.61519 3.53301 3.21732 2.33703 3.68232 3.07941 1.35014 0.975114 0.651265 0.888584 0.336555
threshold=0 1 2 3 4 5 28.500000000000004 6 7 8 9 1.0000000180025095e-35 0.21483516693115237 0.94804319739341747 17.500000000000004 10 0.63733074069023143 13.500000000000002 5.5000000000000009 11 0.72776681184768688 1.0000000180025095e-35 12 121.52611160278322 0.17340286821126941 15.500000000000002 25.069339752197269 0.6078576147556306 0.72821971774101268 25.018589973449711
decision_type=9 9 9 1 9 9 2 9 1 1 9 2 10 10 2 1 10 2 2 1 8 2 1 2 8 8 2 2 8 2
left_child=19 -2 22 10 15 9 8 -8 -7 21 20 -11 29 14 -14 17 -17 18 -5 -1 -4 -6 24 -24 -3 27 -15 28 -21 -12
right_child=1 2 3 4 5 6 7 -9 -10 11 12 -13 13 26 -16 16 -18 -19 -20 25 -22 -23 23 -25 -26 -27 -28 -29 -30 -31
leaf_value=-0.00010283197495084603 -0.026059018345450501 -0.015977925485082253 0.0062833226731988257 0.01548300698679721 0.0047463211531377468 -0.0036989341807783698 0.0071611606758346527 -0.012840929729755812 0.0014292526148376233 0.0063213372121885391 0.012510539262425407 0.022390519801697231 0.0083867388100795134 0.021787442723599483 -0.014550628914605195 -0.026292328474694329 -0.0030235971009539456 -0.020188256283530076 -0.012217219315661157 0.023209268636252282 -0.010857983950884236 -0.010287357558704817 -0.031828510825643724 -0.0074572647172301675 0.0044895988085727036 0.029817759742693798 0.0067725072599725067 0.0076282949209008702 0.0085126764363072423 0.024580087528591723
leaf_weight=20.561460599303246 103.7837205529213 16.280079126358032 29.156928159296513 26.490402050316334 53.641081169247627 1072.4657844677567 110.36141400039196 340.37623213976622 2623.7053020521998 80.586967274546623 33.964258432388306 100.09733374416828 107.9939232468605 43.880782708525658 27.741207614541054 85.100036047399044 23.962290048599243 13.892643883824347 15.354965254664419 57.768674336373806 37.700798958539963 31.837707102298737 56.178486302495003 19.076903149485588 20.4034438803792 60.560957379639149 20.38912458717823 22.896866738796234 22.102868095040321 55.591952919960022
leaf_count=101 826 99 149 181 244 5865 567 2036 13201 368 171 455 496 238 130 536 127 101 121 312 196 146 392 113 132 331 117 125 137 276
internal_value=-0.000337664 -0.00110635 -0.000513498 -4.16628e-05 -0.000810424 -0.000240091 -0.000936281 -0.0079994 -6.24364e-05 0.0100069 0.00941248 0.0148924 0.0122964 0.00842994 0.00320634 -0.0146776 -0.0199618 -0.00201482 0.0046725 0.0195663 -0.00279785 -0.00080249 -0.0186919 -0.0237855 -0.00398503 0.021955 0.0181455 0.0180047 0.020119 0.0211178
internal_weight=5333.9 5150.01 5046.23 4934.29 4577.87 4413.07 4146.91 450.738 3696.17 266.163 356.419 180.684 289.561 200.005 135.735 164.8 109.062 55.738 41.8454 183.891 66.8577 85.4788 111.939 75.2554 36.6835 163.329 64.2699 102.768 79.8715 89.5562
internal_count=28289 27283 26457 25721 23948 22882 21669 2603 19066 1213 1773 823 1428 981 626 1066 663 403 302 1006 345 390 736 505 231 905 355 574 449 447
cat_boundaries=0 35 66 102 103 140 174 210 211 212 247 248 249 250
cat_threshold=0 0 131072 270336 2147484672 0 0 8388610 256 33554432 0 0 526344 0 0 0 0 0 0 52430848 549453824 2099200 8192 67108896 32 512 134217728 8 536870912 0 0 0 0 0 2147483648 0 134217728 35651584 1610612800 8388608 256 4194304 268566528 2048 0 2 0 1073758208 67108864 50331654 688128 0 0 33554432 0 0 0 0 0 67108864 0 2048 0 0 2097152 65536 0 0 2048 4194320 33558528 8 0 512 2147483648 32768 268435464 0 0 262145 0 33570944 2 0 0 0 2048 8396804 12 0 536870912 131072 0 0 4 1024 0 131072 0 0 0 33554432 28 0 16777216 32816 2048 335560704 75497472 0 256 134217728 0 0 0 2105344 37748868 134217728 0 0 0 134217728 0 512 32768 4096 536870912 8192 1088 0 0 0 0 0 0 2 0 0 0 16384 268435456 0 1024 0 4 1 4 0 8388640 16384 64 1073742080 65 0 1048576 2 0 512 0 262208 268501248 256 1 131072 4194304 0 0 131088 0 0 128 16777216 0 32768 33570832 0 0 0 0 0 0 0 0 0 0 0 0 0 0 0 0 0 0 0 0 0 0 0 0 2048 24580 153092096 67109120 32896 9175300 2147483648 67108896 0 2883648 524288 3721216 1835712 0 0 8198 0 131072 4096 65540 0 0 1074790400 131072 64 0 0 0 0 0 0 0 0 8192 8 0 268566528 8388608 0 4 0 0 0 16777216 0 0 0 32 435904 592128 187554
is_linear=0
shrinkage=0.04


Tree=68
num_leaves=31
num_cat=14
split_feature=50 50 50 52 50 52 50 25 50 50 53 52 29 65 52 52 35 37 27 38 15 54 37 42 36 53 2 38 65 37
split_gain=51.4255 34.9711 20.5704 19.2621 18.0163 17.2519 18.4827 15.9539 19.5575 16.7179 13.3089 9.75745 9.28424 6.151 6.14624 4.98582 4.29824 3.34037 4.08401 3.32205 3.30689 2.87052 3.56468 2.51051 2.81804 2.31268 1.91311 1.74849 1.37491 1.29968
threshold=0 1 2 3 4 5 6 12.500000000000002 7 8 9 10 2.5000000000000004 3.5000000000000004 11 12 0.59491634368896495 0.37602458894252783 -0.041241496801376336 0.18065268546342853 0.1012820526957512 121.47053527832033 0.6644144356250764 -0.60785761475563038 0.14415584504604342 13 15.500000000000002 0.19836065918207171 3.5000000000000004 0.10072463750839235
decision_type=9 9 9 1 9 1 9 2 9 9 1 1 10 2 1 1 10 8 2 10 10 2 10 2 10 1 2 10 2 10
left_child=14 15 3 19 23 13 10 9 -9 -8 16 -12 29 27 28 26 -7 18 -16 -3 -17 22 -19 -4 -25 -21 -2 -6 -1 -5
right_child=1 2 4 12 5 6 7 8 -10 -11 11 -13 -14 -15 17 20 -18 21 -20 25 -22 -23 -24 24 -26 -27 -28 -29 -30 -31
leaf_value=-0.0043156806526742373 0.006487577263070538 -0.015259127600227138 -0.0064200176305324328 0.01115440669810637 0.008198021563171471 0.024708238677598793 -0.010532598851149084 0.014155186151747792 -0.014232304730726238 2.7342147798303341e-05 -0.010994827638817643 0.0079978923129770136 -0.00059829250611101762 0 -0.0011800254442173356 -0.0057713455741796897 0.0057946633490505266 0.024942495959661661 0.019176518758844872 0.0077530192123508174 -0.030856687643017137 0.034998478721329072 0.0047452764438387128 -0.004105984400790577 -0.028445925172349437 -0.0057962723457477064 -0.010342705726089257 0.02576853411745738 0.0082060974099722236 0.026411496869454112
leaf_weight=22.262087240815163 15.545668661594389 27.946529269218445 26.995579563081264 26.947108834981918 22.673152565956116 85.970508597791195 241.24210507422686 34.371737137436867 244.60956006497145 3705.8117397204041 54.605772480368614 99.119687080383301 27.677547484636307 28.63759758323431 20.168071165680885 14.511447511613367 32.966167807579041 45.896716438233852 42.302440583705902 23.621421486139297 80.61087441444397 53.230705894529819 26.937026530504227 13.592641547322271 45.145211078226566 26.784316167235374 16.853204786777496 53.930627509951591 22.401540040969849 106.41882109642029
leaf_count=97 95 144 175 135 107 408 1406 180 1548 19214 262 487 132 170 95 113 158 243 243 118 568 308 145 104 327 131 118 260 107 516
internal_value=0.00028564 -0.000581914 -1.29901e-05 0.0110617 -0.00061604 -0.000244664 -0.000646477 -0.0013141 -0.0104795 -0.000652107 0.00916052 0.000755153 0.0186291 0.014703 0.0180647 -0.0201163 0.0185739 0.0215021 0.0127077 -0.0047722 -0.0251927 0.026697 0.0185144 -0.0173545 -0.0238911 0.000672121 -0.00153442 0.0216341 0.00146161 0.0239878
internal_weight=5289.79 5056.59 4929.07 239.396 4689.67 4603.94 4498.7 4226.04 278.981 3947.05 272.662 153.725 161.043 105.241 233.199 127.521 118.937 188.535 62.4705 78.3523 95.1223 126.064 72.8337 85.7334 58.7379 50.4057 32.3989 76.6038 44.6636 133.366
internal_count=28114 26876 25982 1176 24806 24200 23663 22348 1728 20620 1315 749 783 537 1238 894 566 1034 338 393 681 696 388 606 431 249 213 367 204 651
cat_boundaries=0 28 61 94 95 132 133 167 203 240 241 242 243 244 245
cat_threshold=0 0 262144 8192 1049088 16386 0 16386 16777216 33554436 0 524288 526344 0 262144 0 0 0 0 16779332 12582912 0 8193 32 272629792 513 134217728 8 0 16777216 33587202 4194304 0 131328 16384 0 262144 0 0 131076 16384 67108992 184549376 524288 16777216 262144 0 2147483648 0 0 4096 0 0 0 0 1048704 0 16512 65536 0 2 33554432 1073741824 4097 262144 4194304 268435520 0 2147516416 0 8192 0 1 17 32768 0 1024 268435456 2147488256 4194304 2097152 536870912 0 0 0 0 0 4 16 64 0 0 8224 67108897 10095784 0 0 2048 1073741824 8388864 8 0 0 2147485696 524288 2 0 1073782784 0 0 32896 65536 0 8 0 512 0 0 0 0 131072 8192 73728 0 2097152 0 131072 536870912 0 64 0 32768 8 0 0 4 2164261120 2147484672 590368 536870913 0 8388608 0 0 8388608 2 0 32768 1048593 0 268435456 0 8 268501024 2099456 0 0 0 0 0 0 0 0 2097152 0 0 32768 0 0 0 0 0 0 0 0 8192 0 0 0 0 0 0 0 64 0 0 0 1073742848 0 8519712 16384 67109376 1024 0 0 0 4194304 0 0 0 0 0 33554432 0 335544320 16 32 131105 8392704 524288 131072 0 5242888 4 8 0 0 0 0 2 1 33555456 0 0 32768 16384 16384 33554944 1024 0 134217728 4 0 0 0 0 0 32 0 16384 98 4997633 34752 338456 41
is_linear=0
shrinkage=0.04


Tree=69
num_leaves=31
num_cat=15
split_feature=50 50 50 50 52 50 50 50 38 50 52 50 38 37 52 35 38 26 21 53 9 37 52 33 38 39 52 38 41 38
split_gain=45.7503 32.845 22.6902 20.3298 17.9238 52.4708 41.568 28.9988 24.5481 24.0644 14.784 13.3945 8.96893 8.53844 7.80659 7.30377 7.25756 5.68769 7.08113 6.31701 5.56831 5.31107 5.17712 5.16845 4.44018 3.27434 5.19654 2.64512 2.47433 2.20327
threshold=0 1 2 3 4 5 6 7 0.90098038315773021 8 9 10 0.75204917788505565 0.091966174542903914 11 0.83527129888534557 0.66939890384674083 0.4803846031427384 1.5000000000000002 12 8.5000000000000018 0.13397436589002612 13 0.17340286821126941 0.6900656819343568 0.27386364340782171 14 0.85786435008049022 -0.6035533845424651 0.16843971610069278
decision_type=9 9 9 9 1 9 9 9 8 9 1 9 10 10 1 10 8 2 10 1 8 8 1 10 8 10 1 8 2 8
left_child=21 14 10 25 5 15 12 16 -9 13 27 -11 20 -8 24 22 -7 18 19 -12 -6 -1 -5 -14 -2 -4 -27 -3 -23 -16
right_child=1 2 3 4 6 7 9 8 -10 11 17 -13 23 -15 29 -17 -18 -19 -20 -21 -22 28 -24 -25 -26 26 -28 -29 -30 -31
leaf_value=0 0.012429457194435688 0.00014556337204906202 -0.026593778865510554 -0.0037924486536222691 0.011442468581520593 0.017002641381738161 0.0025140744331500916 -0.013136819927715773 -0.0019251257503995062 0.0098775660742107634 0.014516951979651983 0.00017599763037025079 -0.011173269711787042 -0.018285636058608053 -0.0078466174344535809 0.028907884454395103 5.1182686621356995e-08 -0.0035004456564279728 0.02413200162051865 -0.0042334657013983626 0.026567814118557277 0.008836623626803956 0.011025948097580012 0.013271475577580825 -0.01318180571884576 0.0070287156969437697 -0.015136960741764753 -0.015132479460319153 0.024983773570745438 -0.03095640724512563
leaf_weight=19.634246304631233 17.231681294739246 34.285815075039864 45.688097037374973 39.505240917205811 82.981820426881313 85.567476712167263 36.527613110840321 780.17481434345245 529.90127283334732 241.25506862252951 71.190226629376411 2105.6141218170524 22.623074069619179 145.08787264674902 14.291996777057646 31.752792708575726 76.436772555112839 20.160146623849869 113.41712146997452 37.248007565736771 121.39038607478142 30.077695772051811 235.87308377027512 22.523436836898327 16.119255006313324 15.401715993881224 45.950710363686085 28.135686174035072 131.48063942790031 78.909332491457462
leaf_count=90 107 163 345 179 413 406 179 4661 3071 1135 419 10724 106 719 117 147 361 100 552 207 579 135 1060 106 104 97 348 136 689 605
internal_value=0.000149122 -0.000575524 -3.01176e-05 -0.000738149 -0.000301184 -0.00342363 0.00169911 -0.00657971 -0.00857645 0.000111796 0.0102803 0.00123817 0.01679 -0.0133257 -0.0195756 0.0112434 0.00881273 0.0147057 0.0171372 0.00890378 0.0209419 0.019107 0.00905707 0.00073059 0 -0.0168543 -0.0103828 -0.00614437 0.0224532 -0.0255903
internal_weight=5276.44 5095.24 4968.69 4664.26 4557.21 1779.21 2778 1472.08 1310.08 2528.48 304.437 2346.87 249.519 181.615 126.552 307.131 162.004 242.016 221.855 108.438 204.372 181.193 275.378 45.1465 33.3509 107.041 61.3524 62.4215 161.558 93.2013
internal_count=28060 27146 26213 24636 23846 9885 13961 8499 7732 12757 1577 11859 1204 898 933 1386 767 1278 1178 626 992 914 1239 212 211 790 445 299 824 722
cat_boundaries=0 36 69 104 136 137 173 210 242 273 274 306 307 308 309 310
cat_threshold=0 0 67239936 268443648 0 0 0 0 0 33554432 1 0 524296 0 1048576 1024 0 65536 0 16779328 12582912 2101248 8208 67109888 268435456 512 134217732 0 0 0 0 8192 32 32768 0 64 0 0 1107296256 2080 0 4352 336068608 16 0 8912904 0 0 24576 262144 33558530 0 65536 0 0 0 1073741824 0 4 0 4096 0 2048 256 0 0 0 0 2 16384 0 8192 2147483648 2415935504 0 4 2147528707 8388608 2 8192 524288 1 32768 0 1073741824 524289 2147483648 0 33554432 67108864 0 0 131072 0 0 0 24 536870912 0 0 32 0 0 2147483648 1024 16777216 16 0 8388609 8388608 16384 268566528 16 0 0 4194312 256 0 16777216 16512 0 32 33554432 2147483648 526336 0 16781320 1048576 0 0 0 128 512 2099200 0 131072 3999234 0 0 132 69632 512 1048577 2147483648 2359424 0 0 4227072 16400 2048 16384 0 2048 64 1 0 0 134512672 0 0 2147500032 0 0 16384 0 0 0 8388608 0 0 0 0 524288 0 0 1049600 33816584 262144 130 65536 16384 8224 32832 4 8388672 16777216 16777216 262144 16 0 131072 0 4 65536 65792 1 32 0 1024 0 0 0 128 0 0 67108864 0 0 0 131072 0 1619001344 262144 0 3145732 18496 262144 0 4096 81952 33554432 0 16 0 2147483648 8392706 0 1048576 0 0 1048576 2056 8388608 4098 32 0 0 0 0 33554432 0 64 268435456 4194304 128 0 131072 1310720 262144 262144 0 2162816 272662528 4 67108864 33554432 0 655360 576 0 2 65536 8224 8 0 0 4 0 8 0 0 1024 25165824 1099200 0 2097152 268959744 16908804 532480 131072 134217792 0 3 0 0 134225922 4096 131088 5 0 0 4096 8192 16 1024 131072 0 1073741824 0 0 0 16777216 0 0 0 16777216 19051 99 2097152 132444
is_linear=0
shrinkage=0.04


Tree=70
num_leaves=31
num_cat=14
split_feature=50 50 50 50 52 50 50 50 50 52 31 52 52 37 37 55 52 39 38 65 52 39 37 30 36 33 37 0 14 38
split_gain=55.4228 32.0031 22.1838 19.3814 17.5093 29.9428 26.4495 19.8614 14.2516 10.6514 8.69576 7.21094 6.29513 5.73712 5.65083 5.17574 5.11451 5.73151 5.72562 4.76566 4.51451 9.93452 4.42837 3.66864 3.60066 1.97746 1.85787 1.62884 1.47304 1.4501
threshold=0 1 2 3 4 5 6 7 8 9 0.92893216013908397 10 11 0.85825893282890331 0.49590164422988897 25.135105133056644 12 0.56949809193611156 0.4555336087942124 1.5000000000000002 13 0.60188680887222301 0.072077922523021712 0.91264533996582042 0.62605932354927074 0.11666667088866235 0.45027472078800207 11.500000000000002 0.86576578021049511 0.19836065918207171
decision_type=9 9 9 9 1 9 9 9 9 1 10 1 1 10 10 2 1 8 10 2 1 8 10 8 8 10 10 2 10 8
left_child=11 13 16 12 6 20 14 9 -9 -7 22 -1 -4 23 19 -12 17 -3 26 -5 21 -6 -8 29 -22 -19 -18 -14 -20 -2
right_child=1 2 3 4 5 7 10 8 -10 -11 15 -13 27 -15 -16 -17 18 25 28 -21 24 -23 -24 -25 -26 -27 -28 -29 -30 -31
leaf_value=-0.00032899317986385528 -0.0073267335415268435 0.013798419152912016 0.0059231784859951776 0.037988788630577766 -0.0196141198617708 0.00025808264876162003 -0.012980575147082516 0.006938681649738143 -0.0019376324453595829 0.015332725578401072 0.015802258556471157 0.029910616677617553 -0.0085162823678081919 0.0001677660046026901 0.0076607727332227461 -0.00099077660760796206 0.015710400425380626 0.0030956285968209486 0.011856492816318273 0.013486597293933962 -0.01319547407073221 0.012274600351351908 0.00012307423179487546 -0.001553093683816434 -0.027105360852701987 -0.01120660129991991 0.033967631956099087 -0.027506299556778271 -0.0012406489272237251 -0.027640895168076531
leaf_weight=22.072948046028614 13.635327540338038 43.794918514788151 13.438005201518534 48.791432678699493 23.956854157149792 139.05377596616745 42.496412493288517 301.80807711184025 3310.6441674530506 176.8596076220274 85.29316508024931 102.53013146668673 18.432236701250076 17.539292261004448 31.825902760028839 39.486780226230621 41.970010958611965 22.342752233147621 24.335216552019119 31.275512002408504 102.67945954203606 28.65579579770565 292.51701638847589 13.879795819520949 66.980696856975555 28.691446185112 33.27208948880434 62.567319102585316 19.623855724930763 90.663495749235153
leaf_count=102 105 223 91 224 131 660 202 1474 17647 806 462 560 137 123 154 213 214 110 133 187 654 167 1352 80 381 144 163 478 99 686
internal_value=7.73277e-05 -0.000589339 -4.10965e-05 -0.000621497 -0.000230782 -0.00114531 0.00623445 -0.000305363 -0.00116491 0.00907032 0.00164881 0.0249508 -0.0172668 -0.0187523 0.0224979 0.0105005 0.0121188 0.00346328 0.0176988 0.0300082 -0.0149482 -0.00199448 -0.00164674 -0.0231378 -0.0183686 -0.00487066 0.0256465 -0.0216468 0.00607167 -0.0256248
internal_weight=5291.11 5166.51 5030.79 4816.76 4722.32 4150.64 571.686 3928.37 3612.45 315.913 459.793 124.603 94.4376 135.718 111.893 124.78 214.03 94.8291 119.201 80.0669 222.273 52.6126 335.013 118.179 169.66 51.0342 75.2421 80.9996 43.9591 104.299
internal_count=28162 27500 26506 25420 24714 21920 2794 20587 19121 1466 2229 662 706 994 565 675 1086 477 609 411 1333 298 1554 871 1035 254 377 615 232 791
cat_boundaries=0 32 65 100 136 137 174 211 243 280 281 282 283 284 285
cat_threshold=0 0 0 8192 1024 0 536870912 2 0 33554434 0 524288 524312 0 0 0 2049 268501504 0 16777281 4194560 2097168 8208 2147483648 268435488 0 0 0 0 0 0 8192 0 2097152 35717120 32 8388864 8388608 540672 131616 1048576 32768 0 0 0 71303296 33554434 32768 0 0 0 2147483648 0 0 0 0 0 0 2048 2097152 1024 17408 0 0 2 0 0 1024 262144 2048 2 8388608 2147483648 0 0 32768 2147485696 67110912 8192 262144 1024 0 2149580800 0 2048 8454144 65536 0 1073741856 8388608 262144 134217728 16777240 0 0 0 0 1 0 2147483664 0 0 2048 128 524288 264 67108864 16 0 8912896 0 0 1342185472 262176 0 0 0 1024 0 1073741824 0 32768 16777224 1048576 0 131072 0 8320 4 2097152 0 64 0 0 0 512 4194332 0 83886080 256 2099456 69206016 603979776 16973826 256 2 0 1073741828 64 33554432 0 0 524288 0 16777220 167773184 0 32 33554432 0 0 536879104 1024 0 0 0 0 0 0 0 0 0 0 16384 0 83886080 2147745792 65792 67125762 67108864 196608 1048576 0 0 4 0 0 131072 0 526338 0 0 134217728 0 32 0 0 0 0 1024 0 0 0 0 0 32 32 0 0 0 16384 0 0 4333568 2148007936 4 2147680256 4 49152 0 1073758256 72 0 69 0 0 1073742081 0 0 4194304 0 9216 0 0 1024 0 1 16384 0 0 0 8388608 16777216 268435472 134217728 150994944 553680897 2415919104 134217729 0 2105344 256 0 8192 513 0 16384 1572864 1048576 8 0 8192 33554432 1048576 0 8388608 0 134217728 0 0 0 0 0 524288 2147483648 0 0 0 0 131072 3943040 4236544 15400 8015584 2131137
is_linear=0
shrinkage=0.04


Tree=71
num_leaves=31
num_cat=16
split_feature=50 50 50 50 53 50 52 50 50 52 52 52 28 8 28 43 52 37 51 52 7 52 39 12 13 30 32 20 39 37
split_gain=46.8412 41.0859 21.9349 19.2604 14.6302 14.2672 14.3321 15.2671 12.6625 10.4536 6.56892 5.8832 7.13404 4.68133 4.41729 5.61459 4.36855 4.24383 4.15935 4.11559 3.93733 3.74518 3.38583 3.1095 2.70471 3.86365 2.11789 2.11469 1.72459 1.36748
threshold=0 1 2 3 4 5 6 7 8 9 10 11 -1.4999999999999998 9.5000000000000018 1.0000000180025095e-35 -0.56174489110708226 12 0.25198413431644445 13 14 8.5000000000000018 15 0.28436657786369329 2.5000000000000004 0.94974747300148021 0.74999997019767772 0.94201681017875682 9.5000000000000018 0.64365079998970043 0.30104167759418493
decision_type=9 9 9 9 1 9 1 9 9 1 1 1 8 10 10 2 1 10 9 1 2 1 10 10 2 10 8 10 8 10
left_child=10 29 4 16 21 9 18 19 -9 20 17 24 -13 -12 15 -11 26 -1 -7 -8 -5 -3 -16 -22 25 -6 -4 -18 -19 -2
right_child=1 2 3 5 11 6 7 8 -10 14 13 12 -14 -15 22 -17 27 28 -20 -21 23 -23 -24 -25 -26 -27 -28 -29 -30 -31
leaf_value=0.016388766884268106 -0.030343013262978748 0.0047154189358031128 0.0076035713244984073 -0.016702825109684304 0.0091395123178347401 -0.00030804516237472338 -0.0027885944448667898 0.006446815012777927 -0.0018420920073370349 -0.0061409401061220869 0.0084083662206966437 0.0026101250462352886 0.024589747612168235 0.027385576890794322 0.030063360354229077 0.013330976684736382 -0.02747352133838581 -0.010522002852221633 0.018320618932716554 -0.017719530178394262 -0.0073246100672101893 -0.012107640705500966 0.010046938225156368 0.0098209987198619973 0.011314701971949833 -0.012118186804970392 -0.0097014568094665431 -0.010217753066882098 0.0038417485550128732 -0.017563938442399639
leaf_weight=22.805287212133408 46.148227319121361 24.615434274077415 17.377223141491413 21.983260221779346 19.570566788315773 31.44204480946064 67.582656875252724 305.40163289010525 3658.5711217299104 28.452936105430126 36.106031194329262 33.236298620700836 121.22009879350662 116.21507630497217 36.470981493592262 75.870507545769215 60.435473091900349 20.803556129336357 64.726807706058025 108.91482604295015 26.947210609912872 42.6157096773386 37.291619934141636 30.220359146595001 36.189404964447021 25.101094782352448 17.46411144733429 29.525167189538479 21.200424373149872 96.768914710730314
leaf_count=115 349 121 102 112 98 155 414 1437 19362 135 172 158 589 672 180 380 377 99 340 719 118 210 182 144 176 119 106 206 104 732
internal_value=-0.000379246 -0.00118422 -0.000533883 -0.00123313 0.00963183 -0.000770844 -0.00134093 -0.00172002 -0.00117656 0.00810144 0.0171887 0.0142593 0.0190227 0.0220246 0.0132807 0.00779934 -0.0158674 0.00356907 0.0128304 -0.012773 -0.00359846 -0.00596838 0.0214779 0.00147823 0.00339907 -0.00242005 -0.000557525 -0.0206793 -0.0032093 -0.0212735
internal_weight=5281.27 5064.14 4921.23 4618.68 302.549 4493.88 4236.64 4140.47 3963.97 257.237 217.13 235.317 154.456 152.321 178.086 104.323 124.802 64.8093 96.1689 176.497 79.1508 67.2311 73.7626 57.1676 80.8611 44.6717 34.8413 89.9606 42.004 142.917
internal_count=28183 27021 25940 24469 1471 23678 22427 21932 20799 1251 1162 1140 747 844 877 515 791 318 495 1133 374 331 362 262 393 217 208 583 203 1081
cat_boundaries=0 36 69 102 134 135 167 168 204 239 240 241 242 243 244 245 246
cat_threshold=16384 0 0 270336 0 64 262144 24578 16777216 1107296256 0 524288 526344 0 1048576 0 268435456 2147484160 0 50331648 4259840 0 8192 0 32 0 16384 16 536870912 0 0 0 67108864 0 2147483664 64 1024 0 33554560 134217768 0 8388864 134217728 512 1073741840 10518528 268435456 0 1074798592 41943041 33554432 0 2 0 0 0 0 1048576 2101256 0 4 0 2056 0 0 0 0 0 2 301989888 0 0 67108864 2149746688 32 16777217 8388608 8388608 16384 0 0 0 0 262144 0 524288 131072 0 64 32768 4261904 0 2 0 512 134217728 0 0 0 270794752 16777216 524288 0 0 0 4194320 0 524288 524288 268435488 2048 0 256 0 1024 17039360 0 8421504 106496 0 0 2147483648 0 0 0 256 536870912 0 8396800 1048576 512 4194304 16778368 131072 5 0 4194304 16924672 2684420096 1088 131072 0 167772160 0 2 0 1073741824 0 0 1 1024 8 4096 0 2057 805437696 0 131088 2147483648 268435456 0 0 0 0 33554432 0 8224 8 0 16777216 16 268435584 0 4112 1140850688 256 0 67108872 4 0 4194304 4194436 0 655360 0 16 134218752 0 524288 0 0 0 0 1024 0 0 0 2097408 0 0 0 0 524320 544 0 545259520 2285899840 16777216 262144 0 0 262208 256 8192 2214592512 134217729 84 0 0 1 0 268435456 0 0 1024 8 1 131072 134217728 1 0 131072 0 0 256 2147483648 0 0 64 571841 2803072 1265208 116520 346112 303783 393749
is_linear=0
shrinkage=0.04


Tree=72
num_leaves=31
num_cat=14
split_feature=50 50 50 52 50 50 50 50 0 52 52 40 40 32 40 8 36 7 52 43 51 52 60 7 38 54 52 15 36 7
split_gain=43.7301 39.7514 20.3677 19.2615 23.7406 18.892 16.4067 12.6543 12.4311 11.9213 8.62984 7.5902 5.08782 4.90752 4.55539 4.87099 3.78267 5.43372 3.6418 3.5208 3.28901 3.24727 3.2184 4.57664 3.06172 2.77789 2.40561 2.21017 2.01569 1.95686
threshold=0 1 2 3 4 5 6 7 40.500000000000007 8 9 0.60355338454246532 0.60355338454246532 0.78629976511001598 0.78656607866287243 21.500000000000004 0.46225070953369146 15.500000000000002 10 1.0000000180025095e-35 11 12 1.0000000180025095e-35 10.500000000000002 0.72776681184768688 121.46519470214845 13 0.82554346323013317 0.71525096893310558 12.500000000000002
decision_type=9 9 9 1 9 9 9 9 2 1 1 2 2 8 2 10 10 2 1 2 9 1 8 2 10 2 1 10 8 2
left_child=18 21 26 5 10 11 13 9 -9 -8 22 -4 19 -6 -14 -16 29 -18 25 -7 -21 -2 23 -5 -15 -1 -3 -28 -13 -12
right_child=1 2 3 4 6 12 7 8 -10 -11 16 28 14 24 15 -17 17 -19 -20 20 -22 -23 -24 -25 -26 -27 27 -29 -30 -31
leaf_value=-0.0028232226196696318 -0.0045809992608369619 0 0.0086635629368177394 0.0044470601343699224 0.0026685592378357732 -0.0047559627881602444 -0.0042514824092513472 -0.0010229943075580395 -0.014155430838888696 0.012382553769829691 0.015063745412092029 -0.020647902286136843 0.022450661774384022 -0.018516321351397816 0.014594593389369932 0 -0.012866775746843096 0.0084915491535544271 0.022635964399944357 0.017912901466233946 0 -0.026579958095238793 0.0083003891896598243 0.027868175600913668 -0.0025112103571534876 0.014561851842477174 -0.02511332939620611 -0.0037444217004627273 -0.0053572822754084908 0
leaf_weight=27.128423891961575 37.969644472002983 18.574053090065718 27.432639718055725 21.516020074486732 22.789028748869896 39.387345001101494 94.567459478974342 3533.1600975096226 114.64130555093288 197.74207536876202 33.379818022251129 37.133739024400711 92.15779996663332 127.78439365327358 130.94169288873672 52.007038503885269 39.951900169253349 27.560905426740646 131.7948113232851 20.377534203231335 37.082975134253502 91.913158673793077 48.999689817428589 69.295661456882954 27.858334802091122 21.290819056332111 69.698598440736532 13.365741796791552 34.05091367661953 22.951257407665253
leaf_count=139 243 152 142 99 144 198 447 18671 715 891 158 182 494 839 635 256 192 134 668 108 181 656 229 335 177 115 571 89 166 108
internal_value=-5.77822e-05 -0.000772551 -0.000164016 0.000228232 -0.000603119 0.00779085 -0.00136727 -0.000800136 -0.00145601 0.00699121 0.0106929 -0.00702532 0.0118908 -0.012754 0.0149786 0.0106111 0.0020383 -0.0038875 0.018518 0.00378614 0.00987368 -0.021427 0.0172896 0.0230494 -0.0159434 0.00429108 -0.0166844 -0.0200348 -0.0144278 0.00953675
internal_weight=5264.5 5084.29 4954.41 4852.77 4382.2 470.572 4118.54 3940.11 3647.8 292.31 263.655 98.6173 371.954 178.432 275.107 182.949 123.844 67.5128 180.214 96.8479 57.4605 129.883 139.811 90.8117 155.643 48.4192 101.638 83.0643 71.1847 56.3311
internal_count=28134 27212 26313 25501 23139 2362 21884 20724 19386 1338 1255 490 1872 1160 1385 891 592 326 922 487 289 899 663 434 1016 254 812 660 348 266
cat_boundaries=0 35 67 99 100 134 171 204 241 242 243 244 245 246 247
cat_threshold=0 1073741824 0 8192 9216 32 8388608 2 0 33570820 67108864 0 8 0 1 1024 0 268435456 0 16779328 21045280 0 8193 0 12582944 0 134217728 16 0 0 0 0 524288 0 2147483648 66560 0 2129920 16 0 8388880 16384 131104 262144 541065216 0 0 2113536 262144 33554432 16384 36864 0 0 0 0 0 32 0 67112960 0 0 134225920 0 1280 128 1048576 8388608 0 33554432 96 75497472 262152 268959744 0 134219776 0 0 0 1107296512 1 150994944 163840 0 16 1024 0 512 8421376 0 0 0 0 0 65536 0 2097152 0 131072 60 33570816 0 4096 0 2147484160 134217728 537133071 134217728 256 0 163968 0 64 0 32768 536870912 64 768 0 0 0 0 0 512 0 512 4 2097160 536871168 0 0 0 0 32768 0 67108864 2281701380 6144 2153775616 64 4 4096 0 1073741824 131076 64 0 0 0 2064 0 0 0 0 0 0 0 0 0 0 4 0 0 0 8388608 0 0 0 0 0 16384 0 18874368 2 33622016 0 67112960 4194304 0 4096 1048576 256 0 0 524432 0 524288 33554432 0 134217728 0 0 0 0 536870912 570433536 1024 0 524288 512 0 1024 32 2 16 8388608 1179648 2 2097168 0 0 24576 32 32 8192 8256 5 0 0 2048 0 0 4194304 1 536872192 0 8519680 1073741824 134217728 0 0 0 64 0 0 16777216 0 0 64 0 131072 3413058 5779971 291480 196672 182353 262162
is_linear=0
shrinkage=0.04


Tree=73
num_leaves=31
num_cat=18
split_feature=50 50 50 52 50 50 50 50 50 50 52 41 52 50 30 10 53 52 49 52 39 35 39 52 35 39 18 52 13 42
split_gain=47.8737 35.5954 22.182 21.8625 45.5191 34.5069 23.3702 20.3586 20.3479 14.6363 13.398 12.5934 12.3007 11.8039 10.0825 9.70522 7.67358 7.55188 6.84743 6.75772 6.65254 5.98049 5.65115 5.34251 5.2207 4.92898 4.8133 4.62151 4.59766 4.5272
threshold=0 1 2 3 4 5 6 7 8 9 10 0.37940952181816107 11 12 0.66190087795257579 2.5000000000000004 13 14 1.0000000180025095e-35 15 0.29758481681346899 0.53410854935646068 0.6348484754562379 16 0.084039550274610533 0.53410854935646068 0.38548950850963598 17 0.93844696879386913 -0.60785761475563038
decision_type=9 9 9 1 9 9 9 9 9 9 1 2 1 9 10 2 1 1 2 1 8 10 8 1 8 8 10 1 2 2
left_child=19 -2 10 4 11 15 14 17 24 16 -3 -4 -11 -9 -6 20 -10 -8 25 22 23 -16 -1 -5 27 29 -26 -7 -13 -12
right_child=1 2 3 5 6 8 7 13 9 12 18 28 -14 -15 21 -17 -18 -19 -20 -21 -22 -23 -24 -25 26 -27 -28 -29 -30 -31
leaf_value=-0.0095198820765745335 -0.022121052568115928 -0.0023108197566127199 0.019984242529406487 0.010000095574445741 0.022733596753942448 -0.011019211706748782 0.0091817411053492122 -0.0009715725806673886 -0.0025429309665823273 0.0035755131353067378 0.021839249360729611 0.0075358000143822485 -0.0021692828589339897 -0.012981984173110511 0.0054893641942557808 0.02865793875863917 0.014524574458989328 -0.0054023376832551045 0.0012847895753620086 0.024186819591116186 0.015774942771871404 -0.016387718492638131 0.015200871543037269 -0.010400345471744669 -0.022781081055191946 0.031583102771919114 -0.007299696592786108 0.0080514482152635718 -0.011839112244487134 -0.0010220244510642615
leaf_weight=23.250224143266678 106.75898565351963 69.915791839361191 135.03376643359661 22.940299235284328 44.008747264742851 23.081811830401421 111.42254317551851 172.06298267841339 53.712619997560978 936.66258952021599 25.572279840707779 40.870581954717636 1582.0776357986033 898.18075857684016 87.105137847363949 69.165961891412735 167.31999711692333 89.316630527377129 27.918544299900532 135.34614607691765 103.65523444116116 20.451095022261143 25.512432813644409 29.621357277035713 79.665656000375748 65.526673063635826 70.693730589002371 28.419739842414856 29.030223861336708 21.682522214949131
leaf_count=110 752 367 668 119 248 107 611 904 293 4594 128 205 8132 5645 424 319 864 459 151 775 495 104 130 144 426 330 416 141 131 114
internal_value=0 -0.000748997 -0.000224413 -0.000802683 -0.00455135 0.00112979 -0.00712099 -0.00891102 -5.40474e-05 0.000868151 0.012029 0.0124639 -1.65096e-05 -0.0111096 0.00722036 0.0157033 0.0103943 0.00267557 0.0188192 0.0192421 0.0101066 0.000608703 0.00274262 -0.00112351 -0.0118572 0.024349 -0.0161002 -0.000885635 -0.000496872 0.0118727
internal_weight=5295.98 5111.87 5005.11 4794.5 1627.48 3167.02 1422.55 1270.98 2941.63 2739.77 210.616 204.935 2518.74 1070.24 151.565 225.383 221.033 200.739 140.7 184.109 156.217 107.556 48.7627 52.5617 201.861 112.781 150.359 51.5016 69.9008 47.2548
internal_count=28306 27291 26539 25449 9399 16050 8395 7619 14973 13883 1090 1004 12726 6549 776 1077 1157 1070 723 1015 758 528 240 263 1090 572 842 248 336 242
cat_boundaries=0 36 71 106 107 134 162 198 231 262 297 298 299 331 332 333 334 335 336
cat_threshold=0 0 131072 2147491840 0 65536 0 8194 16777216 33554432 1 2 526344 0 0 0 0 0 0 18876480 12584192 0 8528128 0 32 512 0 0 256 0 0 8192 1 0 0 64 1024 0 0 16 8388608 1024 1409826816 268435472 262144 0 0 4 16384 0 33558528 540672 2 1048576 1073741824 2147483648 512 134217728 20484 0 4096 0 0 128 4 0 0 0 2 0 524288 268435472 1619001344 0 0 16785416 268435458 0 32769 0 2097186 0 2147491840 0 1048576 0 1073741824 0 1 4194304 0 268435456 0 0 48 0 0 134217728 16777240 536870912 0 33554432 32 0 0 2147483648 4000256 0 2097152 67113088 65536 1049104 1048576 2149842952 67112960 16 0 32898 17408 0 16384 0 2048 8 2147483680 0 0 0 0 2097152 2147483648 0 0 16388 0 16777216 1049600 262144 2147483648 0 2 16384 8388608 8256 131072 0 6291457 0 5242880 8388624 524288 4096 8192 4 1140924416 131328 0 16384 512 0 0 131072 0 0 16384 0 32772 395264 131072 1310720 536875008 32896 8192 512 16 0 2147483648 4098 512 1024 2 0 1048608 4198404 0 67108864 0 0 0 256 0 256 0 64 0 0 0 524288 0 134217728 327680 4099 270667808 2147483680 0 33554848 0 0 0 1 0 2129920 83886081 1 64 0 0 0 134512640 8 0 0 0 0 16 0 0 0 8388608 0 1073741824 262144 0 33558656 1024 20 1048576 2147745792 128 33554432 4227072 268468288 0 1207959552 16384 0 135168 16777216 2080 536870912 0 32768 8 0 0 0 0 0 0 512 0 1024 0 0 0 536870920 1 136339472 33554496 0 1 537001984 0 134742016 0 134348800 262144 0 1 2097152 0 0 0 33554432 1 135168 138412032 0 0 0 8388608 128 256 0 0 0 16 6320048 12583100 0 0 1073741840 604143616 258 2621953 536870912 8388608 0 4259856 301989952 16 0 1073741824 0 0 16777216 0 0 262144 0 0 33 0 268435456 1024 1 2097152 0 0 0 2164260864 5 786944 4747648 8455 12591177
is_linear=0
shrinkage=0.04


Tree=74
num_leaves=31
num_cat=16
split_feature=50 50 50 52 50 50 50 50 50 50 52 50 33 50 30 53 31 13 35 15 38 17 36 36 18 52 36 52 30 11
split_gain=38.3643 32.5105 19.7151 19.2672 39.8733 39.0485 27.401 26.8095 21.7226 20.8118 17.3819 16.3979 14.0162 10.9003 10.865 12.2445 9.03261 7.4001 7.35907 6.81789 6.80392 6.59306 6.12669 6.0773 7.70889 5.9566 5.13253 4.78617 4.6008 4.57764
threshold=0 1 2 3 4 5 6 7 8 9 10 11 0.30056817829608923 12 0.83968311548233043 13 0.35355392098426824 0.90521115064620983 0.35751880705356603 0.95040982961654674 0.6900656819343568 0.79814815521240245 0.37638889253139501 0.96039214730262767 0.33072917163372045 14 0.53262412548065197 15 0.91666671633720409 7.5000000000000009
decision_type=9 9 9 1 9 9 9 9 9 9 1 9 8 9 10 1 8 2 10 8 8 10 8 8 10 1 10 1 10 10
left_child=25 -2 10 5 21 12 22 27 16 -10 17 19 14 -13 18 -16 -8 -3 -4 -9 28 29 -7 24 -22 26 -1 -6 -12 -5
right_child=1 2 3 4 7 6 8 11 9 -11 20 13 -14 -15 15 -17 -18 -19 -20 -21 23 -23 -24 -25 -26 -27 -28 -29 -30 -31
leaf_value=0.014889787847680204 -0.018939771026952872 0.0080400278778353321 0.043096926295847181 0.015910560072010919 0.0022094345596803977 -0.0092199084348731086 0.017144769797598349 0.015585081814387012 0.0042365611760831244 -0.0076547730261630632 0.033989256119913137 0.0077692451498453646 -0.0050534547021961161 -0.0011500156358378085 -0.011768031761106818 0.014350116035092356 0.0014879445303244455 -0.015414272839311544 0.014206411834363414 -0.001611387981752142 0.013437820634298533 -0.0028475035443944687 -0.029818851301379162 0.022430628510373439 -0.010786692545286768 0.025333660892436053 -0.0037792391718362486 -0.017438852895314202 0.010650390553024414 0.035191636396845027
leaf_weight=54.087751924991608 133.42045550793409 31.848536849021912 30.097087748348713 217.02697207033634 24.687683619558811 43.399135574698448 84.570486448705196 169.5652394592762 276.65899806469679 1320.4819130115211 48.651576437056065 240.31937684118748 59.113744050264359 1533.4876773506403 26.718689620494843 99.59964320063591 185.43052668124437 46.056664049625397 41.4937379732728 43.068144403398037 42.637812323868275 22.081648848950863 86.113779179751873 36.5001450330019 32.220724672079086 91.234009437263012 34.054581180214882 144.82887108623981 30.524781867861748 24.760201074182987
leaf_count=284 1025 157 140 1075 121 263 411 834 1431 8038 226 1173 307 7724 122 446 885 221 209 237 201 107 503 156 145 525 163 745 153 115
internal_value=0.000169926 -0.000493037 5.67515e-05 -0.000558688 0.00190947 -0.00321273 -0.00512578 5.82536e-05 -0.00377664 -0.00556228 0.0103046 0.00141199 0.0110383 0.000102221 0.0164934 0.00863224 0.00645266 -0.00506686 0.0286338 0.0115236 0.016598 0.0161465 -0.0220267 0.0100511 0.00273809 0.0176128 0.00690509 -0.014522 0.0263961 0.0186391
internal_weight=5254.74 5075.36 4941.94 4673.5 2419.83 2253.68 1996.65 2155.96 1867.14 1597.14 268.44 1986.44 257.023 1773.81 197.909 126.318 270.001 77.9052 71.5908 212.633 190.535 263.869 129.513 111.359 74.8585 179.376 88.1423 169.517 79.1764 241.787
internal_count=28142 27170 26145 24886 12131 12755 11531 10834 10765 9469 1259 9968 1224 8897 917 568 1296 378 349 1071 881 1297 766 502 346 972 447 866 379 1190
cat_boundaries=0 28 65 101 102 139 172 208 241 273 308 309 342 372 373 374 375
cat_threshold=16384 0 132096 8192 2147483648 33554432 8388612 32770 16781312 33554464 128 0 524312 0 1048576 0 0 0 0 16779328 4194560 16 8192 1073741824 32 0 134217728 16 0 67108864 35684480 1073743944 1 1073741824 1073741824 512 0 8 0 8 9216 262276 50331680 0 134217728 16 0 0 0 0 8 0 0 0 0 0 4 1024 1024 0 2 0 0 32 262144 0 0 4194304 16777216 32768 134219776 65536 1 0 0 0 524544 5 0 2147516417 0 524288 131328 4194304 2097152 134217728 35651584 0 16416 0 0 0 131080 536870912 0 2359552 0 0 0 2147483648 64 4081088 16 270532608 8200 65538 134234112 268447744 2415919104 1048576 536870912 0 0 8396802 16777216 2129920 0 0 0 2147483649 0 0 0 0 273 0 33554432 0 0 0 0 0 0 8192 0 0 0 0 131072 0 536870912 524288 2416050688 285220864 1064980 0 33554464 0 204800 0 17 0 0 0 16 64 0 0 0 268468224 0 32 0 4194304 512 0 0 256 4196352 0 0 524288 65536 270532608 12288 2097152 134217728 514 285212672 0 0 0 0 0 20971520 2097152 128 0 16777216 2147483648 536870912 0 67108864 0 8388608 163842 570425344 0 0 0 0 33554432 64 32 0 0 0 512 0 0 524292 536871552 51384320 98324 393216 16 0 66560 268435456 0 0 1073741824 0 16 576 0 8 0 1074790432 0 4128 0 0 0 0 0 0 0 8388608 0 524288 128 0 67108868 536870912 1052680 2149711872 0 0 2 2098176 8192 16384 268435968 0 0 1024 268435968 2129920 2 1 393248 256 0 0 134217728 0 0 0 0 0 0 16777280 0 0 17825792 389 33818624 1 262145 2117648 8192 512 302022656 1024 262144 1207959552 0 0 0 1048576 0 0 0 134221824 0 67108880 0 0 0 0 0 0 0 0 0 0 2359296 878608 0 1077936128 0 2101248 1026 524288 64 8448 134217728 32784 1073741824 0 4194304 1179650 128 2048 0 4096 0 16 67108864 512 0 131074 0 0 0 0 0 0 64 32 67108865 0 0 2416201728 100663296 69206592 514 16777216 0 272 268435456 0 0 67110912 0 67108864 1048832 1 0 0 0 9216 65536 8388608 4096 536870912 0 0 16777216 0 33554432 20 5962504 46
is_linear=0
shrinkage=0.04


Tree=75
num_leaves=31
num_cat=7
split_feature=50 50 50 50 50 38 50 0 53 41 40 33 21 38 37 33 0 16 15 39 36 12 22 33 42 41 37 41 37 12
split_gain=46.3706 39.4329 20.1292 15.9489 13.9925 12.993 11.8631 11.2784 8.96873 8.82353 8.80212 7.35749 7.05807 6.43816 5.98509 5.00795 4.84308 4.64784 4.50345 4.36664 4.19074 3.58737 3.55021 3.31797 3.18939 3.06664 2.23167 2.08145 1.9086 1.85526
threshold=0 1 2 3 4 0.8169856369495393 5 40.500000000000007 6 -0.6035533845424651 -0.6035533845424651 0.18750000745058062 10.500000000000002 0.61577314138412487 0.76546981930732738 0.36396104097366339 10.500000000000002 0.59787234663963329 0.61451050639152538 0.69337606430053722 0.059714796021580703 8.5000000000000018 -1.0000000180025095e-35 0.08951465412974359 0.6078576147556306 0.12940952181816107 0.53410854935646068 0.60355338454246532 0.53410854935646068 9.5000000000000018
decision_type=9 9 9 9 9 10 9 2 1 2 2 10 8 10 8 8 2 2 10 8 10 8 2 10 2 2 10 2 8 10
left_child=20 11 5 9 14 8 12 10 21 19 -8 24 17 -9 23 -14 -11 -6 29 -4 -1 28 -20 -5 -2 -16 -25 -24 -3 -10
right_child=1 2 3 4 6 -7 7 13 18 16 -12 -13 15 -15 25 -17 -18 -19 22 -21 -22 -23 27 26 -26 -27 -28 -29 -30 -31
leaf_value=-0.0028662699283408056 0.026390085636305943 0.016190993399894452 -0.011268397913555559 -0.0028914948875632526 0.0072607834036335309 -0.012181733642193141 -0.0025018293407930718 -0.017868139531267736 -0.010918170689580358 -0.001728839490557322 0.0014267384124981187 0.0051262243572750997 0.0078106030010747412 0.00013309238084063981 -0.0091337914537116503 -0.014666593901292782 -0.025000409645444543 0.024121001311734461 0.019771275212745056 0.01172729350973945 -0.030166684027122068 0.0044488040650024685 -0.0061310530242869544 -0.014211944230485543 0.0065789779153113187 0.011589164660263556 -0.032943790146357149 0.0097139747337879178 0.031347615905488561 0.0029524754601742702
leaf_weight=13.020691331475971 114.48016037046909 58.951229989528656 19.935945760458708 23.191647253930569 317.64744933694601 31.407905802130699 1468.6071777381003 86.49478505551815 27.813770860433578 20.599368311464787 2390.3475790470839 53.599980399012566 21.212712213397026 45.256276100873947 18.633258350193501 34.343723617494106 76.507830072194338 26.60595028847456 29.855524405837059 22.880955971777439 88.402837835252285 22.222036182880402 20.690853103995323 52.613863613456488 22.275341399013996 16.912688676267862 23.200070716440678 21.489683248102665 50.879540622234344 22.705795511603355
leaf_count=106 635 291 142 126 1522 148 8298 543 129 137 12037 260 100 269 134 170 550 132 135 157 679 101 97 357 116 104 176 122 251 109
internal_value=0.000142722 0.000709469 0 -0.000647832 -0.000210535 0.0100234 0.000194167 -0.000468665 0.0134075 -0.0132711 -6.44881e-05 0.0178857 0.00663615 -0.0117597 -0.0122449 -0.00581774 -0.0205861 0.00894777 0.00372562 0.000543322 -0.0248172 0.0200488 0.0102413 -0.0179734 0.0236501 0.000446124 -0.0218752 0.00169155 0.0244458 -0.00461937
internal_weight=5242.79 5141.36 4951.01 4664.99 4525.07 286.016 4390.52 3990.71 254.608 139.924 3858.95 190.355 399.81 131.751 134.552 55.5564 97.1072 344.253 122.556 42.8169 101.424 132.053 72.0361 99.0056 136.756 35.5459 75.8139 42.1805 109.831 50.5196
internal_count=28133 27348 26337 24954 23968 1383 23071 21147 1235 986 20335 1011 1924 812 897 270 687 1654 592 299 785 643 354 659 751 238 533 219 542 238
cat_boundaries=0 33 68 105 141 169 203 204
cat_threshold=0 0 33556608 1077936208 0 0 1073741824 0 262144 0 0 0 16384 37748736 33554434 163840 2 1073741824 33554432 2147549200 0 0 4 0 4 0 8 0 4 19456 16777216 1048576 2 0 0 131072 270336 64 0 0 8388608 562036736 33554464 100663296 2 2112 32768 1081344 0 0 512 0 16779264 29360128 4096 8192 0 32 0 0 0 0 0 0 0 1 32768 2147483664 0 0 8 2147483904 512 0 8388612 2129921 32 0 0 8388672 524296 0 2147483648 18 268435456 0 0 65 0 8 0 2147483648 0 512 134217732 24 0 0 0 8192 0 0 0 524352 131072 0 67108864 0 0 256 536 67108864 32 2048 524800 0 0 268435712 4 16777216 33554560 0 0 8 0 0 0 16777288 32768 4096 0 0 1056768 0 2097152 0 0 0 0 0 512 8388608 0 32768 128 0 256 16384 67108864 34603008 1 4194304 4325380 167814144 160 134217760 536875008 33554432 262144 536870912 0 2048 0 0 0 0 0 8396800 128 268435456 0 4198400 4104 131072 2416443392 536870912 34865154 4096 1196032 0 67584 0 0 262144 1 0 0 0 0 536936448 33554432 256 0 0 0 0 0 0 0 128 32 0 8192 104
is_linear=0
shrinkage=0.04


Tree=76
num_leaves=31
num_cat=15
split_feature=50 50 52 50 50 50 50 50 50 52 51 37 50 22 31 28 39 52 37 52 38 33 16 15 36 29 52 31 38 39
split_gain=38.4137 34.0687 19.8048 51.3785 31.7265 24.6305 18.2504 17.8455 13.574 11.2928 10.524 13.366 11.9017 9.96116 9.80904 8.00587 7.9638 7.65838 7.20688 10.1604 6.90617 8.9609 6.79327 5.79106 5.50529 7.55818 5.10887 4.95307 4.47396 3.8812
threshold=0 1 2 3 4 5 6 7 8 9 10 0.033520599827170379 11 -13.499999999999998 0.88949939608573925 -3.4999999999999996 0.41742423176765447 12 0.72821971774101268 13 0.19836065918207171 0.42010638117790228 0.067041199654340758 0.66904762387275707 0.24602774530649188 -6.4999999999999991 14 0.1123737394809723 0.40192307531833654 0.8019607961177827
decision_type=9 9 1 9 9 9 9 9 9 1 9 8 9 2 10 10 8 1 10 1 10 8 2 10 10 8 1 10 10 8
left_child=17 -2 3 14 18 27 16 -5 9 -8 20 -12 -13 -10 15 -3 26 -1 19 -4 21 -9 -18 -21 -17 -26 -7 -6 -25 -19
right_child=1 2 4 7 5 6 8 10 13 -11 11 12 -14 -15 -16 24 22 29 -20 23 -22 -23 -24 28 25 -27 -28 -29 -30 -31
leaf_value=0.024087360805418543 -0.022185748148005082 -0.00040142805331963994 0.020563228281477216 0.004729829379540534 0.0030405728937984095 -0.011891620987952168 0.020811983520028113 0.0063498519242627671 -0.010660395697494185 0.0023542019037024807 0.0070672915249683022 -0.0034177875177391569 -0.021163302791327915 -0.00020262463378160404 -0.0029025140071072433 0.033885910759476924 0.0069177633069181623 0.012454350953212857 0.028721724275249497 -0.0098320133248153956 -0.01057343192740806 -0.016521666853408487 0.024410199768926708 0.018196438682755917 -0.005132559002473152 0.020360757501040237 0.0072783112932307912 -0.0172616938266986 -0.0011034093131909403 -0.0024112259688831342
leaf_weight=102.21448469161987 102.28854938596487 30.621448501944542 77.355105437338352 121.02347362786531 18.487940512597561 20.580065324902534 72.448130860924721 114.0950195863843 149.03767469525337 171.96044912189245 34.146112971007824 100.22596536576748 325.08220575749874 2804.4693017788231 45.650387302041054 40.763337448239326 75.281628839671612 66.035107329487801 50.053880125284195 38.963187903165817 176.14714047312737 30.483772095292807 83.302957251667976 32.347909152507782 20.950813680887222 69.698192164301872 44.327257186174393 152.63163632899523 34.77418352663517 40.947749853134155
leaf_count=573 769 147 373 640 114 98 365 630 912 870 183 587 2188 14558 199 197 369 336 229 176 991 211 413 149 103 323 219 849 170 225
internal_value=-0.000152639 -0.000874641 -0.000362981 -0.00503545 0.0010004 3.84554e-05 0.0008114 -0.00918619 8.9456e-06 0.00878965 -0.0114185 -0.0154165 -0.0176875 -0.000751681 0.0122916 0.0173866 0.011487 0.0160452 0.0148246 0.0110517 -0.00519877 0.00100271 0.0166939 0.00135 0.0215409 0.0142993 0 -0.0141284 0.00853708 0.00618042
internal_weight=5246.4 5037.2 4934.91 1108.89 3826.02 3592.53 3421.41 901.204 3197.92 244.409 780.18 459.454 425.308 2953.51 207.684 162.034 223.492 209.197 233.494 183.44 320.726 144.579 158.585 106.085 131.412 90.649 64.9073 171.12 67.1221 106.983
internal_count=28166 27032 26263 6399 19864 18767 17804 5430 16705 1235 4790 2958 2775 15470 969 770 1099 1134 1097 868 1832 841 782 495 623 426 317 963 319 561
cat_boundaries=0 34 70 71 102 130 161 193 225 262 263 264 295 296 297 298
cat_threshold=0 0 132096 2147491840 32768 33554432 0 0 16777216 33554436 8192 2147483648 2120 131072 0 1073741824 2048 1 4194304 50333760 4194560 65536 8192 0 134217760 0 0 0 0 0 2359296 0 0 32768 0 0 0 96 0 16 0 131072 1048578 0 0 0 1209009152 8405120 167780384 33554432 16777218 0 0 1073741824 0 0 0 0 536875008 0 0 128 0 2097408 0 1048576 0 0 0 512 3703808 0 8388608 16388 0 1050688 2149056512 0 32 536870912 1078001664 163840 16400 4 2097152 0 4098 576 1179648 0 0 1048576 0 32 2147483648 0 0 4 0 0 0 8388608 0 0 0 268468224 2147753984 147457 0 2121728 0 163872 4 67584 4194304 32768 32768 0 8 2147483648 0 4 0 0 8388609 1073746176 0 0 0 256 268436480 1073741824 16384 0 67108872 4194304 0 16 2048 65536 0 32768 0 37748736 0 4098 576 0 8 2147549184 0 0 16384 2147483648 32768 0 10240 0 512 2048 25165888 0 0 335544320 16908290 268566544 0 545259520 0 134217729 2 0 8396802 17 1048576 1048577 1048592 268435456 0 0 0 0 35651584 16 1024 0 0 0 16 0 128 0 8192 16 536870912 2148794368 69640 268 65536 131072 8650752 8192 0 2181038272 0 0 0 0 0 0 0 0 262144 32 4096 131072 0 0 0 8193 2097152 0 0 0 16777216 128 2097152 1380352 0 0 268697664 18874368 64 8388640 0 0 1073741832 524288 0 0 512 1 0 8192 0 1610679296 0 32 268435456 272629760 0 0 0 0 0 0 0 67108865 0 64 0 32768 147477 33769010 0 134217728 268959873 2099200 4098 402655296 270337 272 4096 16 0 0 268439552 16 0 1 0 0 0 0 402654208 4194304 0 2 4194304 0 0 0 0 0 64 13153338 4467205 4202881
is_linear=0
shrinkage=0.04


Tree=77
num_leaves=31
num_cat=13
split_feature=50 50 50 52 50 50 52 50 50 52 36 52 38 39 52 30 52 54 54 35 41 31 21 38 30 39 38 17 4 36
split_gain=38.7517 34.5955 21.0305 15.6849 18.2004 16.576 14.1419 12.7509 10.4868 8.70535 7.31321 6.35253 6.9984 5.10541 4.14637 3.47432 3.43342 3.16319 3.20054 2.57966 2.45003 2.19499 4.09191 1.92926 3.54224 1.6786 2.39703 1.39279 1.05743 0.984469
threshold=0 1 2 3 4 5 6 7 8 9 0.09175084158778192 10 0.8169856369495393 0.30094340443611151 11 0.82692310214042675 12 121.5089569091797 121.43193435668947 0.084039550274610533 0.78656607866287243 0.85857143998146068 4.5000000000000009 0.084219858050346388 0.92499998211860668 0.53950104117393505 0.55217784643173229 0.063164893537759795 0.97467949986457836 0.66491228342056286
decision_type=9 9 9 1 9 9 1 9 9 1 10 1 10 10 1 10 1 2 2 8 2 8 10 10 8 10 10 10 2 10
left_child=14 11 16 17 6 9 21 10 -9 15 -7 -2 23 19 -1 -6 -3 18 -4 -8 -11 22 -5 24 -13 26 -25 -16 -15 -20
right_child=1 2 3 4 5 7 13 8 -10 20 -12 12 -14 28 27 -17 -18 -19 29 -21 -22 -23 -24 25 -26 -27 -28 -29 -30 -31
leaf_value=0.0010580794888397577 0 0.0019889089604842522 0.0036431962390320724 0.010749925845368678 0.0051806685399626053 -0.012372284322240667 0.019391349757664478 0.0057101858570105992 -0.001500228081032169 -0.024820338284905711 0.0094576852656370267 0.0016174590051174287 -0.0019686306239434792 0.010015893612764426 -0.0097056706844285308 -0.009884305551086766 -0.022598825463272864 0 0.027265045924367085 0.0042813504788050422 -0.0089653944005670654 -0.012346484499278663 -0.0093983902032023937 0.0033595296100364437 0.022517488107949242 0.032806175041741541 0.023547647728685464 -0.029047426913036991 0.026064178108541225 0.012119216008254755
leaf_weight=17.313571933656931 41.217628613114357 14.287996310740708 25.364120148122311 26.93009889125824 50.410069070756435 21.794886037707329 23.829397410154343 338.94292608648539 3605.8171841949224 74.205010332167149 284.4900259822607 26.533721730113029 17.967648871243 22.079971671104431 16.983424440026283 38.264858551323414 68.601604752242565 18.894107207655907 39.656764104962349 74.991068243980408 35.308362513780594 28.505126908421516 27.412985518574715 19.278751865029335 27.806956969201565 54.67010672390461 28.670224912464619 87.911882895976305 68.752897687256336 32.256531700491905
leaf_count=119 194 119 142 124 337 111 107 1708 19284 538 1319 129 99 104 96 190 552 91 211 330 188 130 130 101 189 316 155 658 311 175
internal_value=7.69793e-07 0.000563298 -0.000142672 0.000223958 -0.000150408 -0.000782315 0.00959993 -0.000230795 -0.000856358 -0.0116698 0.00742765 0.0156883 0.0191467 0.0154166 -0.0209755 -0.00116308 -0.0185009 0.0138695 0.0177919 0.008876 -0.0188516 -0.00383302 0.000313706 0.0228557 0.0136455 0.0266864 0.0168921 -0.0244565 0.0230979 0.0219609
internal_weight=5259.15 5136.94 4920.8 4837.91 4721.73 4449.23 272.502 4251.05 3944.76 198.188 306.285 216.145 174.927 189.653 122.209 88.6749 82.8896 116.172 97.2774 98.8205 109.513 82.8482 54.3431 156.96 54.3407 102.619 47.949 104.895 90.8329 71.9133
internal_count=28257 27384 26201 25530 24911 23675 1236 22422 20992 1253 1430 1183 989 852 873 527 671 619 528 437 726 384 254 890 318 572 256 754 415 386
cat_boundaries=0 36 68 99 100 131 166 167 204 236 237 238 239 240
cat_threshold=0 0 0 134217728 8913152 256 524288 0 1048576 0 0 138412032 4096 16384 33554432 524416 4096 1048576 0 2147483648 262144 0 8 0 67108868 16 8 532480 0 19456 4194304 0 2 0 0 33554432 0 0 67108864 8192 2147483648 268460032 0 2 16777216 33554432 67108864 524288 524288 0 1048576 2050 0 512 0 16779328 289406976 2101248 8192 2147483696 32 0 134217728 16 0 0 0 8192 0 0 2097152 1073741904 0 8388616 0 512 264192 0 0 0 8192 33554436 16777218 147456 264 0 33555456 0 0 40960 4 1081344 4096 0 2 0 0 2097152 1024 8 0 0 0 0 6292480 2149580800 0 262144 8388608 32 0 2147484160 80 0 0 8388624 0 2097152 0 8 8486944 8 8388608 67108864 8388608 512 0 8 0 0 256 8388608 16777216 0 4194432 67239936 67112960 65536 268566528 0 8388616 0 0 513 134348945 0 0 0 2052 134217728 0 0 0 16777216 268435456 0 1024 8396800 128 16777220 0 0 0 0 0 32 8709168 0 671088640 131136 4 0 0 536870976 3221233664 8192 0 33554432 32785 2 0 32768 1048576 0 256 0 0 536871168 33554688 256 2 4194304 0 16384 0 0 33554432 0 0 1 40960 0 0 131072 268435456 0 1073741825 917506 1050624 544 131072 67145984 32 8196 64 0 8 0 4194304 1024 0 1 0 2097152 1024 0 1 16384 0 0 1 0 0 0 33554432 32 487463 2119040 4260928 2150528
is_linear=0
shrinkage=0.04


Tree=78
num_leaves=31
num_cat=15
split_feature=50 50 50 50 52 50 52 51 50 52 31 51 52 52 52 36 37 54 10 4 15 36 9 15 13 36 52 39 29 37
split_gain=35.3167 32.8937 19.0332 15.6784 14.6662 13.7883 14.3948 17.0307 16.1866 13.5692 12.8093 11.2032 10.7195 10.7061 9.61768 8.02592 4.77394 4.18198 3.8047 3.08769 3.0717 2.99809 2.9407 2.85197 8.57525 2.31292 2.1136 1.88588 1.74391 1.43944
threshold=0 1 2 3 4 5 6 7 8 9 0.3647450208663941 10 11 12 13 0.39433813095092779 0.53262412548065197 121.46933364868165 5.5000000000000009 0.9494898021221162 0.78629976511001598 0.77951389551162731 10.500000000000002 0.46225070953369146 0.93295881152153026 0.30094340443611151 14 0.91779279708862316 -7.4999999999999991 0.2831962406635285
decision_type=9 9 9 9 1 9 1 9 9 1 10 9 1 1 1 10 10 2 2 2 10 10 10 10 2 10 1 8 8 8
left_child=26 13 4 10 22 9 7 21 12 -5 -4 -10 -8 17 -12 28 20 -2 29 -6 -16 -7 -3 -21 -25 -18 -1 -9 -11 -15
right_child=1 2 3 5 19 6 8 27 11 15 14 -13 -14 18 16 -17 25 -19 -20 23 -22 -23 -24 24 -26 -27 -28 -29 -30 -31
leaf_value=0.00044447765440155934 -0.0077032586336102009 -0.01145013899301592 0.030277855891835365 0.0080580764990574611 0.0053302753118146442 -0.010893455791069682 0.015716176704426824 0.022634022677123364 -0.0063011438023083564 0.002679632761902047 0.017092289464772391 -0.00091715994677131821 0.0011758077251907786 0.013704430305425315 -0.015224487010599759 -0.031560283400674301 -0.00027578705677375111 0.011282270881943713 0.0067429669957258876 0.0075715139623594189 0 0.0051184120037843462 0.003835187090730845 0.046515779268036371 0.015358830144499298 0.016397944918470589 -0.022694759482739357 0.0081755598263072576 -0.012202432035433884 0.033373990806727719
leaf_weight=13.886124484241007 30.960596919059753 29.954059332609177 36.030484735965729 30.453376054763794 21.098347432911396 51.883973903954029 123.29786109924316 90.022837653756142 767.42610168084502 13.27705744281411 53.003936499357224 3082.6660749353468 225.24517416208982 21.986242651939392 35.484836630523205 55.373636603355408 21.717720814049244 32.680587761104107 19.659827262163162 19.705074653029442 48.847192421555519 22.324449762701988 40.829548478126526 25.673502743244171 46.99508236348629 21.681223183870316 107.32646092772484 32.160517580807209 35.011100608855486 68.908628962934017
leaf_count=92 146 147 176 186 106 276 582 470 4889 112 249 15866 1079 109 171 394 104 168 100 93 222 123 199 121 245 101 787 167 245 392
internal_value=-3.46659e-05 0.000496548 -0.000127162 -0.000637678 0.01198 -0.00115729 -0.00074387 0.00943628 -0.00125669 -0.0131335 0.00950513 -0.0020158 0.00681074 0.0168653 0.00506445 -0.0197592 -0.00141313 0.00162903 0.0242344 0.0203278 -0.00707302 -0.00515428 -0.00238349 0.0251859 0.0289098 0.00847433 -0.0201401 0.0180383 -0.00786773 0.0297874
internal_weight=5225.57 5104.36 4930.16 4745.91 184.256 4529.14 4395.03 196.392 4198.64 134.115 216.765 3850.09 348.543 174.196 180.735 103.662 127.731 63.6412 110.555 113.472 84.332 74.2084 70.7836 92.3737 72.6686 43.3989 121.213 122.183 48.2882 90.8949
internal_count=28117 27238 26323 25412 911 24389 23452 1036 22416 937 1023 20755 1661 915 847 751 598 314 601 565 393 399 346 459 366 205 879 637 357 501
cat_boundaries=0 37 69 106 141 142 172 173 174 206 207 208 209 210 211 212
cat_threshold=0 0 2097152 4196352 8388608 1073741832 16384 131072 1050624 268992640 260 0 8388608 67108868 8192 0 0 1048576 0 3221225472 0 4194304 4 0 33554432 0 0 134217728 516 256 0 1048576 0 0 0 0 32768 33570816 0 16777216 8192 0 0 0 16 25165824 33685504 0 8706 524288 0 32769 256 1 0 0 16777280 75498496 8 8396800 0 8388608 0 0 8 0 0 268435456 8192 0 0 0 131072 0 33570816 0 33570816 0 16384 33554432 0 8 0 2152988672 0 0 2147483904 0 0 4194304 0 1 0 268435456 1 134217728 16 0 0 2359296 32 67108864 32768 2147483664 0 131072 0 0 0 0 1024 2105376 8388616 0 4096 4 0 2147483649 20 0 0 0 8 4609 138412032 0 65792 2099200 131328 2147483680 0 0 0 0 0 33554432 256 0 1 0 2097216 1746210 8388608 134217728 33558528 1073741888 4194338 8388608 71303168 0 262144 0 0 0 12288 33554432 16777218 0 5120 0 0 65536 0 32768 0 32768 4 131072 8192 0 0 10486784 24 475145 0 0 4 268435458 2147483652 2 0 2147516416 0 32 67248128 320 0 0 0 2049 2048 64 8192 2099200 134217728 0 0 136192 134217728 512 0 0 0 0 17301504 2147483648 115300 8392780 12718852 7460608 4280349 34826
is_linear=0
shrinkage=0.04


Tree=79
num_leaves=31
num_cat=9
split_feature=50 50 50 50 22 50 50 50 39 50 32 28 42 39 36 37 18 22 14 51 40 40 40 37 30 0 37 41 41 39
split_gain=39.3525 27.8686 17.633 14.4961 11.3941 25.5766 16.3196 10.7579 8.73207 7.94619 7.74104 7.06894 6.319 6.21005 5.30189 5.05561 6.80596 6.43706 4.7428 4.5687 7.69268 4.30202 3.99099 3.7179 3.6637 2.59895 3.24361 2.45915 1.76231 1.01059
threshold=0 1 2 3 -13.499999999999998 4 5 6 0.88303694128990184 7 0.94804319739341747 6.5000000000000009 0.6078576147556306 0.75337839126586925 0.66491228342056286 0.53950104117393505 0.14415584504604342 -5.4999999999999991 0.74788135290145885 8 0.12940952181816109 1.0000000180025095e-35 -0.6035533845424651 0.93405798077583324 0.91264533996582042 15.500000000000002 0.35805861651897436 0.37940952181816107 -0.37940952181816096 0.2152509689331055
decision_type=9 9 9 9 2 9 9 9 8 9 8 10 2 10 10 10 8 2 10 9 2 2 2 10 10 2 10 2 2 8
left_child=-1 10 13 15 5 -5 11 8 -8 -9 -2 24 14 21 29 16 27 -18 -19 20 -7 28 -17 -21 -6 26 -23 -4 -3 -12
right_child=1 2 3 4 6 19 7 9 -10 -11 12 -13 -14 -15 -16 22 17 18 -20 23 -22 25 -24 -25 -26 -27 -28 -29 -30 -31
leaf_value=-0.021838732346258379 -0.001925541424961651 -0.010033668114037995 0.0055016768518763642 0.018421666855608074 -0.021793359825736873 0.0063538161080556382 0.013915648595448901 -0.0069993151999530887 -0.0022629443661088726 0.00080807804148708389 0.011361932383126317 0.0049601788736033008 0.0010917202862142452 0.0036314102834094936 0.0069961534981662346 0.0036109714931094024 0.013499819921761485 -0.018994063245782782 0.0019909585029781085 -0.021877544429441228 -0.021807143521630452 -0.012606150155812342 0.022331637068082354 0 -0.0035779931479229385 -0.01932843582432037 0.0066040197673031863 0.022818803511172131 -0.028111136649540396 0.027947486042746439
leaf_weight=112.28751787915826 34.779551565647125 24.896114639937878 36.466334640979767 34.546938054263592 81.937949769198895 42.108805380761623 172.77561174333096 205.84316875785589 71.667945243418217 3681.1245637722313 21.556495934724808 23.515784479677677 33.084089577198029 25.719477206468582 41.132989078760147 31.131961226463318 22.689037121832371 31.750146701931953 27.923097684979439 120.46255708113313 17.941617295145988 19.72375812754035 66.532765127718449 15.122769191861151 28.496896483004093 15.943839915096758 26.849917706102133 26.957731582224369 47.090285126119852 91.937102742493153
leaf_count=821 180 146 174 173 526 248 874 1233 362 19170 100 173 169 181 190 162 111 155 131 789 142 117 331 105 138 104 160 161 365 471
internal_value=0.000127646 0.000675244 2.23675e-05 0.000485653 -3.94196e-05 -0.008615 0.000428136 0.000897493 0.00878946 0.000364177 0.0140579 -0.0125752 0.0178257 -0.0124348 0.0211345 0.00969854 0.00489887 -0.00250324 -0.00947047 -0.0140472 -0.00241132 -0.0165618 0.0170255 -0.0183143 -0.0176248 -0.00749651 -0.00157704 0.014284 -0.0231766 0.0255784
internal_weight=5234 5121.71 4899.22 4739 4495.54 230.183 4265.36 4131.41 244.444 3886.97 222.49 133.951 187.711 160.223 154.627 243.451 145.786 82.3623 59.6732 195.636 60.0504 134.504 97.6647 135.585 110.435 62.5175 46.5737 63.4241 71.9864 113.494
internal_count=28162 27341 26231 25158 23933 1457 22476 21639 1236 20403 1110 837 930 1073 761 1225 732 397 286 1284 390 892 493 894 664 381 277 335 511 571
cat_boundaries=0 37 71 100 136 169 203 235 264 265
cat_threshold=0 0 128 4194304 0 8388880 0 0 1048576 8 268435456 4194368 134217728 16777345 16785408 131072 151032832 0 33554432 1073741824 524288 8192 16781312 0 0 0 0 0 0 2097152 0 1048576 0 0 0 0 262144 33554432 0 131072 0 2148532224 33554464 536870912 8388608 8224 33554436 0 0 8 0 0 1050626 524288 0 536870912 16779328 13631488 2097152 8192 0 4194304 0 0 16 0 0 33554432 0 0 32768 8389632 0 33558530 32 0 557056 524288 131072 262144 1606656 0 0 285220864 100925440 134217730 33554432 0 16 0 0 0 0 0 0 0 16 8388616 384 4 16384 6291456 262144 8192 0 16384 16777216 2 0 131072 33554432 1 0 24576 2151940096 1073741840 0 268570624 0 0 536870912 4352 131328 0 0 0 134217728 8 0 0 0 8192 0 0 2147483712 64 0 0 0 0 0 0 0 0 0 0 0 0 0 0 0 0 268435520 2147483648 0 0 268436480 0 8388640 16384 67109376 1024 0 0 0 4194304 0 0 67108864 0 67108864 0 8388672 8388608 8 1073741824 0 6144 4194304 0 0 4198400 0 0 0 0 1025 1073741824 2147549184 268435456 32768 16384 0 100663296 0 2 0 0 4210688 0 0 67108896 8192 0 1073741824 0 36864 0 64 0 2281701376 0 0 67108864 32768 2621456 2621440 0 0 1 16896 8192 16 16777216 8 0 1040 8388640 512 0 2097152 8388608 0 64 64 0 0 1076920640 1073742336 4194560 536870912 4210688 268435456 1073741826 0 0 1073874436 17472 0 0 0 268435458 262144 0 0 0 0 0 32768 0 0 20 134217728 64 67272757
is_linear=0
shrinkage=0.04


Tree=80
num_leaves=31
num_cat=16
split_feature=50 50 50 50 52 50 29 50 50 50 52 29 29 52 52 52 52 36 37 30 52 37 18 31 36 0 53 30 43 21
split_gain=35.6729 26.0239 17.6944 14.4668 13.5562 11.0302 11.6239 17.0731 13.9881 12.3632 11.0548 7.32079 7.3202 9.08414 6.8781 6.31341 5.78311 5.45901 4.97074 3.92833 3.86536 6.13352 3.7192 3.60616 3.16548 2.90927 2.82592 2.6561 2.16911 1.9178
threshold=0 1 2 3 4 5 -11.499999999999998 6 7 8 9 3.5000000000000004 4.5000000000000009 10 11 12 13 0.53950104117393505 0.70135134458541881 0.8928571641445161 14 0.091966174542903914 0.66939890384674083 0.38165266811847692 0.85880398750305187 10.500000000000002 15 0.7500000298023225 -0.56174489110708226 7.5000000000000009
decision_type=9 9 9 9 1 9 10 9 9 9 1 10 10 1 1 1 1 8 8 10 1 10 10 8 10 2 1 10 2 10
left_child=4 20 16 11 -1 12 8 10 -7 -9 -8 14 13 23 19 -10 -3 26 -15 27 25 -22 -18 -5 -19 -2 -16 -4 -6 -27
right_child=1 2 3 5 28 6 7 9 15 -11 -12 -13 -14 18 17 -17 22 24 -20 -21 21 -23 -24 -25 -26 29 -28 -29 -30 -31
leaf_value=-0.0027362038666240286 0.0070967889693632239 0.005648321706099314 0.0024911496600930638 0.0023994379798297021 0.0113863199528266 0.013003472958422715 0.0095140328509861014 0.0096878119086754467 -9.0244412822249623e-05 -0.00039674789907321077 -0.018945392077043679 -0.0070073373126270022 -0.01033997559067657 0.0051988951093315172 0.011583518765830435 -0.014234834222968231 -0.026446309324712442 0.028469311323839754 -0.012991994333729969 0.010445328034825521 -0.00080065765272783421 -0.027555536969445453 -0.0048206611469279919 0.020731206542452703 0.0060714728241094227 -0.018688849076754541 -0.0038071906564342084 -0.015377726084117816 0.028046927367942266 -2.6977810179427377e-05
leaf_weight=43.704455003142357 17.545455478131771 14.331943444907663 20.846696197986603 25.178753025829792 30.748142041265965 33.169534876942635 19.590750396251678 190.49501457810402 78.311633944511414 3604.9294805973768 108.7286661118269 33.178066715598106 28.401783987879753 94.68026414513588 47.740945123136044 220.59233811125159 65.6253512352705 63.101459607481956 26.525462351739407 31.977005191147327 18.408776324242353 83.976172309368849 21.620127249509096 102.23034469783306 18.490756563842297 16.989631101489067 20.869221091270447 21.885209530591965 99.900617659091949 18.399539038538933
leaf_count=203 101 107 107 134 174 161 106 1030 458 18855 686 162 136 490 255 1455 502 342 144 152 109 538 189 504 97 102 105 111 555 123
internal_value=-0.000202799 -0.000843131 -0.000302903 6.74025e-05 0.0168392 -0.000465575 -0.000982496 -0.000366629 -0.00811594 0.000140299 -0.0139199 0.00901276 0.00704995 0.0095581 0.011956 -0.0107741 -0.0157014 0.0162929 0.000650843 0.00041458 -0.0162173 -0.0212168 -0.0197183 0.016259 0.0242681 -0.00370344 0.00774621 -0.00689362 0.0231322 -0.0106858
internal_weight=5222.17 5047.82 4892.5 4790.92 174.353 4532.83 4255.82 3923.74 332.074 3795.42 128.319 258.089 277.017 248.615 224.911 298.904 101.577 150.202 121.206 74.7089 155.32 102.385 87.2455 127.409 81.5922 52.9346 68.6102 42.7319 130.649 35.3892
internal_count=28193 27261 26288 25490 932 24159 22751 20677 2074 19885 792 1331 1408 1272 1169 1913 798 799 634 370 973 647 691 638 439 326 360 218 729 225
cat_boundaries=0 35 66 102 139 140 173 206 231 266 267 268 269 270 271 272 273
cat_threshold=0 0 0 8192 32768 16416 8388608 16386 0 33554436 1 10240 524288 0 32768 1048576 0 2147483712 131072 16777280 79691776 2099200 8396816 0 268435488 0 0 16 0 0 0 0 0 0 16 0 0 33620226 16777216 131072 524288 4194304 268435968 0 0 0 0 0 1073741825 134217730 16908288 0 16 0 1073741824 0 12 4 1048576 4 0 8194 0 0 256 128 1024 0 34816 8390736 8388608 0 0 0 262144 8388616 0 0 1342218240 100663296 0 32896 0 0 33554432 2147483648 2048 0 4096 32768 0 0 9 134217728 0 2099200 0 131072 0 0 0 33554432 16 0 335544320 0 0 8704 0 2315255872 0 8192 33554432 2 2056 32768 1 272 0 268435968 0 0 65792 33554432 0 0 512 0 0 8 0 0 2097152 32 67108864 8192 2147483648 64 131072 673024 33554432 536870912 8192 128 16785426 0 262144 1073750016 16789536 0 0 8388608 0 16 4194304 0 513 0 0 2048 268566528 0 257 16 0 0 134217728 16777216 0 0 256 2147483648 32 0 0 0 0 1048576 0 17301504 131072 0 524289 72 32 1024 1048576 4096 0 16777216 263169 1073741824 0 0 16809984 16384 0 570425344 0 0 8192 1604 33570816 0 0 2 0 0 0 1 0 0 0 1048576 0 0 0 0 0 1048576 0 0 64 262144 0 0 1049600 0 131104 16384 4194304 0 0 0 0 0 268435456 0 272 16 16944 2 16896 67109380 134217728 0 536870912 0 32 536870912 0 16777216 196608 0 0 8388608 0 0 0 0 0 64 8192 1 0 64 4402 13322552 630496 253962 37952 8702704 89
is_linear=0
shrinkage=0.04


Tree=81
num_leaves=31
num_cat=16
split_feature=50 50 50 50 50 53 52 50 50 50 50 52 52 13 52 52 36 40 52 39 30 45 14 39 36 33 36 36 39 14
split_gain=31.3419 28.9858 18.5898 15.4799 12.8221 10.617 10.4463 43.4174 37.181 23.262 18.0221 9.63391 6.82978 6.57455 6.23213 6.08665 6.43738 5.99803 5.64964 5.41347 6.04782 5.12403 3.74318 3.68673 5.88722 3.57635 3.38465 2.75462 2.75398 2.70534
threshold=0 1 2 3 4 5 6 7 8 9 10 11 12 0.94151845574378978 13 14 0.49725274741649633 0.12940952181816109 15 0.90161287784576427 0.89583334326744091 1.0000000180025095e-35 0.908033847808838 0.90161287784576427 0.065942030400037779 0.036038961261510856 0.31866537034511572 0.37638889253139501 0.18301435559988025 0.91622808575630199
decision_type=9 9 9 9 9 1 1 9 9 9 9 1 1 2 1 1 10 2 1 8 10 2 10 8 10 8 8 10 10 10
left_child=15 29 11 18 5 12 7 17 21 -9 -10 13 -5 -3 22 16 26 -6 -4 20 -13 -8 -7 -17 -25 -14 -1 -16 -18 -2
right_child=1 2 3 4 6 14 8 9 10 -11 -12 19 25 -15 27 23 28 -19 -20 -21 -22 -23 -24 24 -26 -27 -28 -29 -30 -31
leaf_value=0.0016253463998436766 -0.023918743471713577 0.0085182682979053452 0.0011962230447436757 -0.0039245798545295167 0.0092528323519500029 -0.0011267492869912684 0.01240311624672392 -0.021664432052760356 0.011138734167132633 -0.0041577849175787225 -0.0016140601913003328 0.033718998095177852 0.0068902898405159597 -0.014801120623469197 0.016722218676423949 0.025740692386167129 -0.013592428658154292 0.028395152562132587 -0.019949415700536315 0.0043436908970885717 0.010125959183760342 0.027692961444356814 -0.020793232921797661 0.024433033107430915 -0.0010983991982103751 0.027601698149256448 0.024059299454226756 0.0007202963924203262 0.0032361221881937281 -0.0042603676825739038
leaf_weight=21.732502743601799 92.425437953323126 43.511223077774048 30.122225496917963 20.894024483859539 229.99737735837698 45.037836566567421 169.80409547686577 123.06921423226595 177.42191848903894 1307.4212035238743 2226.5615316703916 49.423331633210182 24.497035652399063 27.051835492253304 31.749206684529781 90.467410236597061 23.532501444220543 28.572111085057259 78.739682495594025 33.553917691111565 38.728939279913902 53.20442383736372 21.296470887959003 19.754597194492817 30.425302237272263 72.174172088503838 23.738462045788765 38.508781038224697 27.912184059619904 18.362228997051716
leaf_count=112 681 215 214 107 1056 226 838 656 906 7567 11696 246 123 130 156 500 113 134 577 164 209 250 99 138 155 350 131 195 135 102
internal_value=0.000174902 -0.00051691 -2.31748e-05 -0.000544822 -0.000161684 0.00830447 -0.00069188 -0.00313478 0.000880127 -0.00588695 -0.000601359 0.0116959 0.0165391 -0.000481183 0.000149735 0.0139247 0.00423139 0.0115059 -0.0145006 0.0181803 0.0246682 0.0159657 -0.00766182 0.0194241 0.00989344 0.0210742 0.0149567 0.00781003 -0.00462963 -0.0194759
internal_weight=5219.69 4982.13 4871.34 4679.07 4570.21 254.158 4316.05 1689.06 2626.99 1430.49 2403.98 192.269 117.565 70.5631 136.592 237.563 96.9157 258.569 108.862 121.706 88.1523 223.009 66.3343 140.647 50.1799 96.6712 45.471 70.258 51.4447 110.788
internal_count=28181 26897 26114 25150 24359 1256 23103 9413 13690 8223 12602 964 580 345 676 1284 491 1190 791 619 455 1088 325 793 293 473 243 351 248 783
cat_boundaries=0 32 68 103 133 168 169 170 201 237 266 303 304 305 306 307 308
cat_threshold=0 0 4194304 8448 4 0 2147483648 8388611 16777216 33554436 131072 0 2049 32768 0 1073741824 0 65536 131072 16779328 5242880 0 2097152 0 32 512 0 16 536870912 0 0 8192 262144 268435456 256 4194304 16 8388608 304087040 0 2048 8 0 1048576 0 4194304 167772160 32768 1024 262144 1024 1073741840 2048 4 0 32768 4096 0 0 0 0 16512 0 0 2 0 0 33554432 16 0 262176 0 1024 33562624 8388608 0 0 34 0 540672 524360 0 0 545263872 268435457 512 0 2097152 92340480 512 0 0 8388608 1 0 0 8388608 0 0 0 0 0 2097152 1024 0 33587200 2164260864 256 264 524288 0 64 0 256 0 40960 262145 268435456 16777344 2 0 0 0 524288 32776 4104 0 570425344 0 0 65664 4 2048 33554432 1075838976 16908288 0 1058816 540672 73736 0 0 1073741824 0 1 0 131072 0 0 0 268435776 4194304 33554432 268435456 0 1 4096 0 0 0 131072 0 0 128 2147483680 1 32768 2147483648 74 3901984 0 0 1572872 33619968 10 1048576 262144 34603008 536870912 2129920 8322 16 4 2097152 0 1 0 0 536879104 0 32 0 32 2214592512 272629760 0 0 0 0 0 8388672 0 0 66560 268468224 2164556289 134217728 0 16384 134217729 8192 33554432 10240 68157440 0 294913 16 0 0 0 0 1073872896 0 256 16384 134217728 0 0 0 0 0 0 0 0 0 0 64 0 16777216 65536 268468224 285343745 0 64 16384 134217985 24576 4 8388608 1048592 0 2147483776 16 0 0 0 0 131072 131072 0 16384 134218240 0 0 0 64 0 67108864 268435472 4096 16384 67239936 0 0 4098 64 0 8454144 270532624 134217730 2151677952 0 0 0 0 4 0 4390912 0 0 0 64 0 16777216 0 4194304 301989888 0 0 0 0 0 163840 659393 1184048 3270023 10713473 550516
is_linear=0
shrinkage=0.04


Tree=82
num_leaves=31
num_cat=16
split_feature=50 50 50 52 50 31 50 52 52 50 50 50 15 52 33 30 13 52 38 30 52 30 33 53 36 36 53 16 38 38
split_gain=31.3768 28.1658 16.6662 18.3733 12.934 11.6023 11.2752 12.6242 12.3892 24.685 21.4869 15.6435 9.27777 7.64081 7.00313 6.54256 5.90452 5.43974 4.83994 5.47567 4.09267 2.8043 3.76633 2.36478 2.19663 2.18317 2.10913 1.99767 2.12575 1.7304
threshold=0 1 2 3 4 0.19890110194683078 5 6 7 8 9 10 0.92893216013908397 11 0.019419306889176372 0.92890837788581859 0.84698995947837841 12 0.14434523880481723 0.93205496668815624 13 0.93357846140861522 0.013335704337805511 14 0.76500600576400768 0.60158732533454906 15 0.07619738951325418 0.54653680324554454 0.63525497913360607
decision_type=9 9 9 1 9 8 9 1 1 9 9 9 10 1 10 10 2 1 10 10 1 8 8 1 10 8 1 2 10 10
left_child=20 5 3 23 13 -2 7 18 9 14 17 -12 -11 -4 -8 16 -9 -10 -6 -20 -1 27 -23 -3 -7 -17 -15 -5 -29 -28
right_child=1 2 4 21 6 24 8 15 10 12 11 -13 -14 26 -16 25 -18 -19 19 -21 -22 22 -24 -25 -26 -27 29 28 -30 -31
leaf_value=0.0019111745620754243 -0.010626948690702638 0 0.007891884710379278 0.026007248780491116 0.0042310577157261961 0.021886201763530285 0.0031123169738236874 -0.0053454712672436726 0.00024383645817950772 -0.0040990508079938219 0.0081134961610847822 -0.0016711133593803459 0.0097763612745786748 -0.0020314232489912556 0.027833037806838941 -0.0019468835610363939 0.01402078836177865 -0.017482335489488798 0.026141614214016517 0.0040789371506256096 -0.022203249348133069 0.015737901590149744 -0.0034103574874049438 -0.01691364962879522 0.0058611650004658667 -0.020053279723102987 -0.032372137340926019 0.017319848480031829 0.0015019758339473333 -0.0099626265250918142
leaf_weight=16.62767168879509 18.724820978939533 27.070526108145714 15.262793119996784 57.101031869649887 49.577410012483597 134.70124876499176 27.312786854803562 44.630609519779682 39.57743838429451 265.1958689019084 268.32717306166887 3341.521342959255 102.84465614706278 25.61026502028108 82.769437722861767 22.155492842197418 45.286011464893818 156.82896232977509 72.329339616000652 29.196670487523079 105.67951331660151 30.836022131145 25.069077581167221 23.492111094295979 24.125930406153202 25.96848800778389 41.978971350938082 52.381079435348511 22.964348793029785 16.256518620997667
leaf_count=134 87 131 99 271 235 763 164 215 260 1301 1397 18031 530 174 387 100 211 1049 339 143 769 160 112 113 120 128 296 247 111 107
internal_value=-5.62695e-05 0.000447779 -0.000136122 0.00984045 -0.000680353 0.0154562 -0.000342811 0.00709461 -0.0008724 0.0050905 -0.00164371 -0.000907722 -8.67226e-05 -0.0139888 0.0204942 -0.00166059 0.00442231 -0.0140519 0.014641 0.0204739 -0.0189286 0.015502 0.00724796 -0.00966584 0.0198272 -0.0130617 -0.0187674 0.0195779 0.0131412 -0.0239308
internal_weight=5211.4 5089.1 4911.54 238.914 4672.63 177.552 4573.52 289.144 4284.38 478.123 3806.25 3609.85 368.041 99.1085 110.082 138.041 89.9166 196.406 151.103 101.526 122.307 188.352 55.9051 50.5626 158.827 48.124 83.8458 132.446 75.3454 58.2355
internal_count=28184 27281 26311 1145 25166 970 24490 1371 23119 2382 20737 19428 1831 676 551 654 426 1309 717 482 903 901 272 244 883 228 577 629 358 403
cat_boundaries=0 36 67 102 103 135 170 171 172 209 246 277 278 279 280 281 282
cat_threshold=262144 134217728 32768 136314952 0 0 0 268567040 1074790400 5242880 2147483648 0 0 128 0 0 65538 0 33554440 0 0 0 16396 0 0 0 0 1057024 0 0 0 0 2 0 0 512 0 0 131072 8192 0 2415919104 0 134217728 0 33554448 0 8912896 524296 0 0 1048576 0 0 0 50331728 12583168 2097152 8193 1073741824 32 512 4 131088 0 0 256 0 8388608 335544320 16842752 8192 32 262144 64 4096 1073741858 0 0 0 0 1048576 16 268435456 268435457 0 262152 0 0 272 1056 0 1024 0 0 0 0 2097152 8192 0 32768 2147483664 6352448 8389632 0 1048576 1073741840 0 16 4194304 0 0 0 384 0 1107296256 33816576 16777216 128 8388608 1048576 1024 0 0 8421376 0 32768 0 131072 0 524288 0 2098176 0 64 268451840 1075838976 0 2147745792 1048576 2048 545259525 8388608 8396800 64 8 1024 16777217 8192 0 2048 0 512 0 2048 0 0 8388608 131328 0 262144 0 0 0 0 64 2147483648 0 0 64 11119402 4194392 0 88080384 65568 768 67109378 67174464 16973824 1048832 536870912 0 4 0 2048 131072 0 0 0 0 0 0 32 0 0 0 67108864 0 0 0 0 0 0 32 32 0 0 0 16384 0 352321536 65600 256 0 75563008 16859202 1 0 537001984 0 0 8388608 67108880 0 561152 0 0 1207959552 0 32 0 0 0 100671488 0 8388608 0 8388608 0 0 0 0 0 0 0 16384 0 0 138421248 536870912 2147485701 0 0 2147520656 17 1 67108864 64 512 2097152 0 0 0 64 4194304 2097153 0 8 0 0 8388608 0 134217728 0 536870912 128 524288 50176 2326534 2097312 35 5
is_linear=0
shrinkage=0.04


Tree=83
num_leaves=31
num_cat=16
split_feature=50 50 52 52 50 50 50 50 50 50 50 50 50 53 10 18 4 20 52 42 36 38 38 8 33 35 36 42 0 52
split_gain=29.626 26.0728 17.2275 15.6169 38.8192 34.5655 25.2718 22.2987 18.5509 17.8504 16.9249 14.09 12.0636 11.5857 11.3559 9.48245 8.91737 8.02664 7.7996 7.52637 7.47077 8.31839 6.5252 6.25868 5.91337 10.775 5.80684 5.79577 5.76829 5.60089
threshold=0 1 2 3 4 5 6 7 8 9 10 11 12 13 2.5000000000000004 0.040408162400126464 0.97385507822036754 3.5000000000000004 14 -1.0000000180025095e-35 0.5045454502105714 0.56330129504203807 0.58236432075500499 24.500000000000004 0.22727274149656299 0.53410854935646068 0.5646599829196931 -1.0000000180025095e-35 13.500000000000002 15
decision_type=9 9 1 1 9 9 9 9 9 9 9 9 9 1 2 8 2 10 1 2 8 10 8 10 10 10 10 2 2 1
left_child=-1 2 26 4 19 14 23 17 16 18 24 -11 15 -14 20 -12 -8 29 -10 -3 21 -5 -18 -6 28 -26 -2 -16 -9 -7
right_child=1 3 -4 5 6 7 8 10 9 11 12 -13 13 -15 27 -17 22 -19 -20 -21 -22 -23 -24 -25 25 -27 -28 -29 -30 -31
leaf_value=-0.019843733265905168 -0.011014399812594023 0.0034597033867331778 0.020210048916707787 0.026256373478797577 -0.027342590641774182 0.0032990916027294389 0.024517877324341686 -0.0016306188555556421 0.011627180365809144 0.0020367454050245087 -0.0020429737583391632 -0.0084985592915746196 0.0036477367545624784 -0.0029033645659697679 0.012457308524818363 0.015615327182211572 0.013396570591937764 -0.023170869746246759 -0.0013911043528874842 0.018140925791727398 0.001459731450775256 -0.0022113569470059912 -0.0043178201492380872 -0.0051068874979204116 0.042253295051450569 0.0098767365703945204 0.0079262079424721413 0.0389952742105368 0.01586088813619552 -0.0127106309449451
leaf_weight=102.55122511461377 46.697524346411228 100.69983115792274 160.45040030777454 55.299379527568817 97.48208961263299 56.3762660138309 41.28482361882925 61.442885838449001 118.16312974691391 244.48615953326225 69.524138413369656 1098.3963664397597 646.73439644277096 1225.8253482431173 31.305000603199005 137.25903009623289 54.138960689306259 71.440039455890656 159.10299098491669 142.44793349504471 85.782242693006992 19.853266894817352 69.763076342642307 31.500463888049126 22.699091821908951 57.84612613171339 46.349283091723919 42.245388120412827 49.668274112045765 61.662757523357868
leaf_count=763 232 473 898 311 662 267 227 279 568 1247 396 6992 3220 6254 143 712 297 389 802 656 412 98 388 138 113 279 216 192 273 288
internal_value=6.70407e-06 0.000466245 0.0126014 -0.000200484 -0.00273026 0.00182126 -0.00467104 0.0003717 -0.00332349 -0.00465257 0.00150931 -0.00656445 0.000410838 -0.000619178 0.0160146 0.00923952 0.00890327 -0.0122758 0.0044005 0.0118557 0.0100088 0.0188176 0.00348672 -0.0208951 0.0124353 0.0211712 -0.00131806 0.0294666 0.00636239 -0.00584331
internal_weight=5208.48 5105.93 253.497 4852.43 2157.47 2694.96 1914.32 2460.48 1785.34 1620.15 2271 1342.88 2079.34 1872.56 234.485 206.783 165.187 189.479 277.266 243.148 160.935 75.1526 123.902 128.983 191.656 80.5452 93.0468 73.5504 111.111 118.039
internal_count=28185 27422 1346 26076 12450 13626 11321 12470 10521 9609 11526 8239 10582 9474 1156 1108 912 944 1370 1129 821 409 685 800 944 392 448 335 552 555
cat_boundaries=0 36 68 69 70 105 138 175 210 242 273 298 330 367 368 369 370
cat_threshold=0 16777216 2623488 64 0 256 0 268566528 1 0 1342177280 0 16384 12582932 33562626 524288 4096 0 0 0 0 131072 0 0 0 0 2050 0 0 2097152 0 0 0 0 0 524288 33570816 0 268566528 2105344 0 67125248 0 2359296 16777216 33619968 33554432 0 2048 0 0 0 0 131104 0 64 12713984 0 0 32 142606336 513 134217728 0 256 33554432 2097152 32 2317248 3976832 16 8388608 32 0 8 1048640 2147745793 33554720 32 1073741824 4202496 0 134217728 0 0 2048 64 0 0 262144 295936 4096 2097152 2147483650 0 0 4 0 0 0 0 0 0 0 524288 0 4194304 12352 268566528 0 268501504 134217738 0 8192 8224 0 2147491840 4718592 0 4456448 16 0 4096 0 4 134217728 256 0 16640 272629760 0 0 0 0 0 268435456 0 524288 0 0 1073750016 67111040 37748738 8388608 201326656 0 0 536870912 0 2147549192 0 0 128 16 0 262144 0 4 1073741824 0 32 16384 67108896 0 0 0 0 128 0 0 0 0 0 0 32768 0 2097152 33554433 536903680 268435472 5242881 1 4144 33554688 4194320 4227074 0 0 1 0 2048 1088 0 8 0 0 0 0 0 0 0 0 0 0 0 0 0 0 0 524288 0 0 129 2818572288 262144 32768 0 4112 0 6291968 66 8438016 0 2097152 2147483648 4099 512 268435457 0 0 0 512 8388608 0 0 262144 8 0 0 0 0 2147483712 0 0 4194312 262156 2097152 403472 131072 68157440 134222080 32784 67108864 512 520 1048576 0 0 0 32768 0 2097152 1048576 0 0 67108864 0 0 0 134217728 0 0 262148 0 0 68157440 384 167772162 35651744 8192 8193 8388608 268451840 0 67592 1 16777216 0 0 1 2097152 0 0 1073807360 65536 256 0 544 0 0 0 8556546 1087552 6291457 536879112 0 16 64 2147483648 64 64 16384 0 256 8 1049600 0 0 805314560 4194304 0 0 0 0 0 65536 0 0 0 16777216 0 0 262144 512 2165833728 2 33554436 0 0 0 131080 524290 4416 134225920 128 0 0 2147483648 0 0 536870912 0 0 1073872896 603979776 1024 0 18874368 0 0 0 0 0 0 0 0 32768 65 2100864 82197
is_linear=0
shrinkage=0.04


Tree=84
num_leaves=31
num_cat=9
split_feature=52 51 51 38 52 53 52 52 39 36 14 9 33 52 55 2 55 55 40 30 38 14 11 35 35 11 51 12 30 38
split_gain=13.1608 19.8197 15.0209 14.5093 12.2086 11.5417 17.4885 13.1742 10.2864 9.23835 8.79186 8.72686 12.0036 8.64419 8.60553 8.25636 8.17825 7.79295 8.26595 7.28327 7.21195 7.1953 6.94999 11.7701 8.38161 6.81677 6.69215 6.65385 6.07168 6.38872
threshold=0 1 2 0.85786435008049022 3 4 5 6 0.66312056779861461 0.46225070953369146 0.97467949986457836 19.500000000000004 0.019419306889176372 7 24.970264434814457 25.500000000000004 24.98177528381348 25.171139717102054 -0.37940952181816096 0.64166668057441723 0.6900656819343568 0.58434957265853893 11.500000000000002 0.41341829299926763 0.49747474491596227 1.0000000180025095e-35 8 1.5000000000000002 0.95040988922119152 0.55646631121635448
decision_type=1 9 9 10 1 1 1 1 10 10 10 8 8 1 2 2 2 2 2 10 10 10 10 8 8 10 9 10 10 10
left_child=1 3 4 13 8 6 -4 9 15 -7 14 26 -13 16 -6 -2 21 19 -19 -11 -9 -1 23 27 -25 -21 -3 -16 29 -17
right_child=2 11 5 -5 10 7 -8 20 -10 17 -12 12 -14 -15 22 28 -18 18 -20 25 -22 -23 -24 24 -26 -27 -28 -29 -30 -31
leaf_value=-0.0087901740797363404 0.0033339514725246543 -0.00285278441773482 0.019717139130522057 0.010095533515734936 0.0073390913384146 0.013922287910292673 0.0028035999205618355 -0.0013043686693046913 0.013624256883216666 -0.012974393991280472 -0.012604110340784703 0.0054688329031621317 -0.016102176243274046 -0.014212709480141968 0.00066345289298191295 -0.022730969116019534 -0.0098914335644893388 0.0025255605424625563 -0.02633708526640573 -0.0023661037032836414 -0.017080074406014473 0.012667180619845259 -0.011848885240155831 0.015940179540582796 0.00051102460993268011 0.015251082291660332 0.0029900594912354575 -0.0093270922305393154 0.0058092455155355103 -0.00018116540376225757
leaf_weight=34.132468365132809 551.18109299987555 460.05871721729636 175.7056600600481 56.184699263423681 136.77699463069439 154.95773148536682 237.85243639349937 188.50490686297417 125.37761495262384 23.44350353628397 133.07953406870365 59.414564043283463 110.20260438323021 353.92637137323618 155.03446187078953 46.955576360225677 138.61001687496901 30.228335991501808 24.537760585546494 50.193901836872101 58.44262570887804 63.000086508691311 124.53234185278416 66.084053572267294 287.92248773947358 92.809004254639149 904.29123239964247 309.43032143637538 30.721279516816139 35.880512788891792
leaf_count=209 2682 2810 882 353 659 775 1225 943 626 117 615 279 641 2486 755 264 967 131 105 272 294 357 732 371 1626 444 4636 1623 157 190
internal_value=-0.000203605 -0.00256883 0.00149097 -0.00836626 -0.000529613 0.00536585 0.0104748 0.0017772 0.00329106 0.00641683 -0.00304467 -5.76157e-05 -0.00849138 -0.0103697 -0.00182347 0.00127421 -0.00360178 0.00116304 -0.0111931 0.00555311 -0.00517663 0.00487003 -0.00320524 -0.00180184 0.00362886 0.0090613 0.00100303 -0.00597818 -0.00827357 -0.0137575
internal_weight=5219.47 2179.82 3039.65 645.854 2002.98 1036.68 413.558 623.118 790.116 376.17 1212.86 1533.97 169.617 589.669 1079.78 664.738 235.743 221.213 54.7661 166.446 246.948 97.1326 943.004 818.471 354.007 143.003 1364.35 464.465 113.557 82.8361
internal_count=28226 12738 15488 4372 10300 5188 2107 3081 3919 1844 6381 8366 920 4019 5766 3293 1533 1069 236 833 1237 566 5107 4375 1997 716 7446 2378 611 454
cat_boundaries=0 1 2 3 4 5 6 7 8 9
cat_threshold=3968768 67153997 8408687 4214904 65 167 12779545 296960 8471554
is_linear=0
shrinkage=0.04


Tree=85
num_leaves=31
num_cat=9
split_feature=50 50 50 50 28 50 36 50 50 33 50 53 42 17 8 16 42 40 0 21 10 38 36 28 11 7 25 38 38 33
split_gain=28.3033 26.116 13.7666 11.0734 11.4834 9.2046 9.10983 15.228 13.0023 10.0126 9.4271 8.6662 8.51382 13.4906 7.19504 5.65761 5.61363 4.70826 5.03978 4.7205 4.64418 4.47918 4.44437 3.77075 6.07288 2.84452 2.83641 7.01278 4.86058 2.96192
threshold=0 1 2 3 3.5000000000000004 4 0.96039214730262767 5 6 0.057831663638353355 7 8 -1.0000000180025095e-35 0.072077922523021712 10.500000000000002 0.077677227556705489 1.0000000180025095e-35 -0.37940952181816096 14.500000000000002 3.5000000000000004 8.5000000000000018 0.10263158008456232 0.74873736500740062 5.5000000000000009 1.5000000000000002 13.500000000000002 1.5000000000000002 0.53229168057441723 0.58236432075500499 0.24000000208616259
decision_type=9 9 9 9 8 9 10 9 9 10 9 1 2 8 10 2 2 2 2 10 2 10 10 8 10 2 2 10 10 10
left_child=-1 14 26 4 16 12 7 11 15 -10 -9 -7 13 22 21 -8 17 19 -19 -4 -6 -2 -5 24 -14 -18 28 29 -3 -28
right_child=1 2 3 5 20 6 8 10 9 -11 -12 -13 23 -15 -16 -17 25 18 -20 -21 -22 -23 -24 -25 -26 -27 27 -29 -30 -31
leaf_value=-0.018791012146136404 -0.0077553155717216835 0.011597911005972522 0.0085277771782561306 -0.0098230195851052807 0.032195269430320923 0.0091962446663335206 0.0070258771111814822 0.0039735152723793599 -0.017450018580546147 0.0031008718616082134 -0.0035016662169734866 -0.0020558322598392808 0.0035331997978528058 0.022748063450948625 0.021358614658273677 0.025132501334362511 0.0022429584330376472 -0.0020034001100262726 0.017531334820806755 -0.015724230471503581 0.0081516663350875082 0.01264784319898157 0.010889424593381651 0.011752681194273189 -0.013836339040497138 -0.013648392704598474 -0.0041833959243348243 0.030114540908741851 -0.0028248818613574918 0.013116207048031393
leaf_weight=107.6470912322402 25.517103284597397 87.102650105953217 20.586238160729408 37.00260816514492 31.290399491786957 273.72250927984715 73.03397922962904 282.61645292490721 44.056942030787468 159.95211139321327 3083.3326812237501 169.94130613654852 70.448718585073948 83.302633196115494 119.95372670888901 51.817689269781113 27.040264055132866 26.101021513342857 67.068392172455788 20.246414490044117 31.285140037536621 33.509394749999046 22.053594194352627 25.880663424730301 50.391818843781948 35.305437684059143 22.997506231069565 29.268802367150784 57.071563884615898 30.262809589505196
leaf_count=803 124 430 104 189 157 1298 333 1406 205 870 17348 827 364 422 624 226 133 118 344 105 173 160 127 141 260 174 109 141 289 156
internal_value=0.000193433 0.000652308 7.95857e-05 -0.000395199 0.00740457 -0.000879293 -0.00137237 -0.00193251 0.00494721 -0.0014819 -0.00285326 0.00491636 0.00583335 0.0128307 0.0150491 0.0142739 0.00260306 0.00721112 0.0120317 -0.00346449 0.021963 0.00359837 -0.00152982 -0.000638764 -0.00381312 -0.00680429 0.00939264 0.0157362 0.00585124 0.0055851
internal_weight=5199.81 5092.16 4913.18 4686.48 258.923 4427.55 4138.47 3809.61 328.861 204.009 3365.95 443.664 289.08 142.359 178.98 124.852 196.348 134.002 93.1694 40.8327 62.5755 59.0265 59.0562 146.721 120.841 62.3457 226.703 82.5291 144.174 53.2603
internal_count=28160 27357 26449 25324 1308 24016 22513 20879 1634 1075 18754 2125 1503 738 908 559 978 671 462 209 330 284 316 765 624 307 1125 406 719 265
cat_boundaries=0 36 70 105 138 171 206 236 272 273
cat_threshold=262144 16777216 1073741824 16 0 0 16384 131584 33554432 67108864 8 0 1073774592 1 0 16777344 2 4 0 3221225472 524800 8388608 0 536870912 603979780 0 0 128 0 256 1024 0 0 128 8192 512 16384 0 0 2147745792 1048576 268435520 0 2 16777472 33554470 0 0 0 0 0 257 0 4672 0 16777220 12583168 2097152 8193 4112 0 0 0 0 0 0 0 8192 0 32768 33554432 0 131072 268443648 2147483648 16416 570425344 0 536870912 0 0 2148007937 262146 1081344 0 1024 64 256 0 33554432 0 0 0 2 0 262656 134217728 0 536870912 0 33554688 0 32 0 16 16 8388608 2147483648 134217728 131072 32768 0 0 0 147456 67108864 2304 270532617 16777216 0 0 0 268566529 0 64 285212672 0 16 0 0 1024 4 131088 0 33554432 262272 2147483648 1 0 0 262144 67108864 4195328 33620480 4 2323644416 4096 0 0 0 4197376 0 4194304 0 1536 0 134217728 2056 1122304 0 256 2147614720 268435456 0 0 18874368 0 0 0 0 67108864 0 0 12 536870912 285229572 134219777 285220864 1048608 0 0 8192 64 524288 2097152 0 2 0 2097152 1073741824 0 67239936 65536 0 544 134217728 0 0 0 0 128 0 32 0 0 64 0 0 12288 135172 262208 2097152 0 4096 8192 0 0 0 0 0 0 0 268435456 2147516416 0 0 0 0 0 16384 32 0 0 0 0 4194304 0 0 17317952 0 32768 1048704 0 16 8228 8384 0 1048576 0 1073750016 32768 4096 524289 0 0 1 1024 0 2097184 1024 0 0 0 0 256 0 524288 0 0 0 0 524352 114
is_linear=0
shrinkage=0.04


Tree=86
num_leaves=31
num_cat=10
split_feature=50 50 50 17 50 50 50 28 50 50 28 4 9 26 53 18 41 41 36 55 7 36 35 36 38 53 30 32 36 31
split_gain=29.083 20.8215 15.239 13.3522 13.3121 11.8958 9.41014 9.33739 19.205 10.7768 8.88045 10.9613 8.16307 7.9899 7.36871 9.57231 6.72833 6.20378 6.76416 6.41551 5.52443 4.97461 4.83344 4.69292 4.43041 4.34734 8.56299 3.76881 3.67527 3.58601
threshold=0 1 2 0.35751880705356603 3 4 5 12.500000000000002 6 7 1.5000000000000002 0.96329966187477123 10.500000000000002 0.44274005293846136 8 0.14415584504604342 -0.12940952181816107 0.60355338454246532 0.62605932354927074 24.994524955749515 13.500000000000002 0.29893617331981664 0.13397436589002612 0.15504807978868487 0.33060109615325933 9 0.81249997019767772 0.9529346525669099 0.62605932354927074 0.70106381177902233
decision_type=9 9 9 10 9 9 9 10 9 9 10 2 10 2 1 10 2 2 10 2 2 10 10 10 10 1 8 10 10 10
left_child=17 20 3 14 12 22 10 9 -9 -8 11 -7 25 -5 23 -16 -12 18 29 -20 21 24 -6 -3 -2 26 -4 -19 -14 -1
right_child=1 2 4 13 5 6 7 8 -10 -11 16 -13 28 -15 15 -17 -18 27 19 -21 -22 -23 -24 -25 -26 -27 -28 -29 -30 -31
leaf_value=0.021172042459282253 -0.026409386370273118 0.0012959860686495345 0.017366462607348147 -0.017178989315026087 0.0027780607450864515 0.016425102073886949 -0.0097596900436429032 0.016050654220343616 -0.012346207215813629 -8.6975451278965301e-05 0.0042262421723423269 -0.0047958366080670216 0.021695071684027928 0.0076273116791234843 -0.017345720606551915 0.014715238550793914 0.023013541298874059 0.0064467538510465149 0.011715523803569401 -0.013235383277761617 -0.02707113214523988 -0.0034608029863560409 -0.016703651979585399 0.023259469043270961 -0.00073500320700160685 -0.0081193641168004066 -0.011086341776779368 0.02863107763259844 0.0056016840651600753 0.0047861605375980124
leaf_weight=56.826450020074844 34.559999618679285 20.74110571295023 42.991633340716362 35.700826339423656 21.300106585025787 46.875925578176975 180.32901647686958 32.406965889036655 229.94619077071548 3366.8995962515473 67.148703217506409 150.61220946907997 72.041685059666634 36.908306196331978 22.866766229271889 27.009607225656509 61.648404993116856 22.984754681587219 24.601984530687332 31.728638149797916 37.6208431199193 95.798101361840963 106.11902329325676 118.84246976673603 17.427049487829208 38.478014051914215 21.083898603916168 55.849000617861748 44.093901202082634 44.009790994226933
leaf_count=291 237 105 216 181 117 223 1121 164 1515 17993 340 748 364 193 103 128 318 124 106 166 274 561 752 567 105 205 101 316 204 227
internal_value=0.000208719 -0.000462672 6.64457e-05 0.00917453 -0.000490499 -0.00100093 -0.000602097 -0.00117235 -0.00839056 -0.000625099 0.00575621 0.000423613 0.00880013 -0.00463285 0.0150238 0 0.0138922 0.0134933 0.0087826 -0.00194544 -0.0130928 -0.00949099 -0.0123792 0.0189792 -0.0189734 0.000651419 0.00662999 0.0231719 0.0162333 0.0147734
internal_weight=5165.45 4929.45 4744.04 262.069 4481.98 4263.29 4135.87 3809.58 262.353 3547.23 326.285 197.488 218.689 72.6091 189.46 49.8764 128.797 236.001 157.167 56.3306 185.406 147.785 127.419 139.584 51.987 102.554 64.0755 78.8338 116.136 100.836
internal_count=28065 26835 25658 1277 24381 23291 22422 20793 1679 19114 1629 971 1090 374 903 231 658 1230 790 272 1177 903 869 672 342 522 317 440 568 518
cat_boundaries=0 35 68 101 137 173 206 239 273 274 275
cat_threshold=0 0 16384 0 2147485700 268468228 0 16384 0 33554434 0 8404993 1048584 2097152 0 256 0 268435456 0 0 4390912 256 8208 0 268435456 512 0 0 0 0 270532608 0 0 0 2147483664 0 0 65542 4194320 0 67108872 4784128 268435456 2048 2129920 0 0 1073741824 4 33554432 33554560 32768 16 33555456 0 0 8192 20480 32768 0 0 0 1048576 33554436 256 0 0 2 0 0 268959776 8192 9216 1048576 0 1 48 0 67108864 32768 2 1048576 2147483648 1 268435457 0 0 33554496 67108864 0 1 528 4194816 0 134217728 0 0 0 262144 0 1 0 0 262144 67174400 1 1 536870912 2155872258 4096 0 2 16 524288 0 262144 0 0 512 4202496 2049 0 33554432 256 67109120 0 0 0 262168 0 0 8388864 8256 0 0 0 524352 0 0 0 538968064 42205184 0 16384 131072 262145 8 0 0 33562624 0 268435456 1024 0 0 8 0 1073743872 0 16777216 1048576 0 133120 9 128 512 2097152 4194304 2147614720 0 256 0 512 0 8388608 1073745920 134217986 1048584 0 8192 0 134217984 16 32768 2 2097152 0 5242880 1052672 8 2147483648 0 16 0 16 8388608 1073741824 8388608 0 4 16777216 536870976 0 0 0 67633152 0 0 0 0 0 0 0 1048576 0 0 0 0 0 16384 0 0 0 262144 0 0 403702784 0 131104 16384 0 0 8192 2097152 0 0 0 0 32 0 272629760 32768 16777280 0 8388864 2147483648 0 1048576 5242880 0 0 8404992 104865794 0 65536 16777216 1 0 2147549184 269484032 0 0 0 570425344 0 8192 134217728 0 4210688 0 0 0 8192 105 116
is_linear=0
shrinkage=0.04


Tree=87
num_leaves=31
num_cat=9
split_feature=50 50 50 50 29 50 20 50 40 53 64 53 21 39 7 36 33 51 17 9 36 45 54 39 33 37 31 32 27 41
split_gain=30.333 27.9854 18.2035 12.8301 11.681 10.3212 11.6426 9.24285 8.87159 7.19895 6.90864 5.71245 5.69065 6.01341 4.82464 4.50849 4.41748 5.33279 5.21168 4.28281 4.07936 4.07701 3.75486 3.68872 6.2157 3.62193 4.31938 3.55443 2.75974 2.51684
threshold=0 1 2 3 1.5000000000000002 4 20.500000000000004 5 -0.6035533845424651 6 1.0000000180025095e-35 7 9.5000000000000018 0.72776681184768688 21.500000000000004 0.35067567229270941 0.58951467275619518 8 0.91042780876159679 11.500000000000002 0.57294833660125744 1.0000000180025095e-35 121.53987503051759 0.94826048612594616 0.22727274149656299 0.39339827001094824 0.69309264421463024 0.97467949986457836 -0.025320513173937794 0.12940952181816107
decision_type=9 9 9 9 10 9 10 9 2 1 2 1 8 8 2 8 10 9 10 10 8 2 2 8 10 10 10 10 2 2
left_child=-1 4 23 12 9 10 7 11 -9 -2 14 -7 13 25 27 -14 17 -8 -18 -15 -6 -11 28 24 -3 29 -27 -5 -12 -4
right_child=1 2 3 5 20 6 16 8 -10 21 22 -13 15 19 -16 -17 18 -19 -20 -21 -22 -23 -24 -25 -26 26 -28 -29 -30 -31
leaf_value=-0.018235495003854425 0.026922562735241819 -0.023217682122140672 0.011077800640462652 0.0008236145884889265 0.0068729403449223 0.015024438193987907 0.00443316536447305 -0.0036308479988296362 0.00033521729239199111 0.013988365761869848 -0.0089214459190051342 0.0015033322074033818 0.0034638044793641755 -0.014668827180484624 -0.00093791188582730131 0.027810895959271238 0.012399074561205798 -0.020715889072677896 -0.014543391917842799 0.0042811566911314545 -0.01448997368439749 -0.001653066975075958 -0.013506348975851384 -0.032266004300003932 0.0018196652475164189 0.00152074572692647 0.02483619113213258 0.020008050513928118 0.0052818901649511881 -0.0039151973294019923
leaf_weight=129.73855032026768 80.724079795181751 28.136349074542522 27.228859037160873 21.662883229553699 24.735869765281677 77.979654133319855 15.389325201511381 1419.7852576635778 2438.1127909980714 66.773918740451336 19.97454946488142 140.29857467859983 22.682663820683956 28.632539108395576 28.577154278755188 35.203882925212383 18.259030673652887 69.655274920165539 17.563858415931463 37.936237990856171 21.933612994849682 37.534472934901714 19.06742662191391 24.821645855903625 26.548562727868557 22.034745886921883 36.707505449652672 89.080536343157291 149.73139137774706 33.713930852711201
leaf_count=913 415 183 128 107 117 397 105 8265 12543 345 97 714 110 136 136 172 117 469 121 205 103 186 92 197 208 102 180 440 820 157
internal_value=-0.000176794 0.00033311 -0.000330519 9.73879e-06 0.0134775 -0.000480225 -0.00102623 -0.000652697 -0.00111911 0.0184749 0.00618559 0.00707495 0.00867052 0.00519147 0.0129769 0.0196225 -0.0130197 -0.0177577 -0.000484154 -0.00404552 -0.00321069 0.0076582 0.00118387 -0.0177148 -0.0115932 0.0104457 0.0172094 0.0166258 0.00328818 0.00281232
internal_weight=5210.23 5080.49 4848.78 4769.28 231.702 4525.14 4197.04 4076.18 3857.9 185.032 328.094 218.278 244.14 186.254 139.321 57.8865 120.867 85.0446 35.8229 66.5688 46.6695 104.308 188.773 79.5066 54.6849 119.685 58.7423 110.743 169.706 60.9428
internal_count=28280 27367 26201 25613 1166 24423 22731 21919 20808 946 1692 1111 1190 908 683 282 812 574 238 341 220 531 1009 588 391 567 282 547 917 285
cat_boundaries=0 36 72 105 139 176 212 213 214 215
cat_threshold=0 0 34111488 1073741824 0 1073742080 262144 268435456 0 4227072 2 0 24576 131076 83894272 16777216 32768 2097152 0 0 786432 0 0 0 67108864 0 0 0 0 0 16778240 1048576 0 0 0 32 0 8388608 0 2214862848 262152 0 0 8194 16781312 33554448 0 18432 8 1073741824 1 1024 0 131584 0 16779264 276824320 33554432 8192 0 0 0 134217728 0 0 0 0 0 32 0 0 64 1024 0 2097152 4195392 1 536870912 4194304 0 0 0 1073741824 8 1073741824 4194304 0 32768 0 0 1024 1073741824 0 0 16777224 1081344 4096 0 8192 1572864 2048 8388608 524288 0 536870912 33554432 0 151126016 0 0 174112 2097152 16384 0 32 8192 0 2 8194 0 258 524296 1 0 262144 138444800 0 0 0 32 0 0 16 0 4194304 256 0 0 32768 16 0 67379200 524290 32 16384 0 0 0 8192 0 524288 4718593 0 2147483648 1073741824 512 16384 0 2097152 0 0 1 3221357088 134217728 0 0 131072 0 0 262144 16777248 0 0 8192 0 131072 128 0 1048609 2048 1057026 0 0 262209 0 131136 0 1048848 0 0 0 0 0 0 0 0 553648128 2099200 8388608 1026 0 1024 0 0 8388864 0 0 2147483648 1 0 0 524288 25 72 8519688
is_linear=0
shrinkage=0.04


Tree=88
num_leaves=31
num_cat=15
split_feature=50 50 50 52 50 50 50 50 50 50 50 52 37 50 52 30 37 8 37 52 28 30 42 37 17 18 37 28 33 37
split_gain=26.6297 22.312 13.116 13.2871 54.999 38.2401 31.4218 26.7457 20.9529 13.4381 13.0639 12.7449 10.8053 8.98996 8.35787 7.82342 7.35526 6.97798 6.87594 6.32364 5.36036 5.35923 5.20045 4.91243 4.78418 4.55902 4.3303 4.28829 3.92426 3.70539
threshold=0 1 2 3 4 5 6 7 8 9 10 11 0.47722567617893225 12 13 0.83333334326744091 0.14415584504604342 13.500000000000002 0.2736185491085053 14 -1.0000000180025095e-35 0.83333334326744091 -0.60785761475563038 0.16530054807662967 0.099450550973415389 0.050423728302121169 0.61200717091560375 2.5000000000000004 0.34090910851955419 0.66939890384674083
decision_type=9 9 9 1 9 9 9 9 9 9 9 1 8 9 1 10 10 10 10 1 10 8 2 10 10 10 10 10 10 10
left_child=-1 11 19 4 15 12 -7 16 -9 21 -10 23 14 -11 22 29 -6 20 -16 27 -13 -8 -5 -2 -21 -17 -22 -3 -14 -4
right_child=1 2 3 5 7 6 9 8 10 13 -12 17 28 -15 18 25 -18 -19 -20 24 26 -23 -24 -25 -26 -27 -28 -29 -30 -31
leaf_value=-0.018056583419551346 -0.013918236373423322 -0.0090994061191619503 0.02861905665988744 0.030913277364011681 -0.0032039601720736939 -0.015062897415429478 0.01634625389514871 -0.020039763467081324 0.0058648404937227082 0.0071316974514543472 -0.0071189534564902327 -0.00069993341680231924 0.027120973746650998 -0.00070304675074569166 0.0053141378873336432 0.019177696676254689 0.014779874462090075 0.02985242838557756 -0.018393065700990197 -0.0014685406663298385 0.021749975582612595 0.0038249326627536467 0.0072297189392702141 0.0045336784787602851 -0.027171773882566183 0.00053964369637169861 0 0.012574549885152917 0.0085095087970248305 0.0095664668372620141
leaf_weight=117.12477797269821 27.429129108786583 30.978945072740316 76.327086105942726 26.067981541156769 47.709155507385731 191.88927181810141 117.14599616080523 181.49954766780138 131.05984167009592 249.29522360116243 967.69284090399742 36.350828938186169 107.06807690858841 2043.550211738795 54.106195501983166 28.105079248547554 114.58167410641909 54.970980651676655 23.997824132442474 17.04276267439127 63.465636111795902 115.58023289591074 42.242914080619812 74.160029299557209 57.166089069098234 64.739420890808105 20.262790381908417 19.552529837936163 32.89208921790123 33.635435171425343
leaf_count=841 144 190 372 117 234 1022 581 981 715 1263 5844 174 499 10812 247 136 577 347 110 99 328 560 192 361 474 309 101 138 162 168
internal_value=-0.000328489 0.000131585 -0.000518972 -0.000151181 -0.00302875 0.0014256 -6.62021e-05 -0.00581692 -0.0077799 0.00114756 -0.00549415 0.010876 0.0149466 0.000180955 0.00728268 0.0157462 0.00890359 0.0171762 -0.00214019 -0.0125961 0.0116251 0.0100023 0.0158679 -0.000621586 -0.019522 0.0070777 0.0169394 0 0.0233294 0.0236347
internal_weight=5167.69 5050.57 4773.93 4649.19 1645.35 3003.84 2717.46 1442.54 1280.25 2525.57 1098.75 276.639 286.375 2292.85 146.415 202.807 162.291 175.05 78.104 124.74 120.079 232.726 68.3109 101.589 74.2089 92.8445 83.7284 50.5315 139.96 109.963
internal_count=28098 27257 25802 24901 9336 15565 14238 8351 7540 13216 6559 1455 1327 12075 666 985 811 950 357 901 603 1141 309 505 573 445 429 328 661 540
cat_boundaries=0 37 72 101 102 137 170 206 241 274 300 331 332 366 367 368
cat_threshold=0 16777216 4096 8388608 142606368 1024 16384 16 33554432 524288 0 1024 0 129 67108864 131072 16781312 0 33562624 0 0 0 0 0 33554436 0 2056 524288 4 0 0 0 0 0 0 0 32768 16384 0 269221888 8194 0 1048608 0 0 16777216 33554432 64 0 0 1048576 0 1073741824 1 65537 0 16779328 75563008 2162688 0 16 32 0 0 8 0 0 33554432 0 1 32768 2147483648 0 4194304 256 64 0 71303432 4202496 0 2048 8388736 0 134217728 1073766656 167772164 0 8388608 65536 1040 8 2147549184 0 0 0 0 0 0 0 128 33554944 1876994 0 0 4 32768 269520960 134217744 262145 2359296 272 6356992 32768 0 0 0 0 0 64 131072 0 0 393216 0 2228224 0 512 0 0 0 256 0 0 2147483680 0 0 8192 0 0 1140850696 2490368 2 33620096 8 34627584 536870912 0 0 16 0 0 0 0 0 2134016 0 262164 0 0 8388608 1140850688 272629760 0 0 0 0 0 0 0 67108864 0 0 4 32768 268472328 134250512 262144 260 272 4260864 4227072 0 0 4194304 0 0 64 131072 0 8 0 0 131072 0 134250496 0 0 0 256 18432 0 0 0 0 524288 512 0 0 1025 536875008 12 540740 0 256 1 16384 306192384 0 80 16384 0 0 0 268435456 0 0 1048576 131072 0 0 134217728 0 4 0 0 0 8388608 64 0 0 524288 65536 2097152 8200 131200 100665346 128 16777224 33579008 536870912 32800 0 2147483656 0 0 0 0 0 2147520512 0 0 134217728 256 8388608 16384 335544320 262144 0 0 0 0 0 0 67108864 268435456 0 1048576 268435464 2181038096 2097153 2 0 0 536903680 2 589824 8388616 32768 0 65537 8 0 0 0 671089664 256 33 1024 0 1 16 8388608 16416 67109120 256 2147516416 0 4256 1073741824 1073742336 0 8390656 2560 2097152 2147483648 4114 32768 1048576 0 0 8192 4096 0 2147483648 0 0 1 134217728 0 0 64 14894912 0 270532608 16 67108992 4194304 2 536870912 1073741824 0 32 131200 32834 2049 131072 4456452 1572864 0 2147483648 0 0 32800 16777216 0 16416 0 0 0 0 0 4194304 524288 0 0 8192 6424777 12633178
is_linear=0
shrinkage=0.04


Tree=89
num_leaves=31
num_cat=15
split_feature=50 50 50 52 52 50 52 50 52 52 50 50 50 50 39 39 28 21 36 53 36 41 21 7 65 26 38 36 17 39
split_gain=34.1969 28.7792 15.2604 23.4066 15.0285 11.4547 12.213 10.1797 9.637 8.75266 41.1119 24.6966 23.9729 18.7223 8.43048 8.27045 7.69906 7.67683 5.10933 5.10865 4.86913 4.5234 4.47176 4.46338 3.99306 3.30787 3.14802 2.91618 2.87346 2.75973
threshold=0 1 2 3 4 5 6 7 8 9 10 11 12 13 0.40212766826152807 0.73401361703872692 1.0000000180025095e-35 8.5000000000000018 0.53410854935646068 14 0.54653680324554454 -0.37940952181816096 5.5000000000000009 8.5000000000000018 1.5000000000000002 0.063164893537759795 0.33687943220138555 0.47673159837722784 0.050423728302121169 0.27386364340782171
decision_type=9 9 9 1 1 9 1 9 1 1 9 9 9 9 8 8 8 8 10 1 8 2 8 2 2 2 8 10 10 10
left_child=4 29 3 -3 15 6 16 8 18 10 17 -12 14 -14 -11 27 -4 -9 -7 20 -5 -21 -6 -8 -25 -23 -10 -1 -22 -2
right_child=1 2 5 19 22 7 23 9 26 12 11 -13 13 -15 -16 -17 -18 -19 -20 21 28 25 -24 24 -26 -27 -28 -29 -30 -31
leaf_value=0 -0.012578317671036239 0.018513565930083437 -0.015722967785660048 -0.0061821462982937034 0.032490495453919126 0.018270516468839936 0.0022888793390216707 0.0072173468883339423 -0.0054670070703547406 0.0023116524412387677 0.0053589218191502598 -0.0086322020982058205 -0.011982345956147698 0.00049823939968161011 0.016807704677984852 -0.012128079804503701 0.008636227202614177 0.023754160689468479 -0.0071062874894854593 -0.018377537746961114 0.021224717299761497 -0.0091869082041976108 0.011702175135762247 0.026302298497499682 0.004231295058462232 0.010260685684619169 -0.022475376575622676 0.018576943165865629 0.0013309268030651201 -0.028380561564695143
leaf_weight=24.452464565634727 56.763770889490843 161.00383473187685 38.943900875747204 32.038444228470325 79.290640786290169 20.669758930802345 28.301168896257877 144.12032270431519 31.56402999162674 105.19447532296181 241.54948592931032 1006.9145223759115 195.08925661444664 2244.9100915342569 183.9265680462122 33.95197357237339 33.871324308216572 69.924574829638004 19.741428054869175 40.430999726057053 23.908793643116951 26.25832261890173 34.907460987567902 67.670303776860237 21.452462509274483 20.225296042859554 76.689824603497982 31.524644620716572 24.489575088024139 51.625799085944891
leaf_count=121 447 838 206 159 447 137 178 700 221 501 1130 6040 1001 11863 914 179 185 362 126 187 115 136 173 335 112 105 522 150 115 408
internal_value=0.000273153 -0.000404444 7.56898e-05 0.00821034 0.0157397 -0.000534626 0.00869386 -0.00097226 -0.0107703 -0.000582831 -0.00306632 -0.00587792 0.000750247 -0.000558609 0.0113447 0.001938 -0.00381741 0.0125566 0.00493005 -0.00229993 0.00444118 -0.00847031 0.0249667 0.0161568 0.0217091 -0.000161964 -0.0166803 0.0114103 0.0126002 -0.0194827
internal_weight=5171.41 4967.28 4858.89 328.355 204.127 4530.53 190.239 4340.29 148.665 4191.63 1462.51 1248.46 2729.12 2440 289.121 89.9291 72.8152 214.045 40.4112 167.351 80.4368 86.9146 114.198 117.424 89.1228 46.4836 108.254 55.9771 48.3984 108.39
internal_count=28113 27043 26188 1655 1070 24533 1016 23517 1006 22511 8232 7170 14279 12864 1415 450 391 1062 263 817 389 428 620 625 447 241 743 271 230 855
cat_boundaries=0 27 64 99 100 101 137 138 168 169 170 203 238 265 298 299
cat_threshold=16400 0 0 65536 16400 33554432 0 2 553648128 33554434 1 0 524292 0 262144 0 0 2147484160 131072 16779328 293634048 65536 1 4096 8388608 512 134217728 0 0 35651584 528 0 0 1140850688 268567072 0 0 0 4194304 0 262277 2 33685504 134217728 16 1024 0 0 0 4 0 4 0 2048 0 0 16384 0 0 2 0 524288 32 262144 0 536870912 270336 268443776 5 0 536870912 33554432 0 196608 0 0 2 0 0 1026 1 268566784 0 0 536870912 0 8192 16384 32 262144 0 0 0 33554432 33554432 8192 1 40960 16 10749243 5638081 0 67108864 524288 524288 0 0 0 192 0 16416 8 73984 8 134217728 1048577 536871168 268438016 1 0 0 4390912 16 2097152 32 1 0 0 16 536870912 0 0 0 0 0 0 524288 2657658 1 150994944 0 8 11010048 4456464 4194304 67108864 262144 1024 134217728 134217728 268451840 0 16781312 524416 0 0 1073741824 0 0 0 0 32768 0 64 0 1048576 0 1024 36037 3723648 0 0 1064964 256 72 136849408 262152 0 0 0 8192 16 266240 2097152 0 4112 0 32768 536870912 0 1073741824 0 131072 2147483648 0 0 8192 2097152 0 0 8388672 0 524288 0 0 5121 4 4194304 1085440 0 262416 1 40976 0 16448 64 0 67108864 0 72 2097152 0 0 134217728 0 32 67108866 268435456 0 4 134348800 0 4194304 0 0 0 0 262144 0 0 268501064 3 268435712 268435456 2149580800 9437185 1073745954 2097152 66 2148007938 16777216 0 0 0 0 1048576 0 0 0 33554432 0 0 512 0 16 0 0 1065988 0 64 134221824 262152 0 2147491840 67108864 0 1024 4096 24576 0 20480 2 0 0 0 1207959552 0 0 2147483648 268435456 0 2 2097152 4 0 8389632 0 524288 70
is_linear=0
shrinkage=0.04


Tree=90
num_leaves=31
num_cat=8
split_feature=50 50 50 50 13 4 0 50 50 50 38 28 38 31 11 0 43 41 41 38 40 37 38 37 41 53 13 30 30 15
split_gain=22.589 22.3291 14.4184 11.9916 10.085 10.0576 9.69868 15.1165 10.1087 7.94254 7.3184 6.69925 6.41689 6.32968 6.24485 5.51813 5.15819 4.55357 4.09234 5.236 3.83346 5.54813 4.55686 4.49743 3.51274 3.47009 3.23042 3.02898 2.90116 2.81135
threshold=0 1 2 3 0.97765293717384349 0.92206478118896495 32.500000000000007 4 5 6 0.97530490159988414 -3.4999999999999996 0.79898989200592052 0.14415584504604342 9.5000000000000018 11.500000000000002 0.81174489855766307 0.60355338454246532 0.78656607866287243 0.24662162363529208 -0.7865660786628722 0.10072463750839235 0.77913278341293346 0.74788135290145885 -0.12940952181816107 7 0.91622808575630199 0.91264533996582042 0.84999999403953563 0.89528506994247448
decision_type=9 9 9 9 2 2 2 9 9 9 8 8 10 10 10 2 2 2 2 10 2 8 10 10 2 1 2 10 10 10
left_child=5 -2 4 13 29 -1 8 25 16 14 24 -11 17 -4 -10 -7 27 -9 19 -17 23 -22 -23 26 -6 -8 -15 -5 -21 -3
right_child=1 2 3 6 10 15 7 12 9 11 -12 -13 -14 20 -16 18 -18 -19 -20 28 21 22 -24 -25 -26 -27 -28 -29 -30 -31
leaf_value=-0.0069627468461892373 -0.016212379026712888 0.01640508105924467 -0.0064717153163010932 -0.015818818477203865 -0.0044112636903613778 0.0055463822737126097 -0.0031433293449037907 -0.020939301016917506 -0.0044552252953906375 -0.0040370863529506553 -0.018680984455497734 0.0011194946107095213 0.00079680199213827266 0.0027275150426293283 -0.024513560923923379 0.0037151428288438276 0.0056923544518341033 -0.004944278344752172 0.032838585700786863 0.032196220909659228 -0.0018957380269605448 0.010166829989225473 0.026299358075533123 0.01563557532165033 0.012746650454220501 0.010298301699007941 -0.014647170864229111 0 0.01133112736552601 0.0041920773124299489
leaf_weight=33.504633545875549 121.21456634253263 153.98234199732542 45.66494569927454 114.98705665022135 29.909748047590256 73.483176186680794 44.061971008777618 128.68366758897901 123.11362040787935 458.20618275925517 24.73609322309494 3065.1721764318645 35.807288754731417 35.070726655423641 28.700732298195362 48.24485606700182 23.159626364707947 45.495988629758358 32.183671571314335 25.903086207807064 39.158944897353649 159.28059179335833 37.431249879300594 18.970441751182079 35.892788514494896 58.459281347692013 24.1149877384305 26.061346650123596 36.547385394573212 48.339106813073158
leaf_count=160 934 767 255 736 132 348 242 925 750 2438 114 16295 218 189 226 275 148 236 169 141 198 806 187 97 181 314 125 135 185 238
internal_value=0.000367982 -0.00023994 0.000208093 -0.000358012 0.0085866 0.0117486 -0.000977399 -0.00770229 -0.000418061 2.98461e-05 -0.0019704 0.000437217 -0.013407 0.00649109 -0.00849387 0.015359 -0.0096945 -0.0171276 0.0199123 0.0147245 0.00871414 0.0112194 0.0139116 0.000693069 0.00490448 0.00468728 -0.00462967 -0.0131301 0.0220271 0.0137551
internal_weight=5175.54 4925.68 4804.46 4511.6 292.86 249.867 4151.91 312.508 3839.4 3675.19 90.5386 3523.38 209.987 359.692 151.814 216.362 164.208 174.18 142.879 110.695 314.027 235.871 196.712 78.1562 65.8025 102.521 59.1857 141.048 62.4505 202.321
internal_count=28164 26886 25952 24520 1432 1278 22663 1935 20728 19709 427 18733 1379 1857 976 1118 1019 1161 770 601 1602 1191 993 411 313 556 314 871 326 1005
cat_boundaries=0 35 72 107 142 178 210 239 240
cat_threshold=0 0 0 135168 136192 268435488 0 8194 25169920 33554436 32768 65537 0 0 0 1048578 0 512 0 16779264 545259520 2056 0 256 0 512 1 0 0 0 2097152 0 0 0 2147483648 0 0 33554432 536870952 0 1280 524288 131072 536872960 0 256 0 12583168 33816576 16777216 33554560 32768 264192 1024 0 0 0 0 0 4096 0 0 0 1024 4195328 0 0 0 0 0 0 32768 16384 0 16908288 0 269516800 65537 0 1082130433 0 64 0 0 2056 0 1048576 1073743872 268435456 0 0 2097160 21038080 0 0 2147487744 12582912 0 0 0 0 0 33816576 16777216 0 0 64 268435456 0 271362 532482 2099200 32768 553648128 0 32 16 0 8192 0 134217744 0 0 1 4096 0 0 67239936 4194304 8388608 67109376 0 0 134217728 0 536870912 0 0 2147483648 32 0 16 33554576 0 0 0 0 0 0 0 0 0 0 0 0 0 0 0 0 0 0 0 0 0 0 0 0 0 0 0 2181038080 33554816 294125636 8288 1073741833 67149824 270336 65 0 69206016 1048576 0 8921088 0 67108864 16 1048576 1024 268435456 0 1074790416 16777220 134217730 0 2 0 134217728 65536 0 0 4104 32768 134217729 0 0 128 0 0 0 32 0 0 2048 64 256 1149239296 4325376 270533184 1073741840 524296 0 0 8196 1077936128 67108864 524288 134221824 0 1073741824 0 0 16777220 0 0 40960 1 2048 0 4 37
is_linear=0
shrinkage=0.04


Tree=91
num_leaves=31
num_cat=14
split_feature=50 50 50 50 52 50 50 50 52 2 52 52 38 17 21 17 42 39 20 38 52 8 52 51 40 9 35 42 55 0
split_gain=27.9408 19.7213 13.1711 11.7619 12.1995 15.0744 13.2989 11.6941 10.5258 9.80474 9.52257 7.53559 6.33546 6.05528 5.84163 5.2923 5.27142 5.17604 4.58415 4.08945 6.40051 10.0456 4.01878 3.56451 3.45926 3.32888 2.99406 2.89298 2.72585 2.30942
threshold=0 1 2 3 4 5 6 7 8 40.500000000000007 9 10 0.33060109615325933 0.39791667461395269 9.5000000000000018 0.16530054807662967 0.6078576147556306 0.74801588058471691 9.5000000000000018 0.69337606430053722 11 10.500000000000002 12 13 0.78656607866287243 6.5000000000000009 0.89087301492691051 0.6078576147556306 25.018589973449711 11.500000000000002
decision_type=9 9 9 9 1 9 9 9 1 2 1 1 10 10 10 10 2 10 10 8 1 10 1 9 2 10 10 2 2 2
left_child=19 22 8 11 6 10 -5 16 -3 -9 14 29 15 -10 -6 -13 -7 -12 -15 27 -21 -22 -2 24 -8 -17 -24 -1 -25 -4
right_child=1 2 3 4 5 7 23 9 13 -11 17 12 -14 18 -16 25 -18 -19 -20 20 21 -23 26 28 -26 -27 -28 -29 -30 -31
leaf_value=0.025462879425351494 0.0027242195952397658 0.0057729257541269579 0.0027416412390528443 -0.015426711515824873 -0.0073639559294614524 -0.0064070019319259755 0.010211285535098506 -0.0001906787210340382 -0.031235383389959809 -0.010090022175506285 0.014944541003905203 0.019498715744326513 -0.0057511503623273999 0.0029354275242794432 0.01253068103551201 0.010007548839837194 -0.021144552121746509 -0.0034731137535385322 -0.019928905890146155 -0.0082044613491627782 -0.0054633061374811985 0.028140884461666398 -0.021822859880208746 0.0099227304434302294 -0.0099478924242134507 -0.010513509270160615 -0.00035818471963977225 0.005575473596083208 0.023112052246645549 0.01980435262080496
leaf_weight=75.657364703714848 18.434258587658405 33.179799038916826 19.894521594047546 18.814710691571236 84.476349771022797 199.95507654547691 25.093394488096237 3543.8477030619979 42.90165863186121 162.95437697321177 192.83442851155996 38.573056720197201 77.267339959740639 23.599946565926075 26.792732685804367 19.688573829829693 48.984298970550299 23.997939229011536 22.704391051083803 20.301166281104088 19.008312419056892 33.364378042519093 97.845586217939854 69.290119178593159 19.59152863919735 20.820482462644577 13.877894580364226 20.813876755535603 69.226236037909985 92.045457631349564
leaf_count=403 110 197 99 99 418 1229 143 18823 292 1051 958 201 403 180 141 103 328 124 181 107 87 193 694 347 107 109 110 97 399 467
internal_value=0.00020759 -0.000350682 7.74906e-05 0.000433055 -6.15367e-05 -0.000532855 0.00918683 -0.00123049 -0.0121283 -0.000642526 0.00750599 0.00833871 0.00193812 -0.018851 -0.00190478 0.00981454 -0.00937572 0.0122323 -0.00873542 0.0155123 0.00796685 0.0137807 -0.0148808 0.0127917 0.000714726 -9.65033e-05 -0.0179221 0.0218554 0.016107 0.0158356
internal_weight=5175.84 5006.69 4876.53 4754.15 4485.86 4283.84 202.016 3955.74 122.386 3706.8 328.101 268.289 156.349 89.206 111.269 79.0821 248.939 216.832 46.3043 169.145 72.6739 52.3727 130.158 183.201 44.6849 40.5091 111.723 96.4712 138.516 111.94
internal_count=28200 27313 26399 25549 24167 23072 1095 21431 850 19874 1641 1382 816 653 559 413 1557 1082 361 887 387 280 914 996 250 212 804 500 746 566
cat_boundaries=0 28 57 88 123 124 155 190 227 228 229 230 231 232 233
cat_threshold=0 545259520 0 0 16777218 0 9 2097152 25165856 33554432 0 0 524296 0 0 0 0 268435968 0 50333760 297861376 0 8448 268435456 0 0 0 24 0 0 1073741824 2176 8388612 8388608 2 516 0 2097152 0 4227072 33554432 67108864 128 49152 4098 16 33554432 0 0 134217728 4104 0 0 0 0 135274496 512 0 67108864 64 1024 0 8 0 16 0 525312 0 0 4194304 262144 134217728 16777728 0 1024 1073741832 0 0 32768 285212736 1081344 142606336 131088 8 65664 0 2097152 1024 0 0 1048576 67117056 2097160 134225920 536870912 2 0 6 131072 2147483648 8388608 2097152 0 4096 8 256 0 2097153 536870912 33554432 0 131088 0 512 134217728 0 0 0 268435456 0 0 0 2147483664 24 16384 2097152 65536 557056 2147485696 1050624 2228224 266240 0 8192 67108864 1 65 8192 67108864 0 2048 32768 0 8 0 260 16 0 0 0 0 2097152 536870912 0 2621504 0 0 2 0 2147483648 0 0 4096 0 0 0 64 0 0 0 0 0 0 0 0 32768 8 0 0 0 0 4 0 0 0 0 0 0 0 32 0 16777216 33562672 33554432 67108864 67178496 1073741888 8388608 0 536870912 2 2 16780288 1073872912 0 128 0 0 0 0 67108864 0 0 0 536879136 1088 0 16777216 0 0 0 0 0 0 0 0 16384 60494 1170752 9670698 299608 6291524 475137
is_linear=0
shrinkage=0.04


Tree=92
num_leaves=31
num_cat=12
split_feature=52 51 51 52 53 51 52 39 38 55 16 35 18 33 53 0 33 55 37 52 28 51 52 37 53 29 55 38 37 37
split_gain=16.4341 19.3887 15.9828 12.5204 10.658 10.5461 9.76573 10.4898 7.78553 7.62796 6.48247 8.44715 6.40782 11.3943 5.98364 9.64223 8.29364 6.20426 6.19267 5.98309 5.97599 7.1503 5.93799 5.88189 5.81918 11.0063 9.53849 9.49294 5.6135 8.06066
threshold=0 1 2 3 4 5 6 0.58459594845771801 0.65821567177772533 25.049374580383304 0.29864865541458135 0.18301435559988025 0.69309264421463024 0.051597362384200103 7 13.500000000000002 0.15039683133363727 25.039090156555179 0.39339827001094824 8 12.500000000000002 9 10 0.5847701132297517 11 1.0000000180025095e-35 24.983035087585453 0.38501602411270147 0.69337606430053722 0.54598310589790355
decision_type=1 9 9 1 1 9 1 10 10 2 2 8 10 10 1 2 10 2 8 1 10 9 1 10 1 10 2 8 10 8
left_child=1 14 6 8 28 10 7 -2 -4 12 11 22 13 -3 17 16 -16 -1 -19 -13 21 -12 -6 -9 25 26 -8 -27 29 -5
right_child=2 9 3 4 5 -7 24 23 -10 -11 20 19 -14 -15 15 -17 -18 18 -20 -21 -22 -23 -24 -25 -26 27 -28 -29 -30 -31
leaf_value=-0.0015876597513725264 -0.015109091313216994 -0.0023875017055001446 -0.00097588179523410139 -0.0023400883080986383 -0.0029976853704807909 0.012351163116437374 0.0093547767984452253 0.011505087786172447 -0.0094690772981703385 0.017984815303730878 -0.0051253370397611612 -0.0079722452000499898 -0.0089915349823093769 0.016668460816835595 0.014881447968375877 -0.01390027910977657 -0.0081176803734231036 0.00044128624315313461 0.014979046407344524 0.00099164455038593721 -0.0020246607578361668 0.014110520574992815 0.0082037392880104937 -0.0094680397036022487 -0.00047635487180061603 -0.018419371725656022 -0.015354579573681429 0.012842472787362492 -0.0088799871954108028 0.011239295619751547
leaf_weight=222.57350445911288 237.07703697681427 78.719530642032623 705.4309904165566 364.11540489643812 93.407896719872952 216.34735806286335 24.382935762405396 40.855117417871952 227.30675730854273 172.1850863546133 31.986881971359253 173.76775872707367 31.308148056268692 121.30410962551832 45.775472946465015 102.49247739464045 44.004375290125608 93.529888346791267 96.032000511884689 311.89048137515783 65.337784886360168 175.84838967770338 287.22020097076893 34.681591924279928 687.33532278612256 15.455989643931387 182.53449185565114 58.429496824741364 137.8781973272562 81.223759487271309
leaf_count=1125 1578 421 3893 1813 437 1183 136 248 1168 909 189 899 158 587 228 508 231 494 512 1516 366 893 1347 231 4307 98 1194 351 716 409
internal_value=0.000151385 0.00469708 -0.000960474 0.000694312 0.00252675 0.00446508 -0.00465143 -0.0107007 -0.00307366 0.0113391 0.00280942 0.0010945 0.00651181 0.00919608 6.3236e-05 -0.00548247 0.00356416 0.00279896 0.00810458 -0.00236569 0.00815944 0.0114274 0.00553477 0.00163727 -0.0025443 -0.00725766 -0.0121965 0.00529635 -0.00194482 0.000189483
internal_weight=5160.44 1007.92 4152.51 2871.76 1939.02 1355.81 1280.75 312.614 932.738 403.517 1139.46 866.286 231.332 200.024 604.408 192.272 89.7798 412.135 189.562 485.658 273.173 207.835 380.628 75.5367 968.138 280.803 206.917 73.8855 583.217 445.339
internal_count=28145 5173 22972 14829 9768 6830 8143 2057 5061 2075 5647 4199 1166 1008 3098 967 459 2131 1006 2415 1448 1082 1784 479 6086 1779 1330 449 2938 2222
cat_boundaries=0 1 2 3 4 5 6 7 8 9 10 11 12
cat_threshold=8388637 42166285 8655948 1707072 48 256514 6324608 99 319520 106496 90112 34
is_linear=0
shrinkage=0.04


Tree=93
num_leaves=31
num_cat=14
split_feature=52 51 12 53 40 51 51 30 52 54 52 3 35 55 52 13 51 40 52 38 52 51 55 51 54 39 52 38 38 20
split_gain=14.2195 12.0122 10.9016 10.1953 14.2655 10.4155 8.7475 10.2168 8.67174 10.2776 8.62605 8.17322 7.53531 7.24621 13.3261 8.99443 7.24568 7.85171 6.98589 6.8546 6.61073 9.66548 7.84475 6.25784 6.15175 5.8383 5.78229 5.47579 5.35801 4.98039
threshold=0 1 11.500000000000002 2 0.60355338454246532 3 4 0.9586748778820039 5 121.37820053100587 6 1.5000000000000002 0.15301003307104113 24.973035812377933 7 0.92893216013908397 8 0.78656607866287243 9 0.83225107192993175 10 11 25.047699928283695 12 121.50184249877931 0.33630952239036566 13 0.78611555695533764 0.065942030400037779 8.5000000000000018
decision_type=1 9 8 1 2 9 9 8 1 2 1 2 10 2 1 2 9 2 1 10 1 9 2 9 2 10 1 8 10 10
left_child=3 2 8 16 5 -5 18 12 9 -2 -9 -7 -8 14 15 -14 -1 -18 25 -16 21 -15 -22 -6 -10 -3 -4 -11 -12 -26
right_child=1 6 26 4 23 11 7 10 24 27 28 -13 13 20 19 -17 17 -19 -20 -21 22 -23 -24 -25 29 -27 -28 -29 -30 -31
leaf_value=-0.0089991256913349357 0.02191860458491595 -0.016564239014777597 0.0012219849525979798 0.0065434903337706967 -0.0076521019020709567 -0.019812097136024047 0.0053496551382873131 0.0011914172250772064 -0.0095526338901132778 -0.0050949722541169893 -0.002065931203459929 0.0034394930221763533 0.015925585501926045 -0.0066955329994579059 -0.0070407749609510276 -0.00088925435683551634 0.016737988552708229 0.0026474540421887543 0.018125039188305558 0.014126038456046095 -0.0047019188634806154 0.0045021379195753306 0.0014832658793894646 0.010346069561145579 -0.00243684767025507 0.0081465401083474377 -0.016497704811860858 0.0062783393717559212 -0.014199739225337259 0.01884055458439057
leaf_weight=19.956434682011604 32.846438735723495 19.491294145584106 39.390395626425743 51.527857840061188 26.961070112884045 94.401549115777016 439.89440086483955 174.29116173833609 295.74509899690747 156.94934614747763 92.525509558618069 28.391164302825928 164.10990092158318 144.08441032469273 154.26151256263256 68.954405143857002 203.53175713866949 99.151984579861164 63.998533859848976 23.676239393651485 1014.0435181446373 537.20790326595306 474.80842687189579 170.51760271936655 83.85476965084672 35.324116177856922 149.70580680668354 111.15009852871299 185.92911244183779 16.765936478972435
leaf_count=89 169 115 261 272 155 473 2133 809 2070 907 455 147 833 946 873 332 1090 527 344 122 5827 2712 2319 856 497 183 1099 626 869 111
internal_value=-0.000113139 -0.000947162 -0.00507707 0.00514585 0.00046305 -0.00769114 8.3146e-05 -0.000296583 -0.00274196 0.00232205 -0.00587029 -0.0133135 0.000539445 -0.000281364 0.00454605 0.010511 0.0102226 0.011918 0.0101236 -0.00360864 -0.00121317 0.00201203 -0.00269959 0.00779483 -0.00651331 -0.000818983 -0.0135541 -0.000277912 -0.00999345 0.00164321
internal_weight=5173.45 4479.01 886.408 694.439 371.799 174.321 3592.6 3473.79 697.312 300.946 452.746 122.793 3021.04 2581.15 411.002 233.064 322.64 302.684 118.814 177.938 2170.14 681.292 1488.85 197.479 396.366 54.8154 189.096 268.099 278.455 100.621
internal_count=28221 24612 5740 3609 1903 892 18872 18230 4380 1702 2133 620 16097 13964 2160 1165 1706 1617 642 995 11804 3658 8146 1011 2678 298 1360 1533 1324 608
cat_boundaries=0 1 2 3 4 5 6 7 8 9 10 11 12 13 14
cat_threshold=62 8400908 65 840192 37749042 8591553 4625344 8810625 67125312 1242624 6293376 99392 299009 126976
is_linear=0
shrinkage=0.04


Tree=94
num_leaves=31
num_cat=8
split_feature=50 50 50 50 9 50 50 50 20 17 38 41 36 3 35 35 9 12 38 41 53 9 10 38 13 12 26 8 38 36
split_gain=31.6902 23.6645 16.0858 11.346 9.91979 24.1197 17.6556 7.74046 7.12771 6.95268 6.11179 5.3882 4.83828 4.77108 4.68033 4.57361 9.64561 4.46592 5.25636 4.46103 4.20481 4.44612 4.08535 3.68175 2.9849 2.86468 7.62406 2.57538 2.42845 1.91798
threshold=0 1 2 3 19.500000000000004 4 5 6 1.5000000000000002 0.65261757373809826 0.95529469847679149 0.60355338454246532 0.57294833660125744 1.0000000180025095e-35 0.54653680324554454 0.41742423176765447 11.500000000000002 5.5000000000000009 0.69337606430053722 0.12940952181816107 7 11.500000000000002 9.5000000000000018 0.33060109615325933 0.96225070953369152 4.5000000000000009 0.056079665198922164 25.500000000000004 0.067424245178699507 0.61577314138412487
decision_type=9 9 9 9 8 9 9 9 10 10 10 2 8 2 10 10 10 10 8 2 1 10 2 10 2 8 2 10 10 10
left_child=14 25 19 17 5 13 12 9 -9 -7 11 -8 23 22 15 16 -1 20 -19 29 -4 -22 -5 -6 -12 26 -2 -14 -27 -3
right_child=1 2 3 4 6 7 10 8 -10 -11 24 -13 27 -15 -16 -17 -18 18 -20 -21 21 -23 -24 -25 -26 28 -28 -29 -30 -31
leaf_value=0.00048814649894892207 -0.024326516260719081 -0.0028191589949258578 -0.0040448790404672705 0.0063110648066814637 0.028003694090666765 0.0036694525142456163 -0.012121725782367599 0.0021440528430204443 -0.0016959803492894382 0.021106935309088963 0.01536459043037759 -0.0026852288032636761 0.012445103014028449 0.027451512650086315 0.0025886070296138419 0.038187013547681468 0.024046827247381067 0.028188916334029632 0.0037724904566118467 -0.025492735278766596 -0.0028582655280914812 0.017176772584281002 0.023006513697716367 0.0037861603890353948 -0.0036512340691925035 -0.010230528514168041 0.0049936946667502261 -0.0024328766098981637 -0.029935714424861263 -0.016722367118510124
leaf_weight=44.847513750195503 21.081707842648029 53.850135292857885 43.9333411231637 104.8470016643405 25.095492377877235 258.06293435394764 319.54165686294436 1152.1311512887478 2317.3896676152945 39.495902754366398 20.702851161360741 151.49364759773016 22.011722654104233 40.631646789610386 33.620629146695137 19.279469542205334 77.765619497746229 35.277021944522858 27.675205305218697 38.997456394135952 21.371124520897865 53.327455423772335 30.843859396874905 20.999469593167305 21.433939725160599 26.924501530826092 26.251994628459215 51.924432300031185 42.586879897862673 22.98604978248477
leaf_count=221 113 388 214 510 127 1277 1835 5675 13285 201 106 761 104 200 159 90 444 162 129 298 114 287 165 116 101 222 171 271 336 171
internal_value=0.000267569 -0.000339205 0.000108723 0.000491719 8.28276e-05 0.000835083 -0.0045392 0.000123396 -0.000412618 0.00615714 -0.00771686 -0.00918887 0.00858244 0.0146901 0.0162809 0.0202988 0.0159434 0.00990291 0.0188166 -0.0137237 0.00524236 0.0101061 0.010931 0.0188125 0.00590616 -0.0170622 -0.00875944 0.00225085 -0.0237702 -0.00799036
internal_weight=5166.38 4990.87 4874.02 4758.19 4576.61 3943.4 633.203 3767.08 3469.52 297.559 513.172 471.035 120.031 176.323 175.513 141.893 122.613 181.584 62.9522 115.834 118.632 74.6986 135.691 46.095 42.1368 116.845 47.3337 73.9362 69.5114 76.8362
internal_count=28253 27339 26497 25640 24734 21313 3421 20438 18960 1478 2803 2596 618 875 914 755 665 906 291 857 615 401 675 243 207 842 284 375 558 559
cat_boundaries=0 35 64 98 131 162 198 228 229
cat_threshold=0 0 268566528 0 2147745792 18432 0 0 16777216 33619968 1 2 8388617 0 4194304 1024 2048 0 131072 19138560 549453824 0 8192 0 0 512 0 16777224 0 0 0 0 0 0 2147483648 0 0 2 131072 67108864 16 16384 0 1073741824 524288 256 0 134217728 37748736 33554560 163968 36866 262144 134217728 0 0 0 16384 0 4096 0 2048 128 4 0 0 33554432 1073741888 41943040 8 1073741824 4 262144 8389120 0 4194304 12288 67108896 0 0 1024 1048593 0 3221225472 264192 32768 16777288 0 0 0 0 0 2048 8388608 0 8388608 0 256 16400 536870912 0 270336 32768 0 8 8396800 0 131072 0 16448 512 2 0 0 0 2097920 0 33554440 0 0 257 528 0 0 134217728 131088 0 0 2097152 32 67108864 0 0 0 0 16777220 32 0 134217728 0 0 8192 525568 2 0 0 0 0 0 0 0 134349056 137216 8388640 67256354 234881024 1024 16384 532480 0 0 128 33554432 0 0 0 0 0 0 0 0 0 0 0 0 0 0 0 0 0 536870914 0 16785408 33554440 0 1342181376 4194336 65 4 0 8388864 0 42205184 2147491840 524289 8192 0 524352 0 0 0 287375360 256 2228226 0 1073774594 2 4 67108864 8192 524288 0 2147483648 18 524800 0 0 1 67141632 134217984 0 0 268435456 262144 20 256 0 4194304 52
is_linear=0
shrinkage=0.04


Tree=95
num_leaves=31
num_cat=18
split_feature=50 50 50 52 50 50 50 50 52 50 33 52 52 37 53 31 50 53 52 52 33 50 33 37 13 42 9 31 54 15
split_gain=24.5676 22.8413 12.3141 10.0211 40.4836 29.3682 21.4229 19.9333 13.5771 11.7937 10.8305 9.77259 9.28662 8.53875 8.06396 10.5197 10.1652 7.8863 7.74569 7.65511 5.76386 5.61467 4.76384 4.10011 4.02423 3.99777 3.93187 3.68695 3.42793 3.57161
threshold=0 1 2 3 4 5 6 7 8 9 0.42857144773006445 10 11 0.23132664710283282 12 0.26794873178005224 13 14 15 16 0.013335704337805511 17 0.068465910851955428 0.20101010054349902 0.83245614171028148 1.0000000180025095e-35 6.5000000000000009 0.27386364340782171 121.54164886474611 0.65039682388305675
decision_type=9 9 9 1 9 9 9 9 1 9 10 1 1 10 1 10 9 1 1 1 10 9 10 8 2 2 10 10 2 10
left_child=12 11 18 4 -4 19 22 8 21 20 -10 13 25 -2 16 -16 -8 -11 24 27 -9 -7 -6 -20 -3 -1 -24 -5 -13 -30
right_child=1 2 3 5 6 7 14 9 10 17 -12 28 -14 -15 15 -17 -18 -19 23 -21 -22 -23 26 -25 -26 -27 -28 -29 29 -31
leaf_value=0.0051943323294769399 0.017174243894090915 0.0069790990126408171 0.019815405532858009 -0.015482370282780671 -0.0055975147470721026 0.010130522947495732 0.013927314037332257 -0.01135945571190934 0.01835948699842252 0.0010284393345489898 -0.0054408663037325755 0.029079806446397939 -0.02446435475938227 -0.0095043979644406813 -0.023242421316433264 0 0.0011435875240845444 -0.0035709786046586116 0.0013492971646781218 -0.020499010989983645 0.0080561350966980791 -0.0091158316234320001 -0.010078934807880366 0.018623449144196568 -0.013973518347570027 -0.014312256954810367 -0.030274899912225636 0.002311152014356574 0.0020168407858778799 0.021713249959705219
leaf_weight=39.278310257941484 26.127851352095604 21.993222437798977 175.56755443662405 21.498706102371216 64.769233271479607 20.116230241954327 141.60703355073929 21.72391053289175 190.83428952842951 846.4952257424593 32.469722263514996 60.136300303041935 76.075865276157856 44.844837181270123 31.434946835041046 220.53370080515742 307.96036165580153 1939.4061507210135 31.259448423981667 143.83372566103935 265.88099678605795 69.621965177357197 42.178979836404324 111.68897150456905 26.259897649288177 21.681233830749989 38.128567390143871 55.119783446192741 31.395199172198772 30.428724147379398
leaf_count=258 131 123 918 148 340 106 704 105 902 4648 173 284 523 222 194 1173 1611 10979 146 815 1340 374 237 538 126 153 183 326 159 196
internal_value=0.000183202 0.000665124 0.00010067 -0.000320159 0.00314212 -0.0013158 -0.000577096 -0.000358239 0.00901072 -0.00135809 0.0141481 0.0136471 -0.0156541 0.000475176 0.00236489 -0.00320607 0.00553299 -0.00216828 0.00966847 -0.0149808 0.00614228 -0.00377755 -0.0138169 0.014195 -0.00361124 -0.00173609 -0.0211145 -0.00274308 0.0202747 0.0129097
internal_weight=5150.35 5013.32 4820.38 4629.18 1022.18 3607 846.613 3386.55 313.042 3073.51 223.304 192.933 137.035 70.9727 701.536 251.969 449.567 2785.9 191.202 220.452 287.605 89.7382 145.077 142.948 48.2531 60.9595 80.3075 76.6185 121.96 61.8239
internal_count=28135 27201 26209 25276 5360 19916 4442 18627 1555 17072 1075 992 934 353 3682 1367 2315 15627 933 1289 1445 480 760 684 249 411 420 474 639 355
cat_boundaries=0 31 66 103 104 135 163 194 230 231 264 265 266 267 302 303 304 305 337
cat_threshold=0 0 0 12582928 1 256 2686976 8 2064 558080 256 4194316 0 33554465 67109024 0 0 0 0 0 524288 8388608 0 268436480 134217728 0 0 0 263168 0 1024 16384 0 268566528 262146 0 524288 0 1 32 33554432 9 1 8388608 0 1081344 0 0 66048 0 50333760 4194304 0 8209 0 512 0 134217728 0 0 0 301989888 16777216 0 8192 16 33554432 0 134217728 524288 25600 33554432 134217792 67108864 16777216 0 0 8388608 2097152 1081344 0 0 524288 131328 0 17 0 6144 8519680 1073741874 0 0 0 0 536870912 0 0 0 0 32768 0 0 131072 8392892 0 0 548866 167837708 32768 69210624 0 0 0 512 0 16386 21495808 16 2147745792 272 2560 32768 536870912 0 67108864 0 0 0 0 0 0 0 0 0 524288 0 150994944 540674 33619976 134742016 0 0 0 33554432 268435456 0 134225920 16777472 16 2147483648 1073742080 2560 32772 536870912 1073741824 0 16777216 4 0 536870912 1024 0 2097152 0 268435456 66628 1153 2149712400 2148532288 0 1048576 0 65536 0 16 0 1207959552 0 526336 0 0 0 0 8224 0 0 0 67108864 0 4 0 0 0 128 0 67108864 1049665 0 131072 64 131074 1048576 258 2097152 0 512 84 134217728 0 8388608 0 64 139264 0 8224 0 2097152 67108864 0 512 4 0 0 33554432 128 64 0 0 0 512 1837056 0 8388608 20971520 513 285212688 536903712 0 2183135264 0 32 1379926016 1296 67108872 0 0 2050 0 4096 0 2097152 0 8 32 0 0 0 0 0 0 0 0 0 524288 1786496 4537993 114 0 16777216 2147483656 4096 2050 129 285212680 256 536870912 1611661312 4 64 2048 524290 0 0 0 0 0 0 131072 8 0 131072 8388608 263168 0 16777216 0 0 0 32 32 0 32 72 2458880 2769410 0 0 1 0 131072 0 0 0 0 2097152 0 0 16 0 0 0 0 0 0 0 32 0 0 0 0 0 4 0 0 0 0 64
is_linear=0
shrinkage=0.04


Tree=96
num_leaves=31
num_cat=15
split_feature=50 50 50 52 50 50 50 50 50 50 50 52 50 39 64 2 38 52 32 52 9 8 7 12 37 38 37 23 54 42
split_gain=29.0205 23.6282 15.2807 13.6852 34.9047 34.6954 26.663 23.6627 15.5793 13.8373 13.5634 12.4775 9.75075 7.43703 7.34211 6.85391 6.66383 6.90615 6.33512 6.08874 5.8544 7.54193 4.85009 4.04141 3.71523 3.40021 3.11998 2.97971 2.96307 2.49835
threshold=0 1 2 3 4 5 6 7 8 9 10 11 12 0.35067567229270941 1.0000000180025095e-35 12.500000000000002 0.74788135290145885 13 0.95683228969573986 14 20.500000000000004 3.5000000000000004 12.500000000000002 15.500000000000002 0.85825893282890331 0.26726190745830541 0.048199767246842391 -2.4999999999999996 121.402400970459 -1.0000000180025095e-35
decision_type=9 9 9 1 9 9 9 9 9 9 9 1 9 8 2 2 8 1 10 1 10 8 2 10 8 8 8 10 2 2
left_child=19 11 23 4 13 29 20 16 14 25 -10 15 -11 22 -8 -2 18 -18 -6 27 21 -7 -4 24 28 -9 -13 -1 -3 -5
right_child=1 2 3 5 7 6 8 9 10 12 -12 26 -14 -15 -16 -17 17 -19 -20 -21 -22 -23 -24 -25 -26 -27 -28 -29 -30 -31
leaf_value=0.008793834351598688 -0.019209394765788049 -0.0067517143715882079 -0.006194373002212262 -0.013964859644536604 -0.0017793500272436787 -0.0036252740865330858 0.014485434543610225 0 -0.017111049203803692 0.010792336164018774 -0.0024859969448507522 0.00077697253129343071 0.00050481060483976547 0.025175347329452397 0.00010904474871698653 0.0058533547698133527 0.00994537796125676 -0.010020710142374439 -0.026222536510211052 -0.021970955567383443 -0.003931126813510673 0.014580170374260844 0.01538185393775727 0.002716966359616161 -0.00014648955730539416 0.016164741436699083 0.018731047381675827 -0.012055038475739447 -0.024188018654778591 -0.028872381902222539
leaf_weight=20.747137185186148 23.5068099796772 31.483842622488737 23.091696545481682 58.896333456039429 25.908377572894096 38.33113531768322 116.47485636174679 21.796762317419052 95.51419697701931 149.43078856915236 1613.6951636597514 19.816223286092281 1520.9421369172633 126.83256790786982 112.29974876344204 39.206580750644207 26.111500352621078 76.792227163910866 64.128247246146202 101.21029189229012 36.994412198662758 255.12423918396235 35.411571249365807 18.304755739867687 22.167957719415426 144.33757936954498 193.74001730233431 14.105338186025618 63.272650986909866 63.412263944745064
leaf_count=162 113 195 112 360 129 203 632 105 623 701 9556 97 7752 666 540 187 119 372 305 747 167 1236 166 122 148 721 1026 86 440 417
internal_value=0.000342768 0.000863505 0.000179179 0.00059095 0.00285009 -0.00149832 -0.000305266 0.00125636 -0.00212369 0.0026936 -0.00345662 0.0119238 0.00152486 0.0188011 0.00735272 -0.0034594 -0.0115354 -0.00454993 -0.019863 -0.0169277 0.00993048 0.0121143 0.00673342 -0.0123702 -0.0159253 0.0132348 0.0164594 0 -0.0192239 -0.0210295
internal_weight=5153.09 5017.02 4740.76 4605.53 2214.78 2390.74 2268.43 2029.45 1937.98 1836.51 1709.21 276.27 1670.37 185.336 228.775 62.7134 192.94 102.904 90.0366 136.063 330.45 293.455 58.5033 135.229 116.924 166.134 213.556 34.8525 94.7565 122.309
internal_count=28205 27210 25787 24882 11148 13734 12957 10204 11351 9279 10179 1423 8453 944 1172 300 925 491 434 995 1606 1439 278 905 783 826 1123 248 635 777
cat_boundaries=0 34 70 103 104 129 154 186 217 245 277 314 315 352 353 354
cat_threshold=262144 0 33556737 1078067296 0 16 134217728 0 0 1032 268435456 0 33554432 0 33558530 163840 73730 0 8 0 1073741824 0 16777216 0 0 0 8192 128 0 0 0 0 0 128 33554432 0 262148 65536 8 33554432 0 8388608 16777216 33554432 0 524354 0 2097168 0 1073741824 1 65536 2 33556544 272629760 2097152 0 1073741856 0 0 134217728 16 8388608 0 256 0 0 8192 0 64 0 0 16777216 16 8388640 8388608 0 0 1073743872 0 256 4194304 1073750016 101072896 67108896 0 512 1050624 0 1073741824 2048 142606336 20480 0 0 1024 0 0 262148 1024 0 0 536870912 12791903 0 67108864 0 69468160 134218240 0 64 1056768 0 0 131072 8192 88604737 1048576 0 8388624 0 0 134217728 20 67108864 131072 256 256 544 0 67108864 2097216 69206016 402653184 402657280 64 8192 256 8192 4 2048 20971520 0 0 8388624 0 0 0 20 0 131328 0 0 67109408 0 2097152 1048576 0 2112 1572993 2147745792 33820672 0 67108880 32832 0 2560 0 0 2 0 2097152 536870912 2097152 0 8 8388608 16386 0 512 0 2097152 256 0 0 64 0 134217728 4096 402653188 6208 524288 2147876864 4128 8193 65552 33587200 0 0 524288 0 2048 4104 2097152 0 0 1048576 0 8388640 16384 0 0 0 256 0 0 16778240 16 12582912 139402 536870912 1048576 0 0 16416 8193 0 8 0 4104 0 16777216 0 268435520 34304 0 0 393248 4194304 32 32768 0 0 0 134217728 0 16777216 0 5248 302007296 402718754 8388610 2097152 0 32 4 134283272 0 16777216 0 524288 0 2147483649 0 0 0 33619968 0 0 0 0 0 0 0 128 268435456 32 0 16777216 0 0 2248147458 0 119537664 1 134217728 805306368 0 2147491848 8912960 1073741824 0 16777216 0 0 0 0 0 16777728 257 131072 8192 0 0 0 0 0 0 32 0 0 0 512 32768 4202689 0 0 0 256 2 2147491840 271065088 1 536870912 134217728 0 0 8388608 1073741826 262144 0 0 0 0 0 134283264 256 0 67109888 0 1 16384 0 0 0 33554560 8192 67108864 0 8224 0 32768 4164 171152
is_linear=0
shrinkage=0.04


Tree=97
num_leaves=31
num_cat=16
split_feature=50 50 50 52 50 50 50 50 13 50 30 50 37 50 42 21 29 52 20 52 33 30 16 52 30 20 52 52 36 36
split_gain=25.4051 21.4655 14.2848 10.5366 33.7321 33.0153 21.7256 20.724 19.0413 12.3939 12.3381 9.97803 8.5751 8.56541 7.70805 7.37891 7.30485 6.65911 6.30463 5.75591 9.21411 6.04686 5.49125 5.37844 4.96376 4.86375 3.56996 3.51222 2.89085 2.50594
threshold=0 1 2 3 4 5 6 7 0.9529346525669099 8 0.97068369388580333 9 0.54598310589790355 10 -0.60785761475563038 3.5000000000000004 -1.0000000180025095e-35 11 7.5000000000000009 12 0.028957962058484558 0.99768519401550304 0.2299679517745972 13 0.96446609497070324 2.5000000000000004 14 15 0.66904762387275707 0.454016923904419
decision_type=9 9 9 1 9 9 9 9 2 9 8 9 8 9 2 10 10 1 10 1 8 10 2 1 10 10 1 1 10 10
left_child=17 26 -3 4 19 12 8 23 22 10 -8 -11 -5 18 -10 -14 -15 25 -9 -4 21 -21 -7 28 -25 29 -2 -17 -6 -1
right_child=1 2 3 5 7 6 9 13 14 11 -12 -13 15 16 -16 27 -18 -19 -20 20 -22 -23 -24 24 -26 -27 -28 -29 -30 -31
leaf_value=0.021061308592770209 0.0013325260839812737 -0.014088625909851991 -0.0028801857658803782 -0.026113004038834334 -0.0075052863058116251 0.026968768999987271 0.0086998836252049801 0.013865974090878782 0.013228619771924438 -0.012385280734165774 -0.019098049554626392 -0.0013149258924828211 -0.02324662982314794 0.0054552804706136174 -0.012220383323073167 0.011637857477051721 -0.0015253295759602517 0.021895093444009396 -0.0053792101017630448 0 0.034748287701997622 0.022427352251934183 0.0099991285163319021 -0.021683756692608289 0 -0.0087351549114021241 -0.020290471638099335 -0.0052945905194128418 0.0078242635796505512 0
leaf_weight=17.428540639579296 18.538447447121143 98.558288224041462 18.141738824546337 95.336022578179836 43.814166516065598 83.035604640841484 299.60939501971006 162.75069569796324 23.021848186850548 124.15505182743073 22.806709200143814 2427.1369874179363 25.25030779838562 396.29776275157928 53.238954789936543 16.005972810089588 585.72961080819368 93.651568554341793 28.092682622373104 33.104309536516666 68.385267347097397 37.374812334775925 68.094343915581703 90.716856196522713 22.402237519621849 26.491751208901405 92.445523466914892 37.896463986486197 27.465239003300667 17.717555582523346
leaf_count=111 98 778 91 581 205 393 1517 797 108 844 104 13547 144 2017 242 107 2960 526 128 205 347 252 345 424 104 133 655 254 125 90
internal_value=2.44278e-05 -0.000487818 -6.3361e-05 0.000264148 0.00301013 -0.00100715 -1.01446e-05 0.000868256 0.0114859 -0.000981647 0.00622084 -0.00193069 -0.0172175 0.00287586 -0.00395039 -0.00739655 0.00127192 0.0152221 0.010338 0.0197193 0.0227947 0.0124178 0.020016 -0.0110566 -0.0163311 0.00252119 -0.0167913 0.00103184 -0.00107033 0.0121632
internal_weight=5154.69 4999.41 4888.42 4789.86 1514.28 3275.59 3101.1 1357.27 227.391 2873.71 322.416 2551.29 174.489 1172.87 76.2608 79.1527 982.027 155.289 190.843 157.006 138.864 70.4791 151.13 184.398 113.119 61.6378 110.984 53.9024 71.2794 35.1461
internal_count=28232 27372 26619 25841 7655 18186 17100 6760 1088 16012 1621 14391 1086 5902 350 505 4977 860 925 895 804 457 738 858 528 334 753 361 330 201
cat_boundaries=0 31 65 102 103 140 173 208 243 277 310 343 344 345 346 347 348
cat_threshold=33554432 0 131072 2164269056 268435968 33554432 134217728 2 16777216 33554436 0 65536 8 16384 1048577 0 0 4672 0 16777216 541065216 0 8192 2147483664 8388608 0 134217728 8 0 0 262144 0 0 2129937 32 0 2 1346371584 0 0 8 0 32832 16384 37748737 0 0 0 0 1073741824 0 512 131072 4096 1048576 0 0 0 128 0 2097152 0 131072 524288 128 0 0 33554432 2048 8388608 268 16386 512 1048576 524416 268435456 134217728 268443648 0 32 33587200 4096 16 0 0 2048 4227076 2097152 0 0 0 0 0 1536 1024 0 0 0 4352 0 0 262144 12599422 0 0 1024 33619968 2147483648 268963840 139328 1 0 269484034 0 548866 25690112 135299088 2147483648 16 0 0 0 4 0 0 0 131328 32 0 0 0 0 0 0 0 0 0 0 0 32768 0 71303168 66 302088448 4194304 76021760 131072 0 0 269484032 1073741824 16386 50858240 131072 0 4096 0 0 134217728 4 0 0 0 0 32 16 0 0 0 0 0 32 32 0 0 32 0 262148 2148532224 0 1073741952 0 2129920 32905 0 516 0 32768 1073741824 0 1 0 0 276824064 4096 0 0 512 1024 4 131072 0 4194304 128 0 67108864 0 532480 0 2097152 32 131076 2359305 3145729 2147483648 1052928 1 4194304 128 512 0 1073741824 0 1073741824 0 0 0 0 268468224 0 0 16384 512 1025 0 0 0 0 16777216 0 0 0 524288 0 538968064 67112960 131072 1056832 2097248 0 16 17 536870960 0 1 262144 16777216 0 8388608 268959744 0 131072 33554432 134217728 65536 8388608 32 0 0 8192 0 0 0 0 64 0 8192 0 0 8192 1082130432 201326592 805310464 73792 8388608 0 2 0 1048576 9437184 135299088 2147491840 524304 0 4 0 0 0 134217728 4 1073741824 0 0 0 0 0 8388608 0 0 2 0 4194304 2148532228 270533120 2 65536 8 41943040 0 0 1073741828 2048 4195328 0 128 6144 2048 0 536870912 16 65536 33554432 0 1073741824 138412032 0 0 0 0 0 0 32 32 5410658 4194304 8388652 4227084 3153920
is_linear=0
shrinkage=0.04


Tree=98
num_leaves=31
num_cat=17
split_feature=50 50 50 52 52 52 50 50 50 50 52 50 50 33 41 52 52 8 52 36 0 26 29 38 15 50 37 12 38 36
split_gain=28.0633 22.5899 12.7973 20.6126 12.0989 11.7955 40.2989 20.0679 15.4921 12.0756 9.82359 31.802 28.5517 9.8189 9.74314 9.28774 8.0006 7.38897 7.04168 6.60774 6.28756 6.26026 5.85071 5.51361 5.27002 5.19429 3.40876 3.33741 5.13465 3.07605
threshold=0 1 2 3 4 5 6 7 8 9 10 11 12 0.049999998882412917 0.37940952181816107 13 14 12.500000000000002 15 0.47673159837722784 14.500000000000002 0.2806250005960465 3.5000000000000004 1.0000000180025095e-35 0.63548949360847484 16 0.084219858050346388 1.5000000000000002 0.46247655153274542 0.5045454502105714
decision_type=9 9 9 1 1 1 9 9 9 9 1 9 9 10 2 1 1 10 1 8 2 2 8 10 10 9 10 10 10 8
left_child=4 18 3 -3 29 6 13 16 14 15 11 -11 -12 -4 21 20 -7 25 -2 -19 -9 -8 26 -5 -16 -10 -18 -25 -29 -1
right_child=1 2 5 23 -6 7 8 9 17 10 12 -13 -14 -15 24 -17 22 19 -20 -21 -22 -23 -24 27 -26 -27 -28 28 -30 -31
leaf_value=0.0081850482406761755 0.00028151467167839516 0.017468459238066773 -0.0042287597979812361 -0.016443688034413248 0.023981785977811802 -0.0078213695891125312 0.018264484964646346 0.012575971203010494 -0.0028462955098234616 0.01983067822363601 0.012216672007886542 -0.00040907755751116417 -0.0021782120144447801 0.018905902903587506 0.0026878625383334044 -0.021730442655167694 0.0036928985786783843 0.0012782879093737143 -0.020409458128293149 -0.014773460616423366 -0.011165765067801994 -0.0059006801848318314 -0.00041744768903245939 -0.0089844644925545607 -0.022767758869498729 -0.021058989967901481 0.019825728344531231 0.017854547463029006 -0.0035504810586441532 -0.010632178851249636
leaf_weight=20.688942961394787 40.252487156540155 152.00289233028889 35.455072402954102 34.985386110842228 99.535035200417042 23.485995285212994 52.476221434772015 29.105874203145504 50.903188809752464 147.60081234574318 225.36439742147923 524.40956280007958 2637.0362411513925 110.6342066898942 20.128729119896889 61.954568922519684 31.012667886912823 75.73045177012682 107.54907146468759 77.83562795445323 32.426161374896765 20.063764363527298 32.651228182017803 28.278637856245041 23.158294431865215 207.95898332074285 147.779631100595 27.978215463459492 33.758240602910519 24.554894082248211
leaf_count=108 262 772 155 176 573 112 253 172 295 748 1190 2763 14311 532 109 403 152 476 729 493 199 118 164 139 111 1479 722 138 166 124
internal_value=3.43684e-05 -0.000488533 0 0.00812315 0.0165403 -0.000513393 -0.00533844 0.000334604 -0.0104833 -0.000407758 4.04517e-05 0.0043432 -0.000980136 0.012385 0.00235671 -0.0119956 0.0113041 -0.0140923 -0.0151449 -0.00694078 0 0.0113732 0.0138942 -0.00375211 -0.0114639 -0.0185812 0.0173128 0.00118097 0.00646125 -0.0013938
internal_weight=5136.76 4991.98 4844.18 277.003 144.779 4567.17 674.345 3892.83 528.255 3657.9 3534.41 672.01 2862.4 146.089 115.827 123.487 234.93 412.428 147.802 153.566 61.532 72.54 211.444 125 43.287 258.862 178.792 90.0151 61.7365 45.2438
internal_count=28144 27339 26348 1391 805 24957 4021 20936 3334 19786 19012 3511 15501 687 591 774 1150 2743 991 969 371 371 1038 619 220 1774 874 443 304 232
cat_boundaries=0 35 62 95 96 97 98 125 162 194 230 231 257 292 293 294 295 316
cat_threshold=268435456 12582912 128 8192 0 16418 64 2097153 16777216 33554432 8193 0 8 16384 0 0 0 320 131072 50331648 4194336 0 1 0 0 512 0 0 0 0 0 0 33 0 2147483648 0 0 33554688 0 524289 41216 1 772 2147483648 33792 33024 4 0 33554432 151003140 33554944 2 0 0 0 512 0 131072 0 67108864 133120 2048 33554432 0 4 2148073472 36936 0 0 0 8388608 1048578 4 0 0 2097152 0 256 0 512 4194304 2099265 16778240 0 256 32 0 1 0 8 0 0 256 8192 67108864 10195004 8549952 1638400 0 536870912 2214596608 4352 2097170 1050625 262144 1048576 0 1073758208 37748800 0 262144 0 0 4096 0 32 0 0 1048576 0 0 131072 4194304 0 24580 16 0 268435456 268697602 17039360 196672 939589632 33562624 2 64 0 8388608 69206016 1048576 294912 0 8 0 8192 16 256 0 0 0 134217728 0 0 2097168 0 0 0 0 0 0 0 0 32768 0 268435456 1 536873472 269492740 2147483648 0 4096 8704 6357024 67239936 16 0 8192 0 1073741824 576 16384 0 0 268566528 4104 0 0 0 0 0 0 0 0 0 2147483648 0 536870912 0 0 1048576 0 8650752 1073741824 2048 4194304 4194304 0 1208223744 0 0 528384 4608 1056 0 2147483648 0 32768 16384 0 4 0 8192 128 512 17408 0 0 0 0 0 33554432 203 0 0 1074266144 8392716 2113536 338694272 4 16384 0 512 131200 8192 524288 32768 0 16 0 32768 134217728 0 8192 33554432 0 16 32 1024 0 2097152 134561857 1024 67108864 134217728 8194 36864 0 65552 0 557120 0 150994944 128 0 2048 0 10 1074003968 131072 0 0 1024 0 0 0 8192 0 0 0 0 0 8192 8192 6594684 170 1096848 0 67108864 269247488 32769 2304 134218240 2097160 8388608 0 0 0 0 4 0 0 0 0 0 0 262144 1073741824
is_linear=0
shrinkage=0.04


Tree=99
num_leaves=31
num_cat=6
split_feature=51 12 51 40 38 51 35 28 19 30 36 42 30 51 21 17 37 17 11 51 21 54 38 12 8 51 54 31 0 11
split_gain=10.6311 7.10001 6.53311 8.71622 11.1266 11.947 11.2611 9.82812 9.75949 10.8014 9.02039 8.39063 7.30703 7.1681 6.82029 6.28169 5.70141 7.36035 6.51086 5.5661 5.42029 5.38526 5.24513 6.1349 5.19729 5.77257 5.17404 5.08612 5.00699 5.04276
threshold=0 11.500000000000002 1 -0.6035533845424651 0.43826219439506536 2 0.33508773148059851 12.500000000000002 6.5000000000000009 0.5625000298023225 0.61200717091560375 1.0000000180025095e-35 0.9375000298023225 3 9.5000000000000018 0.89087301492691051 0.18301435559988025 0.17677696049213412 4.5000000000000009 4 13.500000000000002 121.47053527832033 0.85786435008049022 3.5000000000000004 18.500000000000004 5 121.46418762207033 0.32466214895248419 12.500000000000002 3.5000000000000004
decision_type=9 10 9 2 10 9 8 10 2 10 10 2 10 9 10 10 8 10 8 9 10 2 10 10 10 9 2 10 2 10
left_child=1 -1 -2 4 5 -4 12 8 13 14 24 -11 -7 16 -10 27 17 -5 -18 22 -9 -3 23 -12 25 -6 -16 -8 -15 -30
right_child=2 21 3 7 10 6 15 20 9 11 19 -13 -14 28 26 -17 18 -19 -20 -21 -22 -23 -24 -25 -26 -27 -28 -29 29 -31
leaf_value=-0.0014488754408815345 0.0094894448304328489 -0.0036982694232081332 0.0078704459031902485 -0.009932234845708196 -0.0084770135275604747 0.010058916941329585 -0.01730329043249388 -0.019759705871513707 -0.0066718767432356321 0.029536577662284156 -0.02377879581995225 0.0039168249702292825 -0.0047574300504427802 0.0038822899953886315 -0.0023267789332172412 0.0055354960582933111 0.01045297412030646 0.010340686273957232 -0.001164236224681419 -0.019782839227206549 -0.0017822163020925169 -0.016336580431558202 0.0051004212011589853 0 -0.014269819775242569 0.0048251317780135328 0.017727599690979354 -0.004883549903137439 0.00092367530164146245 -0.0052174418681759302
leaf_weight=1254.6180315539241 136.62774680927396 141.87753900885582 261.00731741636992 68.350356429815292 59.493323717266321 129.91890613362193 97.582039061933756 39.725640192627907 58.517744857817888 59.075261875987053 29.821694456040859 35.448450990021229 82.003528147935867 467.78912144899368 28.325795035809278 42.000566944479942 351.15002332627773 41.630263991653919 93.526618890464306 88.936243291944265 77.100875325500965 92.592482149600983 43.948540069162846 34.765272058546543 38.281452648341656 158.38938409090042 51.05040168017149 133.25567611679435 619.10662070661783 318.09628975391388
leaf_count=7390 795 920 1372 342 337 715 642 224 311 322 136 199 415 2334 164 274 1763 195 479 527 424 764 200 170 221 868 257 801 2998 1592
internal_value=0.000166413 -0.00266111 0.00133275 0.000970366 -0.00177876 0.00120611 -0.00249477 0.00241205 0.00302736 0.0107124 -0.0066891 0.020809 0.00425601 0.00208079 0.00316539 -0.00788233 0.00586629 -0.00196854 0.00797933 -0.0130161 -0.00861953 -0.00900956 -0.00452691 -0.0119116 -0.00157936 0.000830687 0.0106203 -0.0104741 0.00051144 -0.00115608
internal_weight=5134.01 1489.09 3644.93 3508.3 1199.4 745.768 484.761 2308.89 2192.07 232.418 453.636 94.5237 211.922 1959.65 137.894 272.838 554.657 109.981 444.677 197.472 116.827 234.47 108.536 64.587 256.164 217.883 79.3762 230.838 1404.99 937.203
internal_count=28151 9074 19077 18282 6678 4219 2847 11604 10956 1253 2459 521 1130 9703 732 1717 2779 537 2242 1033 648 1684 506 306 1426 1205 421 1443 6924 4590
cat_boundaries=0 1 2 3 4 5 6
cat_threshold=8397837 51904944 4407298 299520 67305984 332288
is_linear=0
shrinkage=0.04


Tree=100
num_leaves=31
num_cat=11
split_feature=52 43 51 51 52 51 17 52 52 30 42 51 55 29 35 53 37 36 29 16 51 2 2 42 16 36 52 38 35 17
split_gain=12.4645 9.92468 13.4902 7.85742 16.3469 12.005 10.5031 13.8612 12.0686 11.6637 8.9491 7.41481 7.37809 8.56764 9.2265 7.32074 9.88305 11.4922 12.4955 8.0217 8.09133 6.93213 8.9232 6.78004 6.40613 6.23116 8.50107 5.97376 5.89028 7.92842
threshold=0 1.0000000180025095e-35 1 2 3 4 0.12599206715822223 5 6 0.9586748778820039 -0.60785761475563038 7 24.973574638366703 5.5000000000000009 0.59491634368896495 8 0.83469945192337047 0.27386364340782171 -1.4999999999999998 0.31698563694953924 9 15.500000000000002 20.500000000000004 -1.0000000180025095e-35 0.25211864709854132 0.95401689410209667 10 0.63733074069023143 0.75204917788505565 0.036038961261510856
decision_type=1 2 9 9 1 9 10 1 1 8 2 9 2 10 10 1 10 10 8 2 9 2 2 2 2 10 1 8 8 10
left_child=1 2 -1 6 5 10 7 24 -8 -9 -5 -11 -10 25 27 19 17 18 -17 20 -6 -19 -23 -16 -2 -14 -27 -15 29 -7
right_child=3 -3 -4 4 15 28 8 9 12 11 -12 -13 13 14 23 16 -18 21 -20 -21 -22 22 -24 -25 -26 26 -28 -29 -30 -31
leaf_value=0.010560361284199961 0.0065802476679005283 0.01608386473495511 -0.014535705698432161 0.0001275785588583671 -0.0020295986321960703 -0.0054612204971157333 -0.0072398200645667193 0.00078043403366675026 0.013980235874155859 0.0029862675941990649 -0.013682868714470765 -0.016879333955951689 -0.0039400589940798893 0.0095206630961059743 0.028617026396275724 -0.00018827464893920339 -0.0092185781674507944 -0.0013094988946408645 0.023337232286009941 0.021001344788903937 0.011355917924423795 0.020275104453640998 0.0023507097636362639 0.0049192604596257046 -0.013817932231072449 0.016634227507616575 -0.0082929323597928754 -0.016894540894069634 -0.007700868508315196 0.0065231499104056335
leaf_weight=67.35601170361042 566.52853663638234 138.2540729790926 43.687368236482143 112.34726449102163 114.81245128810406 116.3998738899827 742.57195623591542 314.5766882635653 48.200979098677635 38.622263386845589 204.75160773470998 110.71587800234556 746.62465779110789 18.843501754105091 33.231044925749302 57.019634172320366 95.763659194111824 420.92109131067991 85.961285069584846 75.196554973721504 168.11438080668449 57.209606997668743 173.14520184695721 49.463536061346531 20.572106219828129 42.257581207901239 25.006852567195892 26.668852157890797 91.646629311144352 312.08356515318155
leaf_count=350 2837 797 239 561 563 608 4742 1651 283 200 1062 536 4635 104 182 297 491 2020 441 381 807 307 875 275 121 212 148 150 559 1674
internal_value=0.000319855 0.00878074 0 -0.000135523 0.00170962 -0.00257431 -0.0015266 0.00160508 -0.00344546 -0.00349219 -0.00853671 -0.0125819 -0.000480522 -0.00131648 0.0080623 0.00459547 0.0025243 0.00404556 0.0141309 0.00938081 0.00623757 0.00171015 0.00722345 0.015759 0.00562605 -0.00285849 0.00831199 -0.00570207 0.00116071 0.00319595
internal_weight=5118.55 249.297 111.043 4869.26 2085.37 837.229 2783.88 1051.02 1732.87 463.915 317.099 149.338 990.297 942.096 128.207 1248.14 890.02 794.257 142.981 358.123 282.927 651.276 230.355 82.6946 587.101 813.889 67.2644 45.5124 520.13 428.483
internal_count=28108 1386 589 26722 10646 4464 16076 5345 10731 2387 1623 736 5989 5706 711 6182 4431 3940 738 1751 1370 3202 1182 457 2958 4995 360 254 2841 2282
cat_boundaries=0 1 2 3 4 5 6 7 8 9 10 11
cat_threshold=12 122368 8731724 9965394 67239937 9985618 3786243 8392772 68 541184 12583296
is_linear=0
shrinkage=0.04


Tree=101
num_leaves=31
num_cat=12
split_feature=52 51 51 4 53 31 33 36 52 52 54 16 54 14 51 53 33 52 16 7 18 33 52 14 38 52 52 18 2 32
split_gain=10.6292 14.4328 11.7595 9.0305 8.84322 9.9729 17.1312 14.5735 8.62499 8.19478 8.18861 7.91976 7.70395 8.12527 9.89718 7.39205 13.917 8.71724 7.33624 6.97995 7.35023 7.60511 7.32899 9.117 6.62571 6.5248 6.29123 6.46891 6.09475 5.99007
threshold=0 1 2 0.7679487168788911 3 0.46225070953369146 0.23100961744785312 0.46225070953369146 4 5 121.46207809448244 0.57321429252624523 121.41103744506837 0.97467949986457836 6 7 1.0000000180025095e-35 8 0.85786435008049022 19.500000000000004 0.60208335518836986 0.34090910851955419 9 0.89943820238113414 0.43050193786621099 10 11 0.61200717091560375 18.500000000000004 0.9607692062854768
decision_type=1 9 9 2 1 10 10 10 1 1 2 2 2 8 9 1 8 1 2 2 8 10 1 10 10 1 1 8 2 10
left_child=1 -1 3 24 11 -6 7 8 10 -9 -7 26 -3 -14 -15 16 -5 -18 -13 22 25 -22 -17 -24 -2 -21 27 -4 -8 -28
right_child=2 12 4 15 5 6 28 9 -10 -11 -12 18 13 14 -16 19 17 -19 -20 20 21 -23 23 -25 -26 -27 29 -29 -30 -31
leaf_value=0.013478495173112517 0 -0.020775916533585445 0.0097010693970280143 0.025015859850388084 -0.0086866340370588321 0.0029775363853189198 0.025036172166603421 -0.0010565445065765307 -0.001103664069105811 -0.016075242815191178 0.030162354489506545 0.01936330103537718 0.0034522746049983244 -0.012078220712353364 0.0057068337116095366 0.00028432684805778562 0.0058578051760684261 -0.0076539562659078452 -0.0013716923068362442 -0.0034660507875872706 0.016200337869782519 -0.010372101476119874 -0.0083042805928548111 0.00072862329874405648 0.028182925658033452 -0.017462937213465167 0.0081208439070301602 -0.0072961370004203524 0 -0.0017158045403778035
leaf_weight=170.09288023412228 32.021088805049658 19.546352788805962 248.66729508340359 32.471942283213139 240.23482098802924 37.103675872087479 52.579354424029589 138.3536871150136 113.54788608849049 102.84413174539804 35.251324355602264 83.691009372472763 888.91846376657486 115.80054680258036 70.308145955204964 549.54095369577408 137.69731245562434 137.54473916813731 36.031386025249958 114.79618420824409 28.669827610254288 29.884083464741707 604.07598164305091 246.43918985873461 19.616344872862101 157.71216946467757 116.35408572107553 36.60318348556757 21.893348671495914 532.97686530649662
leaf_count=957 233 98 1243 158 1368 179 270 683 598 524 178 476 4457 598 360 3163 831 807 211 630 161 201 3895 1223 125 953 606 189 129 2755
internal_value=-5.1167e-05 0.00310851 -0.00109229 -0.00312529 0.00126911 -0.00203787 0.00112124 -0.00198757 0.00627317 -0.00843386 0.0155622 0.00361051 0.0013186 0.00184537 -0.0056146 -0.0035777 0.00205846 -0.000903147 0.0131578 -0.0045796 -0.00982645 0.00257484 -0.00332671 -0.00560907 0.0125715 -0.0125616 0.00234114 0.00711792 0.0182052 6.38755e-05
internal_weight=5151.27 1264.67 3886.6 2090.47 1796.13 741.808 501.573 427.101 185.903 241.198 72.355 1054.32 1094.57 1075.03 186.109 2038.83 307.714 275.242 119.722 1731.12 331.062 58.5539 1400.06 850.515 51.6374 272.508 934.601 285.27 74.4727 649.331
internal_count=28259 6470 21789 12380 9409 3929 2561 2162 955 1207 357 5480 5513 5415 958 12022 1796 1638 687 10226 1945 362 8281 5118 358 1583 4793 1432 399 3361
cat_boundaries=0 1 2 3 4 5 6 7 8 9 10 11 12
cat_threshold=12582941 67932162 75766862 102 162050 386338 149576 8 841024 142816 2623074 2134690
is_linear=0
shrinkage=0.04


Tree=102
num_leaves=31
num_cat=11
split_feature=50 50 50 50 50 39 28 50 50 50 50 33 39 53 13 20 38 35 41 36 9 36 41 37 13 35 10 53 40 36
split_gain=26.3471 17.9885 13.1017 9.79289 8.50586 8.1934 8.07685 52.1333 35.1017 26.6377 18.0457 7.10133 6.14162 6.06034 5.7566 5.4382 4.53743 4.14382 4.57606 3.86939 3.82705 3.75772 5.84582 4.53902 3.65975 9.45037 3.80944 3.53003 3.42521 3.35568
threshold=0 1 2 3 4 0.18301435559988025 -1.4999999999999998 5 6 7 8 0.24000000208616259 0.62622550129890453 9 0.9225774109363557 1.0000000180025095e-35 0.4555336087942124 0.55646631121635448 0.12940952181816107 0.084523811936378493 11.500000000000002 0.13397436589002612 0.60355338454246532 0.47722567617893225 0.86739927530288707 0.53229168057441723 1.0000000180025095e-35 10 0.37940952181816107 0.63702240586280834
decision_type=9 9 9 9 9 10 10 9 9 9 9 8 10 1 2 10 8 10 2 10 10 8 2 8 2 10 2 1 2 10
left_child=17 21 11 5 19 13 7 -6 12 -9 -10 20 -8 14 -4 -15 -13 18 -1 -5 -3 -2 -23 -24 25 -7 -26 -22 -21 -30
right_child=1 2 3 4 6 24 8 9 10 -11 -12 16 -14 15 -16 -17 -18 -19 -20 28 27 22 23 -25 26 -27 -28 -29 29 -31
leaf_value=0.0090394980832766061 0.0012640011329743963 -0.0034220437478616325 -0.00180907478453261 0.0039592089984612907 -0.027393811548179575 0.030820854628142491 0.017912821677736356 0.016174960685580587 -0.0139555285521335 -0.0033820872737398127 -0.0002961393511089503 0.0012324381181946806 0.0012132770290596974 -0.022440813345019836 0.024195561358351624 -0.00091095059403754886 0.023394928503174432 0.0020389672805607704 0.026528837925651125 -0.017432857043137268 -0.0051945710200656933 -0.022735885355443363 0.0038820060862044866 -0.017732170655310846 0.011074113042054036 0.00070620962694473643 -0.0058858012698095943 0.0098625503775953468 0.0052855961924948378 -0.014978258214563613
leaf_weight=52.902263469994068 19.318297676742077 68.700431846082211 23.653056852519512 20.86804224550724 116.43297865241766 39.800053954124451 196.94800169765949 118.91702000051737 149.13824980333447 648.37700810283422 2809.8167232610285 22.536178611218929 46.779563240706921 21.325746886432171 21.905491799116135 74.705304116010666 58.859835833311081 29.850333027541637 69.420934803783894 89.225243203341961 22.164282232522964 83.930502515286207 33.143272012472153 20.778089784085751 67.690891332924366 29.156246155500412 24.528391063213348 122.60912544280291 26.713044624775648 16.732158556580544
leaf_count=269 143 317 126 138 580 209 1041 574 918 3623 15361 118 251 112 113 388 298 159 388 617 105 595 184 121 348 161 121 593 179 118
internal_value=-1.21599e-05 -0.000537235 -8.06188e-05 -0.000625546 -0.00113349 0.00614248 -0.000761894 -0.00413844 0.000166197 -7.34972e-05 -0.00105825 0.00787379 0.0143018 -0.000574535 0.0095636 -0.00615484 0.0179167 0.0156051 0.0197742 -0.00995669 0.00399095 -0.0132439 -0.0163172 -0.00490534 0.012373 0.0192667 0.0062867 0.00763904 -0.0130784 -0.00284626
internal_weight=5146.93 4994.75 4837.58 4542.71 4239.95 302.765 4086.41 883.727 3202.68 767.294 2958.95 294.87 243.728 141.59 45.5585 96.0311 81.396 152.174 122.323 153.538 213.474 157.17 137.852 53.9214 161.176 68.9563 92.2193 144.773 132.67 43.4452
internal_count=28268 27452 26409 24978 23400 1578 22348 4777 17571 4197 16279 1431 1292 739 239 500 416 816 657 1052 1015 1043 900 305 839 370 469 698 914 297
cat_boundaries=0 34 71 102 137 171 204 237 272 307 308 309
cat_threshold=0 0 131104 8192 0 2 270336 2 16777216 33554438 1 32834 67108864 131072 2147516416 1049600 0 512 0 16779264 0 16 8192 514 0 0 0 0 0 0 262144 8192 0 32768 0 1073741824 0 2176 0 8392704 64 270532608 2147745792 4194368 0 0 1048832 67108867 128 33554432 0 0 134217728 1073741824 1024 0 0 1048576 0 0 0 2097152 2560 0 0 1048576 0 0 0 0 16384 33554432 4194304 16781440 2147745792 8192 139265 0 3221225472 8388608 0 0 0 0 0 0 4096 64 1 8192 33554433 21168128 0 0 335544320 268435968 0 4 8 0 0 268435712 268435456 0 4202500 19005440 0 540672 8388608 67108864 1073741824 0 1073741824 2155872256 0 0 5242880 8454147 0 0 0 2097216 8388608 4 2097152 131072 4194304 0 16384 131072 0 128 0 0 0 0 16 0 16777216 16384 8 4128 65544 0 32 0 1032 0 2080 0 50331808 0 33280 4096 262176 1073741824 0 2048 32768 16777216 0 0 0 0 1048576 1024 2097152 0 0 0 384 0 0 64 773 395272 67108864 150994944 16384 671088640 1056768 0 0 0 0 0 2048 268435464 131072 536870912 0 0 0 32 0 0 0 0 0 0 0 0 0 67633184 128 0 64 769 133120 4194304 16777216 33570816 0 1056768 0 4 8650752 1074823168 524289 0 268435464 0 0 0 603979776 0 131104 1073741824 0 0 0 8192 0 0 0 0 67108896 0 67108864 1049603 69632 6291520 0 131072 4368 256 2162688 37781504 0 0 2097152 0 0 0 32768 0 4 134225920 8 8388608 0 0 0 0 0 0 0 128 2147483648 0 0 524288 0 0 0 0 68157504 0 67239936 0 576 524288 4227072 65536 33554432 134217732 16777252 0 65536 34816 0 262144 0 134348800 0 0 0 0 0 0 262144 0 1152 0 0 67108864 532480 34 16
is_linear=0
shrinkage=0.04


Tree=103
num_leaves=31
num_cat=15
split_feature=50 50 50 42 50 52 50 50 50 50 50 17 50 26 14 52 52 19 39 15 52 38 39 2 52 18 14 28 14 39
split_gain=25.4211 19.1805 12.546 11.7132 9.86905 9.86578 32.901 30.9222 24.5044 17.8502 15.7284 13.1412 11.5385 9.90395 9.49885 8.53453 7.4918 6.55272 6.17377 6.09521 5.52826 5.24314 5.03916 4.7547 6.36731 4.55247 3.63065 3.25919 3.12129 3.02257
threshold=0 1 2 1.0000000180025095e-35 3 4 5 6 7 8 9 0.11814556270837785 10 0.18274582922458651 0.54653680324554454 11 12 1.5000000000000002 0.067231640219688429 0.89528506994247448 13 0.80163934826850902 0.53158244490623485 11.500000000000002 14 0.56787469983100902 0.76986128091812145 7.5000000000000009 0.46247655153274542 0.30860807001590734
decision_type=9 9 9 2 9 1 9 9 9 9 9 8 9 2 8 1 1 2 10 10 1 8 10 2 1 8 10 10 10 10
left_child=23 16 3 20 15 7 19 13 11 22 -11 -9 -10 14 -6 17 -2 29 -5 25 -3 -21 -8 24 -1 -7 -18 -17 -15 -4
right_child=1 2 4 18 5 6 9 8 12 10 -12 -13 -14 28 -16 27 26 -19 -20 21 -22 -23 -24 -25 -26 -27 -28 -29 -30 -31
leaf_value=0.0079593383500669908 -0.0001713732286944627 0.001228278676065387 0.022243665984226665 0.010651710166050708 -0.0086954934405779043 0.020455247833351561 0.0040158250044017105 -0.0022633522393500412 0.010575796367323722 0.004987295590798955 -0.0055412596942439798 -0.022053361296135981 0.0006391311152006275 0.017202211344726378 0.014635377279599194 -0.021300110000451816 0.010009824913536879 -0.010724700612926678 -0.014557388959355639 -0.0086703997448724108 0.022454731841740468 0.010655101882789087 0.019870905681872025 -0.022117121658650651 -0.013654606374392322 0.0062159780557955345 0.028002893722065467 -0.0017799128800144049 0.038009023735474094 0
leaf_weight=22.671522565186024 47.317579329013824 41.33510335534811 18.465602204203606 21.139755737036467 31.959249310195446 116.23673247545958 91.210800245404243 110.02095222473145 204.15594550967216 247.06592185050249 1836.4363801255822 107.37763497978449 1350.6699872091413 50.148030251264572 110.67793795466423 80.696496963500977 42.081000909209251 29.623087134212255 32.59087722748518 34.659833118319511 78.106983873993158 45.915488161146641 51.837602145969868 88.926660414785147 46.028569310903549 66.18610867112875 60.403626285493374 20.176410548388958 31.537811748683453 18.078496783971786
leaf_count=105 249 231 105 146 157 542 505 539 1006 1242 10644 543 7314 252 535 491 228 211 174 160 409 208 291 630 229 332 334 146 152 96
internal_value=-2.97967e-05 0.000488418 2.59572e-05 0.0101561 -0.000378187 -3.20991e-06 -0.00168312 0.0020785 0.000241689 -0.00329081 -0.00425651 -0.0118703 0.00204519 0.0155816 0.00915495 -0.00950879 0.0139081 0.00171468 -0.00423615 0.0112989 0.0175173 0.00208755 0.00971715 -0.0151244 -0.00696716 0.0156994 0.0197708 -0.0163123 0.0271952 0.0127695
internal_weight=5133.74 4976.11 4826.31 173.173 4653.14 4486.1 2489.55 1996.55 1772.22 2226.55 2083.5 217.399 1554.83 224.323 142.637 167.04 149.802 66.1672 53.7306 262.998 119.442 80.5753 143.048 157.627 68.7001 182.423 102.485 100.873 81.6858 36.5441
internal_count=28206 27242 26431 960 25471 24422 13924 10498 9402 12682 11886 1082 8320 1096 692 1049 811 412 320 1242 640 368 796 964 334 874 562 637 404 201
cat_boundaries=0 32 68 103 140 141 176 213 249 285 312 340 341 342 343 344
cat_threshold=0 0 2147488000 4194368 32 0 4194304 0 0 67109888 0 4194304 0 35651584 100663298 131072 0 16384 10 1073741824 512 1048576 0 0 0 0 10240 134217728 262144 16384 262144 1048576 33554432 0 128 40960 64 0 536870912 2 16777216 4 1 1073741825 0 1048576 1048576 256 512 1 131072 33554496 8388608 2048 0 67108864 32 0 134217728 16777216 0 0 0 0 32 0 0 64 0 134217728 0 2214854656 0 0 0 65 8392737 168820736 0 65568 72 0 0 0 0 64 0 16777216 4202496 33554432 0 2 0 0 0 131072 0 0 16777280 2147483648 67108865 32768 2147483664 0 0 32768 134217728 8389124 1073742336 16384 1073741824 33554448 0 0 0 1073742096 524288 0 0 268435456 2147483668 33554432 2147483648 0 4 0 0 570425344 0 4 128 4 2097408 0 0 0 4096 0 0 32768 12734972 0 1073741824 32 0 269615104 5242880 0 68161536 536871168 2097152 4227200 0 0 0 0 2050 0 269484032 0 262144 32768 0 2097152 2147487744 0 1024 16384 0 0 0 0 32 0 0 8192 0 0 201868288 197128 0 65666 134217728 16384 0 0 0 134217728 1 0 0 16 2048 2129920 0 0 1207959552 65792 32 16384 0 0 0 0 0 0 524288 0 524288 0 0 0 16384 0 0 0 1024 268566528 2152726529 3221225472 1048624 134217984 2097152 37781704 0 134217728 16384 0 2048 0 0 0 0 32 8 0 0 32768 0 0 0 0 0 8388736 32 0 0 0 33554944 0 14680064 0 0 1 536875008 2155872257 33554608 0 4194304 72 0 134217728 16384 16777216 0 0 1024 4194304 0 268435488 0 0 0 0 512 0 0 0 0 128 64 0 0 524288 33554432 0 0 8196 536875008 34064 65 1342701568 262144 1073741824 128 131072 2304 0 0 4096 8388608 16777280 512 0 0 0 0 256 1073741840 142606337 0 8 0 83886080 0 16777220 33816576 2097152 65536 0 2 805470720 0 49154 50335744 16777216 4456452 0 0 0 8192 16 0 0 0 256 4194816 0 0 2097152 4807187 2704513 5833584 12656896
is_linear=0
shrinkage=0.04


Tree=104
num_leaves=31
num_cat=17
split_feature=50 50 50 50 52 52 50 50 50 50 50 50 6 52 13 52 52 37 13 38 0 29 37 38 36 53 55 52 13 39
split_gain=25.9727 20.0855 13.2318 11.1412 16.9224 10.6885 45.4377 39.9148 27.4975 22.8858 15.0137 12.5895 10.5699 9.53423 9.06327 6.77887 6.5269 5.08289 5.01287 4.51359 4.33488 4.16596 4.51003 3.9456 3.91736 3.67683 3.60162 3.19512 2.5326 2.48945
threshold=0 1 2 3 4 5 6 7 8 9 10 11 0.27386364340782171 12 0.97646731138229381 13 14 0.37602458894252783 0.85053193569183361 0.46737588942050939 13.500000000000002 -4.4999999999999991 0.30839161574840551 0.5040983557701112 0.61577314138412487 15 25.159930229187015 16 0.60208335518836986 0.19337607175111773
decision_type=9 9 9 9 1 1 9 9 9 9 9 9 2 1 2 1 1 8 2 8 2 10 8 8 8 1 2 1 2 10
left_child=27 15 16 4 19 6 21 12 28 13 -10 -11 26 -9 20 -2 -3 25 29 -4 23 -5 -23 -6 -16 -17 -7 -1 -8 -19
right_child=1 2 3 5 14 7 8 9 10 11 -12 -13 -14 -15 24 17 -18 18 -20 -21 -22 22 -24 -25 -26 -27 -28 -29 -30 -31
leaf_value=0.0015119703421003848 -0.0061328569934010011 0.003197682600522419 0.0062652159918662907 0.0052107823480532231 0.000147786203804957 -0.025284850235904321 -0.0024526745720620555 0.0011207613340236473 0.01426357522562427 0.0080540543692699182 0.00030390499103989096 -0.0026105983787461555 0.0077718985672087524 0.013438104059648983 -0.0073080058149152041 -0.0044340005153042737 -0.019293413656159469 -0.0010629911537741749 0.027308151860900156 -0.008125160642696444 0.030670417475909813 0.012688083727122114 0.029520822606447197 0.018994211727492102 0.011335777072399576 0.011999592814058151 -0.01175168980355539 -0.019977433722848378 -0.019630293206133746 0.016129248157476177
leaf_weight=16.639033518731594 22.131408665329218 26.953111886978149 47.139382220804691 27.853578552603722 27.266203537583351 126.6049591973424 20.375520765781403 191.34475164115429 126.32834432274103 178.54027436673641 1010.5916364789009 2076.6759471520782 19.126060761511326 237.97463452070951 30.784439377486706 27.740125946700573 71.215166732668877 20.946849539875984 73.344347480684519 96.986893333494663 48.984812468290329 56.497002378106117 99.659646451473236 61.845876783132553 30.671087220311165 37.504253685474396 69.72540956735611 103.87336235493422 114.17462449520826 23.075882218778133
leaf_count=132 117 200 235 135 146 758 108 932 631 1046 5183 11967 108 1102 145 134 564 98 418 480 225 333 560 338 149 176 324 753 560 111
internal_value=0.0002516 0.000720948 0.000174457 0.000502482 0.00727961 -5.08562e-05 0.00272494 -0.00145772 -4.20848e-05 -7.81539e-05 0.00203793 -0.00170986 -0.0174361 0.00821653 0.0145094 0.0125488 -0.0133362 0.0152077 0.0209591 -0.00302901 0.0207565 0.020507 0.0241375 0.0137544 0.00184855 0.00598653 -0.0209892 -0.0170239 -0.016193 0.00826681
internal_weight=5122.57 5002.06 4797.32 4699.15 343.679 4355.47 1455.48 2899.99 1271.47 2684.54 1136.92 2255.22 215.456 429.319 199.552 204.743 98.1683 182.611 117.367 144.126 138.097 184.01 156.157 89.1121 61.4555 65.2444 196.33 120.512 134.55 44.0227
internal_count=28168 27283 26229 25465 1718 23747 7510 16237 6482 15047 5814 13013 1190 2034 1003 1054 764 937 627 715 709 1028 893 484 294 310 1082 885 668 209
cat_boundaries=0 30 63 100 136 137 138 170 202 235 268 300 336 337 338 339 340 341
cat_threshold=0 16777216 98432 1088 8388608 0 75497476 512 1 524288 0 64 134218752 37748737 16777216 131072 0 2048 0 0 0 12288 4 0 4096 0 2048 1048576 0 2097152 268435472 0 4 8192 1024 2147483648 2 2 32 33554464 0 256 0 131072 32769 0 2056 576 0 16779264 549454112 0 256 0 8388608 512 0 16777224 0 0 0 0 524288 0 0 33554432 2048 0 32768 1075838976 0 2050 612401152 0 4194312 1073750016 262144 0 128 32768 0 0 1073741952 2560 4 16384 0 0 0 0 65536 16777216 0 524288 131072 0 0 0 0 16384 33570816 0 272629768 69730304 34888 201589248 0 167788544 0 1073741824 0 0 0 0 1048576 0 0 32800 0 33554432 1048576 0 2097152 16 0 1 0 0 256 0 64 0 0 32768 0 64 6450470 8478782 0 0 134509568 33652736 2 8321 268435457 0 0 0 0 114690 84414464 134217744 2147483648 0 512 0 0 0 67108864 33554432 0 0 32 0 0 0 0 0 0 32 0 0 286722 33652736 134217728 34086912 0 2097152 256 268435456 0 81922 84414464 134217856 2147483648 0 0 0 536870912 4 67108864 167772160 0 0 32 0 16384 0 0 0 0 32 0 67108864 67108865 131848 1 2097216 65536 0 0 2097152 1073741824 528 0 0 0 1073745920 64 4097 0 0 134225920 0 32 16384 67108864 0 0 0 0 0 0 0 67108864 0 536870912 67633185 268566796 262144 2097152 327680 262144 0 2097152 130 16 0 1073741824 0 1073741824 0 4096 8192 2097152 402653184 2048 32 16384 0 0 0 2097152 0 0 0 0 67108864 0 268435456 2 0 5242880 34209792 8192 2097152 1207959808 1048576 33554432 2048 5242880 1048576 128 272 0 0 536870912 0 1073741824 131328 0 4096 134217728 0 0 0 0 0 8388608 2147483648 0 67108864 16 0 2147614720 52 0 48 536875008 65536 0 1 268435456 4 0 5120 0 0 0 1 8192 65536 0 32 67108864 0 8193 131328 0 128 17039488 0 0 0 2097152 1 1609216 25156 4483160 97 2359336
is_linear=0
shrinkage=0.04


Tree=105
num_leaves=31
num_cat=17
split_feature=50 50 50 50 52 52 52 50 50 50 50 50 27 36 50 36 31 52 52 27 27 52 52 8 15 37 36 39 39 37
split_gain=28.5244 21.7221 12.0726 9.08317 9.80106 8.46851 8.31767 34.6973 25.1765 23.2805 19.7237 16.2185 11.5257 11.4989 10.6146 7.59194 6.95224 6.8007 6.66509 6.12977 6.23948 5.02403 4.93887 4.89404 3.86985 3.76565 5.73323 3.65895 3.52506 3.50457
threshold=0 1 2 3 4 5 6 7 8 9 10 11 -0.14415584504604337 0.53410854935646068 12 0.20204082131385806 0.76986128091812145 13 14 -0.42724868655204767 -0.2137002348899841 15 16 12.500000000000002 0.81106579303741466 0.68801230192184459 0.57294833660125744 0.4301948100328446 0.78629976511001598 0.42980295419692999
decision_type=9 9 9 9 1 1 1 9 9 9 9 9 2 8 9 8 8 1 1 2 2 1 1 10 8 10 8 8 8 8
left_child=5 17 18 4 -4 -1 7 15 16 12 13 -11 -9 -10 -12 -5 -8 25 23 -20 -21 28 -17 29 -6 26 -2 -23 -22 -3
right_child=1 2 3 6 24 -7 8 9 10 11 14 -13 -14 -15 -16 22 -18 -19 19 20 21 27 -24 -25 -26 -27 -28 -29 -30 -31
leaf_value=0.00045155416586826976 0.018865267617734018 0.018228189488978086 0.0068384418730425634 0.027047881310199546 -0.012359156260329508 0.023872709364475997 -0.018567870923789438 0.021607496178277143 0.024975073705363511 -0.02083243825814067 0.0072054374567915901 -0.0055894844349358621 0 0.0039536616357427326 0.00014357964270828675 0.016040259366772586 -0.0029606977167551947 -0.025805963995685563 0.017658051630178508 -0.018285964376980907 -0.016283315051754028 -0.0019871693581969738 0.001308860839593008 0.029856494441106336 -0.034111490110086247 -0.017330967969131836 -0.009908166598570297 0.015148633713098845 0.0033263637565881222 0
leaf_weight=45.466873563826084 16.38123581558466 30.508767336606979 30.846110958606005 42.183781027793884 69.738513961434364 94.207186762243509 121.56267060339451 60.723672404885292 89.981472350656986 124.5223561450839 383.73154900223017 827.37891311943531 96.403995983302593 82.712198488414288 2396.0635100007057 54.68003311008215 80.186654485762119 58.120324961841106 31.313010580837727 21.659361101686954 25.90264143794775 25.912632614374161 103.8033572435379 32.170747578144073 18.931256417185068 14.420037679374216 17.585033416748047 52.871270135045052 22.636576488614082 33.085132293403149
leaf_count=267 111 145 185 213 533 508 696 356 462 715 1830 5263 472 415 12785 271 385 466 160 108 128 113 505 167 105 101 120 251 108 165
internal_value=0.000243085 -0.000279469 0.000133733 -0.000362573 -0.0106048 0.0171611 -4.92871e-05 -0.00271512 0.00105892 -0.00552131 0.00202129 -0.00789642 0.00818543 0.0145927 0.00115902 0.0120065 -0.0120979 -0.0169861 0.00803667 0.00275326 -0.000542388 0.00290179 0.00791018 0.0160832 -0.0169773 -0.00247659 0.0040955 0.00847952 -0.0061579 0.00950036
internal_weight=5105.69 4966.02 4859.51 4583.45 119.516 139.674 4463.93 1309.7 3154.24 1109.03 2952.49 951.901 157.128 172.694 2779.8 200.667 201.749 106.507 276.06 180.295 148.982 127.323 158.483 95.7646 88.6698 48.3863 33.9663 78.7839 48.5392 63.5939
internal_count=28109 27334 26536 25191 823 775 24368 7795 16573 6806 15492 5978 828 877 14615 989 1081 798 1345 868 708 600 776 477 638 332 231 364 236 310
cat_boundaries=0 33 66 101 135 136 137 138 170 201 233 263 288 319 320 321 322 323
cat_threshold=16384 0 131072 0 8192 32 0 3 0 33554432 1 8486912 72 2097152 262144 0 524288 66336 131072 16779344 4194304 0 8192 544 0 0 134217728 0 0 0 64 0 32 1024 0 2048 1073741856 262144 1073743112 540672 0 0 0 1073741824 8 0 67239940 16777218 163840 16777216 1075838976 1024 0 0 0 4096 0 0 0 2048 0 4 0 0 131072 536870912 0 8388608 2147483672 134217728 1048576 537001984 0 142606336 0 68 0 0 524288 0 1048576 4099 268435456 131072 0 35651584 0 4200448 0 67108864 0 0 0 256 0 0 33554432 64 1 0 2097152 0 0 35651584 64 75497504 4 4194308 2097152 2147483648 0 0 0 8192 0 4 16512 1024 2048 0 0 0 32768 268435488 2148532224 4 0 10 128 0 2097152 0 0 0 256 1179662 1312587 3964960 0 536870912 25732 2147549184 2112 2281701376 0 262144 0 5308416 41152 17408 2048 16384 0 0 576 0 0 0 262144 0 0 0 0 0 0 0 0 0 0 16777216 0 0 65664 0 38984 2283012096 0 262176 1048576 1048576 32898 17408 167772160 37765121 0 1024 0 0 0 0 32 0 0 32768 0 0 0 134217728 512 0 1024 0 134217728 268500994 536870914 268468228 1310736 2097152 288 536870912 1075838976 4194304 0 0 134217728 0 0 0 1048576 2 262144 268435456 0 131072 131072 0 0 1 134217728 0 0 0 2147483648 0 67108864 0 16777216 16 301989888 150995008 0 35 16 131072 2147483648 20971520 0 0 0 0 2147483648 0 4 32768 131840 1 0 75497472 0 0 131072 0 128 0 69206016 524288 270532612 2149580800 337707073 150995008 8192 1 32768 131072 2048 4194308 0 0 2048 65536 0 0 4 32768 256 0 16384 268435488 0 0 0 131072 2147631618 65729 0 2148532224 1082130432 268435456 33554432 134219778 268435712 0 128 16 0 32768 0 0 536870912 0 256 16640 809500672 0 0 0 0 0 256 12924928 6588954 1254656 524320
is_linear=0
shrinkage=0.04


Tree=106
num_leaves=31
num_cat=18
split_feature=50 50 50 52 50 50 50 50 50 50 50 50 30 39 52 52 52 13 39 14 52 43 18 39 30 39 52 53 11 33
split_gain=26.2818 19.816 12.885 10.3991 45.3994 41.9409 29.6713 26.4914 18.7464 18.472 14.8732 11.4731 10.9363 9.58943 8.69717 8.2409 7.38223 6.9103 5.93816 5.62255 5.60922 5.53113 5.17438 5.15907 4.88686 4.86207 4.18726 4.03597 3.97309 4.51807
threshold=0 1 2 3 4 5 6 7 8 9 10 11 0.7500000298023225 0.23117408901453021 12 13 14 0.9529346525669099 0.77888888120651256 0.99479165673255932 15 -0.56174489110708226 0.5040983557701112 0.46247655153274542 0.45454545319080358 0.93405798077583324 16 17 7.5000000000000009 0.12068965658545495
decision_type=9 9 9 1 9 9 9 9 9 9 9 9 10 8 1 1 1 2 8 10 1 2 10 10 8 8 1 1 10 10
left_child=16 14 13 4 21 26 17 -6 20 12 -11 -10 -8 22 18 28 -1 -7 -2 25 -9 23 -3 -4 -16 -17 -5 -19 29 -15
right_child=1 2 3 5 7 6 9 8 11 10 -12 -13 -14 15 24 19 -18 27 -20 -21 -22 -23 -24 -25 -26 -27 -28 -29 -30 -31
leaf_value=-0.001492134271662472 0.016873560175838721 -0.013893207227695006 -0.0036084073784999355 -0.0072250674986575007 -0.014634371537016237 0.020101332351611198 0.020071050824113566 0.00071020069864993047 0.0077282582668715041 0.0047437219176440851 -0.0053198761853017152 -0.001961345238171769 0.0014473721673480316 0.0052564006764261187 -0.001080975695996798 0.031515465305264112 0.017410775126312131 0.010727261807783415 -0.012174584424553977 0.00093341974346059853 0.016130093384719543 0.023049223470534987 0.0084547177674743883 0.020318787505308019 -0.024973087710269289 0.01092820047812173 -0.022800956995554744 -0.0076557396784851474 0.013775592711943592 -0.013546195796414796
leaf_weight=43.678621277213097 19.705901876091957 37.929817169904709 30.309544682502747 86.851313456892967 179.40768484398723 125.84060856699944 81.027698859572411 66.326702497899532 211.92555983364582 270.91967045888305 1362.2387439161539 1389.2957129105926 130.31832153350115 41.71546895802021 18.534425932914019 55.723087519407272 163.12236281484365 22.037543579936028 15.372751057147978 23.573559626936913 143.5052637681365 156.8488453142345 21.632480807602406 19.090367019176483 92.777266934514046 42.981593362987041 150.22568049281836 24.370969191193581 27.448586575686932 30.711961977183819
leaf_count=219 124 175 160 476 953 642 468 358 1078 1342 8083 7711 626 195 156 272 845 104 104 108 753 843 100 100 603 205 813 122 140 154
internal_value=2.63005e-05 -0.000580306 -0.000105622 -0.000645764 0.0013028 -0.00254982 -0.000611258 -0.000593949 0.000894768 -0.0021446 -0.00361034 -0.000606705 0.00858209 0.00796137 -0.0143651 0.0120338 0.0134972 0.014558 0.00297226 0.0182457 0.0117175 0.0184976 -0.00544068 0.00628817 -0.0196913 0.0237026 -0.0179437 0.00147636 0.00181755 -0.0028182
internal_weight=5085.45 4878.65 4732.26 4450.54 2196.71 2253.83 2016.75 1990.46 1811.05 1844.5 1633.16 1601.22 211.346 281.717 146.39 222.154 206.801 172.249 35.0787 122.278 209.832 206.249 59.5623 49.3999 111.312 98.7047 237.077 46.4085 99.876 72.4274
internal_count=28032 26968 25981 24632 11956 12676 11387 10853 9900 10519 9425 8789 1094 1349 987 1074 1064 868 228 585 1111 1103 275 260 759 477 1289 226 489 349
cat_boundaries=0 34 70 105 106 137 162 198 231 264 294 329 357 358 359 360 361 362 363
cat_threshold=0 0 131072 0 2228776 2084 0 32770 16777216 33554432 1 0 0 8192 0 0 1 268435712 131072 33554432 12648448 2101248 1 32 4194304 0 0 0 536870912 0 0 0 0 40960 0 0 2176 0 1024 32768 134217728 4 1048576 1024 1107304576 0 33554432 167772161 0 528384 0 0 8 65536 0 0 0 1081344 0 16 0 1048576 33555968 4194304 1024 0 2 0 0 512 0 0 16777216 256 134217728 2686452736 268566537 262145 8388608 0 0 8388608 67108870 0 0 1048578 0 2147500576 0 64 0 65536 256 0 0 262144 0 0 0 0 0 0 0 0 2147483664 8868030 0 0 134479874 302448776 268443648 135170 0 0 16 32 0 16387 4718593 131072 0 256 0 32768 536870914 0 0 0 0 0 0 0 0 0 0 0 524352 0 0 201588738 302055561 269484032 67244032 0 0 33558544 268436000 0 24576 17301504 0 0 1073742080 512 32768 536870914 0 0 0 0 0 32 16384 67108864 4168 1024 2147483648 64 65536 2181038112 288 1073741888 131136 576 0 0 0 2048 0 131072 0 0 268435456 0 0 0 167772160 0 8192 0 0 0 0 0 67108864 0 8192 33554432 16 67108864 33554532 2098176 0 0 65536 32 536870944 81936 64 512 0 16384 0 2048 64 4096 0 0 8224 2048 0 2147500032 33554432 0 8192 0 0 33554432 0 0 67108864 128 134217728 67657728 0 1310720 0 8388672 16384 4096 805306368 0 73728 16778240 524288 1 0 8 0 4194304 0 1157628928 0 0 131072 0 0 16 0 0 0 0 16785440 32 0 2097152 33554480 2097152 32768 16384 16777216 0 536870913 4194432 2147483648 16 8650752 0 0 1024 2112 4160 0 0 32 131072 2097152 67125250 67108864 512 4 0 0 33554432 16 4194304 4 32800 4097 269484032 2149580802 1048576 0 65536 4194304 32772 2048 0 128 0 0 1048577 0 0 0 2568 8388608 2147483648 0 2048 0 0 0 256 128 2147483648 524288 0 524288 0 16777216 268435456 67112967 33554434 0 4 12288 1073741824 1048576 268435456 2048 268435472 128 2147745792 1073741824 0 2097152 0 0 537133056 0 0 0 536870944 0 0 2097408 7110657 10784013 4218978 131078 2629696 100
is_linear=0
shrinkage=0.04


Tree=107
num_leaves=31
num_cat=16
split_feature=50 50 50 52 50 52 38 10 50 50 52 52 50 52 39 28 52 52 13 52 30 39 15 38 3 37 37 53 39 0
split_gain=24.1636 16.3889 11.7346 10.4432 10.2089 12.8902 8.27118 7.69785 18.216 13.1512 9.90459 9.60371 9.0681 14.4989 7.28609 9.67424 7.02442 6.72973 6.61349 6.22214 4.49608 4.42726 4.37177 4.25399 3.76262 4.56318 9.81182 3.58189 3.32621 2.99629
threshold=0 1 2 3 4 5 0.72776681184768688 13.500000000000002 6 7 8 9 10 11 0.61180555820465099 1.0000000180025095e-35 12 13 0.85053193569183361 14 0.55000004172325145 0.23861283808946612 0.99479165673255932 1.0000000180025095e-35 1.0000000180025095e-35 0.16530054807662967 0.63574936985969555 15 0.83527129888534557 13.500000000000002
decision_type=9 9 9 1 9 1 8 2 9 9 1 1 9 1 10 10 1 1 2 1 10 10 10 10 2 10 10 1 10 2
left_child=6 3 14 27 5 18 29 9 -9 11 20 23 13 -11 15 17 -14 21 -4 -8 -10 -3 -20 -6 25 -7 -27 -2 -16 -1
right_child=1 2 4 -5 7 24 19 8 10 12 -12 -13 16 -15 28 -17 -18 -19 22 -21 -22 -23 -24 -25 -26 26 -28 -29 -30 -31
leaf_value=-0.0016913707771509163 0.013143265238604492 -0.019908584400430869 0.0079453869669120301 -0.018653448340211286 -0.012965354277619818 0.024823743001824484 -0.0024279691284011702 0.016027499565820533 0.0073417111543108591 0.018423178941446138 -0.01856197956154855 -0.019212039217455974 -0.0024337608980093059 -0.0019972660582589256 -0.014073588869774929 0.023816757135770087 0.0010658176813204939 0.012479449659544473 -0.016815065987137005 0.027719857655804217 -0.014328665314772282 0.0033934600823499177 0.0029107291920415137 0.0064416902509321049 0.001272464308392567 -0.00050102205339600447 0.024477957551389908 -0.0056589213623898299 0.0062189758424629543 0.012969495523536356
leaf_weight=40.320156939327717 19.521390121430159 20.001348704099655 41.201684087514877 112.0180450938642 21.274404309689999 57.758763715624809 16.941159788519144 30.638380147516727 48.022400997579098 94.284957684576511 128.88152841851115 89.622181840240955 1607.8047602400184 111.27465657144785 22.20859632641077 72.258172243833542 2091.4451527893543 46.472857370972633 53.103259868919849 64.321656819432974 16.394196730107069 22.263805158436298 21.846781864762306 52.622168861329556 38.73621891438961 60.025310195982456 36.30562349408865 19.13508939743042 18.937251858413219 37.685094892978668
leaf_count=226 129 96 210 705 117 265 94 151 315 488 948 588 8768 603 129 377 11347 233 258 387 114 116 103 290 187 298 176 137 100 217
internal_value=0.000152068 -0.000358187 6.41124e-05 -0.0127284 -0.000359381 0.0064828 0.0147944 -0.000877418 -0.00802201 -0.000472031 -0.0124245 -0.0110883 9.3729e-06 0.00789434 0.00915487 0.0133856 -0.000453505 0.00386102 -0.00374967 0.0243585 0.000789821 -0.006727 -0.0109927 0.000118421 0.0125685 0.0159432 0.00945909 0.00448326 -0.00463871 0.00550508
internal_weight=5113.33 4954.06 4803.38 150.675 4601.24 308.978 159.268 4292.26 223.937 4068.33 193.298 163.519 3904.81 205.56 202.142 160.996 3699.25 88.738 116.152 81.2628 64.4166 42.2652 74.95 73.8966 192.826 154.09 96.3309 38.6565 41.1458 78.0053
internal_count=28172 27248 26277 971 25226 1497 924 23729 1528 22201 1377 995 21206 1091 1051 822 20115 445 571 481 429 212 361 407 926 739 474 266 229 443
cat_boundaries=0 35 69 106 107 141 142 175 208 209 210 247 248 249 250 251 252
cat_threshold=33554432 0 262144 9216 4160 2 131076 3 0 33554436 1 0 2 8192 0 0 268435456 0 131072 16777216 4194560 0 8449 67108864 0 0 0 16 0 0 2097152 2147483648 0 0 524304 0 0 268435456 1077936128 655616 69632 16793600 0 135266816 0 131072 0 16384 0 16777216 131456 0 0 33554432 0 0 8388608 0 0 536875008 0 0 0 0 2048 0 0 0 4352 16384 0 0 768 0 512 262144 128 2 32 100663300 0 67112968 0 1081344 0 0 0 0 33556544 8519680 2064 131072 0 0 0 134217728 8 0 0 0 8192 0 0 32 0 131072 263818 0 0 0 262144 278552 0 679477248 1073750016 4096 66 0 258 0 32768 0 1048576 0 32768 0 8 0 4096 0 16672 0 0 4 131072 0 0 268697728 64 0 40960 2681890 0 0 0 0 0 0 0 0 0 0 0 0 0 0 0 0 64 0 0 0 403702784 0 32 0 4194816 1024 8192 0 0 4194304 0 16777216 67108864 0 0 0 8 8388608 67108864 4194304 4 536870976 1572864 2147483648 32 0 16384 1 69632 32770 5 0 2147483648 268435456 0 16384 0 67109376 0 16 1048576 64 4194432 0 0 67108864 4519936 6402233 0 138412032 655360 0 0 134217729 0 0 4 134250496 128 1024 512 1572864 4194304 1 0 262144 0 262144 553648160 0 0 0 32 0 0 16777216 8388608 0 41944064 0 1 0 0 33554432 32768 2112955 3765377 11780114 33220 88
is_linear=0
shrinkage=0.04


Tree=108
num_leaves=31
num_cat=17
split_feature=50 50 50 52 50 52 52 50 50 50 50 52 50 52 39 43 52 31 50 38 36 36 14 52 10 26 42 38 37 39
split_gain=22.538 18.5721 10.9401 10.3121 8.94495 8.65762 8.23769 41.6197 24.737 17.5198 15.8549 13.9962 10.2594 8.00801 6.53994 6.4824 5.80632 5.71043 4.9794 4.84721 4.49192 3.9358 8.26128 4.14404 3.84844 3.67835 3.53283 2.8288 2.78648 3.62839
threshold=0 1 2 3 4 5 6 7 8 9 10 11 12 13 0.57275134325027477 1.0000000180025095e-35 14 0.40212766826152807 15 0.63733074069023143 0.83424907922744762 0.65058138966560375 0.9569842815399171 16 4.5000000000000009 0.050252525135874755 0.6078576147556306 0.85786435008049022 0.72613638639450084 0.90990260243415844
decision_type=9 9 9 1 9 1 1 9 9 9 9 1 9 1 8 2 1 10 9 8 8 8 10 1 2 2 2 10 8 8
left_child=20 5 3 21 13 17 7 -6 16 11 -9 -10 -11 25 -5 -12 18 -2 -8 -19 -1 23 -23 -3 -18 -4 -16 -15 -7 -30
right_child=1 2 4 14 6 28 8 10 9 12 15 -13 -14 27 26 -17 24 19 -20 -21 -22 22 -24 -25 -26 -27 -28 -29 29 -31
leaf_value=0.017713551941865413 -0.015984692291749002 -0.0056749631800477379 -0.019024379586646135 0.0047476675780954063 0.02216213578049522 -0.023083266391505954 0.0055068288295032344 -0.014549580309610146 -0.0072810469295528923 0.0067390185183688776 -0.0026742242135400847 0.015247766358476352 -0.0020181542806239827 0.012155766377379399 0.031263217658454953 0.0068188039186243259 -0.018720549091929713 0.019443242513007768 -0.010701255543847323 -0.0042370532750125858 0 -0.021375832243735304 0.0080144919179078438 0.013054466004425114 -0.0050488563322822477 0.0016292094018547773 0.0072510708636707531 -0.0010242087627416812 -0.018428854375054281 0.0030956097499001268
leaf_weight=135.8940513767302 17.310533691197634 21.805096343159676 20.726177059113979 45.413030132651329 130.86845773458481 91.080255758017302 50.940590545535088 108.01082120835781 49.934820413589478 216.39482232183218 246.00221346691251 171.46459598094225 2821.5721609964967 183.41112822294235 46.741307139396667 205.5865024626255 182.19918502867222 23.387981828302145 41.509475309401751 21.994925074279308 24.67539444565773 28.714456625282764 23.052300222218037 30.890398681163788 50.800266236066818 24.810738369822502 19.639162853360176 26.186768881976604 19.941232491284609 20.121959321200848
leaf_count=703 113 105 100 222 670 592 225 582 286 1131 1341 950 15842 895 261 1131 949 121 294 125 120 134 115 154 313 130 104 123 138 137
internal_value=1.36113e-05 -0.000481545 2.78198e-05 0.00851854 -0.000399852 -0.0121567 -0.000847258 0.00310108 -0.00162305 -0.000542056 -0.00178393 0.00994239 -0.00135778 0.00665402 0.01637 0.00159608 -0.0118896 0.000527052 -0.00206234 0.00828804 0.0141015 -0.000716901 -0.00838254 0.00641657 -0.0153476 -0.00695207 0.0254448 0.00996599 -0.0177888 -0.00803029
internal_weight=5101.08 4940.51 4746.67 216.256 4530.42 193.837 4275.28 690.468 3584.82 3259.37 559.6 221.399 3037.97 255.135 111.794 451.589 325.45 62.6934 92.4501 45.3829 160.569 104.462 51.7668 52.6955 232.999 45.5369 66.3805 209.598 131.143 40.0632
internal_count=28106 27283 26057 1095 24962 1226 23714 3724 19990 18209 3054 1236 16973 1248 587 2472 1781 359 519 246 823 508 249 259 1262 230 365 1018 867 275
cat_boundaries=0 35 67 102 103 140 141 142 177 214 245 276 277 308 309 310 328 329
cat_threshold=0 536870912 16777248 2415919104 17408 0 134217728 2 150994944 16384 1 0 524296 0 2147483648 0 1 256 0 16777232 8454400 0 139264 0 0 0 0 16777216 0 0 0 0 524288 8192 16 0 0 1075937280 131104 0 1073742208 17055744 33570816 0 0 0 134217728 20480 1 8196 256 0 0 0 0 0 0 0 268435456 4 0 0 128 1536 8406016 0 2155872256 33554432 0 0 67108864 1179648 268435456 0 67141648 0 167903238 0 1024 18 32768 0 0 0 268566592 0 0 0 0 288 1073758208 536870912 0 0 0 64 0 0 0 0 32768 2147491840 5499600 0 0 4194304 0 32769 2147483654 8192 0 8192 65536 2151677952 17 4194368 532480 0 65536 0 2147483648 536870912 0 822084608 0 2097168 0 0 0 0 0 0 128 2359296 0 0 0 0 64 131072 6310137 4259980 0 67108864 2148012040 392 2097154 4096 196608 1048576 0 0 33554432 16384 2048 128 128 526336 0 32768 134217728 0 32 0 0 0 67108864 262144 0 0 536870912 0 0 32 32 0 32 128 335544320 2148008192 256 134742018 0 196610 1048576 33554432 2097152 4 0 2048 128 67108865 524288 0 32800 134217728 0 0 0 0 256 67108864 0 0 0 0 0 0 0 67108896 0 32 0 16384 0 134217728 8385 0 0 98304 0 2147483648 257 16 128 2050 0 134217728 32768 0 8 0 10 0 8192 0 8388608 2 33554464 512 0 2097168 0 0 8388864 0 0 134243396 4096 2064 131136 9 0 536870912 1073741840 67108864 2 0 134217728 0 0 576 0 2 0 8192 8 0 0 33554464 0 0 0 0 0 8388608 1704960 16400 6291456 268566528 34079744 4194344 16 536870912 0 0 0 67108864 288 67108864 0 0 0 0 0 0 33554433 32768 33620488 0 132096 402653184 1 0 0 0 2048 4 2165956 3314176 0 0 524288 0 0 0 0 1048576 0 0 0 0 2048 0 0 0 0 32768 4391424
is_linear=0
shrinkage=0.04


Tree=109
num_leaves=31
num_cat=17
split_feature=50 50 52 50 52 50 50 50 50 52 52 15 50 50 52 52 36 8 33 14 9 52 38 19 52 33 18 37 38 38
split_gain=20.7404 18.0053 11.7877 11.3842 11.0664 37.0621 17.3926 17.0777 11.2018 9.85731 9.71808 9.63697 8.80988 8.14361 8.99925 8.60297 6.92302 6.19569 5.95635 5.73545 5.39286 5.12453 4.89688 4.5238 4.42563 5.2075 4.40431 4.38605 4.85953 3.72086
threshold=0 1 2 3 4 5 6 7 8 9 10 0.53907206654548656 11 12 13 14 0.77003204822540294 14.500000000000002 0.04557673633098603 0.94174209237098705 12.500000000000002 15 0.067424245178699507 1.5000000000000002 16 0.35059525072574621 0.49747474491596227 0.32822014391422277 0.56330129504203807 0.41223156452178961
decision_type=9 9 1 9 1 9 9 9 9 1 1 8 9 9 1 1 8 10 10 8 10 1 8 2 1 10 10 8 8 8
left_child=-1 2 26 10 5 18 11 21 9 16 -3 24 -9 15 -15 -10 -8 29 -5 20 -13 -7 -14 -11 25 -6 -2 -4 -29 -12
right_child=1 3 27 4 6 7 8 12 13 23 17 19 22 14 -16 -17 -18 -19 -20 -21 -22 -23 -24 -25 -26 -27 -28 28 -30 -31
leaf_value=-0.014819375412538282 -0.0049866152672280633 -0.0019563554009368444 0.0089973117738380692 0 0.017880393714982318 -0.0076726276910328954 -0.0063910003663944842 -0.0010285123040655437 -0.0013892611623829824 -0.0084135622378978224 -0.0026655585578049534 0.00018723577259553963 0.0029994927808487943 0.0021247670195170712 -0.0022797473632009554 0.013244998207168041 0.0098366496892976617 0.035106081381708475 0.020807948680424494 -0.0073148951563871134 0.018066982954350531 0.0078725628760065794 -0.015047327579754338 -0.02573312934119603 0.025217449257013694 -0.006486340714688941 0.012804393182781693 0.011471980129218382 0.036479586987751077 0.016566274584060726
leaf_weight=131.9057197868824 67.994599211961031 65.132888704538345 42.403443358838558 29.986895203590393 20.514503471553326 32.799553759396076 130.61871355772018 125.60364632308483 107.70897760242224 61.233106911182404 18.851869322359562 60.17741409689188 21.936034128069878 1393.768322404474 1552.1261230744421 141.84285525977612 55.619236975908279 25.749733276665211 90.672579504549503 46.442047998309135 47.790950998663902 113.64434340596199 428.63541518524289 54.032368272542953 61.705057665705681 25.543703630566597 26.948795504868031 29.990302745252848 40.489112034440041 48.739285744726658
leaf_count=941 375 368 241 131 98 171 641 725 544 300 102 306 155 7259 8766 701 266 140 457 224 232 579 2869 308 331 126 143 180 233 266
internal_value=-2.60466e-06 0.000430153 0.0115445 -8.55701e-05 -0.000467381 -0.00456837 0.000461789 -0.00805682 -0.000295913 -0.00747794 0.00996932 0.0101095 -0.0111454 0.000407283 -0.000188912 0.00713247 -0.00124454 0.0175943 0.014757 0.00369915 0.0087279 0.00387759 -0.0137987 -0.0160929 0.0194425 0.00389943 0.000228199 0.0197629 0.0275682 0.0111127
internal_weight=5100.61 4968.7 207.826 4760.88 4602.4 843.278 3759.12 722.619 3496.95 301.503 158.474 262.174 576.175 3195.45 2945.89 249.552 186.238 93.3409 120.659 154.41 107.968 146.444 450.571 115.265 107.763 46.0582 94.9434 112.883 70.4794 67.5912
internal_count=28178 27237 1172 26065 25189 5087 20102 4499 18785 1515 876 1317 3749 17270 16025 1245 907 508 588 762 538 750 3024 608 555 224 518 654 413 368
cat_boundaries=0 36 73 74 109 110 141 172 202 231 232 233 261 296 297 298 299 300
cat_threshold=0 0 0 4194432 0 0 1145044992 134348928 134217728 8388608 0 4194308 335560704 1124073472 0 163840 16777216 0 0 0 0 8 0 0 536870912 0 2048 8192 4 16384 0 0 0 0 0 33554944 0 0 20971520 0 0 524288 536870912 262144 16777216 37765120 4194304 2147484672 526336 0 1048576 256 0 268435456 4325376 16777216 8388608 0 8193 16 138412032 0 4 0 0 0 268435456 2147483648 0 8192 0 64 131072 4659041 16512 0 268566528 16908288 0 98336 262144 2147491840 0 131072 72 0 2 1179648 524288 0 0 768 0 2048 4194304 2097152 0 0 0 1 134234113 0 0 0 0 0 524288 0 2147483680 3672064 0 612368384 2147762176 0 3145748 0 131073 33554432 536870912 0 8192 16400 262148 0 0 4096 64 0 0 0 269516832 0 32 2147483648 0 512 0 0 0 0 8388608 0 4194304 1041 402917377 0 262144 2097152 16384 0 0 0 2048 4195137 0 128 0 32776 32768 0 0 1140982784 0 0 1073742080 512 0 0 0 0 0 64 0 2097152 524292 2147549188 4233800 2099200 0 8388640 512 1075838976 32768 64 0 0 0 1073743872 65536 0 0 0 8192 0 0 67108864 0 1024 0 0 256 256 0 8388608 16516 0 2097664 1048592 0 35655712 32 67633152 32896 16384 1207959552 4194304 0 4096 526400 0 0 0 1048608 16777216 0 2147483648 8192 131072 0 0 512 12984494 5947922 0 0 67108864 299776 256 4194944 8192 2101264 4096 32768 67239936 0 0 16384 128 1025 520 0 0 262144 0 4259840 131072 131072 268435456 0 0 2097152 16 0 8200 536903680 401408 33570819 8192 0 1082134528 65600 0 1073807360 0 134217728 262144 0 0 0 0 2097152 327680 0 0 0 0 0 0 0 0 4194304 524288 0 1 0 80 12685913 234190 2097152 12660995
is_linear=0
shrinkage=0.04


Tree=110
num_leaves=31
num_cat=9
split_feature=50 50 50 50 16 28 50 50 41 50 38 29 21 32 38 16 55 41 42 7 53 54 53 40 38 18 14 42 0 16
split_gain=20.8054 14.4756 8.99617 7.3999 7.76487 7.47855 13.2097 9.3205 9.58766 8.58175 10.9668 8.54886 6.47288 6.06292 6.04302 6.74021 5.83084 5.42311 3.98754 3.91379 6.19409 3.86814 3.8393 4.58667 3.76062 3.68715 4.75405 3.37661 3.05618 5.32242
threshold=0 1 2 3 0.030690737999975685 12.500000000000002 4 5 -0.7865660786628722 6 0.19836065918207171 1.5000000000000002 4.5000000000000009 0.94201681017875682 0.46737588942050939 0.23166368901729587 25.049374580383304 -0.91597560048103321 -0.60785761475563038 10.500000000000002 7 121.42750930786134 8 -0.7865660786628722 0.15504807978868487 0.09175084158778192 0.9569842815399171 0.6078576147556306 14.500000000000002 0.16321352869272235
decision_type=9 9 9 9 2 10 9 9 2 9 8 10 10 10 10 2 2 2 2 2 1 2 1 2 10 10 10 2 2 2
left_child=13 14 17 4 25 6 -5 -7 16 10 -8 -11 19 -1 -2 -16 -9 -3 -10 20 -6 -14 -19 -24 -23 26 -4 -27 29 -15
right_child=1 2 3 5 12 7 9 8 18 11 -12 -13 21 28 15 -17 -18 22 -20 -21 -22 24 23 -25 -26 27 -28 -29 -30 -31
leaf_value=-0.0009718672533803066 -0.020924349648589479 -0.0087774210309890591 0.013922950110208512 -0.012024396969644961 0.0086018325856580778 0.010169110447584622 0.033066389859759467 0.016962973155990491 -0.0024227928312499018 0.00073833278911768717 0.0042791213780762095 -0.0039580106525788864 0 0.01336370788430449 -0.011649021977780496 0.015184751748280764 -0.010173566239708776 0.015596848835012417 -0.016989229674630898 0.011836303320201769 -0.010608533238934615 0.006710840299905688 -0.0076957807195482892 0.0090444486965849079 0.024358615316858394 -0.011922137974412793 -0.005397299797601997 0.0043170678905612532 0.019934043572285811 -0.0072222441956615018
leaf_weight=45.596666850149632 73.471740156412125 22.385740481317043 36.409237802028656 135.0054074190557 32.769169226288795 31.932589292526245 22.076801434159279 26.002297297120094 43.678670182824135 2736.8870935663581 118.48247791826725 795.50730337575078 20.661407187581062 82.123645856976509 42.637853283435106 16.61805135384202 16.195251621305943 92.026140321046114 151.20856828615069 39.961206130683422 47.086487859487534 38.714378029108047 33.874322578310966 72.670262612402439 64.716893814504147 63.893566846847534 34.314322479069233 23.936696857213974 97.217053264379501 21.241544708609581
leaf_count=226 565 107 175 846 153 164 138 175 276 14930 706 4355 107 408 246 131 108 508 1089 195 218 187 201 372 305 296 175 110 479 92
internal_value=0.00027053 -0.000319245 6.38123e-05 -0.000331812 0.00473564 -0.000852465 -0.000389196 -0.00724144 -0.00984408 8.12747e-05 0.00928089 -0.00031685 0.00927664 0.0112689 -0.0126492 -0.00321635 0.00614989 0.00768028 -0.0139669 0.00227878 -0.0026839 0.0155285 0.0101812 0.00315371 0.0185515 -0.00190818 0.00454743 -0.00728681 0.0146529 0.00881069
internal_weight=5079.3 4833.12 4700.4 4479.44 402.463 4076.98 3807.96 269.017 237.085 3672.95 140.559 3532.39 243.91 246.179 132.728 59.2559 42.1975 220.956 194.887 119.817 79.8557 124.093 198.571 106.545 103.431 158.554 70.7236 87.8303 200.582 103.365
internal_count=28043 26838 25896 24708 1921 22787 20975 1812 1648 20129 844 19285 1165 1205 942 377 283 1188 1365 566 371 599 1081 573 492 756 350 406 979 500
cat_boundaries=0 35 68 103 139 172 200 232 233 234
cat_threshold=33554432 0 0 8192 2147516416 1048576 16777216 2 16777216 36 0 1 0 131088 2147483648 0 0 1 4325376 16777280 276824064 8 1 1073741824 268435456 513 0 16777216 0 0 35651584 0 0 0 32 0 268435456 0 64 67108864 71303168 8192 0 0 0 0 0 41984 67371008 117448704 128 276824064 1048592 134217728 0 0 0 0 1081344 0 2048 0 0 516 0 16777216 0 32 0 0 17825792 524544 0 524292 1073741824 0 2 33554432 33554432 8256 71303168 1090519040 0 69632 0 268435520 0 16 21037056 4096 0 67109152 0 0 134217728 0 0 0 0 0 0 0 80 0 138412032 268439556 4 1048577 2048 0 128 64 0 2147483648 2155872256 5 0 0 1073741824 256 2130432 536870912 2056 0 33554432 32 0 0 0 4 0 0 0 0 0 0 8192 786432 64 16384 0 262144 1024 0 0 0 268566528 0 12582920 4194304 132096 16384 32768 0 8388608 32768 1024 0 2147483648 1141113856 134217728 0 0 33554432 0 8208 134742272 0 33554432 0 0 67108866 0 0 0 0 0 0 0 1048576 0 0 0 0 0 0 0 0 0 262144 0 0 1049600 0 8519680 147456 4194816 0 8192 2097152 268435456 0 0 2099200 0 4096 268435456 2147516432 0 268435472 130 0 0 524288 524288 536870912 66048 32 0 0 0 131072 2097152 0 40960 0 0 0 8388864 0 1024 2147491840 56 76
is_linear=0
shrinkage=0.04


Tree=111
num_leaves=31
num_cat=16
split_feature=50 50 50 9 50 0 50 27 52 37 52 50 50 50 50 18 52 28 52 17 52 29 52 52 43 42 30 37 17 21
split_gain=24.0295 19.0302 12.1156 11.4735 8.99388 7.76794 11.2812 8.72539 7.72448 6.62433 6.5465 29.9682 22.4103 19.1868 17.2545 10.1479 5.83223 5.78037 5.36215 5.31636 5.25216 4.7746 4.48995 4.1424 3.95715 3.64304 3.45786 2.71533 5.14541 2.66341
threshold=0 1 2 12.500000000000002 3 32.500000000000007 4 -0.017700501717627045 5 0.76546981930732738 6 7 8 9 10 0.83527129888534557 11 1.5000000000000002 12 0.54653680324554454 13 -6.4999999999999991 14 15 -0.56174489110708226 -1.0000000180025095e-35 0.7500000298023225 0.62605932354927074 0.14142857491970065 1.5000000000000002
decision_type=9 9 9 8 9 2 9 2 1 10 1 9 9 9 9 8 1 8 1 10 1 8 1 1 2 2 8 8 10 10
left_child=16 3 8 22 23 10 7 18 24 26 11 15 19 -13 -14 -6 -1 20 -7 -12 -8 -19 25 -4 -3 -2 -10 28 -24 -5
right_child=1 2 4 29 5 6 17 -9 9 -11 12 13 14 -15 -16 -17 -18 21 -20 -21 -22 -23 27 -25 -26 -27 -28 -29 -30 -31
leaf_value=0.0055139405441587555 0.0059619345586222373 0.0030508802951565868 0.0025032589641596748 0.032724937219172315 0.0070466472569591463 0.018760732466460851 -0.011160198770328129 -0.0088757301450548953 0.005044186965052511 0.018583420716418692 0.018035915631455127 0.0057321626059430092 -0.0094858301845650219 -0.0075979721216307416 0.0015985915012801618 0.02972733650753134 -0.019269299509051509 -0.010297214351731327 -0.0021130221368846429 0 0.0046023149951781766 -0.029968025516784187 8.2018262757614047e-05 -0.012848588297967301 0.020896777763698832 -0.013014237920615207 -0.0085908895504294945 0.0022049424337767876 0.022213952758817594 0.010467971002106129
leaf_weight=15.027525361627339 26.209174260497093 31.349059700965881 33.810327045619488 38.611543342471123 190.01842468976974 43.375243633985519 61.3380774743855 44.989826172590256 44.922468706965446 23.381001822650433 156.42872498184443 206.42678157240152 233.52502993121743 819.23412525653839 2316.075651653111 35.637358628213406 112.99355370551348 67.476228635758162 30.415168061852455 31.722020789980888 49.513739485293627 34.696323722600937 27.062280595302582 120.24126464873552 87.114808544516563 27.688277564942837 66.268423557281494 47.281697556376457 49.247698605060577 22.818427957594395
leaf_count=90 124 164 220 244 890 208 386 217 221 118 860 1093 1185 5063 12329 174 836 511 176 175 298 225 122 741 449 130 336 235 232 112
internal_value=0.000213829 0.000680724 0.000103159 0.0113501 -0.000386086 -2.722e-05 -0.00586529 0.00385336 0.00836745 0.00111635 0.000460041 -0.00191656 0.00155641 -0.00485195 0.000525997 0.0108132 -0.0159471 -0.0110118 0.0124279 0.0143511 -0.00461828 -0.0182502 0.00615718 -0.0094378 0.0154034 -0.00318366 -0.00293001 0.00983438 0.0150988 0.0261687
internal_weight=5094.9 4966.88 4727.96 238.919 4474.92 4320.87 331.805 118.78 253.036 134.572 3989.07 1251.32 2737.75 1025.66 2549.6 225.656 128.021 213.024 73.7904 188.151 110.852 102.173 177.489 154.052 118.464 53.8975 111.191 123.592 76.31 61.43
internal_count=28164 27238 26039 1199 24751 23790 2021 601 1288 675 21769 7220 14549 6156 13514 1064 926 1420 384 1035 684 736 843 961 613 254 557 589 354 356
cat_boundaries=0 30 65 100 136 172 173 174 202 227 254 289 290 291 292 293 294
cat_threshold=0 0 321 4194432 524288 8392960 1077936128 8 1049088 1048576 8 8 0 1073741824 134217732 512 8393728 0 1073741824 16 0 0 16384 0 0 0 0 128 4 1024 16384 536870912 0 4096 278528 16384 268697600 2 16777217 33619968 1 2147483648 0 2 0 1 0 0 4194304 17039425 8388608 65536 8192 0 0 0 0 8 0 0 16777472 0 1 0 16 0 0 83886080 2147491840 0 524290 0 1073741825 0 32 131072 16913 2050 16384 0 2 65536 2147549184 0 2048 4194560 2097160 8388608 1073741824 0 0 16384 131072 0 0 0 0 0 0 64 0 0 2048 268435456 8388608 8 0 16384 0 8388608 1073741824 163840 1073742080 67764256 0 0 0 3072 8 2147483648 269484032 0 8 1048578 536870916 2048 2048 0 1024 0 0 32 0 0 0 33554432 302252160 0 0 0 0 0 0 0 0 0 0 0 0 0 0 0 0 0 0 0 0 0 0 0 0 0 0 0 536870912 37750784 277610688 2164260928 34 32768 2048 65 7668269 3707648 0 0 16420 0 516 1050688 2147483656 262192 8192 0 0 1024 4 2097152 0 4096 512 262144 0 0 134217728 0 32 2147500032 0 512 8192 2097152 0 4194304 268500992 17170432 268443904 0 33554432 2105344 134217730 268566528 33554432 8192 1572880 8192 262145 272 16777216 0 0 4 0 0 1 16 32 0 201326592 2147483648 65554 36872 2283995136 131072 8388992 0 1073742336 8256 0 262144 0 67108864 536870912 268435520 1 536870912 0 0 0 131072 0 33554432 0 1 0 0 34623488 0 8 2147485760 8 128 8192 144 0 0 262148 0 67108864 4096 0 1 0 0 134250496 16777216 0 2147500032 33587200 0 1 136314880 0 0 0 0 0 0 524288 2097162 12816643 10238611 6367798 18092
is_linear=0
shrinkage=0.04


Tree=112
num_leaves=31
num_cat=17
split_feature=50 50 50 52 52 50 50 50 50 52 50 52 53 53 50 35 28 64 52 39 13 14 8 33 33 19 12 53 30 28
split_gain=20.7721 17.9044 10.5027 10.1017 9.31379 33.3528 18.7737 16.5543 12.892 9.36757 8.72296 9.04723 8.75919 8.01906 7.92947 7.87255 7.09198 6.23854 6.21478 5.71972 5.63661 5.62263 5.6134 5.04703 4.72698 4.48803 4.44307 4.38364 4.29173 4.11303
threshold=0 1 2 3 4 5 6 7 8 9 10 11 12 13 14 0.49747474491596227 1.0000000180025095e-35 1.0000000180025095e-35 15 0.74801588058471691 0.97014260292053234 0.40108695626258856 11.500000000000002 0.04557673633098603 0.13358586281538012 7.5000000000000009 3.5000000000000004 16 0.93357846140861522 -2.4999999999999996
decision_type=9 9 9 1 1 9 9 9 9 1 9 1 1 1 9 10 8 2 1 10 2 8 10 10 10 2 10 1 10 10
left_child=18 -2 3 26 5 23 13 16 9 28 11 -10 -12 22 25 -16 17 -6 27 -11 -15 -18 -7 -4 -19 -8 -3 -1 -9 -25
right_child=1 2 4 -5 7 6 14 8 10 19 12 -13 -14 20 15 -17 21 24 -20 -21 -22 -23 -24 29 -26 -27 -28 -29 -30 -31
leaf_value=0.011429427579424405 -0.013459579951912078 0.0081865062618139781 0.00029143100417283984 -0.00069977450578033549 -0.012149066695008292 0.017834909441786558 -0.0049865813399823074 0.005513048350984995 0.018899058585669062 -0.017055682932729469 0.0015743764696815085 0.0020832817579452016 -0.002782135048743238 0.00047645332053662448 -0.0096466121954626866 -0.021372310625867526 0.0030779509908642794 0.0023416555672010233 0.016849486031334175 0.0019142369491555928 -0.019189879211085132 0.025519626945381183 -0.0022248354201552002 0.0022270729191933365 0.023462575680672323 0.015639454430830053 0.026735596918798392 -0.005529022238884628 -0.011883505491369161 0.022575399347603563
leaf_weight=24.824342675507069 154.27437290176749 50.51243183016777 36.619710452854633 101.60722190886736 23.861798256635666 62.270475707948208 65.649770371615887 86.457895252853632 63.965785816311836 157.96763426437974 1708.2846904695034 186.83234993368387 1275.5499745495617 74.483005486428738 247.19341094046831 170.75348487868905 28.865355886518955 58.386578120291233 134.39010651037097 26.82065062969923 27.628013342618942 65.288195893168449 29.420614749193192 24.126000575721264 21.416218221187592 17.175968758761883 48.930194281041622 47.605256289243698 24.943808577954769 75.13592904061079
leaf_count=127 965 277 163 508 123 306 402 487 339 888 9170 1040 6909 388 1528 1359 157 286 737 153 129 328 140 122 106 128 252 276 127 380
internal_value=-0.000130747 -0.000672779 -0.000213197 0.0083995 -0.000623677 -0.00441599 -0.00800427 0.000229929 -0.000415918 -0.00819511 0.000324796 0.00727188 -0.000285906 0.00246609 -0.012049 -0.0143414 0.0110683 0.00384282 0.0118392 -0.0135074 -0.0048523 0.0193434 0.01034 0.0127656 0.00929476 0 0.0167447 0.00101823 0.00101561 0.0181655
internal_weight=5121.24 4914.42 4760.15 201.05 4559.1 830.456 694.575 3728.64 3530.82 296.19 3234.63 250.798 2983.83 193.802 500.773 417.947 197.818 103.665 206.82 184.788 102.111 94.1536 91.6911 135.882 79.8028 82.8257 99.4426 72.4296 111.402 99.2619
internal_count=28300 27160 26195 1037 25158 5045 4380 20113 19113 1655 17458 1379 16079 963 3417 2887 1000 515 1140 1041 517 485 446 665 392 530 529 403 614 502
cat_boundaries=0 36 66 101 102 103 134 164 189 224 225 257 258 259 260 289 290 291
cat_threshold=16 0 71434240 8192 18874368 2178 33554432 0 16777216 33554436 0 0 8 8192 128 0 1 0 4194304 50331712 12648448 0 8388608 256 0 512 0 16 0 0 0 0 1 32768 0 64 0 0 134250496 20972800 67108880 1073741824 16384 512 2147491904 201326592 256 0 0 100663424 8192 32768 0 0 33554432 0 0 2097152 2097152 32768 33554436 0 0 0 4 2048 268451968 1610612736 8192 0 4194304 262176 0 134479872 0 1073741824 37748736 0 0 0 1048576 1048576 0 2149580800 0 1 16777216 4194832 1 0 0 0 134217728 8 0 0 301989888 0 0 0 2147483648 11348011 3672064 0 8388608 16512 2147614720 64 2147483648 262144 33554464 512 4227088 8192 16464 0 0 0 6146 64 0 0 0 268468256 0 131104 2147483648 4194304 0 8196 0 0 0 8388608 0 2097152 2148007940 102404 33036 3145728 131073 4096 536870912 2097152 32768 0 264196 16384 0 1073741824 512 0 0 0 0 4104 0 0 0 1024 0 2097152 0 256 0 20971520 65552 603979776 139264 16388 8192 16384 134217728 147552 1073872896 8390656 4194369 0 294912 256 0 1048576 0 0 393216 0 0 16 536870912 1025 2097152 16384 131200 328 4096 0 33558560 536870912 0 0 16 10244 16384 0 4096 16777216 0 0 0 268435488 0 32 2147483648 0 1024 8196 524288 512 0 16777216 0 0 0 524288 135853 0 335544320 1 9 1024 34209792 2097218 1 8388611 0 0 65536 269484032 150994944 0 0 0 0 0 2097156 0 33554688 0 4128 0 0 17 0 64 0 262144 16777216 4243537 92 26 0 201326592 262145 2688 1050626 4259840 2097152 8388880 1 16384 128 0 4096 0 0 1024 8 131072 0 262144 1048576 65536 0 67108864 268435456 0 1 0 256 5058640 48
is_linear=0
shrinkage=0.04


Tree=113
num_leaves=31
num_cat=16
split_feature=50 50 50 35 52 50 52 52 35 50 52 53 36 52 50 50 50 50 43 36 64 27 36 37 37 29 38 37 53 36
split_gain=21.4969 16.763 12.7951 10.1615 11.7237 10.0788 16.9448 8.96891 8.32973 7.82899 9.70205 9.40967 7.04372 6.61188 41.496 28.1366 19.9691 19.3785 5.77577 5.77175 5.69647 4.89336 4.10877 7.75148 3.95442 3.94084 3.56817 3.43432 3.16864 2.98356
threshold=0 1 2 0.72821971774101268 3 4 5 6 0.54653680324554454 7 8 9 0.63702240586280834 10 11 12 13 14 1.0000000180025095e-35 0.97530490159988414 1.0000000180025095e-35 -0.082650274038314805 0.55753466486930858 0.47722567617893225 0.53950104117393505 -1.0000000180025095e-35 0.18274582922458651 0.21483516693115237 15 0.66904762387275707
decision_type=9 9 9 8 1 9 1 1 8 9 1 1 8 1 9 9 9 9 2 8 2 2 8 10 10 8 10 8 1 10
left_child=7 22 3 4 27 6 -4 18 29 10 26 -12 -6 14 19 21 -17 -16 -1 -11 -14 -15 23 -2 -5 -10 -7 -3 -28 -9
right_child=1 2 5 24 12 9 -8 8 25 13 11 -13 20 15 17 16 -18 -19 -20 -21 -22 -23 -24 -25 -26 -27 28 -29 -30 -31
leaf_value=-0.01404535924280367 0.015235776784729741 0.0137194459120636 -0.01074918373634199 -0.017728989815591303 0.03019537189184323 -0.0059203388377497843 0.016033214998380046 0.028972539085355964 0.012555179777439076 0.023071417628872277 0.0066374117751783262 -0.017072642971877657 0.020146932775599979 0.0058995308621773114 -0.013075376974562796 -0.015454456876677122 -0.0019898213050498722 0.0010260373033934382 0.011468254920294614 0 -0.0072934715244989106 0.018551496850039852 -0.023978556403864506 -0.014370224851539 0.004383679181273476 -0.0073316219041522756 -0.0027007442613156268 -0.002767580236524052 0.017044593016035083 0.010462721987719333
leaf_weight=28.820366814732552 13.228919792920349 21.417630709707737 41.814315408468246 23.751426815986633 65.751671120524406 24.809057086706161 118.84724574536085 70.92899027466774 31.708276957273483 147.91137044876814 27.101378984749317 142.036751113832 19.405628889799118 117.60416070371866 169.84654174745083 177.33605464175344 2398.2925536371768 979.05360381305218 19.11248591542244 19.946328550577164 18.795326553285122 99.082773707807064 51.726880230009556 58.099895242601633 18.521591082215309 22.558583699166775 18.380156297236681 78.574301544576883 23.570182941854 31.778000898659229
leaf_count=160 102 108 240 138 352 160 592 393 161 808 172 920 109 632 822 994 13280 5265 117 101 99 459 372 474 108 112 110 441 142 160
internal_value=-0.000111367 -0.000664895 -0.000260553 0.00834184 0.0123749 -0.000761188 0.00862621 0.0121187 0.0166507 -0.00114137 -0.00801445 -0.0129337 0.0206344 -0.000714231 0.00160294 -0.00181678 -0.00300872 -0.00118309 -0.00283621 0.0193141 0.00690142 0.0115423 -0.0144091 -0.007979 -0.00817851 0.00402974 0.00429042 0.000966474 0.0116562 0.0241828
internal_weight=5079.81 4874.91 4751.85 246.218 203.945 4505.63 160.662 204.907 156.974 4344.97 235.898 169.138 103.953 4109.07 1316.76 2792.32 2575.63 1148.9 47.9329 167.858 38.201 216.687 123.056 71.3288 42.273 54.2669 66.7594 99.9919 41.9503 102.707
internal_count=28103 27000 26052 1355 1109 24697 832 1103 826 23865 1504 1092 560 22361 6996 15365 14274 6087 277 909 208 1091 948 576 246 273 412 549 252 553
cat_boundaries=0 35 68 105 106 142 143 144 181 182 183 184 216 250 287 318 319
cat_threshold=0 2097152 0 8192 2147483648 0 12 0 16777216 33554432 32768 1024 0 0 0 8388609 268437504 1 131072 33554432 813694976 33558544 8193 0 512 0 134217728 0 0 0 64 0 67108864 0 2097152 0 0 0 1077936288 67239936 1073742080 524288 32 0 0 0 131072 16777216 67108865 4 131072 16777216 0 1073741826 1073741824 0 0 0 0 32768 0 2048 0 1028 75497472 16777216 0 524290 0 0 4160 8 4194320 128 0 194 33 268500993 33554432 512 524290 0 0 0 0 2097472 0 16777220 4194304 0 8388608 0 0 0 0 8 0 0 2097152 0 33 0 0 0 131072 7713324 0 0 524288 537133056 16777216 32800 536870912 0 8392706 4 0 2148007937 0 40960 294913 536871168 512 1048576 0 72 0 256 0 512 0 0 0 16 0 0 0 2147491840 0 0 16 524288 1643272 1327192 0 268435456 33564688 268438528 524297 0 4194304 0 512 1048592 0 0 8388609 33554432 16777344 0 0 0 0 2147483648 0 25165824 16777216 1024 0 131072 0 128 33816576 0 0 0 0 4096 0 33554432 32768 8455721 8 4468766 0 0 327680 98306 268468736 134504512 65602 2097408 0 512 0 2048 2064 0 0 0 0 0 0 0 201326592 196608 0 4368 134217728 0 0 0 0 0 0 16777248 0 0 1141899265 2164260864 33556480 33619969 0 0 0 1073741824 67108864 134217736 134479872 16 0 0 65536 278528 0 1 0 8 0 2147483680 4194304 1 8192 0 0 0 8388736 0 0 32768 0 0 327680 65536 268435968 201588736 65538 2097152 272 0 4194308 0 4195408 0 0 524288 32768 2048 134217728 0 0 0 0 4368 134217728 0 0 0 0 0 0 32 0 0 0 512 16384 0 0 84934661 4096 2052 67584 2147483648 33554432 536870912 1073774592 67240128 16 0 2097168 0 0 0 32768 0 0 0 0 32 2147500064 4194304 0 0 0 0 0 8388736 37
is_linear=0
shrinkage=0.04


end of trees

feature_importances:
station_id=843
target_hour=577
district_code=142
bike_ratio_lag_7d=138
dock_ratio_lag_1d=120
bike_ratio_lag_1d=111
dock_ratio_lag_7d=103
target_weekday=83
target_hour_sin=79
latitude=77
longitude=76
target_hour_cos=75
bike_ratio_mean_90=68
target_weekday_sin=66
dock_ratio_max_90=58
bike_ratio_lag_30=52
dock_ratio_mean_90=52
bike_ratio_min_90=40
bike_ratio_lag_90=39
bikes_lag_90=36
available_bikes=35
dock_ratio_lag_60=35
dock_acceleration_30=34
bike_ratio_lag_60=32
bike_acceleration_30=32
bikes_lag_60=30
red_duration_capped_6=29
delta_bikes_60=28
bikes_lag_30=26
delta_bikes_90=26
docks_lag_90=25
dock_ratio_lag_90=25
delta_bikes_ratio_30=22
target_weekday_cos=22
dock_ratio_lag_30=21
capacity=19
docks_lag_60=19
bike_ratio=17
delta_docks_ratio_30=17
bike_ratio_max_90=17
docks_lag_30=14
delta_bikes_30=9
abs_delta_bikes_30=8
same_red_count_past_90=7
unavailable_count=6
delta_docks_30=5
target_is_peak=5
target_is_weekend=4
same_red_lag_7d=3
red_duration_log1p_capped=3
unavailable_ratio=2
delta_docks_60=2
delta_docks_90=2
suspected_large_jump_past=1
same_red_lag_1d=1

parameters:
[boosting: gbdt]
[objective: binary]
[metric: binary_logloss]
[tree_learner: serial]
[device_type: cpu]
[data_sample_strategy: bagging]
[data: ]
[valid: ]
[num_iterations: 114]
[learning_rate: 0.04]
[num_leaves: 31]
[num_threads: 1]
[seed: 20260904]
[deterministic: 1]
[force_col_wise: 1]
[force_row_wise: 0]
[histogram_pool_size: -1]
[max_depth: 8]
[min_data_in_leaf: 100]
[min_sum_hessian_in_leaf: 0.001]
[bagging_fraction: 0.85]
[pos_bagging_fraction: 1]
[neg_bagging_fraction: 1]
[bagging_freq: 1]
[bagging_seed: 12470]
[bagging_by_query: 0]
[feature_fraction: 0.8]
[feature_fraction_bynode: 1]
[feature_fraction_seed: 4027]
[extra_trees: 0]
[extra_seed: 10433]
[early_stopping_round: 0]
[early_stopping_min_delta: 0]
[first_metric_only: 0]
[max_delta_step: 0]
[lambda_l1: 0.5]
[lambda_l2: 5]
[linear_lambda: 0]
[min_gain_to_split: 0]
[drop_rate: 0.1]
[max_drop: 50]
[skip_drop: 0.5]
[xgboost_dart_mode: 0]
[uniform_drop: 0]
[drop_seed: 31873]
[top_rate: 0.2]
[other_rate: 0.1]
[min_data_per_group: 100]
[max_cat_threshold: 32]
[cat_l2: 10]
[cat_smooth: 10]
[max_cat_to_onehot: 4]
[top_k: 20]
[monotone_constraints: ]
[monotone_constraints_method: basic]
[monotone_penalty: 0]
[feature_contri: ]
[forcedsplits_filename: ]
[refit_decay_rate: 0.9]
[cegb_tradeoff: 1]
[cegb_penalty_split: 0]
[cegb_penalty_feature_lazy: ]
[cegb_penalty_feature_coupled: ]
[path_smooth: 0]
[interaction_constraints: ]
[verbosity: -1]
[saved_feature_importance_type: 0]
[use_quantized_grad: 0]
[num_grad_quant_bins: 4]
[quant_train_renew_leaf: 0]
[stochastic_rounding: 1]
[linear_tree: 0]
[max_bin: 127]
[max_bin_by_feature: ]
[min_data_in_bin: 3]
[bin_construct_sample_cnt: 200000]
[data_random_seed: 5033]
[is_enable_sparse: 1]
[enable_bundle: 1]
[use_missing: 1]
[zero_as_missing: 0]
[feature_pre_filter: 1]
[pre_partition: 0]
[two_round: 0]
[header: 0]
[label_column: ]
[weight_column: ]
[group_column: ]
[ignore_column: ]
[categorical_feature: 50,51,52,53]
[forcedbins_filename: ]
[precise_float_parser: 0]
[parser_config_file: ]
[objective_seed: 5097]
[num_class: 1]
[is_unbalance: 0]
[scale_pos_weight: 1]
[sigmoid: 1]
[boost_from_average: 1]
[reg_sqrt: 0]
[alpha: 0.9]
[fair_c: 1]
[poisson_max_delta_step: 0.7]
[tweedie_variance_power: 1.5]
[lambdarank_truncation_level: 30]
[lambdarank_norm: 1]
[label_gain: ]
[lambdarank_position_bias_regularization: 0]
[eval_at: ]
[multi_error_top_k: 1]
[auc_mu_weights: ]
[num_machines: 1]
[local_listen_port: 12400]
[time_out: 120]
[machine_list_filename: ]
[machines: ]
[gpu_platform_id: -1]
[gpu_device_id: -1]
[gpu_device_id_list: ]
[gpu_use_dp: 0]
[num_gpu: 1]

end of parameters

pandas_categorical:[[1, 2, 6, 7, 8, 9, 11, 19, 24, 27, 28, 29, 30, 31, 32, 33, 34, 36, 37, 38, 39, 40, 41, 43, 45, 46, 47, 49, 50, 51, 52, 56, 57, 58, 61, 62, 63, 64, 65, 71, 72, 74, 75, 77, 79, 84, 90, 91, 94, 96, 97, 99, 100, 101, 102, 103, 104, 105, 107, 108, 110, 111, 112, 113, 114, 115, 116, 117, 118, 119, 120, 121, 122, 123, 124, 125, 127, 128, 129, 130, 131, 132, 133, 134, 135, 136, 137, 138, 139, 140, 141, 142, 143, 144, 145, 146, 147, 148, 149, 150, 151, 152, 153, 154, 155, 156, 157, 158, 159, 160, 162, 163, 164, 165, 166, 167, 168, 169, 170, 171, 172, 173, 174, 175, 176, 177, 178, 179, 180, 181, 183, 184, 185, 186, 187, 188, 189, 190, 192, 193, 194, 195, 196, 197, 198, 199, 200, 201, 202, 203, 204, 205, 206, 207, 208, 209, 210, 211, 212, 213, 214, 215, 216, 217, 218, 219, 220, 221, 222, 223, 224, 225, 226, 227, 228, 229, 230, 231, 232, 233, 234, 236, 237, 238, 239, 240, 241, 242, 243, 244, 245, 246, 247, 248, 249, 250, 251, 252, 253, 254, 255, 256, 257, 258, 259, 260, 261, 262, 263, 264, 265, 266, 267, 268, 269, 270, 271, 272, 273, 274, 275, 276, 277, 278, 279, 280, 281, 282, 283, 284, 285, 286, 288, 289, 290, 292, 293, 294, 295, 296, 297, 298, 299, 300, 301, 302, 303, 304, 305, 307, 308, 309, 312, 313, 314, 315, 316, 317, 318, 319, 321, 322, 323, 324, 325, 326, 327, 328, 329, 330, 331, 332, 333, 334, 335, 336, 337, 338, 339, 341, 342, 344, 345, 346, 347, 348, 349, 350, 351, 352, 353, 354, 356, 357, 358, 359, 360, 361, 362, 363, 364, 365, 366, 368, 369, 370, 371, 372, 373, 374, 375, 376, 377, 378, 379, 380, 383, 384, 385, 386, 387, 388, 389, 390, 391, 392, 393, 394, 395, 396, 397, 399, 400, 401, 402, 403, 404, 405, 406, 407, 408, 409, 410, 411, 412, 413, 414, 415, 416, 417, 418, 419, 420, 422, 423, 424, 425, 426, 427, 428, 429, 430, 431, 432, 433, 434, 435, 438, 439, 440, 441, 442, 443, 444, 445, 446, 447, 448, 449, 451, 452, 453, 456, 458, 459, 460, 461, 462, 464, 465, 466, 467, 469, 470, 471, 473, 474, 475, 476, 477, 478, 479, 480, 481, 483, 484, 485, 486, 488, 489, 490, 491, 492, 493, 494, 495, 496, 497, 498, 499, 500, 502, 505, 507, 508, 509, 510, 511, 512, 513, 514, 515, 516, 517, 519, 520, 521, 522, 523, 524, 525, 526, 527, 528, 529, 530, 531, 532, 533, 534, 536, 537, 538, 539, 540, 541, 543, 544, 545, 546, 547, 549, 550, 551, 552, 553, 554, 555, 556, 557, 558, 559, 560, 561, 562, 563, 564, 565, 566, 567, 568, 569, 570, 571, 572, 573, 574, 575, 577, 578, 579, 581, 582, 583, 584, 585, 586, 587, 588, 589, 590, 591, 592, 593, 595, 596, 597, 598, 599, 600, 601, 603, 604, 605, 606, 608, 609, 610, 611, 612, 613, 615, 616, 617, 618, 619, 620, 622, 623, 624, 625, 626, 628, 630, 631, 632, 633, 634, 635, 636, 637, 639, 640, 641, 642, 643, 644, 645, 646, 647, 648, 650, 652, 653, 654, 655, 656, 657, 658, 659, 660, 662, 663, 665, 666, 667, 668, 669, 670, 671, 673, 674, 675, 676, 679, 680, 681, 682, 683, 684, 685, 686, 688, 692, 693, 694, 695, 696, 697, 698, 699, 701, 702, 703, 704, 705, 706, 707, 708, 709, 710, 711, 712, 713, 715, 717, 718, 719, 720, 721, 722, 723, 724, 726, 727, 728, 729, 732, 733, 734, 735, 736, 737, 739, 740, 746, 747, 748, 749, 751, 753, 755, 757, 759, 760, 761, 762, 763, 764, 766, 767, 769, 770, 771, 772, 773, 774, 775, 776, 778, 779, 780, 782, 784, 785, 786, 787, 789, 790, 791, 792, 793, 794, 795, 796, 797, 799, 800, 802, 805, 806, 807, 809, 810, 811, 812, 813, 815, 816, 817, 818, 821, 822, 823, 824, 825, 826, 827, 828, 829, 830, 831, 832, 834, 837, 838, 839, 841, 842, 843, 844, 845, 847, 849, 851, 853, 854, 855, 856, 857, 858, 859, 860, 861, 863, 864, 865, 866, 868, 869, 870, 871, 873, 874, 875, 876, 878, 881, 882, 884, 885, 886, 887, 888, 889, 890, 891, 892, 893, 894, 895, 896, 897, 898, 899, 900, 903, 904, 906, 907, 910, 911, 913, 914, 915, 917, 918, 919, 920, 921, 922, 924, 925, 926, 927, 928, 929, 930, 931, 935, 936, 937, 938, 939, 940, 941, 942, 943, 945, 946, 947, 949, 950, 951, 952, 954, 955, 957, 959, 960, 961, 963, 964, 965, 966, 967, 969, 970, 971, 972, 974, 975, 976, 978, 979, 981, 982, 983, 984, 985, 986, 987, 988, 989, 990, 991, 993, 994, 995, 996, 997, 998, 999, 1000, 1001, 1002, 1004, 1005, 1006, 1007, 1009, 1010, 1011, 1013, 1014, 1015, 1020, 1024, 1025, 1027, 1028, 1029, 1030, 1031, 1032, 1033, 1036, 1038, 1040, 1041, 1042, 1044, 1047, 1048, 1050, 1053, 1055, 1056, 1057, 1059, 1060, 1062, 1063, 1064, 1066, 1067, 1068, 1070, 1073, 1074, 1076, 1077, 1078, 1079, 1081, 1082, 1084, 1087, 1089, 1091, 1092, 1093, 1094, 1095, 1096, 1097, 1098, 1099, 1100, 1101, 1102, 1103, 1104, 1106, 1107, 1108, 1109, 1110, 1111, 1112, 1114, 1117, 1118, 1119, 1120, 1121, 1122, 1123, 1124, 1127, 1128, 1129, 1130, 1132, 1133, 1134, 1135, 1136, 1138, 1139, 1140, 1141, 1142, 1143, 1144, 1145, 1146, 1147, 1149, 1150, 1151, 1153, 1155, 1156, 1157, 1158, 1159, 1160, 1161, 1162, 1163, 1165, 1166, 1167, 1168, 1170, 1171, 1172, 1173, 1175, 1177, 1178, 1179, 1180, 1181, 1182, 1183, 1186, 1187, 1188, 1189, 1190, 1191, 1192, 1193, 1195, 1196, 1197, 1198, 1199, 1200, 1203, 1206, 1207, 1208, 1209, 1210, 1211, 1212, 1213, 1214, 1215, 1216, 1217, 1218, 1220, 1222, 1223, 1224, 1226, 1230, 1231, 1232, 1233, 1234, 1235, 1236, 1238, 1240, 1241, 1245, 1246, 1250, 1252, 1253, 1254, 1255, 1256, 1257, 1258, 1259, 1260, 1261, 1262, 1263, 1267, 1268, 1269, 1270, 1271, 1272, 1273, 1274, 1275, 1276, 1279, 1280, 1281, 1282, 1283, 1285, 1286, 1287, 1288, 1290, 1295, 1298, 1299, 1301, 1305, 1308, 1314, 1315, 1317, 1318, 1319, 1320, 1321, 1322, 1323, 1324, 1325, 1326, 1328, 1330, 1331, 1332, 1333, 1334, 1335, 1336, 1337, 1342, 1345, 1346, 1347, 1348, 1349, 1350, 1351, 1352, 1354, 1355, 1356, 1357, 1359, 1360, 1362, 1365, 1367, 1369, 1370, 1371, 1378, 1379, 1380, 1383, 1384, 1385, 1387, 1389, 1390, 1391, 1394, 1395, 1396, 1397, 1399, 1400, 1403, 1404, 1406, 1407, 1409, 1410, 1416, 1418, 1419, 1422, 1425, 1426, 1428, 1429, 1430, 1432, 1433, 1434, 1436, 1437, 1438, 1442, 1443, 1444, 1445, 1446, 1453, 1455, 1457, 1459, 1462, 1463, 1464, 1465, 1466, 1467, 1469, 1471, 1472, 1473, 1474, 1475, 1476, 1477, 1482, 1483, 1484, 1485, 1487, 1488, 1492, 1496, 1497, 1498, 1499, 1505, 1506, 1508, 1512, 1514, 1515, 1516, 1518, 1519, 1522, 1523, 1524, 1526, 1530, 1531, 1532, 1533, 1535, 1536, 1537], [0, 1, 2, 3, 4, 5, 6, 7, 8, 9, 10, 11, 12, 13, 14, 15, 16, 17, 18, 20, 21, 22, 23, 24, 25, 26, 28], [0, 1, 2, 3, 4, 5, 6, 7, 8, 9, 10, 11, 12, 13, 14, 15, 16, 17, 18, 19, 20, 21, 22, 23], [1, 2, 3, 4, 5, 6, 7]]
