station_id,station_name,district,longitude,latitude,first_seen,last_seen,capacity_min,capacity_max,capacity_changed
1,三井Outlet,林口區,121.36628723144531,25.07158088684082,2026-01-01 00:00:00,2026-06-30 23:30:00,63,63,0
2,三重商工,三重區,121.480712890625,25.068679809570312,2026-01-01 00:00:00,2026-06-30 23:30:00,77,77,0
3,三重商工地下停車場,三重區,121.4835205078125,25.069660186767578,2026-01-01 00:00:00,2026-06-30 23:30:00,64,64,0
4,中和國民運動中心,中和區,121.48757934570312,24.993480682373047,2026-01-01 00:00:00,2026-06-30 23:30:00,64,64,0
5,中央路一段292巷口,土城區,121.44383239746094,24.982789993286133,2026-01-01 00:00:00,2026-06-30 23:30:00,53,53,0
6,中正民權路口,新店區,121.53359985351562,24.982629776000977,2026-01-01 00:00:00,2026-06-30 23:30:00,92,92,0
7,中港國小,新莊區,121.44783020019531,25.045629501342773,2026-01-01 00:00:00,2026-06-30 23:30:00,58,58,0
8,中興寶橋路口,新店區,121.54686737060547,24.976179122924805,2026-01-01 00:00:00,2026-06-30 23:30:00,61,61,0
9,中華中原路口,新莊區,121.4517822265625,25.054229736328125,2026-01-01 00:00:00,2026-06-30 23:30:00,64,64,0
10,五堵火車站,汐止區,121.66764068603516,25.078229904174805,2026-01-01 00:00:00,2026-06-30 23:30:00,66,66,0
11,亞東醫院,板橋區,121.45317840576172,24.998369216918945,2026-01-01 00:00:00,2026-06-30 23:30:00,61,61,0
12,仁愛公園,永和區,121.50541687011719,25.009519577026367,2026-01-01 00:00:00,2026-06-30 23:30:00,79,79,0
13,仁愛路151巷口,汐止區,121.66410064697266,25.065200805664062,2026-01-01 00:00:00,2026-06-30 23:30:00,59,59,0
14,保長公園,汐止區,121.6743392944336,25.079519271850586,2026-01-01 00:00:00,2026-06-30 23:30:00,66,66,0
15,保順環河西路口,永和區,121.50285339355469,25.011350631713867,2026-01-01 00:00:00,2026-06-30 23:30:00,69,69,0
16,健華新城社區,板橋區,121.46530151367188,25.019269943237305,2026-01-01 00:00:00,2026-06-30 23:30:00,72,72,0
17,台灣科技廣場,中和區,121.48905944824219,25.005720138549805,2026-01-01 00:00:00,2026-06-30 23:30:00,70,70,0
18,四維公園地下停車場,板橋區,121.46392059326172,25.02569007873535,2026-01-01 00:00:00,2026-06-30 23:30:00,93,93,0
19,國立師範大學林口校區,林口區,121.39794921875,25.06804084777832,2026-01-01 00:00:00,2026-06-30 23:30:00,59,59,0
20,央北三中央路口(全陽大璽),新店區,121.53338623046875,24.97878074645996,2026-01-01 00:00:00,2026-06-30 23:30:00,69,73,1
21,央北社會住宅,新店區,121.52642822265625,24.982629776000977,2026-01-01 00:00:00,2026-06-30 23:30:00,58,64,1
22,安康高中,新店區,121.51521301269531,24.969270706176758,2026-01-01 00:00:00,2026-06-30 23:30:00,75,75,0
23,安邦公園,中和區,121.49651336669922,24.996780395507812,2026-01-01 00:00:00,2026-06-30 23:30:00,53,53,0
24,建成路142巷口,汐止區,121.66255187988281,25.07335090637207,2026-01-01 00:00:00,2026-06-30 23:30:00,53,53,0
25,忠孝國中,板橋區,121.46128845214844,25.004880905151367,2026-01-01 00:00:00,2026-06-30 23:30:00,66,66,0
26,思賢國小,新莊區,121.45770263671875,25.046289443969727,2026-01-01 00:00:00,2026-06-30 23:30:00,60,65,1
27,捷運三和國中站(1號出口),三重區,121.48780059814453,25.07588005065918,2026-01-01 00:00:00,2026-06-30 23:30:00,95,95,0
28,捷運三重站(1號出口),三重區,121.48322296142578,25.05463981628418,2026-01-01 00:00:00,2026-06-30 23:30:00,61,61,0
29,捷運中原站,中和區,121.48486328125,25.00765037536621,2026-01-01 00:00:00,2026-06-30 23:30:00,99,99,0
30,捷運先嗇宮站(2號出口),三重區,121.47099304199219,25.046070098876953,2026-01-01 00:00:00,2026-06-30 23:30:00,64,64,0
31,捷運十四張站,新店區,121.52832794189453,24.98381805419922,2026-01-01 00:00:00,2026-06-30 23:30:00,95,95,0
32,捷運南勢角站(4號出口),中和區,121.50997924804688,24.98941993713379,2026-01-01 00:00:00,2026-06-30 23:30:00,96,96,0
33,捷運土城站(2號出口),土城區,121.4439468383789,24.97279930114746,2026-01-01 00:00:00,2026-06-30 23:30:00,33,69,1
34,捷運大坪林站(5號出口),新店區,121.54376220703125,24.982879638671875,2026-01-01 00:00:00,2026-06-30 23:30:00,92,92,0
35,捷運幸福站,新莊區,121.4601821899414,25.04987907409668,2026-01-01 00:00:00,2026-06-30 23:30:00,58,58,0
36,捷運府中站(1號出口),板橋區,121.45903778076172,25.008209228515625,2026-01-01 00:00:00,2026-06-30 23:30:00,91,91,0
37,捷運府中站(3號出口),板橋區,121.45899963378906,25.009000778198242,2026-01-01 00:00:00,2026-06-30 23:30:00,69,69,0
38,捷運新北產業園區站,新莊區,121.45918273925781,25.062030792236328,2026-01-01 00:00:00,2026-06-30 23:30:00,70,70,0
39,捷運新埔站(1號出口),板橋區,121.46745300292969,25.023500442504883,2026-01-01 00:00:00,2026-06-30 23:30:00,99,99,0
40,捷運新埔站(4號出口),板橋區,121.46856689453125,25.02341079711914,2026-01-01 00:00:00,2026-06-30 23:30:00,70,70,0
41,捷運新埔站(5號出口),板橋區,121.46807861328125,25.023500442504883,2026-01-01 00:00:00,2026-06-30 23:30:00,79,79,0
42,捷運新莊站(1號出口),新莊區,121.45204162597656,25.036409378051758,2026-01-01 00:00:00,2026-06-30 23:30:00,69,69,0
43,捷運景安站,中和區,121.50472259521484,24.993520736694336,2026-01-01 00:00:00,2026-06-30 23:30:00,96,96,0
44,捷運板新站,板橋區,121.47123718261719,25.014089584350586,2026-01-01 00:00:00,2026-06-30 23:30:00,96,96,0
45,捷運板橋站(1號出口),板橋區,121.46202087402344,25.013349533081055,2026-01-01 00:00:00,2026-06-30 23:30:00,86,86,0
46,捷運板橋站(3號出口),板橋區,121.4617919921875,25.0145206451416,2026-01-01 00:00:00,2026-06-30 23:30:00,89,89,0
47,捷運林口站(1號出口),林口區,121.36251068115234,25.065990447998047,2026-01-01 00:00:00,2026-06-30 23:30:00,97,97,0
48,捷運橋和站,中和區,121.4908218383789,25.00381088256836,2026-01-01 00:00:00,2026-06-30 23:30:00,62,62,0
49,捷運永安市場站,中和區,121.5111083984375,25.000490188598633,2026-01-01 00:00:00,2026-06-30 23:30:00,99,99,0
50,捷運海山站(1號出口),土城區,121.44854736328125,24.98440933227539,2026-01-01 00:00:00,2026-06-30 23:30:00,80,80,0
51,捷運海山站(3號出口)轉乘停車場,土城區,121.44911193847656,24.98638916015625,2026-01-01 00:00:00,2026-06-30 23:30:00,80,80,0
52,捷運淡水站,淡水區,121.44418334960938,25.16883087158203,2026-01-01 00:00:00,2026-06-30 23:30:00,98,98,0
53,捷運環狀線板橋站(5號出口),板橋區,121.46359252929688,25.015979766845703,2026-01-01 00:00:00,2026-06-30 23:30:00,99,99,0
54,捷運秀朗橋站,中和區,121.52496337890625,24.990449905395508,2026-01-01 00:00:00,2026-06-30 23:30:00,44,77,1
55,捷運蘆洲站,蘆洲區,121.46402740478516,25.09164047241211,2026-01-01 00:00:00,2026-06-30 23:30:00,92,92,0
56,捷運迴龍站(3號出口),新莊區,121.41304779052734,25.02276039123535,2026-01-01 00:00:00,2026-06-30 23:30:00,70,70,0
57,捷運頂埔站(2號出口),土城區,121.41780090332031,24.958520889282227,2026-01-01 00:00:00,2026-02-01 00:00:00,66,66,0
58,捷運頭前庄站(1號出口),新莊區,121.46080017089844,25.03952980041504,2026-01-01 00:00:00,2026-06-30 23:30:00,90,90,0
59,文化白雲公園,汐止區,121.65521240234375,25.056880950927734,2026-01-01 00:00:00,2026-06-30 23:30:00,76,76,0
60,斬龍山遺址文化公園,土城區,121.44770050048828,24.976659774780273,2026-01-01 00:00:00,2026-06-30 23:30:00,64,64,0
61,新北市政府(新府路),板橋區,121.46420288085938,25.012449264526367,2026-01-01 00:00:00,2026-06-30 23:30:00,68,68,0
62,新北市政府(新站路),板橋區,121.4665298461914,25.01251983642578,2026-01-01 00:00:00,2026-06-30 23:30:00,74,74,0
63,新北市立圖書館總館,板橋區,121.4556884765625,25.0014705657959,2026-01-01 00:00:00,2026-06-30 23:30:00,53,53,0
64,新北高中,三重區,121.48953247070312,25.087230682373047,2026-01-01 00:00:00,2026-06-30 23:30:00,88,88,0
65,新店行政園區,新店區,121.54205322265625,24.96756935119629,2026-01-01 00:00:00,2026-06-30 23:30:00,93,93,0
66,新店高中(中央路),新店區,121.5310287475586,24.975080490112305,2026-01-01 00:00:00,2026-06-30 23:30:00,85,85,0
67,新莊棒球場,新莊區,121.44609069824219,25.041379928588867,2026-01-01 00:00:00,2026-06-30 23:30:00,69,69,0
68,東方科學園區,汐止區,121.6495132446289,25.061260223388672,2026-01-01 00:00:00,2026-06-30 23:30:00,63,63,0
69,板橋四維公園,板橋區,121.46318817138672,25.024520874023438,2026-01-01 00:00:00,2026-06-30 23:30:00,67,67,0
70,板橋國中,板橋區,121.4543685913086,25.02499008178711,2026-01-01 00:00:00,2026-06-30 23:30:00,62,62,0
71,板橋地政事務所,板橋區,121.46333312988281,25.00840950012207,2026-01-01 00:00:00,2026-06-30 23:30:00,61,61,0
72,板橋車站,板橋區,121.46373748779297,25.015518188476562,2026-01-01 00:00:00,2026-06-30 23:30:00,95,95,0
73,林口轉運站,林口區,121.3612289428711,25.066869735717773,2026-01-01 00:00:00,2026-06-30 23:30:00,99,99,0
74,樹林大安站,樹林區,121.42180633544922,24.997379302978516,2026-01-01 00:00:00,2026-06-30 23:30:00,66,66,0
75,樹林火車站(後站),樹林區,121.4241714477539,24.99169921875,2026-01-01 00:00:00,2026-06-30 23:30:00,65,65,0
76,民生長江路口,板橋區,121.46346282958984,25.031339645385742,2026-01-01 00:00:00,2026-06-30 23:30:00,99,99,0
77,永和國民運動中心,永和區,121.5240707397461,25.003170013427734,2026-01-01 00:00:00,2026-06-30 23:30:00,53,53,0
78,永安公園,板橋區,121.4777603149414,25.024179458618164,2026-01-01 00:00:00,2026-06-30 23:30:00,64,64,0
79,永福橋,永和區,121.52417755126953,25.01003074645996,2026-01-01 00:00:00,2026-06-30 23:30:00,70,70,0
80,汐止火車站停車場,汐止區,121.66168212890625,25.067949295043945,2026-01-01 00:00:00,2026-06-30 23:30:00,99,99,0
81,汐科火車站(北),汐止區,121.65293884277344,25.064260482788086,2026-01-01 00:00:00,2026-06-30 23:30:00,76,76,0
82,汐科火車站(南),汐止區,121.64684295654297,25.062744140625,2026-01-01 00:00:00,2026-06-30 23:30:00,77,77,0
83,浮洲合宜住宅(合安一合宜路口),板橋區,121.4486312866211,24.998489379882812,2026-01-01 00:00:00,2026-06-30 23:30:00,58,58,0
84,海山高中,板橋區,121.47148895263672,25.009109497070312,2026-01-01 00:00:00,2026-06-30 23:30:00,41,80,1
85,溪頭公園,板橋區,121.46852111816406,25.033119201660156,2026-01-01 00:00:00,2026-06-30 23:30:00,58,58,0
86,漳和國中,中和區,121.50505065917969,25.002439498901367,2026-01-01 00:00:00,2026-06-30 23:30:00,65,65,0
87,福和國中,永和區,121.52092742919922,25.005950927734375,2026-01-01 00:00:00,2026-06-30 23:30:00,63,63,0
88,秀山國小,中和區,121.52191925048828,24.99612045288086,2026-01-01 00:00:00,2026-06-30 23:30:00,70,70,0
89,縣民漢生東路口,板橋區,121.46778869628906,25.015779495239258,2026-01-01 00:00:00,2026-06-30 23:30:00,71,71,0
90,臺灣藝術大學,板橋區,121.447998046875,25.00749969482422,2026-01-01 00:00:00,2026-06-30 23:30:00,65,65,0
91,華夏科技大學,中和區,121.50765228271484,24.980670928955078,2026-01-01 00:00:00,2026-06-30 23:30:00,58,58,0
92,華德公園,板橋區,121.45278930664062,24.9919490814209,2026-01-01 00:00:00,2026-06-30 23:30:00,58,58,0
93,華新街109巷11弄,中和區,121.50872802734375,24.97995948791504,2026-01-01 00:00:00,2026-06-30 23:30:00,53,53,0
94,蘆洲中原公園,蘆洲區,121.4638900756836,25.08332061767578,2026-01-01 00:00:00,2026-06-30 23:30:00,30,59,1
95,連興龍安路口,汐止區,121.65442657470703,25.062990188598633,2026-01-01 00:00:00,2026-06-30 23:30:00,70,70,0
96,重陽國小,三重區,121.48487854003906,25.066200256347656,2026-01-01 00:00:00,2026-06-30 23:30:00,61,61,0
97,錦和運動公園,中和區,121.49073028564453,24.992130279541016,2026-01-01 00:00:00,2026-06-30 23:30:00,64,64,0
98,陽光橋,新店區,121.52477264404297,24.97924041748047,2026-01-01 00:00:00,2026-06-30 23:30:00,62,76,1
99,鶯歌火車站(仁愛路),鶯歌區,121.35440826416016,24.955589294433594,2026-01-01 00:00:00,2026-06-30 23:30:00,59,69,1
100,中信國小,新莊區,121.44953918457031,25.05571937561035,2026-01-01 00:00:00,2026-06-30 23:30:00,33,58,1
101,中華電信學院,板橋區,121.46684265136719,25.008010864257812,2026-01-01 00:00:00,2026-06-30 23:30:00,9,9,0
102,員林平面停車場,土城區,121.44436645507812,24.976810455322266,2026-01-01 00:00:00,2026-06-30 23:30:00,9,9,0
103,汐萬抽水站,汐止區,121.64842987060547,25.082700729370117,2026-01-01 00:00:00,2026-06-30 23:30:00,9,9,0
104,金城峯廷街口,土城區,121.46864318847656,24.988140106201172,2026-01-01 00:00:00,2026-06-30 23:30:00,9,9,0
105,國立臺北大學(三峽校區),三峽區,121.3729019165039,24.945940017700195,2026-01-01 00:00:00,2026-06-30 23:30:00,63,99,1
106,龜山活動中心,新店區,121.55223846435547,24.903030395507812,2026-01-01 00:00:00,2026-06-30 23:30:00,8,8,0
107,三民翠華街口,板橋區,121.48023986816406,25.023170471191406,2026-01-01 00:00:00,2026-06-30 23:30:00,10,10,0
108,中正路248巷口,樹林區,121.41773986816406,25.007169723510742,2026-01-01 00:00:00,2026-06-30 23:30:00,10,10,0
109,中正路666巷口,永和區,121.51917266845703,25.009130477905273,2026-01-01 00:00:00,2026-06-30 23:30:00,10,10,0
110,中誠立體停車場,新莊區,121.45137023925781,25.047569274902344,2026-01-01 00:00:00,2026-06-30 23:30:00,10,10,0
111,二橋虹橋公園,鶯歌區,121.3259506225586,24.93453025817871,2026-01-01 00:00:00,2026-06-30 23:30:00,10,10,0
112,八安大橋(清水街),三峽區,121.36891174316406,24.92700958251953,2026-01-01 00:00:00,2026-06-30 23:30:00,10,10,0
113,嘉穗公園,中和區,121.47840118408203,24.99566078186035,2026-01-01 00:00:00,2026-06-30 23:30:00,10,10,0
114,國慶學成路口,三峽區,121.37397003173828,24.940950393676758,2026-01-01 00:00:00,2026-06-30 23:30:00,10,10,0
115,大觀路二段265巷3弄口,板橋區,121.44286346435547,24.998279571533203,2026-01-01 00:00:00,2026-06-30 23:30:00,10,10,0
116,審計人員訓練大樓,中和區,121.50955963134766,24.981840133666992,2026-01-01 00:00:00,2026-06-30 23:30:00,10,10,0
117,寶橋路29巷,新店區,121.54389190673828,24.97492027282715,2026-01-01 00:00:00,2026-06-30 23:30:00,10,10,0
118,延吉街291巷口,土城區,121.4671630859375,24.98394012451172,2026-01-01 00:00:00,2026-06-30 23:30:00,10,10,0
119,延吉街47巷口,土城區,121.47235870361328,24.98794937133789,2026-01-01 00:00:00,2026-06-30 23:30:00,10,10,0
120,捷運土城站(1號出口),土城區,121.44418334960938,24.973140716552734,2026-01-01 00:00:00,2026-06-30 23:30:00,10,10,0
121,文化一路一段190巷口,林口區,121.3790512084961,25.075490951538086,2026-01-01 00:00:00,2026-06-30 23:30:00,10,10,0
122,明德平面停車場,土城區,121.46627807617188,24.98402976989746,2026-01-01 00:00:00,2026-06-30 23:30:00,10,10,0
123,松柏公園,林口區,121.3794174194336,25.091289520263672,2026-01-01 00:00:00,2026-06-30 23:30:00,10,10,0
124,永和勵行街口,永和區,121.51583099365234,25.014549255371094,2026-01-01 00:00:00,2026-06-30 23:30:00,10,10,0
125,永安南路二段16巷口,蘆洲區,121.4676513671875,25.0770206451416,2026-01-01 00:00:00,2026-06-30 23:30:00,10,10,0
126,汐止公園,汐止區,121.65963745117188,25.06781005859375,2026-01-01 00:00:00,2026-06-30 23:30:00,10,10,0
127,淡水行政中心,淡水區,121.4440689086914,25.186960220336914,2026-01-01 00:00:00,2026-06-30 23:30:00,10,10,0
128,淡金路38巷尾,淡水區,121.45790100097656,25.160829544067383,2026-01-01 00:00:00,2026-06-30 23:30:00,10,10,0
129,湳雅夜市停車場,板橋區,121.45345306396484,25.005569458007812,2026-01-01 00:00:00,2026-06-30 23:30:00,10,10,0
130,潭底溝休憩廣場,新莊區,121.42636108398438,25.021909713745117,2026-01-01 00:00:00,2026-06-30 23:30:00,10,10,0
131,縣民富山街口,板橋區,121.4760513305664,25.022010803222656,2026-01-01 00:00:00,2026-06-30 23:30:00,10,10,0
132,胡璉故居紀念館,新店區,121.52763366699219,24.96170997619629,2026-01-01 00:00:00,2026-06-30 23:30:00,10,10,0
133,輕軌竿蓁林站,淡水區,121.45606994628906,25.162059783935547,2026-01-01 00:00:00,2026-06-30 23:30:00,10,10,0
134,中興福德三路口,汐止區,121.63076782226562,25.066410064697266,2026-01-01 00:00:00,2026-06-30 23:30:00,10,10,0
135,中華愛國路口,三峽區,121.37461853027344,24.93269920349121,2026-01-01 00:00:00,2026-06-30 23:30:00,10,10,0
136,中華日新街口,土城區,121.44463348388672,24.987560272216797,2026-01-01 00:00:00,2026-06-30 23:30:00,10,10,0
137,湖北市民活動中心,林口區,121.38670349121094,25.096120834350586,2026-01-01 00:00:00,2026-06-30 23:30:00,10,10,0
138,和平路105號,土城區,121.45128631591797,24.968469619750977,2026-01-01 00:00:00,2026-06-30 23:30:00,10,10,0
139,三和慈愛街口,三重區,121.48416900634766,25.078140258789062,2026-01-01 00:00:00,2026-06-30 23:30:00,11,11,0
140,三重社會福利服務中心,三重區,121.49127960205078,25.077810287475586,2026-01-01 00:00:00,2026-06-30 23:30:00,11,11,0
141,中山路一段17巷口,永和區,121.51374816894531,25.01038932800293,2026-01-01 00:00:00,2026-06-30 23:30:00,11,11,0
142,中正保安街三段口,樹林區,121.4127426147461,25.01239013671875,2026-01-01 00:00:00,2026-06-30 23:30:00,11,11,0
143,二橋派出所,鶯歌區,121.33883666992188,24.94215965270996,2026-01-01 00:00:00,2026-06-30 23:30:00,11,11,0
144,北城生活廣場(富貴街),新店區,121.49408721923828,24.94887924194336,2026-01-01 00:00:00,2026-06-30 23:30:00,11,11,0
145,台北醫院(民樂街),新莊區,121.45787811279297,25.04266929626465,2026-01-01 00:00:00,2026-06-30 23:30:00,11,11,0
146,台灣科技總部,新店區,121.5490493774414,24.973440170288086,2026-01-01 00:00:00,2026-06-30 23:30:00,11,22,1
147,大學學成路口,三峽區,121.37521362304688,24.94297981262207,2026-01-01 00:00:00,2026-06-30 23:30:00,11,11,0
148,寶強文化路口,新店區,121.54351043701172,24.97913932800293,2026-01-01 00:00:00,2026-06-30 23:30:00,11,11,0
149,捷運江子翠站(4號出口),板橋區,121.47306823730469,25.029460906982422,2026-01-01 00:00:00,2026-06-30 23:30:00,11,11,0
150,捷運迴龍站(2號出口),新莊區,121.41100311279297,25.021099090576172,2026-01-01 00:00:00,2026-06-30 23:30:00,11,11,0
151,林口夜市(中山路),林口區,121.38688659667969,25.079139709472656,2026-01-01 00:00:00,2026-06-30 23:30:00,11,11,0
152,水源路29巷/光華街口,中和區,121.50428771972656,25.004140853881836,2026-01-01 00:00:00,2026-06-30 23:30:00,11,11,0
153,瓦磘截流站,永和區,121.49971771240234,25.009000778198242,2026-01-01 00:00:00,2026-06-30 23:30:00,11,11,0
154,福祥永和路口,中和區,121.49938201904297,25.003650665283203,2026-01-01 00:00:00,2026-06-30 23:30:00,11,11,0
155,縣民大道三段270巷口,板橋區,121.47834777832031,25.023229598999023,2026-01-01 00:00:00,2026-06-30 23:30:00,11,11,0
156,覺明寺(豐年街53巷),新莊區,121.44721221923828,25.031719207763672,2026-01-01 00:00:00,2026-06-30 23:30:00,11,11,0
157,雙鳳公園,新莊區,121.41397857666016,25.026439666748047,2026-01-01 00:00:00,2026-06-30 23:30:00,11,11,0
158,飛駝二村,中和區,121.51138305664062,24.983600616455078,2026-01-01 00:00:00,2026-06-30 23:30:00,11,11,0
159,黃城公園(中榮街),新莊區,121.4488296508789,25.052770614624023,2026-01-01 00:00:00,2026-06-30 23:30:00,11,11,0
160,龜吼停車場,萬里區,121.68601989746094,25.195600509643555,2026-01-01 00:00:00,2026-06-30 23:30:00,11,11,0
161,春之霖社區,汐止區,121.6624984741211,25.07939910888672,2026-01-01 00:00:00,2026-06-30 23:30:00,11,11,0
162,東順街36巷口,樹林區,121.41149139404297,24.978309631347656,2026-01-01 00:00:00,2026-06-30 23:30:00,11,11,0
163,臺北大學商學院(尋鳶大道),三峽區,121.37248992919922,24.94556999206543,2026-01-01 00:00:00,2026-06-30 23:30:00,11,11,0
164,長青公園,新莊區,121.45661926269531,25.04245948791504,2026-01-01 00:00:00,2026-06-30 23:30:00,11,11,0
165,雙和公園,永和區,121.50882720947266,25.002290725708008,2026-01-01 00:00:00,2026-06-30 23:30:00,11,11,0
166,鳳七鶯歌路口,鶯歌區,121.3319320678711,24.969160079956055,2026-01-01 00:00:00,2026-06-30 23:30:00,11,11,0
167,民族街78巷口,三峽區,121.36985778808594,24.93021011352539,2026-01-30 00:30:00,2026-06-30 23:30:00,11,11,0
168,新北大道二段139巷,三重區,121.46662139892578,25.059810638427734,2026-01-30 00:30:00,2026-06-30 23:30:00,11,11,0
169,中山橋安街口,中和區,121.4925308227539,25.00274085998535,2026-01-01 00:00:00,2026-06-30 23:30:00,12,12,0
170,中正北重陽路口,三重區,121.48735809326172,25.064170837402344,2026-01-01 00:00:00,2026-06-30 23:30:00,12,12,0
171,中興復興路口,蘆洲區,121.48181915283203,25.090160369873047,2026-01-01 00:00:00,2026-06-30 23:30:00,12,12,0
172,仁信段平面停車場,三重區,121.49629211425781,25.079139709472656,2026-01-01 00:00:00,2026-06-30 23:30:00,12,12,0
173,仁美街/三和路四段145巷口,三重區,121.48635864257812,25.078720092773438,2026-01-01 00:00:00,2026-06-30 23:30:00,12,12,0
174,保安立體停車場,樹林區,121.42652130126953,24.99333953857422,2026-01-01 00:00:00,2026-06-30 23:30:00,12,12,0
175,力行新村,板橋區,121.44346618652344,24.999170303344727,2026-01-01 00:00:00,2026-06-30 23:30:00,12,12,0
176,北新新生街口,新店區,121.54061126708984,24.96561050415039,2026-01-01 00:00:00,2026-06-30 23:30:00,12,12,0
177,北新路二段228巷口,新店區,121.54283905029297,24.977750778198242,2026-01-01 00:00:00,2026-06-30 23:30:00,12,12,0
178,學府大德路口,三峽區,121.37361907958984,24.948640823364258,2026-01-01 00:00:00,2026-06-30 23:30:00,12,12,0
179,安德停車場,新店區,121.50881958007812,24.960390090942383,2026-01-01 00:00:00,2026-06-30 23:30:00,12,12,0
180,幸福中環路口,新莊區,121.44288635253906,25.049030303955078,2026-01-01 00:00:00,2026-06-30 23:30:00,12,12,0
181,後埔國小,板橋區,121.46430206298828,25.003389358520508,2026-01-01 00:00:00,2026-06-30 23:30:00,12,12,0
182,捷運三民高中站(1號出口),蘆洲區,121.47271728515625,25.085819244384766,2026-01-01 00:00:00,2026-06-30 23:30:00,12,12,0
183,文聖國小(松柏街50巷),板橋區,121.47611236572266,25.02928924560547,2026-01-01 00:00:00,2026-06-30 23:30:00,12,12,0
184,新莊國民運動中心(和興街),新莊區,121.44759368896484,25.038909912109375,2026-01-01 00:00:00,2026-06-30 23:30:00,12,12,0
185,景新立體停車場,中和區,121.51300811767578,24.989849090576172,2026-01-01 00:00:00,2026-06-30 23:30:00,12,12,0
186,東豐街85巷口,樹林區,121.41015625,24.9737491607666,2026-01-01 00:00:00,2026-06-30 23:30:00,12,12,0
187,松柏街50巷90弄口,板橋區,121.47621154785156,25.028329849243164,2026-01-01 00:00:00,2026-06-30 23:30:00,12,12,0
188,板橋435藝文特區(環河西路),板橋區,121.45059967041016,25.024730682373047,2026-01-01 00:00:00,2026-06-30 23:30:00,12,12,0
189,正和中正路口,蘆洲區,121.47058868408203,25.082870483398438,2026-01-01 00:00:00,2026-06-30 23:30:00,12,12,0
190,民族路33巷,淡水區,121.46346282958984,25.13603973388672,2026-01-01 00:00:00,2026-06-30 23:30:00,12,12,0
191,永和區公所公有新生市場,永和區,121.50704193115234,25.014020919799805,2026-01-01 00:00:00,2026-06-30 23:30:00,12,12,0
192,永成市民活動中心,永和區,121.51010131835938,25.01729965209961,2026-01-01 00:00:00,2026-06-30 23:30:00,12,12,0
193,永貞水源街口,永和區,121.51170349121094,25.004919052124023,2026-01-01 00:00:00,2026-06-30 23:30:00,12,12,0
194,汐止國民運動中心,汐止區,121.65692901611328,25.065380096435547,2026-01-01 00:00:00,2026-06-30 23:30:00,12,12,0
195,汐止國民運動中心游泳池(忠孝東路),汐止區,121.65725708007812,25.064159393310547,2026-01-01 00:00:00,2026-06-30 23:30:00,12,12,0
196,獇寮公園,樹林區,121.41264343261719,25.006940841674805,2026-01-01 00:00:00,2026-06-30 23:30:00,12,12,0
197,瑞芳運動公園,瑞芳區,121.82176971435547,25.102840423583984,2026-01-01 00:00:00,2026-06-30 23:30:00,12,12,0
198,福德二路19巷口,汐止區,121.63533020019531,25.068410873413086,2026-01-01 00:00:00,2026-06-30 23:30:00,12,12,0
199,縣民觀光街口,板橋區,121.46920013427734,25.017019271850586,2026-01-01 00:00:00,2026-06-30 23:30:00,12,24,1
200,育英建國路口,鶯歌區,121.34693145751953,24.95355987548828,2026-01-01 00:00:00,2026-06-30 23:30:00,12,12,0
201,莒光四村停車場,土城區,121.4463882446289,24.987159729003906,2026-01-01 00:00:00,2026-06-30 23:30:00,12,12,0
202,華江公園,板橋區,121.47099304199219,25.019460678100586,2026-01-01 00:00:00,2026-06-30 23:30:00,12,12,0
203,貴子路36巷3弄口,泰山區,121.42591094970703,25.041370391845703,2026-01-01 00:00:00,2026-06-30 23:30:00,12,12,0
204,頭前國小(化成路),新莊區,121.46623992919922,25.053499221801758,2026-01-01 00:00:00,2026-06-30 23:30:00,12,12,0
205,龍安成德街口,新莊區,121.42266845703125,25.019100189208984,2026-01-01 00:00:00,2026-06-30 23:30:00,12,12,0
206,中華路一段70巷口,土城區,121.44539642333984,24.988250732421875,2026-01-01 00:00:00,2026-06-30 23:30:00,12,12,0
207,八德街東豐街口,樹林區,121.4194564819336,24.97426986694336,2026-01-01 00:00:00,2026-06-30 23:30:00,12,12,0
208,建中街90巷口,新莊區,121.4468994140625,25.036590576171875,2026-01-01 00:00:00,2026-06-30 23:30:00,12,12,0
209,建六中正路口,中和區,121.48526000976562,25.002229690551758,2026-01-01 00:00:00,2026-06-30 23:30:00,12,12,0
210,捷運永寧站(4號出口),土城區,121.436767578125,24.967439651489258,2026-01-01 00:00:00,2026-06-30 23:30:00,12,12,0
211,柑園街二段363巷口,樹林區,121.36808776855469,24.94908905029297,2026-01-01 00:00:00,2026-06-30 23:30:00,12,12,0
212,民享中山路口,林口區,121.38137817382812,25.082029342651367,2026-01-01 00:00:00,2026-06-30 23:30:00,12,12,0
213,深坑雲鄉路,深坑區,121.62100982666016,24.999879837036133,2026-01-01 00:00:00,2026-06-30 23:30:00,12,12,0
214,碧潭大橋(溪洲路6巷),新店區,121.53426361083984,24.960609436035156,2026-01-01 00:00:00,2026-06-30 23:30:00,12,12,0
215,蘆洲鷺江停車場,蘆洲區,121.4769287109375,25.08618927001953,2026-01-01 00:00:00,2026-06-30 23:30:00,12,12,0
216,連城路469巷21弄,中和區,121.48432159423828,24.995080947875977,2026-01-30 00:30:00,2026-06-30 23:30:00,12,12,0
217,三信集英路口,三重區,121.48748016357422,25.085630416870117,2026-01-01 00:00:00,2026-06-30 23:30:00,13,13,0
218,三民永豐街口,板橋區,121.47917175292969,25.021039962768555,2026-01-01 00:00:00,2026-06-30 23:30:00,13,13,0
219,中坑公園,中和區,121.48294067382812,24.985149383544922,2026-01-01 00:00:00,2026-06-30 23:30:00,13,13,0
220,中山路二段90巷,板橋區,121.47522735595703,25.016340255737305,2026-01-01 00:00:00,2026-06-30 23:30:00,13,13,0
221,中正路242巷口,永和區,121.51634216308594,24.998159408569336,2026-01-01 00:00:00,2026-06-30 23:30:00,13,13,0
222,中正路347巷口,新莊區,121.44718170166016,25.03403091430664,2026-01-01 00:00:00,2026-06-30 23:30:00,13,13,0
223,中興檳榔路口,新店區,121.5418472290039,24.963369369506836,2026-01-01 00:00:00,2026-06-30 23:30:00,13,13,0
224,中華裕華街口,土城區,121.44719696044922,24.99003028869629,2026-01-01 00:00:00,2026-06-30 23:30:00,13,13,0
225,五堵車站(長安路),汐止區,121.668212890625,25.0781307220459,2026-01-01 00:00:00,2026-06-30 23:30:00,13,13,0
226,仁愛路306巷18弄口,永和區,121.5030288696289,25.008880615234375,2026-01-01 00:00:00,2026-06-30 23:30:00,13,13,0
227,保平路268巷,永和區,121.5085678100586,25.005319595336914,2026-01-01 00:00:00,2026-06-30 23:30:00,13,13,0
228,力行路二段91巷口,三重區,121.48255157470703,25.075830459594727,2026-01-01 00:00:00,2026-06-30 23:30:00,13,13,0
229,台電台北西區營業處,新莊區,121.4655990600586,25.047649383544922,2026-01-01 00:00:00,2026-06-30 23:30:00,13,13,0
230,圓通綠廊,中和區,121.49710845947266,24.99449920654297,2026-01-01 00:00:00,2026-06-30 23:30:00,13,13,0
231,大豐里(建國路),新店區,121.5379867553711,24.979909896850586,2026-01-01 00:00:00,2026-06-30 23:30:00,13,13,0
232,學成大義路口(學成路一),三峽區,121.3780288696289,24.94477081298828,2026-01-01 00:00:00,2026-06-30 23:30:00,13,13,0
233,寶中路97巷口,新店區,121.54878234863281,24.980470657348633,2026-01-01 00:00:00,2026-06-30 23:30:00,13,13,0
234,幸福路678巷口,新莊區,121.45063018798828,25.0492000579834,2026-01-01 00:00:00,2026-06-30 23:30:00,13,13,0
235,德泰公園,五股區,121.43505096435547,25.068119049072266,2026-01-01 00:00:00,2026-06-30 23:30:00,13,13,0
236,捷運江子翠站(1號出口),板橋區,121.47161865234375,25.03042984008789,2026-01-01 00:00:00,2026-06-30 23:30:00,13,13,0
237,新北市立圖書館新莊中港分館,新莊區,121.45221710205078,25.046430587768555,2026-01-01 00:00:00,2026-06-30 23:30:00,13,13,0
238,林口區停三停車場,林口區,121.3891830444336,25.078800201416016,2026-01-01 00:00:00,2026-06-30 23:30:00,13,13,0
239,樟江大橋,汐止區,121.64481353759766,25.075780868530273,2026-01-01 00:00:00,2026-06-30 23:30:00,13,13,0
240,正義國小地下停車場,三重區,121.49491119384766,25.06492042541504,2026-01-01 00:00:00,2026-06-30 23:30:00,13,13,0
241,民族路225巷,板橋區,121.4699478149414,25.007789611816406,2026-01-01 00:00:00,2026-06-30 23:30:00,13,13,0
242,民生路二段/文化路一段286巷口,板橋區,121.4688491821289,25.021320343017578,2026-01-01 00:00:00,2026-06-30 23:30:00,13,13,0
243,深坑國中,深坑區,121.61888885498047,25.001670837402344,2026-01-01 00:00:00,2026-06-30 23:30:00,13,13,0
244,清水高中(國際路),土城區,121.46498107910156,24.98033905029297,2026-01-01 00:00:00,2026-06-30 23:30:00,13,13,0
245,福順街,樹林區,121.4155502319336,24.979129791259766,2026-01-01 00:00:00,2026-06-30 23:30:00,13,13,0
246,縣民民生路口,板橋區,121.47071838378906,25.018360137939453,2026-01-01 00:00:00,2026-06-30 23:30:00,13,13,0
247,重慶路89巷,板橋區,121.4620590209961,25.006330490112305,2026-01-01 00:00:00,2026-06-30 23:30:00,13,13,0
248,頂溪國小地下停車場,永和區,121.51056671142578,25.0145206451416,2026-01-01 00:00:00,2026-06-30 23:30:00,13,13,0
249,光復光榮巷口,板橋區,121.48473358154297,25.021390914916992,2026-01-01 00:00:00,2026-06-30 23:30:00,13,13,0
250,安民街35巷口,新店區,121.51564025878906,24.964839935302734,2026-01-01 00:00:00,2026-06-30 23:30:00,13,13,0
251,新海抽水站停車場,板橋區,121.45536804199219,25.027759552001953,2026-01-01 00:00:00,2026-06-30 23:30:00,13,13,0
252,訊塘社區公園,八里區,121.39608764648438,25.14550018310547,2026-01-01 00:00:00,2026-06-30 23:30:00,13,13,0
253,長興街二段62號,汐止區,121.67449188232422,25.081920623779297,2026-01-01 00:00:00,2026-06-30 23:30:00,13,13,0
254,鹿角溪公園,樹林區,121.39591217041016,24.97150993347168,2026-01-01 00:00:00,2026-06-30 23:30:00,13,13,0
255,樹林區第三平面停車場,樹林區,121.41107177734375,24.989280700683594,2026-01-01 00:00:00,2026-06-30 23:30:00,13,13,0
256,汐萬康寧街口,汐止區,121.65023040771484,25.07478904724121,2026-01-01 00:00:00,2026-06-30 23:30:00,13,13,0
257,萬里區行政中心,萬里區,121.68907165527344,25.178110122680664,2026-01-01 00:00:00,2026-06-30 23:30:00,13,13,0
258,雙城公園(安康路),新店區,121.49034881591797,24.951759338378906,2026-01-01 00:00:00,2026-06-30 23:30:00,13,13,0
259,三樹大學路口,三峽區,121.37815856933594,24.939510345458984,2026-01-01 00:00:00,2026-06-30 23:30:00,14,24,1
260,中山路二段416巷38弄口,板橋區,121.48152923583984,25.019359588623047,2026-01-01 00:00:00,2026-06-30 23:30:00,14,14,0
261,中正路883巷口,新莊區,121.41681671142578,25.02490997314453,2026-01-01 00:00:00,2026-06-30 23:30:00,14,14,0
262,俊英大安路口,樹林區,121.42817687988281,25.0037899017334,2026-01-01 00:00:00,2026-06-30 23:30:00,14,14,0
263,保安保福路二段口,永和區,121.50869750976562,25.014970779418945,2026-01-01 00:00:00,2026-06-30 23:30:00,14,14,0
264,保福保福路二段133巷口,永和區,121.50969696044922,25.014219284057617,2026-01-01 00:00:00,2026-06-30 23:30:00,14,14,0
265,八德公園,板橋區,121.47482299804688,25.023780822753906,2026-01-01 00:00:00,2026-06-30 23:30:00,14,14,0
266,八德立體停車場,新莊區,121.42532348632812,25.0227108001709,2026-01-01 00:00:00,2026-06-30 23:30:00,14,14,0
267,八里區民活動中心,八里區,121.40126037597656,25.149330139160156,2026-01-01 00:00:00,2026-06-30 23:30:00,14,14,0
268,台練橋,汐止區,121.6626968383789,25.072010040283203,2026-01-01 00:00:00,2026-06-30 23:30:00,14,14,0
269,國慶路149巷口,板橋區,121.46150970458984,24.996049880981445,2026-01-01 00:00:00,2026-06-30 23:30:00,14,14,0
270,學府大成路口,樹林區,121.38139343261719,24.950899124145508,2026-01-01 00:00:00,2026-06-30 23:30:00,14,14,0
271,寶高路120巷口,新店區,121.55432891845703,24.976219177246094,2026-01-01 00:00:00,2026-06-30 23:30:00,14,14,0
272,文化二路一段260巷口,林口區,121.3710708618164,25.073659896850586,2026-01-01 00:00:00,2026-06-30 23:30:00,14,14,0
273,新莊運動公園地下停車場,新莊區,121.44940948486328,25.042999267578125,2026-01-01 00:00:00,2026-06-30 23:30:00,14,14,0
274,新鳳公園,鶯歌區,121.32473754882812,24.97319984436035,2026-01-01 00:00:00,2026-06-30 23:30:00,14,14,0
275,景新國小,中和區,121.51480102539062,24.988929748535156,2026-01-01 00:00:00,2026-06-30 23:30:00,14,14,0
276,樂活公園,林口區,121.3761215209961,25.06705093383789,2026-01-01 00:00:00,2026-06-30 23:30:00,14,14,0
277,民族路314巷口,蘆洲區,121.4770736694336,25.090200424194336,2026-01-01 00:00:00,2026-06-30 23:30:00,14,14,0
278,民權二十張路口,新店區,121.53965759277344,24.98291015625,2026-01-01 00:00:00,2026-06-30 23:30:00,14,14,0
279,浮洲運動公園,板橋區,121.44979858398438,25.014190673828125,2026-01-01 00:00:00,2026-06-30 23:30:00,14,14,0
280,淡蘭吊橋,石碇區,121.6515884399414,25.005699157714844,2026-01-01 00:00:00,2026-06-30 23:30:00,14,14,0
281,烘爐地山下籃球場,中和區,121.49870300292969,24.979799270629883,2026-01-01 00:00:00,2026-06-30 23:30:00,14,14,0
282,玫瑰公園,板橋區,121.45543670654297,25.02372932434082,2026-01-01 00:00:00,2026-06-30 23:30:00,14,14,0
283,秀山公園(北側),中和區,121.52326965332031,24.995920181274414,2026-01-01 00:00:00,2026-06-30 23:30:00,14,14,0
284,秀朗路二段24巷16弄24號,永和區,121.52007293701172,25.002389907836914,2026-01-01 00:00:00,2026-06-30 23:30:00,14,14,0
285,立功公園,林口區,121.35858154296875,25.067630767822266,2026-01-01 00:00:00,2026-06-30 23:30:00,14,14,0
286,衛教公園,淡水區,121.4406967163086,25.17254066467285,2026-01-01 00:00:00,2026-06-30 23:30:00,14,14,0
287,鴨母港停車場,蘆洲區,121.45584106445312,25.08283042907715,2026-01-01 00:00:00,2026-06-30 23:30:00,14,14,0
288,龍濱公園,三重區,121.50218200683594,25.072980880737305,2026-01-01 00:00:00,2026-06-30 23:30:00,14,14,0
289,中央昌仁路口,新莊區,121.45355224609375,25.058950424194336,2026-01-01 00:00:00,2026-06-30 23:30:00,14,14,0
290,中山二永安南路口,蘆洲區,121.46868133544922,25.07744026184082,2026-01-01 00:00:00,2026-06-30 23:30:00,14,14,0
291,中華路379巷口,樹林區,121.41239166259766,24.979860305786133,2026-01-01 00:00:00,2026-06-30 23:30:00,14,14,0
292,佳園大成路口,樹林區,121.38362121582031,24.944869995117188,2026-01-01 00:00:00,2026-06-30 23:30:00,14,14,0
293,保平永和路一段口,永和區,121.51339721679688,25.00745964050293,2026-01-01 00:00:00,2026-06-30 23:30:00,14,14,0
294,光明橋,鶯歌區,121.34127807617188,24.95577049255371,2026-01-01 00:00:00,2026-06-30 23:30:00,14,14,0
295,光明育智路口,鶯歌區,121.34559631347656,24.955869674682617,2026-01-01 00:00:00,2026-06-30 23:30:00,14,14,0
296,吉安停車場,新店區,121.51634979248047,24.966230392456055,2026-01-01 00:00:00,2026-06-30 23:30:00,14,14,0
297,國泰國小,新莊區,121.44185638427734,25.033979415893555,2026-01-01 00:00:00,2026-06-30 23:30:00,14,14,0
298,大義三樹路口,三峽區,121.37899017333984,24.94356918334961,2026-01-01 00:00:00,2026-06-30 23:30:00,14,14,0
299,大雅佳園路口,樹林區,121.38066864013672,24.944469451904297,2026-01-01 00:00:00,2026-06-30 23:30:00,14,14,0
300,成功運動公園,五股區,121.44471740722656,25.092830657958984,2026-01-01 00:00:00,2026-06-30 23:30:00,14,14,0
301,捷運淡水站(中正鼻頭街口),淡水區,121.44674682617188,25.16670036315918,2026-01-01 00:00:00,2026-06-30 23:30:00,14,14,0
302,新市一中山北路口,淡水區,121.44412231445312,25.182960510253906,2026-01-01 00:00:00,2026-06-30 23:30:00,14,14,0
303,永安長安街131巷口,蘆洲區,121.45960235595703,25.08032989501953,2026-01-01 00:00:00,2026-06-30 23:30:00,14,14,0
304,濱海路一段306巷60弄,淡水區,121.44197845458984,25.191570281982422,2026-01-01 00:00:00,2026-06-30 23:30:00,14,14,0
305,臺北大學懷德居木師基地,三峽區,121.367431640625,24.943340301513672,2026-01-01 00:00:00,2026-06-30 23:30:00,14,21,1
306,輕軌台北小城站(北側),新店區,121.49832916259766,24.953510284423828,2026-01-01 00:00:00,2026-06-30 23:30:00,14,14,0
307,三芝國中,三芝區,121.50182342529297,25.25897979736328,2026-01-01 00:00:00,2026-06-30 23:30:00,14,14,0
308,三鶯水資源回收中心,鶯歌區,121.3599624633789,24.955350875854492,2026-01-01 00:00:00,2026-06-30 23:30:00,14,14,0
309,柑園國小,樹林區,121.38966369628906,24.95615005493164,2026-01-01 00:00:00,2026-06-30 23:30:00,14,14,0
310,中山科學研究院,三峽區,121.35511779785156,24.90328025817871,2026-01-01 00:00:00,2026-06-30 23:30:00,14,14,0
311,永安橋下停車場,五股區,121.44905090332031,25.07978057861328,2026-01-01 00:00:00,2026-06-30 23:30:00,14,14,0
312,三俊街65巷口,樹林區,121.41358947753906,25.015850067138672,2026-01-01 00:00:00,2026-06-30 23:30:00,15,15,0
313,三峽中山公園,三峽區,121.36583709716797,24.935609817504883,2026-01-01 00:00:00,2026-06-30 23:30:00,15,15,0
314,三樹大德路口,三峽區,121.37870788574219,24.94162940979004,2026-01-01 00:00:00,2026-06-30 23:30:00,15,15,0
315,三民長榮路口,蘆洲區,121.46160125732422,25.093280792236328,2026-01-01 00:00:00,2026-06-30 23:30:00,15,15,0
316,三重派出所,三重區,121.5022964477539,25.063949584960938,2026-01-01 00:00:00,2026-06-30 23:30:00,15,15,0
317,三重重陽公園,三重區,121.48367309570312,25.05752944946289,2026-01-01 00:00:00,2026-06-30 23:30:00,15,15,0
318,三鶯分區區務辦公室,樹林區,121.41690826416016,24.990070343017578,2026-01-01 00:00:00,2026-06-30 23:30:00,15,15,0
319,中原抽水站,中和區,121.48967742919922,25.009849548339844,2026-01-01 00:00:00,2026-06-30 23:30:00,15,15,0
320,中央公園地下停車場,土城區,121.44477844238281,24.982759475708008,2026-01-01 00:00:00,2026-06-30 23:30:00,15,15,0
321,中央路二段180巷,土城區,121.44161987304688,24.976160049438477,2026-01-01 00:00:00,2026-06-30 23:30:00,15,15,0
322,中央路四段33號北側,土城區,121.42328643798828,24.96221923828125,2026-01-01 00:00:00,2026-06-30 23:30:00,15,15,0
323,中山路二段565巷,板橋區,121.48401641845703,25.02263069152832,2026-01-01 00:00:00,2026-06-30 23:30:00,15,15,0
324,中正一仁愛路口,鶯歌區,121.35320281982422,24.95672035217285,2026-01-01 00:00:00,2026-06-30 23:30:00,15,15,0
325,中正淡海路口,淡水區,121.4242172241211,25.17778968811035,2026-01-01 00:00:00,2026-06-30 23:30:00,15,15,0
326,中正路144巷口,新店區,121.54190063476562,24.971479415893555,2026-01-01 00:00:00,2026-06-30 23:30:00,15,15,0
327,丹鳳國小,新莊區,121.41336059570312,25.024599075317383,2026-01-01 00:00:00,2026-06-30 23:30:00,15,15,0
328,九芎街90巷口,蘆洲區,121.46566772460938,25.08024024963379,2026-01-01 00:00:00,2026-06-30 23:30:00,15,15,0
329,仁愛仁和街口,三重區,121.49568939208984,25.07353973388672,2026-01-01 00:00:00,2026-06-30 23:30:00,15,15,0
330,仁愛公園(仁愛路),永和區,121.5079574584961,25.01137924194336,2026-01-01 00:00:00,2026-06-30 23:30:00,15,15,0
331,佳和公園(中山路二段64巷7弄),中和區,121.50357818603516,25.004919052124023,2026-01-01 00:00:00,2026-06-30 23:30:00,15,15,0
332,俊興俊安街口,樹林區,121.41690826416016,25.011869430541992,2026-01-01 00:00:00,2026-06-30 23:30:00,15,15,0
333,俊英街125巷口,樹林區,121.4244613647461,25.010799407958984,2026-01-01 00:00:00,2026-06-30 23:30:00,15,15,0
334,信義和平路口,板橋區,121.45720672607422,24.994550704956055,2026-01-01 00:00:00,2026-06-30 23:30:00,15,15,0
335,元富一街/仁義街79巷口,三重區,121.49954986572266,25.080059051513672,2026-01-01 00:00:00,2026-06-30 23:30:00,15,15,0
336,光復街/中山路二段412巷口,板橋區,121.48399353027344,25.019020080566406,2026-01-01 00:00:00,2026-06-30 23:30:00,15,15,0
337,八德中華路口,樹林區,121.4200210571289,24.9814395904541,2026-01-01 00:00:00,2026-06-30 23:30:00,15,15,0
338,公八停車場,鶯歌區,121.34284973144531,24.955150604248047,2026-01-01 00:00:00,2026-06-30 23:30:00,15,15,0
339,北鶯公園,鶯歌區,121.35942077636719,24.9577693939209,2026-01-01 00:00:00,2026-06-30 23:30:00,15,15,0
340,十四張啓文路口,新店區,121.52977752685547,24.98055076599121,2026-01-01 00:00:00,2026-06-30 23:30:00,15,15,0
341,和城停車場,中和區,121.48916625976562,24.99403953552246,2026-01-01 00:00:00,2026-06-30 23:30:00,15,15,0
342,商港公園(商港七商港一路口),八里區,121.39840698242188,25.149160385131836,2026-01-01 00:00:00,2026-06-30 23:30:00,15,15,0
343,四維八德街口,樹林區,121.42106628417969,24.980180740356445,2026-01-01 00:00:00,2026-06-30 23:30:00,15,15,0
344,國立空中大學(中正路174巷口),蘆洲區,121.46720123291016,25.087820053100586,2026-01-01 00:00:00,2026-06-30 23:30:00,15,15,0
345,國際一路112巷口,鶯歌區,121.3357925415039,24.976669311523438,2026-01-01 00:00:00,2026-06-30 23:30:00,15,15,0
346,國際二國學街口,三峽區,121.37232971191406,24.94318962097168,2026-01-01 00:00:00,2026-06-30 23:30:00,15,15,0
347,塭仔底濕地公園,新莊區,121.45437622070312,25.056350708007812,2026-01-01 00:00:00,2026-06-30 23:30:00,15,25,1
348,大豐公園停車場,新店區,121.53587341308594,24.978750228881836,2026-01-01 00:00:00,2026-06-30 23:30:00,15,15,0
349,學勤大觀路口,三峽區,121.37429809570312,24.94584083557129,2026-01-01 00:00:00,2026-06-30 23:30:00,15,15,0
350,學府大雅路口,樹林區,121.37901306152344,24.950410842895508,2026-01-01 00:00:00,2026-06-30 23:30:00,15,15,0
351,安平橋,中和區,121.50936126708984,24.994739532470703,2026-01-01 00:00:00,2026-06-30 23:30:00,15,27,1
352,安興祥和路口,新店區,121.51545715332031,24.976659774780273,2026-01-01 00:00:00,2026-06-30 23:30:00,15,15,0
353,宗北公園,林口區,121.38379669189453,25.088090896606445,2026-01-01 00:00:00,2026-06-30 23:30:00,15,15,0
354,尖山路高厝巷口,鶯歌區,121.34101867675781,24.944950103759766,2026-01-01 00:00:00,2026-06-30 23:30:00,15,15,0
355,山腳停車場,泰山區,121.42903900146484,25.065149307250977,2026-01-01 00:00:00,2026-06-30 23:30:00,15,15,0
356,府中立體停車場,板橋區,121.45436096191406,25.009790420532227,2026-01-01 00:00:00,2026-06-30 23:30:00,15,15,0
357,廣停一機車停車場,新莊區,121.45765686035156,25.062089920043945,2026-01-01 00:00:00,2026-06-30 23:30:00,15,15,0
358,復興化成路口,新莊區,121.46453094482422,25.044570922851562,2026-01-01 00:00:00,2026-06-30 23:30:00,15,15,0
359,德厚公園,三重區,121.47808837890625,25.048830032348633,2026-01-01 00:00:00,2026-06-30 23:30:00,15,15,0
360,挖仔尾自然生態保留區,八里區,121.41586303710938,25.1641902923584,2026-01-01 00:00:00,2026-06-30 23:30:00,15,15,0
361,捷運頂溪站(2號出口),永和區,121.51548767089844,25.014240264892578,2026-01-01 00:00:00,2026-06-30 23:30:00,15,15,0
362,捷運頂溪站(復興街1巷),永和區,121.51544189453125,25.013099670410156,2026-01-01 00:00:00,2026-06-30 23:30:00,15,15,0
363,文昌公園,八里區,121.41033172607422,25.157089233398438,2026-01-01 00:00:00,2026-06-30 23:30:00,15,15,0
364,新北市立圖書館五股成功分館,五股區,121.44685363769531,25.0947208404541,2026-01-01 00:00:00,2026-06-30 23:30:00,15,15,0
365,新市二路三段/濱海路二段202巷口,淡水區,121.43482208251953,25.193429946899414,2026-01-01 00:00:00,2026-06-30 23:30:00,15,15,0
366,明德路65巷口,新店區,121.54145050048828,24.976699829101562,2026-01-01 00:00:00,2026-06-30 23:30:00,15,15,0
367,景平橋和路口,中和區,121.49478912353516,25.0067195892334,2026-01-01 00:00:00,2026-06-30 23:30:00,15,15,0
368,景本里集會所,中和區,121.51325988769531,24.989330291748047,2026-01-01 00:00:00,2026-06-30 23:30:00,15,15,0
369,板新中山路一段口,板橋區,121.47161102294922,25.014909744262695,2026-01-01 00:00:00,2026-06-30 23:30:00,15,15,0
370,板樹體育館,板橋區,121.42758178710938,24.982200622558594,2026-01-01 00:00:00,2026-06-30 23:30:00,15,15,0
371,林口東湖國小,林口區,121.38195037841797,25.077129364013672,2026-01-01 00:00:00,2026-06-30 23:30:00,15,15,0
372,民安西路252巷,新莊區,121.42485046386719,25.01371955871582,2026-01-01 00:00:00,2026-06-30 23:30:00,15,15,0
373,民德路口,中和區,121.4688491821289,25.002029418945312,2026-01-01 00:00:00,2026-06-30 23:30:00,15,15,0
374,水興公,八里區,121.42508697509766,25.162080764770508,2026-01-01 00:00:00,2026-06-30 23:30:00,15,15,0
375,永和國中(國中路),永和區,121.52268981933594,25.00674057006836,2026-01-01 00:00:00,2026-06-30 23:30:00,15,15,0
376,永平休閒廣場,新店區,121.51609802246094,24.98431968688965,2026-01-01 00:00:00,2026-06-30 23:30:00,15,15,0
377,泰山體育館,泰山區,121.42765808105469,25.055130004882812,2026-01-01 00:00:00,2026-06-30 23:30:00,15,15,0
378,深澳鐵道自行車八斗子站,瑞芳區,121.80548095703125,25.134170532226562,2026-01-01 00:00:00,2026-06-30 23:30:00,15,15,0
379,湳仔溝抽水站,板橋區,121.44828033447266,25.021839141845703,2026-01-01 00:00:00,2026-06-30 23:30:00,15,15,0
380,溪尾街(國道橋下),三重區,121.49150848388672,25.074859619140625,2026-01-01 00:00:00,2026-06-30 23:30:00,15,15,0
381,烏來公車總站,烏來區,121.5513916015625,24.866519927978516,2026-01-01 00:00:00,2026-06-30 23:30:00,15,15,0
382,烏塗窟聚福宮,石碇區,121.65619659423828,24.975509643554688,2026-01-01 00:00:00,2026-06-30 23:30:00,15,15,0
383,環河民樂街59巷26弄口,永和區,121.5284423828125,24.99798011779785,2026-01-01 00:00:00,2026-06-30 23:30:00,15,15,0
384,瓊泰市民活動中心,新莊區,121.44312286376953,25.029260635375977,2026-01-01 00:00:00,2026-06-30 23:30:00,15,15,0
385,福民市民活動中心,新店區,121.53305053710938,24.972930908203125,2026-01-01 00:00:00,2026-06-30 23:30:00,15,15,0
386,福祿1號公園,新莊區,121.46379852294922,25.063859939575195,2026-01-01 00:00:00,2026-06-30 23:30:00,15,15,0
387,臺北大學隆恩哨(忘憂路),三峽區,121.36547088623047,24.94253921508789,2026-01-01 00:00:00,2026-06-30 23:30:00,15,15,0
388,莒光德光路口,中和區,121.47222900390625,25.004289627075195,2026-01-01 00:00:00,2026-06-30 23:30:00,15,15,0
389,莒光路136巷口,中和區,121.47261047363281,25.00132942199707,2026-01-01 00:00:00,2026-06-30 23:30:00,15,15,0
390,華新街143巷,中和區,121.50631713867188,24.979419708251953,2026-01-01 00:00:00,2026-06-30 23:30:00,15,15,0
391,裕生停車場,土城區,121.44686889648438,24.984600067138672,2026-01-01 00:00:00,2026-06-30 23:30:00,15,15,0
392,裕華街,土城區,121.44642639160156,24.99049949645996,2026-01-01 00:00:00,2026-06-30 23:30:00,15,15,0
393,足夢運動公園,林口區,121.39643096923828,25.075620651245117,2026-01-01 00:00:00,2026-06-30 23:30:00,15,15,0
394,鄧公路30巷,淡水區,121.45240783691406,25.169790267944336,2026-01-01 00:00:00,2026-06-30 23:30:00,15,15,0
395,重新橋第1市民活動中心,三重區,121.48562622070312,25.053550720214844,2026-01-01 00:00:00,2026-06-30 23:30:00,15,15,0
396,重陽橋市民活動中心,三重區,121.49601745605469,25.086339950561523,2026-01-01 00:00:00,2026-06-30 23:30:00,15,15,0
397,金城路三段156號前,土城區,121.46707916259766,24.987279891967773,2026-01-01 00:00:00,2026-06-30 23:30:00,15,15,0
398,頂罟公園,八里區,121.40412902832031,25.15329933166504,2026-01-01 00:00:00,2026-06-30 23:30:00,15,15,0
399,龍安福營路口,新莊區,121.4193115234375,25.020219802856445,2026-01-01 00:00:00,2026-06-30 23:30:00,15,15,0
400,三和路四段73號旁,三重區,121.4897689819336,25.075130462646484,2026-01-01 00:00:00,2026-06-30 23:30:00,15,15,0
401,三芝兒一公園,三芝區,121.49939727783203,25.257190704345703,2026-01-01 00:00:00,2026-06-30 23:30:00,15,15,0
402,三芝區公所,三芝區,121.50081634521484,25.25787925720215,2026-01-01 00:00:00,2026-06-30 23:30:00,15,15,0
403,中和公園(秀安街口),中和區,121.51497650146484,25.002180099487305,2026-01-01 00:00:00,2026-06-30 23:30:00,15,15,0
404,中園街福隆宮,三峽區,121.36717224121094,24.92238998413086,2026-01-01 00:00:00,2026-06-30 23:30:00,15,15,0
405,中正東路一段81巷,淡水區,121.45310974121094,25.162050247192383,2026-01-01 00:00:00,2026-06-30 23:30:00,15,15,0
406,中華郵政五城郵局,新店區,121.47917175292969,24.9448299407959,2026-01-01 00:00:00,2026-06-30 23:30:00,15,15,0
407,伯爵山莊第二期(康寧街),汐止區,121.63839721679688,25.07299041748047,2026-01-01 00:00:00,2026-06-30 23:30:00,15,15,0
408,光明停車場,三峽區,121.37409973144531,24.930360794067383,2026-01-01 00:00:00,2026-06-30 23:30:00,15,15,0
409,八里國小,八里區,121.40260314941406,25.14896011352539,2026-01-01 00:00:00,2026-06-30 23:30:00,15,15,0
410,八里左岸自行車道(4.4K福德宮),八里區,121.44789123535156,25.143150329589844,2026-01-01 00:00:00,2026-06-30 23:30:00,15,15,0
411,商港六商港三路口,八里區,121.39588928222656,25.14967918395996,2026-01-01 00:00:00,2026-06-30 23:30:00,15,15,0
412,國中高職東街口,鶯歌區,121.3411636352539,24.94116973876953,2026-01-01 00:00:00,2026-06-30 23:30:00,15,15,0
413,國家人權博物館,新店區,121.531982421875,24.98834991455078,2026-01-01 00:00:00,2026-06-30 23:30:00,15,15,0
414,埔新街61巷口,深坑區,121.619873046875,25.002410888671875,2026-01-01 00:00:00,2026-06-30 23:30:00,15,15,0
415,大同路270巷口,三峽區,121.36550903320312,24.925260543823242,2026-01-01 00:00:00,2026-06-30 23:30:00,15,15,0
416,大德學勤路口,三峽區,121.37506103515625,24.946340560913086,2026-01-01 00:00:00,2026-06-30 23:30:00,15,15,0
417,大鵬停車場,萬里區,121.64710998535156,25.21194076538086,2026-01-01 00:00:00,2026-06-30 23:30:00,15,15,0
418,崁頂三路,淡水區,121.43177032470703,25.200809478759766,2026-01-01 00:00:00,2026-06-30 23:30:00,15,15,0
419,崁頂林子福德宮,淡水區,121.43038177490234,25.1995906829834,2026-01-01 00:00:00,2026-06-30 23:30:00,15,15,0
420,建國國小,鶯歌區,121.3472671508789,24.955209732055664,2026-01-01 00:00:00,2026-06-30 23:30:00,15,15,0
421,建成段平面停車場,汐止區,121.66542053222656,25.073360443115234,2026-01-01 00:00:00,2026-06-30 23:30:00,15,15,0
422,彭厝里(福順街),樹林區,121.41641235351562,24.977569580078125,2026-01-01 00:00:00,2026-06-30 23:30:00,15,15,0
423,文化三路一段249巷,林口區,121.36309051513672,25.072040557861328,2026-01-01 00:00:00,2026-06-30 23:30:00,15,15,0
424,文化三路一段447巷口,林口區,121.36820983886719,25.07464027404785,2026-01-01 00:00:00,2026-06-30 23:30:00,15,15,0
425,新市一路一段331巷/義山路一段163巷口(東南側),淡水區,121.43595886230469,25.18730926513672,2026-01-01 00:00:00,2026-06-30 23:30:00,15,15,0
426,新市六後洲路口,淡水區,121.43070220947266,25.202850341796875,2026-01-01 00:00:00,2026-06-30 23:30:00,15,15,0
427,新民街120巷,淡水區,121.43833923339844,25.17807960510254,2026-01-01 00:00:00,2026-06-30 23:30:00,15,15,0
428,東大街,樹林區,121.40946960449219,24.975629806518555,2026-01-01 00:00:00,2026-06-30 23:30:00,15,15,0
429,東興街,樹林區,121.40998840332031,24.97871971130371,2026-01-01 00:00:00,2026-06-30 23:30:00,15,15,0
430,水碓立體停車場,淡水區,121.44422912597656,25.17864990234375,2026-01-01 00:00:00,2026-06-30 23:30:00,15,15,0
431,淡江教會文教中心,淡水區,121.42311096191406,25.195480346679688,2026-01-01 00:00:00,2026-06-30 23:30:00,15,15,0
432,淡海路182巷口,淡水區,121.42044067382812,25.184589385986328,2026-01-01 00:00:00,2026-06-30 23:30:00,15,15,0
433,湖子和福宮,林口區,121.38847351074219,25.092599868774414,2026-01-01 00:00:00,2026-06-30 23:30:00,15,15,0
434,濱海路二段/濱海路二段202巷,淡水區,121.43470001220703,25.190149307250977,2026-01-01 00:00:00,2026-06-30 23:30:00,15,15,0
435,濱海路二段202巷,淡水區,121.43476867675781,25.191619873046875,2026-01-01 00:00:00,2026-06-30 23:30:00,15,15,0
436,直潭活動中心,新店區,121.53328704833984,24.93893051147461,2026-01-01 00:00:00,2026-06-30 23:30:00,15,15,0
437,直潭淨水廠(直潭二街),新店區,121.53536224365234,24.943099975585938,2026-01-01 00:00:00,2026-06-30 23:30:00,15,15,0
438,福德二街35號,新莊區,121.4623031616211,25.05718994140625,2026-01-01 00:00:00,2026-06-30 23:30:00,15,15,0
439,竹林一文化一路口,林口區,121.38538360595703,25.085649490356445,2026-01-01 00:00:00,2026-06-30 23:30:00,15,15,0
440,群光公園,三重區,121.47403717041016,25.056039810180664,2026-01-01 00:00:00,2026-06-30 23:30:00,15,15,0
441,聖若望平面停車場,板橋區,121.4518814086914,25.010679244995117,2026-01-01 00:00:00,2026-06-30 23:30:00,15,15,0
442,茄苳茄福街口,汐止區,121.6729965209961,25.067230224609375,2026-01-01 00:00:00,2026-06-30 23:30:00,15,15,0
443,蘆洲中山立體停車場,蘆洲區,121.47325134277344,25.08354949951172,2026-01-01 00:00:00,2026-06-30 23:30:00,15,15,0
444,輕軌台北小城站(南側),新店區,121.49816131591797,24.9531192779541,2026-01-01 00:00:00,2026-06-30 23:30:00,15,15,0
445,頂崁街210巷28弄口,三重區,121.47586059570312,25.068029403686523,2026-01-01 00:00:00,2026-06-30 23:30:00,15,15,0
446,鶯歌永利街,鶯歌區,121.339111328125,24.9549503326416,2026-01-01 00:00:00,2026-06-30 23:30:00,15,15,0
447,鷺江國中(長興路298巷),蘆洲區,121.4610595703125,25.090049743652344,2026-01-01 00:00:00,2026-06-30 23:30:00,15,15,0
448,商港公園(商港八商港一路口),八里區,121.40026092529297,25.150390625,2026-01-01 00:00:00,2026-06-30 23:30:00,15,15,0
449,塭仔底濕地公園(中華路),新莊區,121.45221710205078,25.05644989013672,2026-01-01 00:00:00,2026-06-30 23:30:00,15,24,1
450,文丘公園,板橋區,121.44966125488281,25.023649215698242,2026-01-01 00:00:00,2026-06-30 23:30:00,15,15,0
451,文林公園,林口區,121.37525177001953,25.08711051940918,2026-01-01 00:00:00,2026-06-30 23:30:00,15,15,0
452,新城一路(守讓堂),五股區,121.4406967163086,25.083730697631836,2026-01-01 00:00:00,2026-06-30 23:30:00,15,15,0
453,湳仔二橋,板橋區,121.45191955566406,25.00118064880371,2026-01-01 00:00:00,2026-06-30 23:30:00,15,15,0
454,築禾樂社區,林口區,121.3855209350586,25.088590621948242,2026-01-01 00:00:00,2026-06-30 23:30:00,15,15,0
455,訊庄埔公園,八里區,121.39221954345703,25.142440795898438,2026-01-01 00:00:00,2026-06-30 23:30:00,15,15,0
456,長興橋,汐止區,121.67186737060547,25.080549240112305,2026-01-01 00:00:00,2026-06-30 23:30:00,15,15,0
457,雙城國小,新店區,121.48628234863281,24.951860427856445,2026-01-01 00:00:00,2026-06-30 23:30:00,15,15,0
458,南勢六街81巷口,林口區,121.35475158691406,25.07254981994629,2026-01-01 00:00:00,2026-06-30 23:30:00,15,15,0
459,台貿三村停車場,泰山區,121.43168640136719,25.067119598388672,2026-01-01 00:00:00,2026-06-30 23:30:00,15,15,0
460,大庄福德宮,淡水區,121.42796325683594,25.18829917907715,2026-01-01 00:00:00,2026-06-30 23:30:00,15,15,0
461,淡水新市鎮兒童公園,淡水區,121.44226837158203,25.185089111328125,2026-01-01 00:00:00,2026-06-30 23:30:00,15,15,0
462,金山立體停車場(中興路),金山區,121.64169311523438,25.220430374145508,2026-01-01 00:00:00,2026-06-30 23:30:00,15,15,0
463,櫻花水車公園,三芝區,121.50125122070312,25.251190185546875,2026-01-01 00:00:00,2026-06-30 23:30:00,15,15,0
464,水管公園,淡水區,121.42059326171875,25.193660736083984,2026-01-01 00:00:00,2026-06-30 23:30:00,15,15,0
465,濱海路一段306巷9弄,淡水區,121.43858337402344,25.19099998474121,2026-01-01 00:00:00,2026-06-30 23:30:00,15,15,0
466,程氏古厝,淡水區,121.42902374267578,25.189210891723633,2026-01-01 00:00:00,2026-06-30 23:30:00,15,15,0
467,佳園路三段101巷80弄口,樹林區,121.39488220214844,24.949840545654297,2026-01-01 00:00:00,2026-06-30 23:30:00,15,15,0
468,薇多綠雅社區(活動中心),三峽區,121.35726928710938,24.909549713134766,2026-01-01 00:00:00,2026-06-30 23:30:00,15,15,0
469,三重環河陸橋,三重區,121.49942779541016,25.08148956298828,2026-01-01 00:00:00,2026-06-30 23:30:00,16,16,0
470,中央陸橋(中央一街),新店區,121.52735900878906,24.973709106445312,2026-01-01 00:00:00,2026-06-30 23:30:00,16,16,0
471,中正雙鳳路口,新莊區,121.41802978515625,25.02720069885254,2026-01-01 00:00:00,2026-06-30 23:30:00,16,16,0
472,仁愛街458巷口,三重區,121.49015045166016,25.082109451293945,2026-01-01 00:00:00,2026-06-30 23:30:00,16,23,1
473,介壽街/文化路一段188巷9弄口,板橋區,121.46855926513672,25.019790649414062,2026-01-01 00:00:00,2026-06-30 23:30:00,16,16,0
474,光華長榮路口,蘆洲區,121.46407318115234,25.081880569458008,2026-01-01 00:00:00,2026-06-30 23:30:00,16,16,0
475,南華路56巷,中和區,121.50431060791016,24.997060775756836,2026-01-01 00:00:00,2026-06-30 23:30:00,16,16,0
476,四維文化一路口,林口區,121.37982177734375,25.07663917541504,2026-01-01 00:00:00,2026-06-30 23:30:00,16,16,0
477,國光街330巷口,三峽區,121.37212371826172,24.939420700073242,2026-01-01 00:00:00,2026-06-30 23:30:00,16,16,0
478,國光街圓環小公園,中和區,121.4698715209961,25.00135040283203,2026-01-01 00:00:00,2026-06-30 23:30:00,16,16,0
479,大觀路一段75巷,板橋區,121.44924926757812,25.004060745239258,2026-01-01 00:00:00,2026-06-30 23:30:00,16,16,0
480,安民街停車場,新店區,121.51686096191406,24.97076988220215,2026-01-01 00:00:00,2026-06-30 23:30:00,16,16,0
481,師大林口校區體育館前,林口區,121.40216064453125,25.06702995300293,2026-01-01 00:00:00,2026-06-30 23:30:00,16,16,0
482,廣興河濱公園,新店區,121.53739166259766,24.91254997253418,2026-01-01 00:00:00,2026-06-30 23:30:00,16,16,0
483,忠孝公園路口,林口區,121.36981964111328,25.071199417114258,2026-01-01 00:00:00,2026-06-30 23:30:00,16,16,0
484,新北大道昌平街口(臨時站),新莊區,121.45474243164062,25.06035041809082,2026-01-01 00:00:00,2026-06-30 23:30:00,16,16,0
485,新北市政府板橋分局沙崙派出所,板橋區,121.4303207397461,24.988420486450195,2026-01-01 00:00:00,2026-06-30 23:30:00,16,16,0
486,民治街81巷,板橋區,121.48004913330078,25.032230377197266,2026-01-01 00:00:00,2026-06-30 23:30:00,16,16,0
487,汐止區農會附設老人活動中心,汐止區,121.64241027832031,25.097049713134766,2026-01-01 00:00:00,2026-06-30 23:30:00,16,16,0
488,溪城金門街口,板橋區,121.4269027709961,24.98356056213379,2026-01-01 00:00:00,2026-06-30 23:30:00,16,16,0
489,碧河里公園(建康路),中和區,121.49170684814453,25.00012969970703,2026-01-01 00:00:00,2026-06-30 23:30:00,16,16,0
490,秀峰國小(仁愛路106巷),汐止區,121.6629409790039,25.062660217285156,2026-01-01 00:00:00,2026-06-30 23:30:00,16,16,0
491,秀峰高中(忠孝東路),汐止區,121.6617202758789,25.06635093688965,2026-01-01 00:00:00,2026-06-30 23:30:00,16,16,0
492,華夏科技大學(華新街),中和區,121.50785064697266,24.98246955871582,2026-01-01 00:00:00,2026-06-30 23:30:00,16,16,0
493,華江橋自行車牽引道,板橋區,121.48046112060547,25.035619735717773,2026-01-01 00:00:00,2026-06-30 23:30:00,16,16,0
494,華福公園,中和區,121.46528625488281,24.99728012084961,2026-01-01 00:00:00,2026-06-30 23:30:00,16,16,0
495,蘆洲仁愛國小(水湳街),蘆洲區,121.46946716308594,25.092090606689453,2026-01-01 00:00:00,2026-06-30 23:30:00,16,16,0
496,西林簡易籃球場,林口區,121.38133239746094,25.075109481811523,2026-01-01 00:00:00,2026-06-30 23:30:00,16,16,0
497,長安街251巷,板橋區,121.47235870361328,25.010629653930664,2026-01-01 00:00:00,2026-06-30 23:30:00,16,16,0
498,集美街58巷口(東北側),三重區,121.48832702636719,25.05500030517578,2026-01-01 00:00:00,2026-06-30 23:30:00,16,16,0
499,中央中華路口(金城),土城區,121.43807983398438,24.96875,2026-01-01 00:00:00,2026-06-30 23:30:00,16,16,0
500,力行公園,林口區,121.3689193725586,25.077760696411133,2026-01-01 00:00:00,2026-06-30 23:30:00,16,16,0
501,屈尺景觀公園,新店區,121.54667663574219,24.919879913330078,2026-01-01 00:00:00,2026-06-30 23:30:00,16,16,0
502,慈化公園,三重區,121.48863983154297,25.084609985351562,2026-01-01 00:00:00,2026-06-30 23:30:00,16,16,0
503,新市二後洲路口,淡水區,121.4250717163086,25.196380615234375,2026-01-01 00:00:00,2026-06-30 23:30:00,16,16,0
504,汐萬路一段343巷,汐止區,121.64971160888672,25.077159881591797,2026-01-01 00:00:00,2026-06-30 23:30:00,16,16,0
505,臺大醫院金山分院,金山區,121.62915802001953,25.21973991394043,2026-01-01 00:00:00,2026-06-30 23:30:00,16,16,0
506,輕軌崁頂站,淡水區,121.43502044677734,25.201250076293945,2026-01-01 00:00:00,2026-06-30 23:30:00,16,16,0
507,金城路三段52巷,土城區,121.4660873413086,24.98634910583496,2026-01-01 00:00:00,2026-06-30 23:30:00,16,16,0
508,龍埔介壽路口,三峽區,121.39008331298828,24.935129165649414,2026-01-01 00:00:00,2026-06-30 23:30:00,16,30,1
509,湖光市民活動中心,汐止區,121.63362121582031,25.06848907470703,2026-01-01 00:00:00,2026-06-30 23:30:00,16,16,0
510,蘆洲環河公園,蘆洲區,121.46045684814453,25.09515953063965,2026-01-01 00:00:00,2026-06-30 23:30:00,16,16,0
511,添福里(添福15號之33),三峽區,121.37254333496094,24.90475082397461,2026-01-01 00:00:00,2026-06-30 23:30:00,16,16,0
512,中華郵政玫瑰城郵局,新店區,121.49674224853516,24.947019577026367,2026-01-01 00:00:00,2026-06-30 23:30:00,16,16,0
513,三鶯國民運動中心,三峽區,121.36858367919922,24.936969757080078,2026-01-01 00:00:00,2026-06-30 23:30:00,17,17,0
514,中信停車場(中興街),永和區,121.51863861083984,25.012279510498047,2026-01-01 00:00:00,2026-06-30 23:30:00,17,17,0
515,中山文化二路口,林口區,121.3794174194336,25.0828800201416,2026-01-01 00:00:00,2026-06-30 23:30:00,17,17,0
516,中正千歲街口,樹林區,121.42755889892578,24.999479293823242,2026-01-01 00:00:00,2026-06-30 23:30:00,17,17,0
517,中正路465巷,永和區,121.51590728759766,25.005870819091797,2026-01-01 00:00:00,2026-06-30 23:30:00,17,17,0
518,中華街57巷口,汐止區,121.66763305664062,25.07147979736328,2026-01-01 00:00:00,2026-06-30 23:30:00,17,17,0
519,仁愛街422巷口,三重區,121.4902572631836,25.08152961730957,2026-01-01 00:00:00,2026-06-30 23:30:00,17,17,0
520,信義路163巷口,板橋區,121.45848083496094,24.99271011352539,2026-01-01 00:00:00,2026-06-30 23:30:00,17,17,0
521,光復路一段15巷口,三重區,121.47212982177734,25.047510147094727,2026-01-01 00:00:00,2026-06-30 23:30:00,17,29,1
522,台灣電力公司中和服務所,中和區,121.50682830810547,24.99148941040039,2026-01-01 00:00:00,2026-06-30 23:30:00,17,17,0
523,國家檔案館,林口區,121.37471771240234,25.073530197143555,2026-01-01 00:00:00,2026-06-30 23:30:00,17,17,0
524,國隆大仁街口,三重區,121.49199676513672,25.064680099487305,2026-01-01 00:00:00,2026-06-30 23:30:00,17,17,0
525,土城國小(興城路),土城區,121.44149017333984,24.97266960144043,2026-01-01 00:00:00,2026-06-30 23:30:00,17,17,0
526,寶中寶橋路口,新店區,121.55027770996094,24.978620529174805,2026-01-01 00:00:00,2026-06-30 23:30:00,17,17,0
527,懷石公園,板橋區,121.48136901855469,25.031139373779297,2026-01-01 00:00:00,2026-06-30 23:30:00,17,17,0
528,捷運三和國中站(2號出口),三重區,121.4863510131836,25.077030181884766,2026-01-01 00:00:00,2026-06-30 23:30:00,17,17,0
529,新和街32巷口,新店區,121.51920318603516,24.984699249267578,2026-01-01 00:00:00,2026-06-30 23:30:00,17,17,0
530,明志貴鳳街口,泰山區,121.42108154296875,25.031240463256836,2026-01-01 00:00:00,2026-06-30 23:30:00,17,17,0
531,林口老街,林口區,121.39378356933594,25.077150344848633,2026-01-01 00:00:00,2026-06-30 23:30:00,17,17,0
532,民安國小(東側),新莊區,121.42872619628906,25.02259063720703,2026-01-01 00:00:00,2026-06-30 23:30:00,17,17,0
533,民族仁愛路口,林口區,121.37068176269531,25.079509735107422,2026-01-01 00:00:00,2026-06-30 23:30:00,14,17,1
534,環河西路二段217巷口,永和區,121.50109100341797,25.010160446166992,2026-01-01 00:00:00,2026-06-30 23:30:00,17,17,0
535,石門婚紗廣場,石門區,121.53101348876953,25.2874698638916,2026-01-01 00:00:00,2026-06-30 23:30:00,17,17,0
536,秀朗路三段10巷12弄,中和區,121.52567291259766,24.997190475463867,2026-01-01 00:00:00,2026-06-30 23:30:00,17,17,0
537,莒光華安街口,中和區,121.46875762939453,24.994670867919922,2026-01-01 00:00:00,2026-06-30 23:30:00,17,17,0
538,蘆洲兒四公園,蘆洲區,121.47624969482422,25.08871078491211,2026-01-01 00:00:00,2026-06-30 23:30:00,17,17,0
539,長榮路211巷口,蘆洲區,121.4610824584961,25.084779739379883,2026-01-01 00:00:00,2026-06-30 23:30:00,17,17,0
540,三重區停八停車場,三重區,121.47621154785156,25.05364990234375,2026-01-01 00:00:00,2026-06-30 23:30:00,17,17,0
541,中平中榮街口,新莊區,121.44464111328125,25.053070068359375,2026-01-01 00:00:00,2026-06-30 23:30:00,17,17,0
542,中興公園,中和區,121.5006103515625,24.98805046081543,2026-01-01 00:00:00,2026-06-30 23:30:00,17,17,0
543,五堵橋下籃球場,汐止區,121.66558074951172,25.075529098510742,2026-01-01 00:00:00,2026-06-30 23:30:00,17,17,0
544,仁義街26巷,三重區,121.49810791015625,25.07740020751953,2026-01-01 00:00:00,2026-06-30 23:30:00,17,17,0
545,俊英街219巷口,樹林區,121.42365264892578,25.012939453125,2026-01-01 00:00:00,2026-06-30 23:30:00,17,17,0
546,國道路二段88號,蘆洲區,121.47197723388672,25.07455062866211,2026-01-01 00:00:00,2026-06-30 23:30:00,17,17,0
547,大成學士路口,樹林區,121.3819580078125,24.94767951965332,2026-01-01 00:00:00,2026-06-30 23:30:00,17,17,0
548,安和路二段117巷口,新店區,121.51882934570312,24.97028923034668,2026-01-01 00:00:00,2026-06-30 23:30:00,17,17,0
549,裕民路55巷,土城區,121.44947814941406,24.98859977722168,2026-01-01 00:00:00,2026-06-30 23:30:00,17,17,0
550,集賢三信路口(南側),三重區,121.49186706542969,25.08860969543457,2026-01-01 00:00:00,2026-06-30 23:30:00,17,17,0
551,鳳鳴機器人公園,鶯歌區,121.33464813232422,24.9661808013916,2026-01-01 00:00:00,2026-06-30 23:30:00,17,17,0
552,中山賢一街口,八里區,121.42144012451172,25.159160614013672,2026-01-01 00:00:00,2026-06-30 23:30:00,17,17,0
553,光明路69巷口,三峽區,121.37725830078125,24.929180145263672,2026-01-01 00:00:00,2026-06-30 23:30:00,17,17,0
554,三芝兒三公園(三民街),三芝區,121.50498962402344,25.258739471435547,2026-01-01 00:00:00,2026-06-30 23:30:00,17,17,0
555,三和龍門路口,三重區,121.49490356445312,25.071800231933594,2026-01-01 00:00:00,2026-06-30 23:30:00,18,18,0
556,三重親水公園,三重區,121.49038696289062,25.091140747070312,2026-01-01 00:00:00,2026-06-30 23:30:00,18,18,0
557,中原中板路口,中和區,121.4852066040039,25.011690139770508,2026-01-01 00:00:00,2026-06-30 23:30:00,18,18,0
558,中山一和平路口,蘆洲區,121.47161865234375,25.07918930053711,2026-01-01 00:00:00,2026-06-30 23:30:00,18,18,0
559,中山國小地下停車場,板橋區,121.44859313964844,25.00079917907715,2026-01-01 00:00:00,2026-06-30 23:30:00,18,18,0
560,中正路145巷口,板橋區,121.45659637451172,25.015869140625,2026-01-01 00:00:00,2026-06-30 23:30:00,18,18,0
561,中興街180巷口,中和區,121.49984741210938,24.99098014831543,2026-01-01 00:00:00,2026-06-30 23:30:00,18,18,0
562,五工五五權路口,五股區,121.44969940185547,25.066499710083008,2026-01-01 00:00:00,2026-06-30 23:30:00,18,18,0
563,仁愛仁政街145巷口,三重區,121.4921875,25.079490661621094,2026-01-01 00:00:00,2026-06-30 23:30:00,18,18,0
564,佳林國中(文化一路),林口區,121.38352966308594,25.081409454345703,2026-01-01 00:00:00,2026-06-30 23:30:00,18,18,0
565,光復興德路口(東南側),三重區,121.47209930419922,25.052509307861328,2026-01-01 00:00:00,2026-06-30 23:30:00,18,18,0
566,光復路一段99巷口,三重區,121.47209167480469,25.051090240478516,2026-01-01 00:00:00,2026-06-30 23:30:00,18,18,0
567,光復路二段42巷口,三重區,121.47203063964844,25.054519653320312,2026-01-01 00:00:00,2026-06-30 23:30:00,18,18,0
568,南雅西路二段145巷,板橋區,121.45172119140625,25.011709213256836,2026-01-01 00:00:00,2026-06-30 23:30:00,18,18,0
569,大勇立人街口,中和區,121.51750183105469,24.99397087097168,2026-01-01 00:00:00,2026-06-30 23:30:00,18,18,0
570,學勤大有路口,樹林區,121.38398742675781,24.948640823364258,2026-01-01 00:00:00,2026-06-30 23:30:00,18,18,0
571,學府大學路口,三峽區,121.3718032836914,24.947790145874023,2026-01-01 00:00:00,2026-06-30 23:30:00,18,18,0
572,師大林口校區行政大樓,林口區,121.40132904052734,25.0672607421875,2026-01-01 00:00:00,2026-06-30 23:30:00,18,18,0
573,延吉街111巷1弄,土城區,121.47171020507812,24.986230850219727,2026-01-01 00:00:00,2026-06-30 23:30:00,18,18,0
574,建國一路平面停車場,新莊區,121.4349136352539,25.02393913269043,2026-01-01 00:00:00,2026-06-30 23:30:00,18,18,0
575,思賢公園(北側),新莊區,121.45671844482422,25.04792022705078,2026-01-01 00:00:00,2026-06-30 23:30:00,18,18,0
576,文化北忠孝一路口,林口區,121.36119079589844,25.073759078979492,2026-01-01 00:00:00,2026-06-30 23:30:00,18,18,0
577,文德新海路口,板橋區,121.46112060546875,25.023529052734375,2026-01-01 00:00:00,2026-06-30 23:30:00,18,18,0
578,新北高工(明德路),土城區,121.45149993896484,24.98111915588379,2026-01-01 00:00:00,2026-06-30 23:30:00,18,18,0
579,新市三崁頂五路口,淡水區,121.42526245117188,25.198970794677734,2026-01-01 00:00:00,2026-06-30 23:30:00,18,18,0
580,昌平國小,新莊區,121.45684814453125,25.05657958984375,2026-01-01 00:00:00,2026-06-30 23:30:00,18,18,0
581,東南科技大學,深坑區,121.60250091552734,25.003299713134766,2026-01-01 00:00:00,2026-06-30 23:30:00,18,18,0
582,板橋國小,板橋區,121.45799255371094,25.01034927368164,2026-01-01 00:00:00,2026-06-30 23:30:00,18,22,1
583,林口仁愛公共托育中心,林口區,121.3741226196289,25.07209014892578,2026-01-01 00:00:00,2026-06-30 23:30:00,18,18,0
584,民安西路88巷口,新莊區,121.42703247070312,25.019119262695312,2026-01-01 00:00:00,2026-06-30 23:30:00,18,18,0
585,汐止國小,汐止區,121.65432739257812,25.066120147705078,2026-01-01 00:00:00,2026-06-30 23:30:00,18,25,1
586,溪尾街196巷/仁美街口,三重區,121.48587036132812,25.0802001953125,2026-01-01 00:00:00,2026-06-30 23:30:00,18,18,0
587,生態北公園,板橋區,121.45642852783203,24.99951934814453,2026-01-01 00:00:00,2026-06-30 23:30:00,18,18,0
588,生態南公園,板橋區,121.45503997802734,24.99601936340332,2026-01-01 00:00:00,2026-06-30 23:30:00,18,18,0
589,華德公園平面停車場,板橋區,121.4533920288086,24.992919921875,2026-01-01 00:00:00,2026-06-30 23:30:00,18,18,0
590,青雲路434巷口,土城區,121.45915222167969,24.9719295501709,2026-01-01 00:00:00,2026-06-30 23:30:00,18,18,0
591,鳳三龍七路口,鶯歌區,121.33467102050781,24.9720401763916,2026-01-01 00:00:00,2026-06-30 23:30:00,18,18,0
592,鳳五路122號前,鶯歌區,121.32991027832031,24.973159790039062,2026-01-01 00:00:00,2026-06-30 23:30:00,18,18,0
593,龍三鳳鳴路口,鶯歌區,121.33136749267578,24.97286033630371,2026-01-01 00:00:00,2026-06-30 23:30:00,18,18,0
594,五股環保藝術公園(芳洲路),五股區,121.44307708740234,25.08424949645996,2026-01-01 00:00:00,2026-06-30 23:30:00,18,18,0
595,光復中興北街175巷口(西北側),三重區,121.47205352783203,25.056760787963867,2026-01-01 00:00:00,2026-06-30 23:30:00,18,41,1
596,壽德新村,中和區,121.46536254882812,24.995479583740234,2026-01-01 00:00:00,2026-06-30 23:30:00,18,18,0
597,大觀段平面停車場,板橋區,121.45063781738281,25.0049991607666,2026-01-01 00:00:00,2026-06-30 23:30:00,18,18,0
598,文化一麗園路2巷口,林口區,121.37493896484375,25.072219848632812,2026-01-01 00:00:00,2026-06-30 23:30:00,18,18,0
599,東明公園(興林路221巷),林口區,121.39021301269531,25.071950912475586,2026-01-01 00:00:00,2026-06-30 23:30:00,18,18,0
600,板橋435藝文特區,板橋區,121.45269012451172,25.02396011352539,2026-01-01 00:00:00,2026-06-30 23:30:00,18,18,0
601,樹林藝文綜合行政大樓停車場,樹林區,121.42852783203125,24.996360778808594,2026-01-01 00:00:00,2026-06-30 23:30:00,18,18,0
602,水之公園,中和區,121.4841079711914,25.01300048828125,2026-01-01 00:00:00,2026-06-30 23:30:00,18,18,0
603,永平街23巷,新店區,121.51603698730469,24.9831600189209,2026-01-01 00:00:00,2026-06-30 23:30:00,18,18,0
604,谷王公園,三重區,121.47718048095703,25.05282974243164,2026-01-01 00:00:00,2026-06-30 23:30:00,18,18,0
605,豐年陸橋,新莊區,121.44754028320312,25.02967071533203,2026-01-01 00:00:00,2026-06-30 23:30:00,18,18,0
606,柑園街一段51巷口,樹林區,121.40316009521484,24.960290908813477,2026-01-01 00:00:00,2026-06-30 23:30:00,18,18,0
607,成州停車場,五股區,121.44835662841797,25.100130081176758,2026-01-01 00:00:00,2026-06-30 23:30:00,18,18,0
608,中興文化路口(東南側),新店區,121.54450225830078,24.980369567871094,2026-01-01 00:00:00,2026-06-30 23:30:00,19,19,0
609,啟德橋(招商街),汐止區,121.66800689697266,25.067859649658203,2026-01-01 00:00:00,2026-06-30 23:30:00,19,19,0
610,大同路三段148號,汐止區,121.67295837402344,25.076169967651367,2026-01-01 00:00:00,2026-06-30 23:30:00,19,19,0
611,幸福路753巷口,新莊區,121.4483413696289,25.04914093017578,2026-01-01 00:00:00,2026-06-30 23:30:00,19,19,0
612,延和廣場,土城區,121.46414947509766,24.98703956604004,2026-01-01 00:00:00,2026-06-30 23:30:00,19,19,0
613,捷運蘆洲站(蘆洲捷運公園),蘆洲區,121.46357727050781,25.091650009155273,2026-01-01 00:00:00,2026-06-30 23:30:00,19,19,0
614,新樹路258巷口,新莊區,121.43269348144531,25.015249252319336,2026-01-01 00:00:00,2026-06-30 23:30:00,19,19,0
615,江翠國中活動中心地下停車場,板橋區,121.46623229980469,25.028379440307617,2026-01-01 00:00:00,2026-06-30 23:30:00,19,19,0
616,漢生東路193巷口,板橋區,121.47128295898438,25.012250900268555,2026-01-01 00:00:00,2026-06-30 23:30:00,19,19,0
617,稚匯公園(華江三路),板橋區,121.47254943847656,25.035619735717773,2026-01-01 00:00:00,2026-06-30 23:30:00,19,19,0
618,興南路二段231巷口,中和區,121.50350189208984,24.982290267944336,2026-01-01 00:00:00,2026-06-30 23:30:00,19,19,0
619,蘆洲兒五公園,蘆洲區,121.48056030273438,25.088579177856445,2026-01-01 00:00:00,2026-06-30 23:30:00,19,19,0
620,下街福德宮,汐止區,121.65554809570312,25.068069458007812,2026-01-01 00:00:00,2026-06-30 23:30:00,19,19,0
621,員山路36巷口,中和區,121.48210906982422,24.990800857543945,2026-01-01 00:00:00,2026-06-30 23:30:00,19,19,0
622,學成大德路口,三峽區,121.3763427734375,24.943340301513672,2026-01-01 00:00:00,2026-06-30 23:30:00,19,19,0
623,福和自強街28巷口,永和區,121.51571655273438,25.00724983215332,2026-01-01 00:00:00,2026-06-30 23:30:00,19,19,0
624,薇多綠雅社區(警衛亭),三峽區,121.35816192626953,24.908830642700195,2026-01-01 00:00:00,2026-06-30 23:30:00,19,19,0
625,文化北中華路口,林口區,121.37873840332031,25.093219757080078,2026-01-01 00:00:00,2026-06-30 23:30:00,19,19,0
626,中園國小(民權街),三峽區,121.36766815185547,24.928529739379883,2026-01-01 00:00:00,2026-06-30 23:30:00,19,19,0
627,三生步道,三芝區,121.51004791259766,25.268150329589844,2026-01-01 00:00:00,2026-06-30 23:30:00,20,20,0
628,中山八德街口,樹林區,121.41761016845703,24.985109329223633,2026-01-01 00:00:00,2026-06-30 23:30:00,20,20,0
629,中興工建路口,汐止區,121.6353530883789,25.061279296875,2026-01-01 00:00:00,2026-06-30 23:30:00,20,20,0
630,中興路二段37巷口,五股區,121.46240234375,25.07539939880371,2026-01-01 00:00:00,2026-06-30 23:30:00,20,20,0
631,中華路12巷口,樹林區,121.42111206054688,24.982608795166016,2026-01-01 00:00:00,2026-06-30 23:30:00,20,20,0
632,五工二五工一路口(泰博科技),五股區,121.45362091064453,25.071550369262695,2026-01-01 00:00:00,2026-06-30 23:30:00,20,20,0
633,仁愛信義路口,永和區,121.51268768310547,25.013290405273438,2026-01-01 00:00:00,2026-06-30 23:30:00,20,20,0
634,俊英俊保路口,樹林區,121.42487335205078,25.00909996032715,2026-01-01 00:00:00,2026-06-30 23:30:00,20,20,0
635,元信二仁愛街口,三重區,121.49417114257812,25.077089309692383,2026-01-01 00:00:00,2026-06-30 23:30:00,20,20,0
636,光榮國中(秀江街),三重區,121.49993896484375,25.07221031188965,2026-01-01 00:00:00,2026-06-30 23:30:00,20,20,0
637,全球傳動科技公司,樹林區,121.41496276855469,25.007299423217773,2026-01-01 00:00:00,2026-06-30 23:30:00,20,20,0
638,八里行政中心,八里區,121.40721130371094,25.15397071838379,2026-01-01 00:00:00,2026-06-30 23:30:00,20,20,0
639,凌雲路一段158巷口,五股區,121.44818115234375,25.103559494018555,2026-01-01 00:00:00,2026-06-30 23:30:00,20,20,0
640,十四張歷史公園(北側),新店區,121.52689361572266,24.979799270629883,2026-01-01 00:00:00,2026-06-30 23:30:00,20,24,1
641,十四張歷史公園(南側),新店區,121.5284423828125,24.979000091552734,2026-01-01 00:00:00,2026-06-30 23:30:00,20,20,0
642,南樹林火車站,樹林區,121.40899658203125,24.980199813842773,2026-01-01 00:00:00,2026-06-30 23:30:00,20,20,0
643,台北得意GO,五股區,121.46768951416016,25.074289321899414,2026-01-01 00:00:00,2026-06-30 23:30:00,20,20,0
644,台北花園廣場社區,泰山區,121.4260025024414,25.06410026550293,2026-01-01 00:00:00,2026-06-30 23:30:00,20,20,0
645,同興工建路口,汐止區,121.6368179321289,25.062490463256836,2026-01-01 00:00:00,2026-06-30 23:30:00,20,20,0
646,和平公園,三重區,121.48571014404297,25.070880889892578,2026-01-01 00:00:00,2026-06-30 23:30:00,20,20,0
647,國家電影及視聽文化中心,新莊區,121.44769287109375,25.056049346923828,2026-01-01 00:00:00,2026-06-30 23:30:00,20,20,0
648,國道車路頭街口,三重區,121.48423767089844,25.073070526123047,2026-01-01 00:00:00,2026-06-30 23:30:00,20,20,0
649,坪林茶業博物館,坪林區,121.71253967285156,24.934749603271484,2026-01-01 00:00:00,2026-06-30 23:30:00,20,20,0
650,大崁國小,八里區,121.41938018798828,25.160640716552734,2026-01-01 00:00:00,2026-06-30 23:30:00,20,20,0
651,安和碧安街口,新店區,121.51776123046875,24.966960906982422,2026-01-01 00:00:00,2026-06-30 23:30:00,20,20,0
652,安溪國中,三峽區,121.3718490600586,24.926380157470703,2026-01-01 00:00:00,2026-06-30 23:30:00,20,20,0
653,平溪市民活動中心,平溪區,121.73719787597656,25.024839401245117,2026-01-01 00:00:00,2026-06-30 23:30:00,20,20,0
654,廣福國小,土城區,121.45506286621094,24.98712921142578,2026-01-01 00:00:00,2026-06-30 23:30:00,20,20,0
655,忠孝國中地下停車場,板橋區,121.46240997314453,25.003780364990234,2026-01-01 00:00:00,2026-06-30 23:30:00,20,20,0
656,忠福南勢一街口,林口區,121.36136627197266,25.07744026184082,2026-01-01 00:00:00,2026-06-30 23:30:00,20,20,0
657,惜福公園,土城區,121.44815063476562,24.9814395904541,2026-01-01 00:00:00,2026-06-30 23:30:00,20,20,0
658,成德公園,五股區,121.45281982421875,25.104839324951172,2026-01-01 00:00:00,2026-06-30 23:30:00,20,20,0
659,捷運新埔站(3號出口),板橋區,121.46868133544922,25.022470474243164,2026-01-01 00:00:00,2026-06-30 23:30:00,20,20,0
660,文中一平面停車場,泰山區,121.42845153808594,25.045120239257812,2026-01-01 00:00:00,2026-06-30 23:30:00,20,20,0
661,文化北路一段412巷口,林口區,121.36492156982422,25.076589584350586,2026-01-01 00:00:00,2026-06-30 23:30:00,20,27,1
662,文化路一段212巷口,板橋區,121.46639251708984,25.02021026611328,2026-01-01 00:00:00,2026-06-30 23:30:00,20,20,0
663,新北市勞工活動中心,五股區,121.45099639892578,25.061500549316406,2026-01-01 00:00:00,2026-06-30 23:30:00,20,35,1
664,新北市立圖書館樹林東昇分館,樹林區,121.41503143310547,24.983789443969727,2026-01-01 00:00:00,2026-06-30 23:30:00,20,20,0
665,新民新春街口,淡水區,121.4356689453125,25.181230545043945,2026-01-01 00:00:00,2026-06-30 23:30:00,20,20,0
666,新民民族路口,板橋區,121.46379852294922,25.0093994140625,2026-01-01 00:00:00,2026-06-30 23:30:00,20,20,0
667,松柏街15巷口,板橋區,121.47419738769531,25.029600143432617,2026-01-01 00:00:00,2026-06-30 23:30:00,20,20,0
668,楓樹腳公園,泰山區,121.43498229980469,25.062000274658203,2026-01-01 00:00:00,2026-06-30 23:30:00,20,20,0
669,樟樹國小(樟樹一路145巷口),汐止區,121.64240264892578,25.067350387573242,2026-01-01 00:00:00,2026-06-30 23:30:00,20,20,0
670,民生親子公園,樹林區,121.42819213867188,24.992979049682617,2026-01-01 00:00:00,2026-06-30 23:30:00,20,20,0
671,民義公園,五股區,121.43474578857422,25.08819007873535,2026-01-01 00:00:00,2026-06-30 23:30:00,20,20,0
672,水湳洞停車場,瑞芳區,121.86443328857422,25.122209548950195,2026-01-01 00:00:00,2026-06-30 23:30:00,20,20,0
673,河邊北街100巷口,三重區,121.50404357910156,25.070430755615234,2026-01-01 00:00:00,2026-06-30 23:30:00,20,20,0
674,泰山國小,泰山區,121.43119049072266,25.062519073486328,2026-01-01 00:00:00,2026-06-30 23:30:00,20,20,0
675,泰山高中,泰山區,121.42886352539062,25.058000564575195,2026-01-01 00:00:00,2026-06-30 23:30:00,20,20,0
676,港嘴活動中心,板橋區,121.48139953613281,25.025779724121094,2026-01-01 00:00:00,2026-06-30 23:30:00,20,20,0
677,片仔溝公園,八里區,121.40580749511719,25.15019989013672,2026-01-01 00:00:00,2026-06-30 23:30:00,20,20,0
678,獅子公園,萬里區,121.70565032958984,25.174890518188477,2026-01-01 00:00:00,2026-06-30 23:30:00,20,20,0
679,福德一路392巷口,汐止區,121.6275405883789,25.06097984313965,2026-01-01 00:00:00,2026-06-30 23:30:00,20,20,0
680,福慧新知八路口,新莊區,121.45519256591797,25.062040328979492,2026-01-01 00:00:00,2026-06-30 23:30:00,20,20,0
681,立泰里(中環路二段),新莊區,121.44213104248047,25.045679092407227,2026-01-01 00:00:00,2026-06-30 23:30:00,20,25,1
682,義仁市民活動中心,泰山區,121.42767333984375,25.050479888916016,2026-01-01 00:00:00,2026-06-30 23:30:00,20,20,0
683,育德國小,樹林區,121.39250183105469,24.970619201660156,2026-01-01 00:00:00,2026-06-30 23:30:00,20,20,0
684,臺北大學宿舍(學成路),三峽區,121.36856079101562,24.940919876098633,2026-01-01 00:00:00,2026-06-30 23:30:00,20,36,1
685,臺鐵鳳鳴站(鶯歌路),鶯歌區,121.33650970458984,24.97188949584961,2026-01-01 00:00:00,2026-06-30 23:30:00,20,20,0
686,興德路134號(前),三重區,121.47102355957031,25.05286979675293,2026-01-01 00:00:00,2026-06-30 23:30:00,20,20,0
687,草里,石門區,121.60758972167969,25.28070068359375,2026-01-01 00:00:00,2026-06-30 23:30:00,20,20,0
688,萬板高架橋下停車場,板橋區,121.48182678222656,25.02729034423828,2026-01-01 00:00:00,2026-06-30 23:30:00,20,20,0
689,金城龍山二街口,土城區,121.45095825195312,24.978809356689453,2026-01-01 00:00:00,2026-06-30 23:30:00,20,20,0
690,青潭河濱公園,新店區,121.54740142822266,24.950910568237305,2026-01-01 00:00:00,2026-06-30 23:30:00,20,20,0
691,青隆青福街口,土城區,121.45664978027344,24.979740142822266,2026-01-01 00:00:00,2026-06-30 23:30:00,20,20,0
692,鳳一鳳吉一街口,鶯歌區,121.33170318603516,24.976770401000977,2026-01-01 00:00:00,2026-06-30 23:30:00,20,20,0
693,鳳福公園,鶯歌區,121.32937622070312,24.975719451904297,2026-01-01 00:00:00,2026-06-30 23:30:00,20,20,0
694,鳳鳴國小,鶯歌區,121.33470153808594,24.969200134277344,2026-01-01 00:00:00,2026-06-30 23:30:00,20,20,0
695,黃石中繼市場,板橋區,121.45699310302734,25.012500762939453,2026-01-01 00:00:00,2026-06-30 23:30:00,20,20,0
696,三峽區礁溪行政中心,三峽區,121.37592315673828,24.928430557250977,2026-01-01 00:00:00,2026-06-30 23:30:00,20,24,1
697,下庄市場,八里區,121.39990234375,25.146780014038086,2026-01-01 00:00:00,2026-06-30 23:30:00,20,20,0
698,中園國小,三峽區,121.36673736572266,24.927562713623047,2026-01-01 00:00:00,2026-06-30 23:30:00,20,20,0
699,先嗇宮,三重區,121.47601318359375,25.051189422607422,2026-01-01 00:00:00,2026-06-30 23:30:00,20,30,1
700,八德路500巷,林口區,121.35626220703125,25.067150115966797,2026-01-01 00:00:00,2026-06-30 23:30:00,20,20,0
701,力行地下停車場,三重區,121.48287200927734,25.077869415283203,2026-01-01 00:00:00,2026-06-30 23:30:00,20,20,0
702,國中二甲路口,鶯歌區,121.33868408203125,24.939489364624023,2026-01-01 00:00:00,2026-06-30 23:30:00,20,20,0
703,國慶三樹路口,三峽區,121.37738037109375,24.93825912475586,2026-01-01 00:00:00,2026-06-30 23:30:00,20,20,0
704,大智中山路口,三峽區,121.36058807373047,24.93708038330078,2026-01-01 00:00:00,2026-06-30 23:30:00,20,20,0
705,尖山國中,鶯歌區,121.34207153320312,24.943809509277344,2026-01-01 00:00:00,2026-06-30 23:30:00,20,20,0
706,崇林國中,林口區,121.371337890625,25.06753921508789,2026-01-01 00:00:00,2026-06-30 23:30:00,20,20,0
707,御史路1巷,五股區,121.44200134277344,25.09040069580078,2026-01-01 00:00:00,2026-06-30 23:30:00,20,20,0
708,德音國小,五股區,121.43563842773438,25.071979522705078,2026-01-01 00:00:00,2026-06-30 23:30:00,20,20,0
709,新北市客家文化園區,三峽區,121.36033630371094,24.94207000732422,2026-01-01 00:00:00,2026-06-30 23:30:00,20,39,1
710,新北市立圖書館鶯歌分館,鶯歌區,121.34945678710938,24.957199096679688,2026-01-01 00:00:00,2026-06-30 23:30:00,20,20,0
711,新安永安街口,新店區,121.52137756347656,24.98542022705078,2026-01-01 00:00:00,2026-06-30 23:30:00,20,20,0
712,新市三崁頂三路口,淡水區,121.43063354492188,25.196910858154297,2026-01-01 00:00:00,2026-06-30 23:30:00,20,20,0
713,昌盛橋,新莊區,121.45317077636719,25.04973030090332,2026-01-01 00:00:00,2026-06-30 23:30:00,20,20,0
714,時光公園,板橋區,121.47947692871094,25.03622055053711,2026-01-01 00:00:00,2026-06-30 23:30:00,20,20,0
715,東明一街121巷,林口區,121.39018249511719,25.069759368896484,2026-01-01 00:00:00,2026-06-30 23:30:00,20,20,0
716,板橋真武廟,板橋區,121.4859390258789,25.02046012878418,2026-01-01 00:00:00,2026-06-30 23:30:00,20,20,0
717,林口自強公園,林口區,121.39700317382812,25.078100204467773,2026-01-01 00:00:00,2026-06-30 23:30:00,20,20,0
718,民樂停車場,中和區,121.4839096069336,25.001340866088867,2026-01-01 00:00:00,2026-06-30 23:30:00,20,20,0
719,永吉國小,鶯歌區,121.33307647705078,24.958650588989258,2026-01-01 00:00:00,2026-06-30 23:30:00,20,20,0
720,永德市民活動中心,三重區,121.48841857910156,25.07284927368164,2026-01-01 00:00:00,2026-06-30 23:30:00,20,20,0
721,永昌里兒一公園,鶯歌區,121.339599609375,24.956649780273438,2026-01-01 00:00:00,2026-06-30 23:30:00,20,20,0
722,沙崙路216巷口,淡水區,121.42507934570312,25.184280395507812,2026-01-01 00:00:00,2026-06-30 23:30:00,20,20,0
723,淡水公23公園,淡水區,121.42890930175781,25.19985008239746,2026-01-01 00:00:00,2026-06-30 23:30:00,20,20,0
724,港德攤集區(中正路236巷),板橋區,121.45970153808594,25.019750595092773,2026-01-30 00:30:00,2026-06-30 23:30:00,20,20,0
725,濱湖大第(康寧街),汐止區,121.63758087158203,25.072250366210938,2026-01-01 00:00:00,2026-06-30 23:30:00,20,20,0
726,礫間停車場,鶯歌區,121.35444641113281,24.951799392700195,2026-01-01 00:00:00,2026-06-30 23:30:00,20,20,0
727,福德一路392巷41弄口,汐止區,121.62637329101562,25.063140869140625,2026-01-01 00:00:00,2026-06-30 23:30:00,20,20,0
728,竹林山觀音寺,林口區,121.38983154296875,25.08452033996582,2026-01-01 00:00:00,2026-06-30 23:30:00,20,20,0
729,芳洲八路,五股區,121.4463119506836,25.08880043029785,2026-01-01 00:00:00,2026-06-30 23:30:00,20,20,0
730,西盛館,新莊區,121.43270874023438,25.01190948486328,2026-01-01 00:00:00,2026-06-30 23:30:00,20,20,0
731,貢寮區公所,貢寮區,121.90614318847656,25.0208797454834,2026-01-01 00:00:00,2026-06-30 23:30:00,20,20,0
732,貴和市民活動中心,泰山區,121.4219970703125,25.03499984741211,2026-01-01 00:00:00,2026-06-30 23:30:00,20,20,0
733,輕軌陽光運動公園站,新店區,121.51927947998047,24.9719295501709,2026-01-01 00:00:00,2026-06-30 23:30:00,20,20,0
734,陸光國宅,五股區,121.43231964111328,25.088319778442383,2026-01-01 00:00:00,2026-06-30 23:30:00,20,20,0
735,鳳祥公園,鶯歌區,121.33025360107422,24.96282958984375,2026-01-01 00:00:00,2026-06-30 23:30:00,20,20,0
736,鶯歌老街第二停車場,鶯歌區,121.34226989746094,24.948949813842773,2026-01-01 00:00:00,2026-06-30 23:30:00,20,20,0
737,北港國小,汐止區,121.64595031738281,25.08902931213379,2026-01-01 00:00:00,2026-06-30 23:30:00,20,20,0
738,國際二國際一路口,鶯歌區,121.33529663085938,24.975770950317383,2026-01-01 00:00:00,2026-06-30 23:30:00,20,20,0
739,崁頂市民活動中心,淡水區,121.42870330810547,25.19771957397461,2026-01-01 00:00:00,2026-06-30 23:30:00,20,20,0
740,新泰路255巷口,新莊區,121.44270324707031,25.03936004638672,2026-01-01 00:00:00,2026-06-30 23:30:00,20,20,0
741,澳底公園,貢寮區,121.92559051513672,25.053489685058594,2026-01-01 00:00:00,2026-06-30 23:30:00,20,20,0
742,金美國小,金山區,121.6363296508789,25.219730377197266,2026-01-01 00:00:00,2026-06-30 23:30:00,20,20,0
743,世貿國家公園社區,汐止區,121.65865325927734,25.07288932800293,2026-01-01 00:00:00,2026-06-30 23:30:00,20,20,0
744,中原五街口,中和區,121.48603057861328,25.010860443115234,2026-01-01 00:00:00,2026-06-30 23:30:00,20,20,0
745,建國中正一路口(北鶯社區),鶯歌區,121.35691833496094,24.956579208374023,2026-01-01 00:00:00,2026-06-30 23:30:00,20,20,0
746,成州國小,五股區,121.45089721679688,25.099519729614258,2026-01-01 00:00:00,2026-06-30 23:30:00,20,20,0
747,文中四公園,淡水區,121.42350006103516,25.185400009155273,2026-01-01 00:00:00,2026-06-30 23:30:00,20,20,0
748,林口國民運動中心(文化三路),林口區,121.37960815429688,25.087120056152344,2026-01-01 00:00:00,2026-06-30 23:30:00,20,20,0
749,溪東市民活動中心,三峽區,121.40753173828125,24.93191909790039,2026-01-01 00:00:00,2026-06-30 23:30:00,20,20,0
750,馬偕醫學大學(圓環),三芝區,121.49571228027344,25.254379272460938,2026-01-01 00:00:00,2026-06-30 23:30:00,20,20,0
751,龍埔自行車道(民生街1巷),三峽區,121.37824249267578,24.93454933166504,2026-01-01 00:00:00,2026-06-30 23:30:00,20,20,0
752,中湖市民活動中心,鶯歌區,121.34719848632812,24.972980499267578,2026-01-01 00:00:00,2026-06-30 23:30:00,20,20,0
753,成泰路一段(中油),五股區,121.435546875,25.077850341796875,2026-01-01 00:00:00,2026-06-30 23:30:00,20,20,0
754,狀元公園,八里區,121.41036224365234,25.154499053955078,2026-01-01 00:00:00,2026-06-30 23:30:00,20,20,0
755,建二建三路口,中和區,121.48680114746094,25.003690719604492,2026-01-01 00:00:00,2026-06-30 23:30:00,20,20,0
756,新安永安街94巷口,新店區,121.52033996582031,24.984460830688477,2026-01-01 00:00:00,2026-06-30 23:30:00,20,20,0
757,龍門運動公園,貢寮區,121.93128967285156,25.02705955505371,2026-01-01 00:00:00,2026-06-30 23:30:00,20,20,0
758,北鶯停車場,鶯歌區,121.35991668701172,24.955669403076172,2026-01-01 00:00:00,2026-06-30 23:30:00,20,20,0
759,崁頂三後洲路一段路口,淡水區,121.42971801757812,25.201580047607422,2026-01-01 00:00:00,2026-06-30 23:30:00,20,20,0
760,三峽國小(中山路),三峽區,121.36779022216797,24.93474006652832,2026-01-01 00:00:00,2026-06-30 23:30:00,21,21,0
761,中山立仁街口,樹林區,121.42178344726562,24.98859977722168,2026-01-01 00:00:00,2026-06-30 23:30:00,21,21,0
762,中興路2段100巷口,新店區,121.54750061035156,24.971359252929688,2026-01-01 00:00:00,2026-06-30 23:30:00,21,21,0
763,俊興三龍街口,樹林區,121.41828155517578,25.01712989807129,2026-01-01 00:00:00,2026-06-30 23:30:00,21,21,0
764,僑中二街92巷口,板橋區,121.44631958007812,25.0087890625,2026-01-01 00:00:00,2026-06-30 23:30:00,21,21,0
765,大安文化街口,樹林區,121.41594696044922,24.989620208740234,2026-01-01 00:00:00,2026-06-30 23:30:00,21,21,0
766,思賢國小(自由街),新莊區,121.45587158203125,25.045509338378906,2026-01-01 00:00:00,2026-06-30 23:30:00,21,21,0
767,文化二路一段68巷口,林口區,121.36524200439453,25.068119049072266,2026-01-01 00:00:00,2026-06-30 23:30:00,21,21,0
768,新北捷運環狀線南機廠,新店區,121.5289077758789,24.983430862426758,2026-01-01 00:00:00,2026-06-30 23:30:00,21,21,0
769,日和中華路口,土城區,121.44283294677734,24.984020233154297,2026-01-01 00:00:00,2026-06-30 23:30:00,21,21,0
770,民生路二段226巷8弄,板橋區,121.46996307373047,25.021509170532227,2026-01-01 00:00:00,2026-06-30 23:30:00,21,21,0
771,永平公園(東南側),蘆洲區,121.45909118652344,25.0898494720459,2026-01-01 00:00:00,2026-06-30 23:30:00,21,21,0
772,永豐路157巷口,土城區,121.46708679199219,24.98171043395996,2026-01-01 00:00:00,2026-06-30 23:30:00,21,21,0
773,沙崙新民街口,淡水區,121.42960357666016,25.18832015991211,2026-01-01 00:00:00,2026-06-30 23:30:00,21,21,0
774,溪洲原住民族生活文化園區Cinemnemay,新店區,121.5283432006836,24.968259811401367,2026-01-01 00:00:00,2026-06-30 23:30:00,21,21,0
775,自強臨時平面停車場,三重區,121.49514770507812,25.082290649414062,2026-01-01 00:00:00,2026-06-30 23:30:00,21,21,0
776,輕軌安康站,新店區,121.51717376708984,24.96525001525879,2026-01-01 00:00:00,2026-06-30 23:30:00,21,21,0
777,輕軌雙城站,新店區,121.48985290527344,24.94679069519043,2026-01-01 00:00:00,2026-06-30 23:30:00,21,21,0
778,重慶國小(和平路101巷),板橋區,121.462158203125,24.995370864868164,2026-01-01 00:00:00,2026-06-30 23:30:00,21,21,0
779,頂新公園,土城區,121.41425323486328,24.953969955444336,2026-01-01 00:00:00,2026-06-30 23:30:00,21,21,0
780,中港平面停車場,新莊區,121.45271301269531,25.044849395751953,2026-01-01 00:00:00,2026-06-30 23:30:00,21,21,0
781,保長路51巷口,汐止區,121.67382049560547,25.078399658203125,2026-01-01 00:00:00,2026-06-30 23:30:00,21,21,0
782,光之公園,中和區,121.4866714477539,25.0118408203125,2026-01-01 00:00:00,2026-06-30 23:30:00,21,21,0
783,台水新莊服務所,新莊區,121.46018981933594,25.041519165039062,2026-01-01 00:00:00,2026-06-30 23:30:00,21,36,1
784,新市一路一段256巷口,淡水區,121.43273162841797,25.186649322509766,2026-01-01 00:00:00,2026-06-30 23:30:00,21,21,0
785,新月二綠堤街口,板橋區,121.45526123046875,25.026269912719727,2026-01-01 00:00:00,2026-06-30 23:30:00,21,21,0
786,新民街一段(台北灣社區),淡水區,121.43186950683594,25.185359954833984,2026-01-01 00:00:00,2026-06-30 23:30:00,21,21,0
787,民權路3巷12弄口,淡水區,121.46150970458984,25.142879486083984,2026-01-01 00:00:00,2026-06-30 23:30:00,21,21,0
788,訊塘廣場(義民中華路口),八里區,121.39563751220703,25.142559051513672,2026-01-01 00:00:00,2026-06-30 23:30:00,21,21,0
789,陽光Park社區,新店區,121.51554870605469,24.979400634765625,2026-01-01 00:00:00,2026-06-30 23:30:00,21,21,0
790,中央慶利街口(風華綠中央社區),土城區,121.44052124023438,24.973379135131836,2026-01-01 00:00:00,2026-06-30 23:30:00,22,22,0
791,中正路399巷口,新店區,121.53455352783203,24.977100372314453,2026-01-01 00:00:00,2026-06-30 23:30:00,22,22,0
792,五股工商立體停車場,五股區,121.4395523071289,25.08245086669922,2026-01-01 00:00:00,2026-06-30 23:30:00,22,22,0
793,修德國小(重陽路三段),三重區,121.48895263671875,25.066200256347656,2026-01-01 00:00:00,2026-06-30 23:30:00,22,22,0
794,坪林旅遊服務中心,坪林區,121.70527648925781,24.93522071838379,2026-01-01 00:00:00,2026-06-30 23:30:00,22,22,0
795,央北二月記街口,新店區,121.53008270263672,24.977630615234375,2026-01-01 00:00:00,2026-06-30 23:30:00,22,22,0
796,安華公園,新店區,121.5353775024414,24.973739624023438,2026-01-01 00:00:00,2026-06-30 23:30:00,22,22,0
797,崇德橋東活動中心,汐止區,121.66699981689453,25.070510864257812,2026-01-01 00:00:00,2026-06-30 23:30:00,22,22,0
798,彩虹兒童公園,蘆洲區,121.464599609375,25.08871078491211,2026-01-01 00:00:00,2026-06-30 23:30:00,22,22,0
799,彭厝市場,樹林區,121.41828155517578,24.978479385375977,2026-01-01 00:00:00,2026-06-30 23:30:00,22,22,0
800,捷運江子翠站(6號出口),板橋區,121.47313690185547,25.03105926513672,2026-01-01 00:00:00,2026-06-30 23:30:00,22,22,0
801,新市二路三段36巷口,淡水區,121.43302154541016,25.193010330200195,2026-01-01 00:00:00,2026-06-30 23:30:00,22,22,0
802,民生縣民大道口(東南側),板橋區,121.4716567993164,25.018619537353516,2026-01-01 00:00:00,2026-06-30 23:30:00,22,22,0
803,永福國小(永福街72巷),三重區,121.47985076904297,25.076570510864258,2026-01-01 00:00:00,2026-06-30 23:30:00,22,31,1
804,浮洲合宜住宅(合宜一合宜路口),板橋區,121.4460220336914,24.995359420776367,2026-01-01 00:00:00,2026-06-30 23:30:00,22,22,0
805,福和國中(永利路),永和區,121.52033233642578,25.00432014465332,2026-01-01 00:00:00,2026-06-30 23:30:00,22,22,0
806,臺北大學體育館,三峽區,121.36688232421875,24.939739227294922,2026-01-01 00:00:00,2026-06-30 23:30:00,22,44,1
807,順德街(御中央3社區),新店區,121.52999877929688,24.978900909423828,2026-01-01 00:00:00,2026-06-30 23:30:00,22,36,1
808,鳳福鳳三路口,鶯歌區,121.33142852783203,24.975669860839844,2026-01-01 00:00:00,2026-06-30 23:30:00,22,22,0
809,三和國中(自強路三段110巷),三重區,121.4869384765625,25.074800491333008,2026-01-01 00:00:00,2026-06-30 23:30:00,22,22,0
810,五股國民運動中心,五股區,121.44831848144531,25.095369338989258,2026-01-01 00:00:00,2026-06-30 23:30:00,22,22,0
811,南雅育智路口,鶯歌區,121.34600067138672,24.95400047302246,2026-01-01 00:00:00,2026-06-30 23:30:00,22,22,0
812,台麗街13巷,泰山區,121.42463684082031,25.03829002380371,2026-01-01 00:00:00,2026-06-30 23:30:00,22,22,0
813,民族二街明峰街口,汐止區,121.63501739501953,25.0710506439209,2026-01-01 00:00:00,2026-06-30 23:30:00,22,22,0
814,水蓮山莊,汐止區,121.63009643554688,25.077970504760742,2026-01-01 00:00:00,2026-06-30 23:30:00,22,22,0
815,自然公園,三重區,121.48799133300781,25.089839935302734,2026-01-01 00:00:00,2026-06-30 23:30:00,22,36,1
816,輕軌崁頂站(西側),淡水區,121.43418884277344,25.20153045654297,2026-01-01 00:00:00,2026-06-30 23:30:00,22,22,0
817,頭前運動公園(頭前路),新莊區,121.463623046875,25.052370071411133,2026-01-01 00:00:00,2026-06-30 23:30:00,22,22,0
818,鶯歌陶瓷博物館,鶯歌區,121.35244750976562,24.95012092590332,2026-01-01 00:00:00,2026-06-30 23:30:00,22,22,0
819,龍埔三樹路98巷口,三峽區,121.38392639160156,24.939889907836914,2026-01-01 00:00:00,2026-06-30 23:30:00,22,42,1
820,三張地下停車場,三重區,121.48980712890625,25.070539474487305,2026-01-01 00:00:00,2026-06-30 23:30:00,22,22,0
821,臺北大學公共事務大樓(法商大道),三峽區,121.37212371826172,24.94363021850586,2026-01-01 00:00:00,2026-06-30 23:30:00,22,44,1
822,佳園學成路口,樹林區,121.38500213623047,24.946950912475586,2026-01-01 00:00:00,2026-06-30 23:30:00,22,22,0
823,新市二路四段230巷,淡水區,121.44564056396484,25.19087028503418,2026-01-01 00:00:00,2026-06-30 23:30:00,22,22,0
824,龍米路二段205巷口,八里區,121.43231201171875,25.15850067138672,2026-01-21 10:30:00,2026-06-30 23:30:00,22,22,0
825,中央新村(中央三街),新店區,121.5248794555664,24.97640037536621,2026-01-01 00:00:00,2026-06-30 23:30:00,23,23,0
826,中山路二段443巷口,板橋區,121.48101806640625,25.020509719848633,2026-01-01 00:00:00,2026-06-30 23:30:00,23,23,0
827,丹鳳派出所,新莊區,121.41465759277344,25.027690887451172,2026-01-01 00:00:00,2026-06-30 23:30:00,23,23,0
828,仁愛路40巷口,永和區,121.51416015625,25.013460159301758,2026-01-01 00:00:00,2026-06-30 23:30:00,23,23,0
829,忠孝二文化二路口,林口區,121.36540985107422,25.069129943847656,2026-01-01 00:00:00,2026-06-30 23:30:00,23,23,0
830,思源路192巷口,新莊區,121.46009826660156,25.048229217529297,2026-01-01 00:00:00,2026-06-30 23:30:00,23,23,0
831,慈愛公園,三重區,121.48461151123047,25.08119010925293,2026-01-01 00:00:00,2026-06-30 23:30:00,23,23,0
832,捷運景平站(景平路278巷口),中和區,121.51512908935547,24.99243927001953,2026-01-01 00:00:00,2026-06-30 23:30:00,23,23,0
833,捷運永寧站(3號出口),土城區,121.43688201904297,24.96710968017578,2026-01-01 00:00:00,2026-06-30 23:30:00,23,23,0
834,林口高中(四維路),林口區,121.381591796875,25.07386016845703,2026-01-01 00:00:00,2026-06-30 23:30:00,23,23,0
835,水柳腳立體停車場,坪林區,121.71021270751953,24.935550689697266,2026-01-01 00:00:00,2026-06-30 23:30:00,23,23,0
836,石碇,石碇區,121.6589126586914,24.991390228271484,2026-01-01 00:00:00,2026-06-30 23:30:00,23,23,0
837,莊敬路25巷口,板橋區,121.47338104248047,25.027339935302734,2026-01-01 00:00:00,2026-06-30 23:30:00,23,23,0
838,輕軌新和國小站,新店區,121.51830291748047,24.983379364013672,2026-01-01 00:00:00,2026-06-30 23:30:00,23,23,0
839,遠東世紀廣場C棟,中和區,121.4864501953125,24.9985294342041,2026-01-01 00:00:00,2026-06-30 23:30:00,23,26,1
840,北大高中,三峽區,121.37505340576172,24.949199676513672,2026-01-01 00:00:00,2026-06-30 23:30:00,23,23,0
841,文林國小,樹林區,121.4260025024414,24.997900009155273,2026-01-01 00:00:00,2026-06-30 23:30:00,23,23,0
842,普庵寺,蘆洲區,121.48213958740234,25.088010787963867,2026-01-01 00:00:00,2026-06-30 23:30:00,23,23,0
843,臺北大學公共事務大樓(公政大道),三峽區,121.37120819091797,24.94325065612793,2026-01-01 00:00:00,2026-06-30 23:30:00,23,34,1
844,貿商國宅,五股區,121.43067932128906,25.06938934326172,2026-01-01 00:00:00,2026-06-30 23:30:00,23,23,0
845,臺北大學行政大樓(法商大道),三峽區,121.37120056152344,24.9449405670166,2026-01-01 00:00:00,2026-06-30 23:30:00,23,33,1
846,三民地下停車場,新店區,121.53717803955078,24.970970153808594,2026-01-01 00:00:00,2026-06-30 23:30:00,24,24,0
847,中央路三段281巷,土城區,121.42678833007812,24.9631404876709,2026-01-01 00:00:00,2026-06-30 23:30:00,24,24,0
848,中正橋(環河西路一段),永和區,121.51553344726562,25.018030166625977,2026-01-01 00:00:00,2026-06-30 23:30:00,24,24,0
849,中興北街42巷17弄,三重區,121.46891784667969,25.050060272216797,2026-01-01 00:00:00,2026-06-30 23:30:00,24,28,1
850,大觀路二段1巷,板橋區,121.4486312866211,25.003820419311523,2026-01-01 00:00:00,2026-06-30 23:30:00,24,24,0
851,後埔國小(實踐路/重慶路155巷口),板橋區,121.46417236328125,25.004119873046875,2026-01-01 00:00:00,2026-06-30 23:30:00,24,24,0
852,復興民生街口,三峽區,121.37339782714844,24.936960220336914,2026-01-01 00:00:00,2026-06-30 23:30:00,24,32,1
853,文化懷德街口,板橋區,121.47573852539062,25.03359031677246,2026-01-01 00:00:00,2026-06-30 23:30:00,24,24,0
854,新泰國中,新莊區,121.44413757324219,25.04315948486328,2026-01-01 00:00:00,2026-06-30 23:30:00,24,24,0
855,格致中學,三重區,121.48906707763672,25.07402992248535,2026-01-01 00:00:00,2026-06-30 23:30:00,24,24,0
856,樹林國小,樹林區,121.41764831542969,24.988859176635742,2026-01-01 00:00:00,2026-06-30 23:30:00,24,24,0
857,淡水中正路停車場,淡水區,121.43585968017578,25.173080444335938,2026-01-01 00:00:00,2026-06-30 23:30:00,24,24,0
858,進安公園,三重區,121.49376678466797,25.086029052734375,2026-01-01 00:00:00,2026-06-30 23:30:00,24,33,1
859,頂崁公園,三重區,121.47560119628906,25.054929733276367,2026-01-01 00:00:00,2026-06-30 23:30:00,24,24,0
860,信義文化三路口,林口區,121.37541198730469,25.08213996887207,2026-01-01 00:00:00,2026-06-30 23:30:00,24,24,0
861,南勢國中,林口區,121.36231994628906,25.074859619140625,2026-01-01 00:00:00,2026-06-30 23:30:00,24,24,0
862,安居公教住宅,新店區,121.51293182373047,24.95949935913086,2026-01-01 00:00:00,2026-06-30 23:30:00,24,24,0
863,林口國小,林口區,121.38899993896484,25.08049964904785,2026-01-01 00:00:00,2026-06-30 23:30:00,24,24,0
864,臺北大學蓮池,三峽區,121.37117004394531,24.947229385375977,2026-01-01 00:00:00,2026-06-30 23:30:00,24,34,1
865,西盛公園,新莊區,121.42804718017578,25.01711082458496,2026-01-01 00:00:00,2026-06-30 23:30:00,24,44,1
866,金山八德街,金山區,121.63468933105469,25.223649978637695,2026-01-01 00:00:00,2026-06-30 23:30:00,24,24,0
867,輕軌淡金鄧公站,淡水區,121.45935821533203,25.168739318847656,2026-01-01 00:00:00,2026-06-30 23:30:00,24,24,0
868,三重棒球場,三重區,121.48149871826172,25.06130027770996,2026-01-01 00:00:00,2026-06-30 23:30:00,25,25,0
869,五工路68巷口,新莊區,121.4588394165039,25.062942504882812,2026-01-01 00:00:00,2026-06-30 23:30:00,25,25,0
870,五權公園地下停車場,板橋區,121.46463012695312,24.99264907836914,2026-01-01 00:00:00,2026-06-30 23:30:00,25,25,0
871,保平路214巷,永和區,121.50920867919922,25.007009506225586,2026-01-01 00:00:00,2026-06-30 23:30:00,25,25,0
872,國家檔案館(文化一路),林口區,121.3752670288086,25.07284927368164,2026-01-01 00:00:00,2026-06-30 23:30:00,25,25,0
873,土城紫藤廊道(學海街),土城區,121.44835662841797,24.979230880737305,2026-01-01 00:00:00,2026-06-30 23:30:00,25,25,0
874,安和市民活動中心,新店區,121.51569366455078,24.97532081604004,2026-01-01 00:00:00,2026-06-30 23:30:00,25,25,0
875,山佳火車站,樹林區,121.39317321777344,24.97270965576172,2026-01-01 00:00:00,2026-06-30 23:30:00,25,25,0
876,林口郵局,林口區,121.36453247070312,25.066669464111328,2026-01-01 00:00:00,2026-06-30 23:30:00,25,25,0
877,柑園五里聯合活動中心,樹林區,121.38645935058594,24.950960159301758,2026-01-01 00:00:00,2026-06-30 23:30:00,25,25,0
878,樹林國民運動中心,樹林區,121.4228515625,25.004199981689453,2026-01-01 00:00:00,2026-06-30 23:30:00,25,25,0
879,民安東民全街口,新莊區,121.42955780029297,25.020769119262695,2026-01-01 00:00:00,2026-06-30 23:30:00,25,25,0
880,民安西路468巷口,新莊區,121.4317626953125,25.007959365844727,2026-01-01 00:00:00,2026-06-30 23:30:00,25,25,0
881,海山高中(漢生東路),板橋區,121.4704818725586,25.010669708251953,2026-01-01 00:00:00,2026-06-30 23:30:00,25,40,1
882,海洋公園,三峽區,121.37676239013672,24.9477596282959,2026-01-01 00:00:00,2026-06-30 23:30:00,25,25,0
883,獅子頭山水匯集廣場,五股區,121.45768737792969,25.111709594726562,2026-01-01 00:00:00,2026-06-30 23:30:00,25,25,0
884,疏洪東竹圍仔街口,三重區,121.48639678955078,25.04861068725586,2026-01-01 00:00:00,2026-06-30 23:30:00,25,25,0
885,石門風箏公園停車場,石門區,121.54766082763672,25.290157318115234,2026-01-01 00:00:00,2026-06-30 23:30:00,25,25,0
886,義學國小,泰山區,121.43167114257812,25.051759719848633,2026-01-01 00:00:00,2026-06-30 23:30:00,25,25,0
887,興林路151巷口,林口區,121.38917541503906,25.073450088500977,2026-01-01 00:00:00,2026-06-30 23:30:00,25,25,0
888,輕軌新市一路站,淡水區,121.44837188720703,25.18345069885254,2026-01-01 00:00:00,2026-06-30 23:30:00,25,25,0
889,光華公園,樹林區,121.4130630493164,25.005569458007812,2026-01-01 00:00:00,2026-06-30 23:30:00,25,25,0
890,南勢市民活動中心,林口區,121.35913848876953,25.073930740356445,2026-01-01 00:00:00,2026-06-30 23:30:00,25,25,0
891,商港三頂罟二路口,八里區,121.40167999267578,25.153329849243164,2026-01-01 00:00:00,2026-06-30 23:30:00,25,25,0
892,大安市民活動中心,土城區,121.43934631347656,24.96595001220703,2026-01-01 00:00:00,2026-06-30 23:30:00,25,25,0
893,文山國中,新店區,121.53936767578125,24.955209732055664,2026-01-01 00:00:00,2026-06-30 23:30:00,25,25,0
894,新樹公園,新莊區,121.43315124511719,25.003379821777344,2026-01-01 00:00:00,2026-06-30 23:30:00,25,25,0
895,瑞芳棒球場,瑞芳區,121.81884002685547,25.106660842895508,2026-01-01 00:00:00,2026-06-30 23:30:00,25,25,0
896,竿蓁市民活動中心,淡水區,121.45069122314453,25.1650390625,2026-01-01 00:00:00,2026-06-30 23:30:00,25,25,0
897,輕軌淡海新市鎮站,淡水區,121.432861328125,25.196229934692383,2026-01-01 00:00:00,2026-06-30 23:30:00,25,25,0
898,鶯歌火車站(文化路),鶯歌區,121.35697174072266,24.955360412597656,2026-01-01 00:00:00,2026-06-30 23:30:00,25,25,0
899,義山新市一路口,淡水區,121.43736267089844,25.186229705810547,2026-01-01 00:00:00,2026-06-30 23:30:00,25,25,0
900,臺北大學社科院(公政大道),三峽區,121.37010192871094,24.94441032409668,2026-01-01 00:00:00,2026-06-30 23:30:00,25,40,1
901,中印青潭廠,新店區,121.5594711303711,24.95446014404297,2026-01-01 00:00:00,2026-06-30 23:30:00,25,25,0
902,新市二路四段,淡水區,121.44184875488281,25.19253921508789,2026-01-01 00:00:00,2026-06-30 23:30:00,25,25,0
903,井泉公園,林口區,121.35665130615234,25.069700241088867,2026-01-01 00:00:00,2026-06-30 23:30:00,25,25,0
904,佳和公園(中山路二段64巷5弄),中和區,121.50186157226562,25.004350662231445,2026-01-01 00:00:00,2026-06-30 23:30:00,26,26,0
905,八德文化三路口,林口區,121.35991668701172,25.065969467163086,2026-01-01 00:00:00,2026-06-30 23:30:00,26,26,0
906,同興公園,泰山區,121.43199920654297,25.055200576782227,2026-01-01 00:00:00,2026-06-30 23:30:00,26,26,0
907,味王街,樹林區,121.40399932861328,24.974700927734375,2026-01-01 00:00:00,2026-06-30 23:30:00,25,26,1
908,圓通路335巷33弄,中和區,121.49302673339844,24.988990783691406,2026-01-01 00:00:00,2026-06-30 23:30:00,26,26,0
909,富基漁港,石門區,121.53623962402344,25.293010711669922,2026-01-01 00:00:00,2026-06-30 23:30:00,26,26,0
910,捷運江子翠站(2號出口),板橋區,121.47200012207031,25.02998924255371,2026-01-01 00:00:00,2026-06-30 23:30:00,26,26,0
911,捷運泰山站(4號出口),泰山區,121.4390869140625,25.053129196166992,2026-01-01 00:00:00,2026-06-30 23:30:00,26,26,0
912,板橋果菜批發市場,板橋區,121.45004272460938,25.021129608154297,2026-01-01 00:00:00,2026-06-30 23:30:00,26,26,0
913,樂活公園(文化一路),林口區,121.36921691894531,25.06722068786621,2026-01-01 00:00:00,2026-06-30 23:30:00,26,26,0
914,竹圍公園,淡水區,121.4634017944336,25.138229370117188,2026-01-01 00:00:00,2026-06-30 23:30:00,26,26,0
915,遠東動力企業總部,新莊區,121.42999267578125,25.031129837036133,2026-01-01 00:00:00,2026-06-30 23:30:00,26,26,0
916,醒吾科技大學(粉寮路),林口區,121.39804077148438,25.080480575561523,2026-01-01 00:00:00,2026-06-30 23:30:00,26,26,0
917,長壽親子公園,樹林區,121.42202758789062,24.99169921875,2026-01-01 00:00:00,2026-06-30 23:30:00,26,26,0
918,雙十萬板路口,板橋區,121.47718048095703,25.025379180908203,2026-01-01 00:00:00,2026-06-30 23:30:00,26,26,0
919,龍恩公園,三峽區,121.37052154541016,24.94135093688965,2026-01-01 00:00:00,2026-06-30 23:30:00,26,26,0
920,三多國小,樹林區,121.40701293945312,25.016380310058594,2026-01-01 00:00:00,2026-06-30 23:30:00,26,26,0
921,中山佳林路口,林口區,121.38526916503906,25.0792293548584,2026-01-01 00:00:00,2026-06-30 23:30:00,26,26,0
922,中興橋(環河南路254巷口),三重區,121.49137878417969,25.050519943237305,2026-01-01 00:00:00,2026-06-30 23:30:00,26,26,0
923,仁愛街112巷,三重區,121.49488067626953,25.074859619140625,2026-01-01 00:00:00,2026-06-30 23:30:00,26,26,0
924,介壽國小,三峽區,121.37911987304688,24.930259704589844,2026-01-01 00:00:00,2026-06-30 23:30:00,26,26,0
925,新市二路二段,淡水區,121.42793273925781,25.195240020751953,2026-01-01 00:00:00,2026-06-30 23:30:00,26,26,0
926,新莊勞工中心,新莊區,121.4337387084961,25.02033042907715,2026-01-01 00:00:00,2026-06-30 23:30:00,26,26,0
927,榮富國小,新莊區,121.44658660888672,25.051719665527344,2026-01-01 00:00:00,2026-06-30 23:30:00,26,26,0
928,永平公園,蘆洲區,121.45941925048828,25.089990615844727,2026-01-01 00:00:00,2026-06-30 23:30:00,26,26,0
929,沙崙路151巷口,淡水區,121.42385864257812,25.18345069885254,2026-01-01 00:00:00,2026-06-30 23:30:00,26,26,0
930,碧潭渡船頭,新店區,121.53746032714844,24.953100204467773,2026-01-01 00:00:00,2026-06-30 23:30:00,26,26,0
931,臺北大學商學院(法商大道),三峽區,121.3714599609375,24.944990158081055,2026-01-01 00:00:00,2026-06-30 23:30:00,26,26,0
932,新五路二段299號,五股區,121.44361114501953,25.08707046508789,2026-01-01 00:00:00,2026-06-30 23:30:00,26,26,0
933,神農街/光復路二段129巷口,三重區,121.47409057617188,25.058990478515625,2026-01-01 00:00:00,2026-06-30 23:30:00,26,26,0
934,馬偕醫學大學(第二教研大樓),三芝區,121.49559020996094,25.25303077697754,2026-01-01 00:00:00,2026-06-30 23:30:00,26,26,0
935,湖南市民活動中心,林口區,121.37432098388672,25.084280014038086,2026-01-01 00:00:00,2026-06-30 23:30:00,26,26,0
936,四維文化二路口,林口區,121.37603759765625,25.078990936279297,2026-01-01 00:00:00,2026-06-30 23:30:00,27,27,0
937,大安中央路口,土城區,121.4326400756836,24.96575927734375,2026-01-01 00:00:00,2026-06-30 23:30:00,27,27,0
938,安溪國小,三峽區,121.37265014648438,24.93121910095215,2026-01-01 00:00:00,2026-06-30 23:30:00,27,28,1
939,師大林口校區正樓後,林口區,121.4032974243164,25.069440841674805,2026-01-01 00:00:00,2026-06-30 23:30:00,27,27,0
940,文化三路一段203號前,林口區,121.36245727539062,25.070390701293945,2026-01-01 00:00:00,2026-06-30 23:30:00,27,27,0
941,新泰游泳池,新莊區,121.4422836303711,25.046159744262695,2026-01-01 00:00:00,2026-06-30 23:30:00,27,40,1
942,新莊快樂公園,新莊區,121.44355010986328,25.030330657958984,2026-01-01 00:00:00,2026-06-30 23:30:00,27,27,0
943,綠湖公園地下停車場,新店區,121.54612731933594,24.97956085205078,2026-01-01 00:00:00,2026-06-30 23:30:00,27,27,0
944,菁桐老街,平溪區,121.72447967529297,25.02397918701172,2026-01-01 00:00:00,2026-06-30 23:30:00,27,27,0
945,西安市民活動中心,板橋區,121.47187805175781,25.017120361328125,2026-01-01 00:00:00,2026-06-30 23:30:00,27,27,0
946,頭前國小,新莊區,121.46505737304688,25.052570343017578,2026-01-01 00:00:00,2026-06-30 23:30:00,27,46,1
947,三多第1市民活動中心,樹林區,121.40425872802734,25.01637077331543,2026-01-01 00:00:00,2026-06-30 23:30:00,27,27,0
948,佳和公園,中和區,121.5031967163086,25.006940841674805,2026-01-01 00:00:00,2026-06-30 23:30:00,27,27,0
949,光明市場,三重區,121.49181365966797,25.057340621948242,2026-01-01 00:00:00,2026-06-30 23:30:00,27,27,0
950,光明街,新店區,121.54009246826172,24.963159561157227,2026-01-01 00:00:00,2026-06-30 23:30:00,27,27,0
951,四維公園,新莊區,121.42221069335938,25.021299362182617,2026-01-01 00:00:00,2026-06-30 23:30:00,27,27,0
952,臺北大學社科院(圖資大道),三峽區,121.3691177368164,24.943960189819336,2026-01-01 00:00:00,2026-06-30 23:30:00,27,37,1
953,青潭國小,新店區,121.55181121826172,24.953100204467773,2026-01-01 00:00:00,2026-06-30 23:30:00,27,27,0
954,員山市場臨時平面停車場,中和區,121.48062896728516,25.006759643554688,2026-01-01 00:00:00,2026-06-30 23:30:00,27,27,0
955,頭湖國小,林口區,121.3726806640625,25.0816707611084,2026-01-01 00:00:00,2026-06-30 23:30:00,27,27,0
956,輕軌景文科大站,新店區,121.5096435546875,24.954740524291992,2026-01-01 00:00:00,2026-06-30 23:30:00,27,27,0
957,中和地政事務所,中和區,121.50240325927734,24.99039077758789,2026-01-01 00:00:00,2026-06-30 23:30:00,28,28,0
958,中角灣,金山區,121.63233947753906,25.23900032043457,2026-01-01 00:00:00,2026-06-30 23:30:00,28,28,0
959,土城區公所,土城區,121.44316101074219,24.971900939941406,2026-01-01 00:00:00,2026-06-30 23:30:00,28,28,0
960,大眾廟,新莊區,121.45800018310547,25.037399291992188,2026-01-01 00:00:00,2026-06-30 23:30:00,28,28,0
961,府中汽車停車場,板橋區,121.45881652832031,25.007450103759766,2026-01-01 00:00:00,2026-06-30 23:30:00,28,28,0
962,忠孝活動中心,永和區,121.5152816772461,25.016769409179688,2026-01-01 00:00:00,2026-06-30 23:30:00,28,28,0
963,新五泰國民運動中心,泰山區,121.43427276611328,25.05582046508789,2026-01-01 00:00:00,2026-06-30 23:30:00,28,28,0
964,新北高工(學士路),土城區,121.45276641845703,24.982160568237305,2026-01-01 00:00:00,2026-06-30 23:30:00,28,28,0
965,板橋車站(新站路),板橋區,121.4643783569336,25.015289306640625,2026-01-01 00:00:00,2026-06-30 23:30:00,28,28,0
966,沛陂社區公園,土城區,121.4197006225586,24.9632625579834,2026-01-01 00:00:00,2026-06-30 23:30:00,28,36,1
967,滬尾藝文休閒園區,淡水區,121.42851257324219,25.175939559936523,2026-01-01 00:00:00,2026-06-30 23:30:00,28,28,0
968,烏來老街,烏來區,121.55168151855469,24.86492919921875,2026-01-01 00:00:00,2026-06-30 23:30:00,28,28,0
969,瑞芳火車站,瑞芳區,121.80650329589844,25.108509063720703,2026-01-01 00:00:00,2026-06-30 23:30:00,28,28,0
970,秀得里(成功路二段),永和區,121.5267333984375,25.000709533691406,2026-01-01 00:00:00,2026-06-30 23:30:00,28,28,0
971,錦和高中,中和區,121.49076080322266,24.99350929260254,2026-01-01 00:00:00,2026-06-30 23:30:00,28,28,0
972,三重忠孝公園,三重區,121.47931671142578,25.063249588012695,2026-01-01 00:00:00,2026-06-30 23:30:00,28,28,0
973,八里中庄市場綜合大樓,八里區,121.41407012939453,25.159929275512695,2026-01-01 00:00:00,2026-06-30 23:30:00,28,28,0
974,林口婦幼公園,林口區,121.37751770019531,25.072309494018555,2026-01-01 00:00:00,2026-06-30 23:30:00,28,28,0
975,水返腳公園,汐止區,121.65901184082031,25.068130493164062,2026-01-01 00:00:00,2026-06-30 23:30:00,28,28,0
976,淡水老街廣場,淡水區,121.44428253173828,25.168909072875977,2026-01-01 00:00:00,2026-06-30 23:30:00,28,28,0
977,環河福德南路口,三重區,121.50216674804688,25.06028938293457,2026-01-01 00:00:00,2026-06-30 23:30:00,28,28,0
978,蘆洲重陽大樓,蘆洲區,121.48188781738281,25.085060119628906,2026-01-01 00:00:00,2026-06-30 23:30:00,28,28,0
979,麗林公有市場,林口區,121.36775970458984,25.069120407104492,2026-01-01 00:00:00,2026-06-30 23:30:00,28,28,0
980,康寧街307巷,汐止區,121.62696838378906,25.068090438842773,2026-01-01 00:00:00,2026-06-30 23:30:00,28,28,0
981,竹圍國小,淡水區,121.45989227294922,25.146379470825195,2026-01-01 00:00:00,2026-06-30 23:30:00,28,28,0
982,康福公園,汐止區,121.63748168945312,25.068939208984375,2026-01-01 00:00:00,2026-06-30 23:30:00,28,28,0
983,龍埔公園,三峽區,121.37419891357422,24.93840980529785,2026-01-01 00:00:00,2026-06-30 23:30:00,28,35,1
984,豐年國小,新莊區,121.4432373046875,25.03070068359375,2026-01-01 00:00:00,2026-06-30 23:30:00,28,28,0
985,三民中山一路口,蘆洲區,121.47599792480469,25.082229614257812,2026-01-01 00:00:00,2026-06-30 23:30:00,29,29,0
986,師大林口校區誠樓前,林口區,121.4021987915039,25.069290161132812,2026-01-01 00:00:00,2026-06-30 23:30:00,29,29,0
987,新市國小,淡水區,121.44444274902344,25.185184478759766,2026-01-01 00:00:00,2026-06-30 23:30:00,29,29,0
988,中正路284巷,新店區,121.53842163085938,24.974700927734375,2026-01-01 00:00:00,2026-06-30 23:30:00,29,29,0
989,元氣大鎮社區,中和區,121.47899627685547,25.005720138549805,2026-01-01 00:00:00,2026-06-30 23:30:00,29,29,0
990,大觀路二段19巷,板橋區,121.45079040527344,25.002559661865234,2026-01-01 00:00:00,2026-06-30 23:30:00,29,29,0
991,板南路492號,中和區,121.4858169555664,25.007539749145508,2026-01-01 00:00:00,2026-06-30 23:30:00,29,29,0
992,林口區公所,林口區,121.38818359375,25.076740264892578,2026-01-01 00:00:00,2026-06-30 23:30:00,29,29,0
993,林口吉祥公園,林口區,121.37576293945312,25.080270767211914,2026-01-01 00:00:00,2026-06-30 23:30:00,29,29,0
994,民生中山路口,板橋區,121.47345733642578,25.01605987548828,2026-01-01 00:00:00,2026-06-30 23:30:00,29,29,0
995,淡江大學(水源街),淡水區,121.45236206054688,25.174570083618164,2026-01-01 00:00:00,2026-06-30 23:30:00,29,29,0
996,金龍國小,汐止區,121.62866973876953,25.06909942626953,2026-01-01 00:00:00,2026-06-30 23:30:00,29,29,0
997,頂埔市場,土城區,121.4150390625,24.958160400390625,2026-01-01 00:00:00,2026-06-30 23:30:00,29,29,0
998,安成安德街口,新店區,121.5099868774414,24.961149215698242,2026-01-01 00:00:00,2026-06-30 23:30:00,29,29,0
999,尖山公園,鶯歌區,121.34600067138672,24.948200225830078,2026-01-01 00:00:00,2026-06-30 23:30:00,29,29,0
1000,捷運小碧潭站(1號出口),新店區,121.53028869628906,24.971519470214844,2026-01-01 00:00:00,2026-06-30 23:30:00,29,29,0
1001,文化三四維路口,林口區,121.37413787841797,25.079790115356445,2026-01-01 00:00:00,2026-06-30 23:30:00,29,29,0
1002,新春街125巷(樂活绽社區),淡水區,121.4415512084961,25.18269920349121,2026-01-01 00:00:00,2026-06-30 23:30:00,29,29,0
1003,永安南路九芎街71巷口,蘆洲區,121.46607208251953,25.077560424804688,2026-01-01 00:00:00,2026-06-30 23:30:00,29,29,0
1004,濱海路一段111巷口(西側),淡水區,121.439453125,25.189279556274414,2026-01-01 00:00:00,2026-06-30 23:30:00,29,29,0
1005,臺北大學法學院(鳶飛大道),三峽區,121.37332916259766,24.944379806518555,2026-01-01 00:00:00,2026-06-30 23:30:00,29,29,0
1006,新林國小,林口區,121.3594970703125,25.070789337158203,2026-01-01 00:00:00,2026-06-30 23:30:00,29,29,0
1007,重新重安街口,三重區,121.48975372314453,25.058439254760742,2026-01-01 00:00:00,2026-06-30 23:30:00,29,35,1
1008,輕軌耕莘安康院區站,新店區,121.50367736816406,24.954530715942383,2026-01-01 00:00:00,2026-06-30 23:30:00,29,29,0
1009,大同國小,樹林區,121.41683197021484,24.98114013671875,2026-01-01 00:00:00,2026-06-30 23:30:00,30,30,0
1010,安康立體停車場,新店區,121.5126724243164,24.962610244750977,2026-01-01 00:00:00,2026-06-30 23:30:00,30,41,1
1011,森林公園,樹林區,121.37975311279297,24.948190689086914,2026-01-01 00:00:00,2026-06-30 23:30:00,30,30,0
1012,碧華公園,三重區,121.48748779296875,25.083740234375,2026-01-01 00:00:00,2026-06-30 23:30:00,30,36,1
1013,碧華國中(三賢街),三重區,121.48831939697266,25.08860969543457,2026-01-01 00:00:00,2026-06-30 23:30:00,30,30,0
1014,華城橋（康寧街61巷）,汐止區,121.61988067626953,25.068330764770508,2026-01-01 00:00:00,2026-06-30 23:30:00,30,30,0
1015,輕軌濱海義山站(西南側),淡水區,121.43733978271484,25.18960952758789,2026-01-01 00:00:00,2026-06-30 23:30:00,30,30,0
1016,三貂嶺隧道(金字橋),瑞芳區,121.82315826416016,25.060949325561523,2026-01-01 00:00:00,2026-06-30 23:30:00,30,30,0
1017,三重商工(後竹圍街),三重區,121.4797592163086,25.070310592651367,2026-01-01 00:00:00,2026-06-30 23:30:00,30,30,0
1018,中華城林路口,土城區,121.43882751464844,24.975250244140625,2026-01-01 00:00:00,2026-06-30 23:30:00,30,43,1
1019,五股戶政事務所,五股區,121.44561004638672,25.091550827026367,2026-01-01 00:00:00,2026-06-30 23:30:00,30,30,0
1020,八里福朋喜來登酒店,八里區,121.42945098876953,25.15921974182129,2026-01-01 00:00:00,2026-06-30 23:30:00,30,30,0
1021,十四張歷史建築園區(文記街),新店區,121.52792358398438,24.980649948120117,2026-01-01 00:00:00,2026-06-30 23:30:00,30,49,1
1022,同興大同路口,汐止區,121.6388168334961,25.059810638427734,2026-01-01 00:00:00,2026-06-30 23:30:00,30,30,0
1023,土城綜合球場,土城區,121.4542007446289,24.97871971130371,2026-01-01 00:00:00,2026-06-30 23:30:00,30,30,0
1024,大智公園,三重區,121.49445343017578,25.063610076904297,2026-01-01 00:00:00,2026-06-30 23:30:00,30,30,0
1025,宏匯思源廣場,新莊區,121.45905303955078,25.057449340820312,2026-01-01 00:00:00,2026-06-30 23:30:00,30,30,0
1026,嶺腳車站,平溪區,121.74787902832031,25.03005027770996,2026-01-01 00:00:00,2026-06-30 23:30:00,30,30,0
1027,德光莒光路口,中和區,121.4717788696289,25.00469970703125,2026-01-01 00:00:00,2026-06-30 23:30:00,30,30,0
1028,振義里公園,板橋區,121.48397064208984,25.023889541625977,2026-01-01 00:00:00,2026-06-30 23:30:00,30,30,0
1029,文化一路一段91巷口,林口區,121.3721694946289,25.070480346679688,2026-01-01 00:00:00,2026-06-30 23:30:00,30,30,0
1030,文化廣場,林口區,121.36628723144531,25.072940826416016,2026-01-01 00:00:00,2026-06-30 23:30:00,30,30,0
1031,新北市工商展覽中心,五股區,121.4476089477539,25.064329147338867,2026-01-01 00:00:00,2026-06-30 23:30:00,30,40,1
1032,林口社區運動公園,林口區,121.37693786621094,25.07411003112793,2026-01-01 00:00:00,2026-06-30 23:30:00,30,30,0
1033,永和國父紀念館,永和區,121.52023315429688,25.008390426635742,2026-01-01 00:00:00,2026-06-30 23:30:00,30,30,0
1034,深澳漁港,瑞芳區,121.81857299804688,25.12997055053711,2026-01-01 00:00:00,2026-06-30 23:30:00,30,30,0
1035,福壽昌智路口,新莊區,121.45803833007812,25.056140899658203,2026-01-01 00:00:00,2026-06-30 23:30:00,30,30,0
1036,臺北大學田徑場(體風路),三峽區,121.36432647705078,24.93950080871582,2026-01-01 00:00:00,2026-06-30 23:30:00,30,52,1
1037,蘆洲李宅古蹟,蘆洲區,121.466552734375,25.0849609375,2026-01-01 00:00:00,2026-06-30 23:30:00,30,30,0
1038,蘭庭序大廈,汐止區,121.65206909179688,25.07206916809082,2026-01-01 00:00:00,2026-06-30 23:30:00,30,30,0
1039,遠東動力企業總部(福營路),新莊區,121.43045043945312,25.030330657958984,2026-01-01 00:00:00,2026-06-30 23:30:00,30,30,0
1040,長風社區,土城區,121.43936920166016,24.97810935974121,2026-01-01 00:00:00,2026-06-30 23:30:00,30,30,0
1041,鶯歌國中,鶯歌區,121.34255981445312,24.951190948486328,2026-01-01 00:00:00,2026-06-30 23:30:00,30,30,0
1042,龍門龍濱路口,三重區,121.5009765625,25.0734806060791,2026-01-01 00:00:00,2026-06-30 23:30:00,30,30,0
1043,龍鳳夜市,鶯歌區,121.33331298828125,24.973289489746094,2026-01-01 00:00:00,2026-06-30 23:30:00,30,30,0
1044,三峽國光青年社會住宅,三峽區,121.37686157226562,24.937429428100586,2026-01-01 00:00:00,2026-06-30 23:30:00,30,30,0
1045,中山大安路口,樹林區,121.41181945800781,24.982860565185547,2026-01-01 00:00:00,2026-06-30 23:30:00,30,30,0
1046,中山新興街口,樹林區,121.4004898071289,24.975120544433594,2026-01-01 00:00:00,2026-06-30 23:30:00,30,30,0
1047,中興中正路口,新店區,121.54617309570312,24.96990966796875,2026-01-01 00:00:00,2026-06-30 23:30:00,30,30,0
1048,五股郵局,五股區,121.45098114013672,25.10165023803711,2026-01-01 00:00:00,2026-06-30 23:30:00,30,30,0
1049,仁信段平面停車場(元信一街),三重區,121.49691772460938,25.077909469604492,2026-01-01 00:00:00,2026-06-30 23:30:00,30,30,0
1050,光興國小,三重區,121.4997787475586,25.060270309448242,2026-01-01 00:00:00,2026-06-30 23:30:00,30,30,0
1051,八里停五平面停車場,八里區,121.4175796508789,25.15778923034668,2026-01-01 00:00:00,2026-06-30 23:30:00,30,30,0
1052,化成公園,新莊區,121.46160125732422,25.04785919189453,2026-01-01 00:00:00,2026-06-30 23:30:00,30,30,0
1053,台灣科技公園,中和區,121.49114990234375,24.998550415039062,2026-01-01 00:00:00,2026-06-30 23:30:00,30,30,0
1054,商港一十三行路口,八里區,121.40557861328125,25.154830932617188,2026-01-01 00:00:00,2026-06-30 23:30:00,30,30,0
1055,大同建成路口,汐止區,121.66558074951172,25.072580337524414,2026-01-01 00:00:00,2026-06-30 23:30:00,30,30,0
1056,天山公園(永安街),新店區,121.51753234863281,24.986520767211914,2026-01-01 00:00:00,2026-06-30 23:30:00,30,30,0
1057,廣福公園,板橋區,121.46287536621094,24.99164390563965,2026-01-01 00:00:00,2026-06-30 23:30:00,30,30,0
1058,新崑公園,板橋區,121.43248748779297,24.999679565429688,2026-01-01 00:00:00,2026-06-30 23:30:00,30,30,0
1059,新府區運路口,板橋區,121.46546173095703,25.010160446166992,2026-01-01 00:00:00,2026-06-30 23:30:00,30,30,0
1060,新泰公園,新莊區,121.4449462890625,25.037200927734375,2026-01-01 00:00:00,2026-06-30 23:30:00,30,30,0
1061,柴埕市民活動中心,新店區,121.5164794921875,24.966779708862305,2026-01-01 00:00:00,2026-06-30 23:30:00,30,30,0
1062,樟樹一山光路口,汐止區,121.64286041259766,25.070295333862305,2026-01-01 00:00:00,2026-06-30 23:30:00,30,30,0
1063,民視數位媒體總部,林口區,121.3792495727539,25.079870223999023,2026-01-01 00:00:00,2026-06-30 23:30:00,30,30,0
1064,深坑區公所(深坑老街),深坑區,121.6163101196289,25.00149917602539,2026-01-01 00:00:00,2026-06-30 23:30:00,30,30,0
1065,瓊林公園,新莊區,121.44243621826172,25.026290893554688,2026-01-01 00:00:00,2026-06-30 23:30:00,30,30,0
1066,立德公園,林口區,121.36762237548828,25.07638931274414,2026-01-01 00:00:00,2026-06-30 23:30:00,30,42,1
1067,藍天大樓,三重區,121.47016906738281,25.0531005859375,2026-01-01 00:00:00,2026-06-30 23:30:00,30,30,0
1068,輕軌玫瑰中國城站,新店區,121.49417877197266,24.95100975036621,2026-01-01 00:00:00,2026-06-30 23:30:00,30,30,0
1069,龍五鳳七路口,鶯歌區,121.33100891113281,24.970430374145508,2026-01-01 00:00:00,2026-06-30 23:30:00,30,30,0
1070,中山環金路口,金山區,121.64140319824219,25.217939376831055,2026-01-01 00:00:00,2026-06-30 23:30:00,30,30,0
1071,二重埔市民活動中心,三重區,121.47492218017578,25.066219329833984,2026-01-01 00:00:00,2026-06-30 23:30:00,30,30,0
1072,鴨母港抽水站,蘆洲區,121.45673370361328,25.08293914794922,2026-01-01 00:00:00,2026-06-30 23:30:00,30,30,0
1073,中山溫泉公園,金山區,121.64176940917969,25.221080780029297,2026-01-01 00:00:00,2026-06-30 23:30:00,30,30,0
1074,東陽市民活動中心,樹林區,121.41223907470703,24.9820499420166,2026-01-01 00:00:00,2026-06-30 23:30:00,30,30,0
1075,聖約翰科技大學,淡水區,121.45166015625,25.227500915527344,2026-01-01 00:00:00,2026-06-30 23:30:00,30,30,0
1076,三重永豐公園,三重區,121.47815704345703,25.074630737304688,2026-01-01 00:00:00,2026-06-30 23:30:00,31,31,0
1077,大鵬華城,新店區,121.53398132324219,24.991159439086914,2026-01-01 00:00:00,2026-06-30 23:30:00,31,31,0
1078,捷運江子翠站(5號出口),板橋區,121.47290802001953,25.030460357666016,2026-01-01 00:00:00,2026-06-30 23:30:00,31,31,0
1079,東海高中,三重區,121.47942352294922,25.06484031677246,2026-01-01 00:00:00,2026-06-30 23:30:00,31,31,0
1080,光華橋(保平路),中和區,121.5077896118164,25.004669189453125,2026-01-01 00:00:00,2026-06-30 23:30:00,31,31,0
1081,學士龍山二街口(金城舞2社區),土城區,121.45049285888672,24.979909896850586,2026-01-01 00:00:00,2026-06-30 23:30:00,31,31,0
1082,捷運輔大站(1號出口),新莊區,121.43547821044922,25.03285026550293,2026-01-01 00:00:00,2026-06-30 23:30:00,31,31,0
1083,明德青和街口,土城區,121.4575424194336,24.977380752563477,2026-01-01 00:00:00,2026-06-30 23:30:00,31,31,0
1084,林口高中,林口區,121.38030242919922,25.07383918762207,2026-01-01 00:00:00,2026-06-30 23:30:00,31,31,0
1085,民生路156巷,新店區,121.52751159667969,24.982019424438477,2026-01-01 00:00:00,2026-06-30 23:30:00,31,31,0
1086,永安圖書館,蘆洲區,121.46222686767578,25.07859992980957,2026-01-01 00:00:00,2026-06-30 23:30:00,31,31,0
1087,致理科技大學,板橋區,121.46270751953125,25.02025032043457,2026-01-01 00:00:00,2026-06-30 23:30:00,31,31,0
1088,水河里活動中心,蘆洲區,121.47447967529297,25.09345054626465,2026-01-01 00:00:00,2026-06-30 23:30:00,31,31,0
1089,立言公園,林口區,121.36280822753906,25.073240280151367,2026-01-01 00:00:00,2026-06-30 23:30:00,31,31,0
1090,三峽原住民族生活文化園區,三峽區,121.3667221069336,24.945650100708008,2026-01-01 00:00:00,2026-06-30 23:30:00,31,31,0
1091,三重五常公園,三重區,121.49614715576172,25.080650329589844,2026-01-01 00:00:00,2026-06-30 23:30:00,32,32,0
1092,仁愛街70巷口,蘆洲區,121.47126007080078,25.09398078918457,2026-01-01 00:00:00,2026-06-30 23:30:00,32,32,0
1093,信義公園,三重區,121.49874877929688,25.064800262451172,2026-01-01 00:00:00,2026-06-30 23:30:00,32,32,0
1094,南興公園,汐止區,121.65254974365234,25.05978012084961,2026-01-01 00:00:00,2026-06-30 23:30:00,32,32,0
1095,寶橋路235巷,新店區,121.55101776123047,24.98278045654297,2026-01-01 00:00:00,2026-06-30 23:30:00,32,32,0
1096,建國民權路口,新店區,121.53746032714844,24.983179092407227,2026-01-01 00:00:00,2026-06-30 23:30:00,32,32,0
1097,捷運海山站(2號出口),土城區,121.4487533569336,24.984569549560547,2026-01-01 00:00:00,2026-06-30 23:30:00,32,99,1
1098,新北市立中和高級中學,中和區,121.47859954833984,24.994239807128906,2026-01-01 00:00:00,2026-06-30 23:30:00,32,42,1
1099,林口國民運動中心,林口區,121.38092803955078,25.086009979248047,2026-01-01 00:00:00,2026-06-30 23:30:00,32,32,0
1100,民德立體停車場,中和區,121.4683609008789,24.99909019470215,2026-01-01 00:00:00,2026-06-30 23:30:00,32,32,0
1101,汐止區公所,汐止區,121.6583023071289,25.064159393310547,2026-01-01 00:00:00,2026-06-30 23:30:00,32,32,0
1102,登龍平面停車場,新莊區,121.45654296875,25.036619186401367,2026-01-01 00:00:00,2026-06-30 23:30:00,32,32,0
1103,三鶯國民運動中心停車場,三峽區,121.3694076538086,24.936140060424805,2026-01-01 00:00:00,2026-06-30 23:30:00,32,32,0
1104,中和區公所,中和區,121.50052642822266,24.998559951782227,2026-01-01 00:00:00,2026-06-30 23:30:00,32,32,0
1105,安光公園,新店區,121.51445770263672,24.964229583740234,2026-01-01 00:00:00,2026-06-30 23:30:00,32,32,0
1106,崑崙公園,板橋區,121.42964172363281,24.993410110473633,2026-01-01 00:00:00,2026-06-30 23:30:00,32,32,0
1107,板橋第二運動場(皇翔建設),板橋區,121.45896911621094,25.013870239257812,2026-01-01 00:00:00,2026-06-30 23:30:00,32,32,0
1108,永和耕莘醫院,永和區,121.5177001953125,25.01123046875,2026-01-01 00:00:00,2026-06-30 23:30:00,32,32,0
1109,永和自由街,永和區,121.51334381103516,25.005199432373047,2026-01-01 00:00:00,2026-06-30 23:30:00,32,32,0
1110,永豐公園活動中心,板橋區,121.47685241699219,25.021129608154297,2026-01-01 00:00:00,2026-06-30 23:30:00,32,32,0
1111,興南路二段34巷口,中和區,121.50701141357422,24.985389709472656,2026-01-01 00:00:00,2026-06-30 23:30:00,32,32,0
1112,大崙公園,林口區,121.36000061035156,25.07659912109375,2026-01-01 00:00:00,2026-06-30 23:30:00,30,32,1
1113,山北公園,中和區,121.50013732910156,25.00653076171875,2026-01-01 00:00:00,2026-06-30 23:30:00,32,32,0
1114,水漾成功一街口,三重區,121.4855728149414,25.050039291381836,2026-01-01 00:00:00,2026-06-30 23:30:00,32,32,0
1115,江北二橋,汐止區,121.65296936035156,25.069969177246094,2026-01-01 00:00:00,2026-06-30 23:30:00,32,32,0
1116,環河西路三段(日安社區),中和區,121.49320983886719,25.007740020751953,2026-01-01 00:00:00,2026-06-30 23:30:00,32,32,0
1117,鷺江廣場,蘆洲區,121.47769165039062,25.085620880126953,2026-01-01 00:00:00,2026-06-30 23:30:00,32,32,0
1118,三峽區公所(三峽老街),三峽區,121.36929321289062,24.933900833129883,2026-01-01 00:00:00,2026-06-30 23:30:00,33,33,0
1119,力行大勇街口,三重區,121.48150634765625,25.071929931640625,2026-01-01 00:00:00,2026-06-30 23:30:00,33,33,0
1120,大仁街20巷口,中和區,121.52008056640625,24.99340057373047,2026-01-01 00:00:00,2026-06-30 23:30:00,33,33,0
1121,捷運三重站(3號出口),三重區,121.4847412109375,25.055879592895508,2026-01-01 00:00:00,2026-06-30 23:30:00,33,33,0
1122,渡船頭平面停車場,八里區,121.43527221679688,25.156869888305664,2026-01-01 00:00:00,2026-06-30 23:30:00,33,33,0
1123,鶯歌陶瓷老街,鶯歌區,121.35099792480469,24.952190399169922,2026-01-01 00:00:00,2026-06-30 23:30:00,33,33,0
1124,三峽國中,三峽區,121.36900329589844,24.938899993896484,2026-01-01 00:00:00,2026-06-30 23:30:00,33,33,0
1125,建福公園,新莊區,121.42668914794922,25.027690887451172,2026-01-01 00:00:00,2026-06-30 23:30:00,33,33,0
1126,捷運土城站(3號出口),土城區,121.44526672363281,24.973899841308594,2026-01-01 00:00:00,2026-06-30 23:30:00,33,33,0
1127,永福國小,三重區,121.4803237915039,25.077709197998047,2026-01-01 00:00:00,2026-06-30 23:30:00,33,33,0
1128,積穗國中,中和區,121.47808074951172,24.99976921081543,2026-01-01 00:00:00,2026-06-30 23:30:00,33,33,0
1129,臺北醫院,新莊區,121.45977783203125,25.0435791015625,2026-01-01 00:00:00,2026-06-30 23:30:00,33,39,1
1130,雍和科學園區,汐止區,121.62602233886719,25.058080673217773,2026-01-01 00:00:00,2026-06-30 23:30:00,33,33,0
1131,中央公園(莊園街),土城區,121.44564819335938,24.9820499420166,2026-01-01 00:00:00,2026-06-30 23:30:00,33,33,0
1132,東勢宜興活動中心,汐止區,121.6242904663086,25.03881072998047,2026-01-01 00:00:00,2026-06-30 23:30:00,33,33,0
1133,樹林工業區,樹林區,121.41607666015625,25.000879287719727,2026-01-01 00:00:00,2026-06-30 23:30:00,33,33,0
1134,穀保家商,三重區,121.47103118896484,25.068099975585938,2026-01-01 00:00:00,2026-06-30 23:30:00,33,33,0
1135,蘆洲三民公園,蘆洲區,121.46012878417969,25.094310760498047,2026-01-01 00:00:00,2026-06-30 23:30:00,33,33,0
1136,學成大義路口,樹林區,121.37837982177734,24.94529914855957,2026-01-01 00:00:00,2026-06-30 23:30:00,33,33,0
1137,瓊林南路101巷口,新莊區,121.4343032836914,25.01258087158203,2026-01-01 00:00:00,2026-06-30 23:30:00,33,33,0
1138,扶輪公園(忠孝路),林口區,121.36849975585938,25.072389602661133,2026-01-01 00:00:00,2026-06-30 23:30:00,33,33,0
1139,三抱竹,板橋區,121.44139099121094,24.998640060424805,2026-01-01 00:00:00,2026-06-30 23:30:00,34,34,0
1140,中山國中,板橋區,121.4675064086914,25.0185604095459,2026-01-01 00:00:00,2026-06-30 23:30:00,34,34,0
1141,員和公園,土城區,121.4427490234375,24.978918075561523,2026-01-01 00:00:00,2026-06-30 23:30:00,34,34,0
1142,文化機車立體停車場,淡水區,121.43881225585938,25.172489166259766,2026-01-01 00:00:00,2026-06-30 23:30:00,34,34,0
1143,浮洲合宜住宅(合安一路),板橋區,121.44650268554688,24.999460220336914,2026-01-01 00:00:00,2026-06-30 23:30:00,34,34,0
1144,福基公園,新莊區,121.46086120605469,25.05816078186035,2026-01-01 00:00:00,2026-06-30 23:30:00,34,40,1
1145,臺北海洋科技大學,淡水區,121.42745971679688,25.191200256347656,2026-01-01 00:00:00,2026-06-30 23:30:00,34,34,0
1146,修德國小,三重區,121.49044799804688,25.06529998779297,2026-01-01 00:00:00,2026-06-30 23:30:00,34,34,0
1147,埔墘國小,板橋區,121.47371673583984,25.019079208374023,2026-01-01 00:00:00,2026-06-30 23:30:00,34,34,0
1148,汐止區綜合運動場,汐止區,121.65907287597656,25.066240310668945,2026-01-01 00:00:00,2026-06-30 23:30:00,34,34,0
1149,石雕公園,板橋區,121.46946716308594,25.03026008605957,2026-01-01 00:00:00,2026-06-30 23:30:00,34,34,0
1150,五峰國中,新店區,121.5431137084961,24.96600914001465,2026-01-01 00:00:00,2026-06-30 23:30:00,34,34,0
1151,板橋中山公園,板橋區,121.4710922241211,25.023359298706055,2026-01-01 00:00:00,2026-06-30 23:30:00,34,34,0
1152,裕民路口(清水路),土城區,121.45616149902344,24.981569290161133,2026-01-01 00:00:00,2026-06-30 23:30:00,34,34,0
1153,臺北大學行政大樓(公政大道),三峽區,121.37036895751953,24.944570541381836,2026-01-01 00:00:00,2026-06-30 23:30:00,34,34,0
1154,深坑松柏街,深坑區,121.63851928710938,25.01095962524414,2026-01-01 00:00:00,2026-06-30 23:30:00,34,34,0
1155,安樂宜安路口,中和區,121.51351165771484,24.995269775390625,2026-01-01 00:00:00,2026-06-30 23:30:00,35,35,0
1156,寶高智慧產業園區,新店區,121.5510025024414,24.977500915527344,2026-01-01 00:00:00,2026-06-30 23:30:00,35,35,0
1157,後港公園,新莊區,121.42835235595703,25.025360107421875,2026-01-01 00:00:00,2026-06-30 23:30:00,35,35,0
1158,新北市立圖書館新店分館,新店區,121.54090118408203,24.982139587402344,2026-01-01 00:00:00,2026-06-30 23:30:00,35,35,0
1159,民權社區活動中心,永和區,121.5196762084961,24.997779846191406,2026-01-01 00:00:00,2026-06-30 23:30:00,35,35,0
1160,潤泰社區,板橋區,121.47937774658203,25.0179500579834,2026-01-01 00:00:00,2026-06-30 23:30:00,35,35,0
1161,環河西路一段95巷口,永和區,121.511962890625,25.01782989501953,2026-01-01 00:00:00,2026-06-30 23:30:00,35,35,0
1162,輕軌濱海沙崙站,淡水區,121.43106079101562,25.19038963317871,2026-01-01 00:00:00,2026-06-30 23:30:00,35,35,0
1163,集成成功路口,三重區,121.48821258544922,25.05154037475586,2026-01-01 00:00:00,2026-06-30 23:30:00,35,35,0
1164,塭仔圳十米園道(新莊歐洲村),新莊區,121.44246673583984,25.051860809326172,2026-01-01 00:00:00,2026-06-30 23:30:00,35,35,0
1165,捷運幸福站(2號出口),新莊區,121.46028137207031,25.049549102783203,2026-01-01 00:00:00,2026-06-30 23:30:00,35,35,0
1166,福和路7巷口,永和區,121.52472686767578,25.0085391998291,2026-01-01 00:00:00,2026-06-30 23:30:00,35,35,0
1167,塭仔圳十米園道(幸福路口),新莊區,121.44246673583984,25.049720764160156,2026-01-01 00:00:00,2026-06-30 23:30:00,35,35,0
1168,龍埔國小,三峽區,121.37676239013672,24.9410400390625,2026-01-01 00:00:00,2026-06-30 23:30:00,35,45,1
1169,興穀國小,三重區,121.47421264648438,25.04936981201172,2026-01-01 00:00:00,2026-06-30 23:30:00,35,35,0
1170,大庄一號公園,淡水區,121.422119140625,25.182010650634766,2026-01-01 00:00:00,2026-06-30 23:30:00,35,35,0
1171,三光國小(金滿意),三重區,121.49687194824219,25.055959701538086,2026-01-01 00:00:00,2026-06-30 23:30:00,36,45,1
1172,三德公園,三重區,121.50077056884766,25.07500457763672,2026-01-01 00:00:00,2026-06-30 23:30:00,36,36,0
1173,中興北街175巷口,三重區,121.46959686279297,25.055950164794922,2026-01-01 00:00:00,2026-06-30 23:30:00,36,36,0
1174,仁化文新路口,板橋區,121.47927856445312,25.034860610961914,2026-01-01 00:00:00,2026-06-30 23:30:00,36,36,0
1175,捷運中和站,中和區,121.4958724975586,25.00221061706543,2026-01-01 00:00:00,2026-06-30 23:30:00,36,36,0
1176,新店新和國小,新店區,121.5176773071289,24.9849796295166,2026-01-01 00:00:00,2026-06-30 23:30:00,36,36,0
1177,江翠國中,板橋區,121.4684829711914,25.028579711914062,2026-01-01 00:00:00,2026-06-30 23:30:00,36,36,0
1178,淡水國民運動中心,淡水區,121.4432601928711,25.186500549316406,2026-01-01 00:00:00,2026-06-30 23:30:00,36,36,0
1179,溪墘公園,蘆洲區,121.47621154785156,25.07996940612793,2026-01-01 00:00:00,2026-06-30 23:30:00,36,43,1
1180,縣民漢生東路口(西北側),板橋區,121.46623992919922,25.015310287475586,2026-01-01 00:00:00,2026-06-30 23:30:00,36,36,0
1181,翔譽雙子星,三重區,121.492919921875,25.053640365600586,2026-01-01 00:00:00,2026-06-30 23:30:00,36,36,0
1182,開元市民活動中心,三重區,121.5035629272461,25.066070556640625,2026-01-01 00:00:00,2026-06-30 23:30:00,36,44,1
1183,中正國小,新店區,121.53646087646484,24.971399307250977,2026-01-01 00:00:00,2026-06-30 23:30:00,36,36,0
1184,惠國市場,新店區,121.54338073730469,24.970420837402344,2026-01-01 00:00:00,2026-06-30 23:30:00,36,36,0
1185,橋東里(忠孝東路),汐止區,121.666259765625,25.073680877685547,2026-01-01 00:00:00,2026-06-30 23:30:00,36,36,0
1186,碧華公園(集勇街),三重區,121.48554229736328,25.084150314331055,2026-01-01 00:00:00,2026-06-30 23:30:00,22,45,1
1187,華福市民活動中心,中和區,121.467529296875,24.995479583740234,2026-01-01 00:00:00,2026-06-30 23:30:00,36,36,0
1188,雙和醫院(圓通路252巷口),中和區,121.49372863769531,24.99091911315918,2026-01-01 00:00:00,2026-06-30 23:30:00,36,36,0
1189,輕軌沙崙站,淡水區,121.41696166992188,25.187410354614258,2026-01-01 00:00:00,2026-06-30 23:30:00,36,36,0
1190,中正北路193巷(愛買三重店),三重區,121.47599029541016,25.071359634399414,2026-01-01 00:00:00,2026-06-30 23:30:00,37,37,0
1191,光復高中,板橋區,121.48200225830078,25.0167236328125,2026-01-01 00:00:00,2026-06-30 23:30:00,37,37,0
1192,埤墘公園,板橋區,121.4742202758789,25.023319244384766,2026-01-01 00:00:00,2026-06-30 23:30:00,37,37,0
1193,新北市藝文中心(文化路二段124巷),板橋區,121.47139739990234,25.025630950927734,2026-01-01 00:00:00,2026-06-30 23:30:00,37,37,0
1194,新和活動中心,新店區,121.5218276977539,24.986770629882812,2026-01-01 00:00:00,2026-06-30 23:30:00,37,37,0
1195,新莊棒球場(和興街),新莊區,121.44654083251953,25.04068946838379,2026-01-01 00:00:00,2026-06-30 23:30:00,37,37,0
1196,樹林區公所,樹林區,121.42476654052734,24.98975944519043,2026-01-01 00:00:00,2026-06-30 23:30:00,37,37,0
1197,清和里(青雲路),土城區,121.458740234375,24.975130081176758,2026-01-01 00:00:00,2026-06-30 23:30:00,37,37,0
1198,福德一路201巷口(福德ONE社區),汐止區,121.63510131835938,25.065750122070312,2026-01-01 00:00:00,2026-06-30 23:30:00,37,37,0
1199,福美公園,新莊區,121.4610595703125,25.055030822753906,2026-01-01 00:00:00,2026-06-30 23:30:00,37,45,1
1200,捷運泰山站,泰山區,121.44000244140625,25.0531005859375,2026-01-01 00:00:00,2026-06-30 23:30:00,37,37,0
1201,林建生紀念圖書館,蘆洲區,121.46987915039062,25.088430404663086,2026-01-01 00:00:00,2026-06-30 23:30:00,37,37,0
1202,莒光國小,板橋區,121.47464752197266,25.025650024414062,2026-01-01 00:00:00,2026-06-30 23:30:00,37,37,0
1203,雙和醫院,中和區,121.49411010742188,24.993669509887695,2026-01-01 00:00:00,2026-06-30 23:30:00,37,37,0
1204,頭前運動公園,新莊區,121.46211242675781,25.05164909362793,2026-01-01 00:00:00,2026-06-30 23:30:00,37,60,1
1205,永和街65巷口,鶯歌區,121.33313751220703,24.967979431152344,2026-01-01 00:00:00,2026-06-30 23:30:00,37,37,0
1206,碧潭西岸,新店區,121.53479766845703,24.956560134887695,2026-01-01 00:00:00,2026-06-30 23:30:00,37,37,0
1207,學成大成路口,樹林區,121.38236236572266,24.94586944580078,2026-01-01 00:00:00,2026-06-30 23:30:00,37,37,0
1208,三重國民運動中心,三重區,121.48848724365234,25.05438995361328,2026-01-01 00:00:00,2026-06-30 23:30:00,38,38,0
1209,三重行政中心,三重區,121.48822784423828,25.060569763183594,2026-01-01 00:00:00,2026-06-30 23:30:00,38,59,1
1210,中和環球購物中心,中和區,121.4742202758789,25.006370544433594,2026-01-01 00:00:00,2026-06-30 23:30:00,38,38,0
1211,中華中央路一段242巷口,土城區,121.4434814453125,24.985509872436523,2026-01-01 00:00:00,2026-06-30 23:30:00,38,38,0
1212,亞洲員安路口,土城區,121.43485260009766,24.97256088256836,2026-01-01 00:00:00,2026-06-30 23:30:00,38,38,0
1213,光復國小,板橋區,121.481689453125,25.015010833740234,2026-01-01 00:00:00,2026-06-30 23:30:00,38,38,0
1214,同安公園,三重區,121.49906921386719,25.05731964111328,2026-01-01 00:00:00,2026-06-30 23:30:00,38,38,0
1215,忠山市民活動中心,汐止區,121.6244888305664,25.07819938659668,2026-01-01 00:00:00,2026-06-30 23:30:00,38,38,0
1216,捷運徐匯中學站(1號出口),蘆洲區,121.47994232177734,25.080312728881836,2026-01-01 00:00:00,2026-06-30 23:30:00,38,38,0
1217,新市一路一段99巷口,淡水區,121.43109130859375,25.187959671020508,2026-01-01 00:00:00,2026-06-30 23:30:00,38,38,0
1218,新市三義山路口,淡水區,121.43659973144531,25.195690155029297,2026-01-01 00:00:00,2026-06-30 23:30:00,38,38,0
1219,環河西新月一街口(新月天地社區),板橋區,121.4530029296875,25.02669906616211,2026-01-01 00:00:00,2026-06-30 23:30:00,38,38,0
1220,福壽公園,新莊區,121.45758056640625,25.051509857177734,2026-01-01 00:00:00,2026-06-30 23:30:00,38,46,1
1221,藝文藝文二街口(大悅社區),板橋區,121.45156860351562,25.021764755249023,2026-01-01 00:00:00,2026-06-30 23:30:00,38,38,0
1222,蘆洲延平派出所,蘆洲區,121.46161651611328,25.081619262695312,2026-01-01 00:00:00,2026-06-30 23:30:00,38,38,0
1223,鶯歌國民運動中心,鶯歌區,121.35733032226562,24.95138931274414,2026-01-01 00:00:00,2026-06-30 23:30:00,38,38,0
1224,黃城公園,新莊區,121.4482421875,25.052379608154297,2026-01-01 00:00:00,2026-06-30 23:30:00,38,38,0
1225,二重國中,三重區,121.48046875,25.065959930419922,2026-01-01 00:00:00,2026-06-30 23:30:00,38,38,0
1226,板橋重慶公園,板橋區,121.46299743652344,25.000099182128906,2026-01-01 00:00:00,2026-06-30 23:30:00,38,38,0
1227,翡翠灣,萬里區,121.68353271484375,25.18675994873047,2026-01-01 00:00:00,2026-06-30 23:30:00,38,38,0
1228,自強溪尾街口,三重區,121.49015808105469,25.07822036743164,2026-01-01 00:00:00,2026-06-30 23:30:00,38,52,1
1229,華江一華江六路口(仰真社區),板橋區,121.47000122070312,25.034000396728516,2026-01-01 00:00:00,2026-06-30 23:30:00,38,38,0
1230,中和自強公園,中和區,121.47238159179688,24.998859405517578,2026-01-01 00:00:00,2026-06-30 23:30:00,39,39,0
1231,中港大排願景館,新莊區,121.45165252685547,25.058940887451172,2026-01-01 00:00:00,2026-06-30 23:30:00,39,57,1
1232,五福里(五華街),三重區,121.493896484375,25.081729888916016,2026-01-01 00:00:00,2026-06-30 23:30:00,39,39,0
1233,公五公園,五股區,121.4452896118164,25.086549758911133,2026-01-01 00:00:00,2026-06-30 23:30:00,39,39,0
1234,名利橋,永和區,121.50099182128906,25.007850646972656,2026-01-01 00:00:00,2026-06-30 23:30:00,39,39,0
1235,四川忠孝路口,板橋區,121.45924377441406,25.001489639282227,2026-01-01 00:00:00,2026-06-30 23:30:00,39,39,0
1236,土城仁愛社區公園,土城區,121.4603500366211,24.980709075927734,2026-01-01 00:00:00,2026-06-30 23:30:00,39,39,0
1237,後竹圍市民活動中心,三重區,121.48576354980469,25.072460174560547,2026-01-01 00:00:00,2026-06-30 23:30:00,39,45,1
1238,德光國光街口,中和區,121.46808624267578,25.00313949584961,2026-01-01 00:00:00,2026-06-30 23:30:00,39,39,0
1239,民族路257巷/民族路327巷,蘆洲區,121.47515106201172,25.0902099609375,2026-01-01 00:00:00,2026-06-30 23:30:00,39,39,0
1240,永康公園,蘆洲區,121.45821380615234,25.08492088317871,2026-01-01 00:00:00,2026-06-30 23:30:00,39,39,0
1241,福祥里(中和溝),中和區,121.49957275390625,25.005929946899414,2026-01-01 00:00:00,2026-06-30 23:30:00,39,39,0
1242,華江五華江一路口(帝國花園廣場社區),板橋區,121.47335815429688,25.034740447998047,2026-01-01 00:00:00,2026-06-30 23:30:00,39,39,0
1243,西盛廣場,新莊區,121.43148803710938,25.000890731811523,2026-01-01 00:00:00,2026-06-30 23:30:00,39,39,0
1244,土城國中(永安街115巷),土城區,121.42893981933594,24.963159561157227,2026-01-01 00:00:00,2026-06-30 23:30:00,39,39,0
1245,崇光女中,新店區,121.5390396118164,24.971559524536133,2026-01-01 00:00:00,2026-06-30 23:30:00,39,39,0
1246,景安板南路口,中和區,121.50424194335938,24.992279052734375,2026-01-01 00:00:00,2026-06-30 23:30:00,39,39,0
1247,藝文二永翠路口(青峰社區),板橋區,121.45220947265625,25.021419525146484,2026-01-01 00:00:00,2026-06-30 23:30:00,39,39,0
1248,雙和橋,永和區,121.5057373046875,25.00572967529297,2026-01-01 00:00:00,2026-06-30 23:30:00,39,39,0
1249,青雲路411巷口(樂晴市樂郡區社區),土城區,121.4591064453125,24.975820541381836,2026-01-01 00:00:00,2026-06-30 23:30:00,39,39,0
1250,樹林藝文綜合行政大樓,樹林區,121.42948913574219,24.99601936340332,2026-01-01 00:00:00,2026-06-30 23:30:00,39,39,0
1251,三民民族路口,蘆洲區,121.47493743896484,25.083669662475586,2026-01-01 00:00:00,2026-06-30 23:30:00,40,40,0
1252,三重高中,三重區,121.49170684814453,25.054779052734375,2026-01-01 00:00:00,2026-06-30 23:30:00,40,48,1
1253,中山三民路口(土城工業區),土城區,121.42121887207031,24.96286964416504,2026-01-01 00:00:00,2026-06-30 23:30:00,40,40,0
1254,中山路31巷(波爾多2社區),新店區,121.5247802734375,24.980300903320312,2026-01-01 00:00:00,2026-06-30 23:30:00,40,40,0
1255,中正北路25巷(交響院社區),三重區,121.49185180664062,25.063180923461914,2026-01-01 00:00:00,2026-06-30 23:30:00,40,40,0
1256,中正橋,永和區,121.51680755615234,25.017759323120117,2026-01-01 00:00:00,2026-06-30 23:30:00,40,40,0
1257,仁義街37巷元富一街口,三重區,121.50029754638672,25.077850341796875,2026-01-01 00:00:00,2026-06-30 23:30:00,40,40,0
1258,伊吉邦社區,新莊區,121.41339874267578,25.030189514160156,2026-01-01 00:00:00,2026-06-30 23:30:00,40,40,0
1259,光寶科技中和數位大樓,中和區,121.48760986328125,25.002140045166016,2026-01-01 00:00:00,2026-06-30 23:30:00,40,40,0
1260,啟文央北二路口(中央公園社區),新店區,121.52935028076172,24.979759216308594,2026-01-01 00:00:00,2026-06-30 23:30:00,40,40,0
1261,延和社區公園,土城區,121.46881866455078,24.99017906188965,2026-01-01 00:00:00,2026-06-30 23:30:00,40,40,0
1262,彭福國小,樹林區,121.42330169677734,24.98040008544922,2026-01-01 00:00:00,2026-06-30 23:30:00,40,40,0
1263,忠誠里(北新路2段97巷),新店區,121.54277801513672,24.97426986694336,2026-01-01 00:00:00,2026-06-30 23:30:00,40,40,0
1264,懷德街233巷(環翠社區),板橋區,121.48148345947266,25.02899932861328,2026-01-01 00:00:00,2026-06-30 23:30:00,40,40,0
1265,承天路4巷(MRT社區),土城區,121.43617248535156,24.964000701904297,2026-01-01 00:00:00,2026-06-30 23:30:00,40,40,0
1266,捷運新埔民生站,板橋區,121.46656799316406,25.02597999572754,2026-01-01 00:00:00,2026-06-30 23:30:00,40,40,0
1267,捷運海山站(3號出口),土城區,121.44934844970703,24.986770629882812,2026-01-01 00:00:00,2026-06-30 23:30:00,40,40,0
1268,捷運淡水站(中正東路),淡水區,121.44683837890625,25.167709350585938,2026-01-01 00:00:00,2026-06-30 23:30:00,40,40,0
1269,新生街112巷口(欽禾社區),中和區,121.48345184326172,25.002729415893555,2026-01-01 00:00:00,2026-06-30 23:30:00,40,40,0
1270,新莊文化藝術中心,新莊區,121.44450378417969,25.04714012145996,2026-01-01 00:00:00,2026-06-30 23:30:00,40,40,0
1271,林口新創園,林口區,121.37609100341797,25.075830459594727,2026-01-01 00:00:00,2026-06-30 23:30:00,40,40,0
1272,林本源園邸,板橋區,121.45597839355469,25.010860443115234,2026-01-01 00:00:00,2026-06-30 23:30:00,40,40,0
1273,正德國中,淡水區,121.44786834716797,25.178510665893555,2026-01-01 00:00:00,2026-06-30 23:30:00,40,40,0
1274,永安兒童公園,蘆洲區,121.48223876953125,25.0822696685791,2026-01-01 00:00:00,2026-06-30 23:30:00,40,40,0
1275,永平高中,永和區,121.50908660888672,25.009790420532227,2026-01-01 00:00:00,2026-06-30 23:30:00,40,40,0
1276,溪洲公園停車場,板橋區,121.4268569946289,24.986980438232422,2026-01-01 00:00:00,2026-06-30 23:30:00,40,40,0
1277,神農興德路口(恆美社區),三重區,121.47427368164062,25.053329467773438,2026-01-01 00:00:00,2026-06-30 23:30:00,40,40,0
1278,簡仔舍街(河家歡社區),三重區,121.48651885986328,25.051380157470703,2026-01-01 00:00:00,2026-06-30 23:30:00,40,40,0
1279,臺鐵鳳鳴站,鶯歌區,121.33673858642578,24.97226905822754,2026-01-01 00:00:00,2026-06-30 23:30:00,40,40,0
1280,莊園街(金城舞5社區),土城區,121.44792175292969,24.981311798095703,2026-01-01 00:00:00,2026-06-30 23:30:00,40,40,0
1281,莊泰坡雅路口(沐光社區),泰山區,121.43937683105469,25.046329498291016,2026-01-01 00:00:00,2026-06-30 23:30:00,40,40,0
1282,華江一華江二路口(江匯Life社區),板橋區,121.4765625,25.035879135131836,2026-01-01 00:00:00,2026-06-30 23:30:00,40,40,0
1283,華江九華江一路口(匯翠社區),板橋區,121.46600341796875,25.033000946044922,2026-01-01 00:00:00,2026-06-30 23:30:00,40,40,0
1284,輕軌淡江大學站,淡水區,121.45613098144531,25.176530838012695,2026-01-01 00:00:00,2026-06-30 23:30:00,40,40,0
1285,重新路五段(心天匯社區),三重區,121.46814727783203,25.044679641723633,2026-01-01 00:00:00,2026-06-30 23:30:00,40,40,0
1286,金城忠義路口,土城區,121.44023895263672,24.969100952148438,2026-01-01 00:00:00,2026-06-30 23:30:00,40,40,0
1287,金城裕民路口(金城舞社區),土城區,121.45465850830078,24.98155975341797,2026-01-01 00:00:00,2026-06-30 23:30:00,40,40,0
1288,飛駝社區(興南路),中和區,121.50482940673828,24.983470916748047,2026-01-01 00:00:00,2026-06-30 23:30:00,40,40,0
1289,鳳吉四鳳七路口(捷士匯社區),鶯歌區,121.32769012451172,24.97382926940918,2026-01-01 00:00:00,2026-06-30 23:30:00,40,40,0
1290,中和公園(安平中安街口),中和區,121.51258087158203,24.998559951782227,2026-01-01 00:00:00,2026-06-30 23:30:00,40,40,0
1291,中和福美公園,中和區,121.50264739990234,25.006059646606445,2026-01-01 00:00:00,2026-06-30 23:30:00,40,40,0
1292,中正新月二街口(青翠社區),板橋區,121.45471954345703,25.026899337768555,2026-01-01 00:00:00,2026-06-30 23:30:00,40,40,0
1293,光華東帝士,新莊區,121.42784118652344,25.010799407958984,2026-01-01 00:00:00,2026-06-30 23:30:00,40,40,0
1294,十四張央北二路口(波爾多社區),新店區,121.52635192871094,24.98284912109375,2026-01-01 00:00:00,2026-06-30 23:30:00,40,40,0
1295,台北慈濟醫院,新店區,121.53700256347656,24.98590087890625,2026-01-01 00:00:00,2026-06-30 23:30:00,40,40,0
1296,安邦段青年社會住宅,中和區,121.49542236328125,24.998899459838867,2026-01-01 00:00:00,2026-06-30 23:30:00,40,40,0
1297,新北大道幸福路口(大道鎏域社區),泰山區,121.43670654296875,25.049339294433594,2026-01-01 00:00:00,2026-06-30 23:30:00,40,40,0
1298,立德青雲路口,土城區,121.46102142333984,24.988300323486328,2026-01-01 00:00:00,2026-06-30 23:30:00,40,40,0
1299,莊田信華三街口(潤見築社區),泰山區,121.43981170654297,25.04302978515625,2026-01-01 00:00:00,2026-06-30 23:30:00,40,40,0
1300,華江一華江二路口(吾界社區),板橋區,121.47676849365234,25.035959243774414,2026-01-01 00:00:00,2026-06-30 23:30:00,40,40,0
1301,華江二華江一路口(帝國花園廣場社區),板橋區,121.47522735595703,25.03544044494629,2026-01-01 00:00:00,2026-06-30 23:30:00,40,40,0
1302,金城路二段61巷口(聯邦銀行),土城區,121.45076751708984,24.97886085510254,2026-01-01 00:00:00,2026-06-30 23:30:00,40,40,0
1303,頂埔國小,土城區,121.41439819335938,24.95635986328125,2026-01-01 00:00:00,2026-06-30 23:30:00,40,40,0
1304,香社一藝文街口(歡喜市社區),板橋區,121.45099639892578,25.02079963684082,2026-01-01 00:00:00,2026-06-30 23:30:00,40,40,0
1305,龍形停車場,八里區,121.45130157470703,25.130409240722656,2026-01-01 00:00:00,2026-06-30 23:30:00,40,40,0
1306,中正新月二街口(富江翠社區),板橋區,121.4543685913086,25.025859832763672,2026-01-01 00:00:00,2026-06-30 23:30:00,40,40,0
1307,學府中正路口(A+社區),土城區,121.44534301757812,24.975509643554688,2026-01-01 00:00:00,2026-06-30 23:30:00,40,40,0
1308,明志國小,泰山區,121.42626953125,25.045730590820312,2026-01-01 00:00:00,2026-06-30 23:30:00,40,40,0
1309,環河西華江六路口(翠亨村社區),板橋區,121.47090148925781,25.036090850830078,2026-01-01 00:00:00,2026-06-30 23:30:00,40,40,0
1310,縣民板城路口,板橋區,121.4532470703125,25.00391960144043,2026-01-01 00:00:00,2026-06-30 23:30:00,40,40,0
1311,華南頂埔科技大樓,土城區,121.41716003417969,24.960460662841797,2026-01-01 00:00:00,2026-06-30 23:30:00,40,40,0
1312,莊泰義東街口(新潤A5社區),泰山區,121.4391098022461,25.050249099731445,2026-01-01 00:00:00,2026-06-30 23:30:00,40,40,0
1313,厚德公園,三重區,121.49120330810547,25.071989059448242,2026-01-01 00:00:00,2026-06-30 23:30:00,41,41,0
1314,廣停二停車場,林口區,121.37045288085938,25.07550048828125,2026-01-01 00:00:00,2026-06-30 23:30:00,41,41,0
1315,柳堤公園,蘆洲區,121.46218872070312,25.087989807128906,2026-01-01 00:00:00,2026-06-30 23:30:00,41,41,0
1316,瓦磘溝(福真里),中和區,121.49439239501953,25.00402069091797,2026-01-01 00:00:00,2026-06-30 23:30:00,41,41,0
1317,福和橋,永和區,121.52784729003906,25.004539489746094,2026-01-01 00:00:00,2026-06-30 23:30:00,41,41,0
1318,美麗新淡海影城,淡水區,121.43878173828125,25.197830200195312,2026-01-01 00:00:00,2026-04-01 13:00:00,41,41,0
1319,輔仁大學附設醫院,新莊區,121.43099975585938,25.039270401000977,2026-01-01 00:00:00,2026-06-30 23:30:00,41,41,0
1320,重慶國小,板橋區,121.46253204345703,24.993730545043945,2026-01-01 00:00:00,2026-06-30 23:30:00,41,41,0
1321,重陽公園,蘆洲區,121.48400115966797,25.0856990814209,2026-01-01 00:00:00,2026-06-30 23:30:00,41,41,0
1322,青雲路451巷口(紐約艾美社區),土城區,121.45873260498047,24.974750518798828,2026-01-01 00:00:00,2026-06-30 23:30:00,41,41,0
1323,上林里(環河東路一段),永和區,121.52095031738281,25.014999389648438,2026-01-01 00:00:00,2026-06-30 23:30:00,42,42,0
1324,中山1號科技總部,土城區,121.41212463378906,24.960447311401367,2026-01-01 00:00:00,2026-06-30 23:30:00,42,42,0
1325,六張公園,三重區,121.49404907226562,25.069660186767578,2026-01-01 00:00:00,2026-06-30 23:30:00,42,42,0
1326,國光公園,板橋區,121.4540023803711,25.019800186157227,2026-01-01 00:00:00,2026-06-30 23:30:00,42,42,0
1327,學成公園,土城區,121.45150756835938,24.98802947998047,2026-01-01 00:00:00,2026-06-30 23:30:00,42,42,0
1328,捷運新店區公所站(1號出口),新店區,121.54100799560547,24.967369079589844,2026-01-01 00:00:00,2026-06-30 23:30:00,42,42,0
1329,文中三平面停車場,新莊區,121.43473052978516,25.037389755249023,2026-01-01 00:00:00,2026-06-30 23:30:00,42,42,0
1330,新莊田徑場,新莊區,121.45259094238281,25.04340934753418,2026-01-01 00:00:00,2026-06-30 23:30:00,42,42,0
1331,板橋國民運動中心,板橋區,121.4581527709961,25.022239685058594,2026-01-01 00:00:00,2026-06-30 23:30:00,42,42,0
1332,民樂人行廣場,中和區,121.48265075683594,25.001840591430664,2026-01-01 00:00:00,2026-06-30 23:30:00,42,42,0
1333,清水社區公園,土城區,121.46353149414062,24.98381996154785,2026-01-01 00:00:00,2026-06-30 23:30:00,42,42,0
1334,溪北公園,板橋區,121.43224334716797,24.989990234375,2026-01-01 00:00:00,2026-06-30 23:30:00,42,42,0
1335,金龍公園,汐止區,121.63153076171875,25.069469451904297,2026-01-01 00:00:00,2026-06-30 23:30:00,42,42,0
1336,青山廣場,土城區,121.45986938476562,24.977930068969727,2026-01-01 00:00:00,2026-06-30 23:30:00,42,42,0
1337,鶯歌火車站(仁愛路62號),鶯歌區,121.35407257080078,24.955049514770508,2026-01-01 00:00:00,2026-06-30 23:30:00,42,42,0
1338,億光電子(樹林高中),樹林區,121.42359924316406,24.98356056213379,2026-01-01 00:00:00,2026-06-30 23:30:00,41,42,1
1339,十分遊客中心,平溪區,121.78279113769531,25.047109603881836,2026-01-01 00:00:00,2026-06-30 23:30:00,42,42,0
1340,成泰路4段22巷,五股區,121.45600128173828,25.108299255371094,2026-01-01 00:00:00,2026-06-30 23:30:00,42,42,0
1341,捷運七張站(1號出口),新店區,121.54277038574219,24.97499656677246,2026-01-01 00:00:00,2026-06-30 23:30:00,42,42,0
1342,永和國小,永和區,121.51744079589844,25.002269744873047,2026-01-01 00:00:00,2026-06-30 23:30:00,42,42,0
1343,新店公有中央市場,新店區,121.52729034423828,24.975309371948242,2026-01-01 00:00:00,2026-06-30 23:30:00,42,42,0
1344,二重國小,三重區,121.4776611328125,25.065980911254883,2026-01-01 00:00:00,2026-06-30 23:30:00,43,43,0
1345,國光里(國光路),板橋區,121.4584732055664,25.017799377441406,2026-01-01 00:00:00,2026-06-30 23:30:00,43,43,0
1346,國泰街111巷口,板橋區,121.46617126464844,25.00609016418457,2026-01-01 00:00:00,2026-06-30 23:30:00,43,43,0
1347,大明街20巷19弄口,板橋區,121.45713806152344,25.00305938720703,2026-01-01 00:00:00,2026-06-30 23:30:00,43,43,0
1348,廣福派出所,土城區,121.45655059814453,24.9881591796875,2026-01-01 00:00:00,2026-06-30 23:30:00,43,43,0
1349,捷運新莊副都心站,新莊區,121.44660186767578,25.059139251708984,2026-01-01 00:00:00,2026-06-30 23:30:00,43,43,0
1350,江翠國小,板橋區,121.47431182861328,25.032360076904297,2026-01-01 00:00:00,2026-06-30 23:30:00,43,43,0
1351,白雲國小,汐止區,121.61888885498047,25.04758071899414,2026-01-01 00:00:00,2026-06-30 23:30:00,43,43,0
1352,福營行政中心,新莊區,121.42386627197266,25.02412986755371,2026-01-01 00:00:00,2026-06-30 23:30:00,43,43,0
1353,長安橋(吉祥街12巷),汐止區,121.66845703125,25.08032989501953,2026-01-01 00:00:00,2026-06-30 23:30:00,43,43,0
1354,頂新祖田市民活動中心,土城區,121.412109375,24.953189849853516,2026-01-01 00:00:00,2026-06-30 23:30:00,32,43,1
1355,中和安和路口,中和區,121.50601959228516,24.99966049194336,2026-01-01 00:00:00,2026-06-30 23:30:00,44,44,0
1356,仁愛廣場,蘆洲區,121.47161865234375,25.0905704498291,2026-01-01 00:00:00,2026-06-30 23:30:00,44,44,0
1357,六合公園,三重區,121.48758697509766,25.069499969482422,2026-01-01 00:00:00,2026-06-30 23:30:00,44,44,0
1358,四維國凱街口(立天下社區),樹林區,121.42240905761719,24.979339599609375,2026-01-01 00:00:00,2026-06-30 23:30:00,44,44,0
1359,國泰綜合醫院,汐止區,121.66255950927734,25.073150634765625,2026-01-01 00:00:00,2026-06-30 23:30:00,44,44,0
1360,太陽公園,三重區,121.48560333251953,25.086450576782227,2026-01-01 00:00:00,2026-06-30 23:30:00,44,44,0
1361,安和公園,新店區,121.51885223388672,24.974109649658203,2026-01-01 00:00:00,2026-06-30 23:30:00,44,44,0
1362,寶橋路235巷口,新店區,121.55233764648438,24.979549407958984,2026-01-01 00:00:00,2026-06-30 23:30:00,44,44,0
1363,寶橋路78巷,新店區,121.54759979248047,24.97368049621582,2026-01-01 00:00:00,2026-06-30 23:30:00,44,44,0
1364,工建樟樹一路口,汐止區,121.64112091064453,25.063190460205078,2026-01-01 00:00:00,2026-06-30 23:30:00,44,44,0
1365,文中小停車場,三重區,121.48255157470703,25.058990478515625,2026-01-01 00:00:00,2026-06-30 23:30:00,44,44,0
1366,文林國小(潭興街),樹林區,121.42462158203125,24.998279571533203,2026-01-01 00:00:00,2026-06-30 23:30:00,44,44,0
1367,板橋戶政事務所,板橋區,121.45645904541016,25.013090133666992,2026-01-01 00:00:00,2026-06-30 23:30:00,44,44,0
1368,樹林大安活動中心,樹林區,121.41488647460938,24.986360549926758,2026-01-01 00:00:00,2026-06-30 23:30:00,44,44,0
1369,永翠藝文街口(大禾社區),板橋區,121.45028686523438,25.018009185791016,2026-01-01 00:00:00,2026-06-30 23:30:00,44,44,0
1370,環河公園,板橋區,121.45063781738281,25.016660690307617,2026-01-01 00:00:00,2026-06-30 23:30:00,44,44,0
1371,綠湖公園,新店區,121.5475082397461,24.97756004333496,2026-01-01 00:00:00,2026-06-30 23:30:00,44,44,0
1372,頂溪國小,永和區,121.51126098632812,25.015810012817383,2026-01-01 00:00:00,2026-06-30 23:30:00,44,44,0
1373,馥華公園,板橋區,121.44564056396484,25.00606918334961,2026-01-01 00:00:00,2026-06-30 23:30:00,44,53,1
1374,瑞峰橋,瑞芳區,121.81040954589844,25.107120513916016,2026-01-01 00:00:00,2026-06-30 23:30:00,44,44,0
1375,捷運紅樹林站,淡水區,121.45912170410156,25.153579711914062,2026-01-01 00:00:00,2026-06-30 23:30:00,44,44,0
1376,文化館前路口,鶯歌區,121.35291290283203,24.949480056762695,2026-01-01 00:00:00,2026-06-30 23:30:00,44,44,0
1377,三張公園,三重區,121.49093627929688,25.070510864257812,2026-01-01 00:00:00,2026-06-30 23:30:00,45,45,0
1378,三民高中(民權路),蘆洲區,121.47393035888672,25.08802032470703,2026-01-01 00:00:00,2026-06-30 23:30:00,45,45,0
1379,中正思源路口(東北側),新莊區,121.46102905273438,25.039379119873047,2026-01-01 00:00:00,2026-06-30 23:30:00,45,45,0
1380,南雅公園,板橋區,121.45526123046875,25.003759384155273,2026-01-01 00:00:00,2026-06-30 23:30:00,45,45,0
1381,夢奇地公園(文化路一段),板橋區,121.46379852294922,25.017000198364258,2026-01-01 00:00:00,2026-06-30 23:30:00,45,45,0
1382,捷運泰山貴和站,泰山區,121.4222183227539,25.03318977355957,2026-01-01 00:00:00,2026-06-30 23:30:00,45,45,0
1383,新北市立圖書館三重分館,三重區,121.49552917480469,25.066099166870117,2026-01-01 00:00:00,2026-06-30 23:30:00,45,52,1
1384,明志科技大學,泰山區,121.42254638671875,25.040430068969727,2026-01-01 00:00:00,2026-06-30 23:30:00,45,45,0
1385,永盛公園,三重區,121.48429870605469,25.076129913330078,2026-01-01 00:00:00,2026-06-30 23:30:00,45,45,0
1386,永翠藝文街口(柏克萊公園社區),板橋區,121.4506607055664,25.018110275268555,2026-01-01 00:00:00,2026-06-30 23:30:00,45,45,0
1387,興華公園,三重區,121.48310089111328,25.060129165649414,2026-01-01 00:00:00,2026-06-30 23:30:00,45,45,0
1388,輕軌淡金北新站,淡水區,121.45245361328125,25.18079948425293,2026-01-01 00:00:00,2026-06-30 23:30:00,45,45,0
1389,輕軌漁人碼頭站,淡水區,121.41911315917969,25.182090759277344,2026-01-01 00:00:00,2026-06-30 23:30:00,45,80,1
1390,中華自治街口,新莊區,121.45330047607422,25.04775047302246,2026-01-01 00:00:00,2026-06-30 23:30:00,46,46,0
1391,富貴森林公園,林口區,121.37831115722656,25.08296012878418,2026-01-01 00:00:00,2026-06-30 23:30:00,46,46,0
1392,新莊國民運動中心,新莊區,121.44898223876953,25.03931999206543,2026-01-01 00:00:00,2026-06-30 23:30:00,46,52,1
1393,昌平公園,新莊區,121.4581069946289,25.05866050720215,2026-01-01 00:00:00,2026-06-30 23:30:00,46,55,1
1394,昌隆國小,新莊區,121.45488739013672,25.0521297454834,2026-01-01 00:00:00,2026-06-30 23:30:00,46,46,0
1395,板橋第一運動場,板橋區,121.46798706054688,25.009140014648438,2026-01-01 00:00:00,2026-06-30 23:30:00,46,46,0
1396,浮洲火車站,板橋區,121.44425201416016,25.004100799560547,2026-01-01 00:00:00,2026-06-30 23:30:00,46,76,1
1397,清水高中,土城區,121.46546936035156,24.98200035095215,2026-01-01 00:00:00,2026-06-30 23:30:00,46,46,0
1398,環河西大漢街口,板橋區,121.46119689941406,25.031829833984375,2026-01-01 00:00:00,2026-06-30 23:30:00,46,46,0
1399,碧河宮,中和區,121.4931411743164,24.99665069580078,2026-01-01 00:00:00,2026-06-30 23:30:00,46,46,0
1400,華江一華江五路口(雙江翠社區),板橋區,121.47252655029297,25.034849166870117,2026-01-01 00:00:00,2026-06-30 23:30:00,46,46,0
1401,中正思源路口(西南側),新莊區,121.45950317382812,25.038209915161133,2026-01-01 00:00:00,2026-06-30 23:30:00,46,46,0
1402,十三行博物館,八里區,121.40599822998047,25.156999588012695,2026-01-01 00:00:00,2026-06-30 23:30:00,46,46,0
1403,保安永平路口,永和區,121.50604248046875,25.0123291015625,2026-01-01 00:00:00,2026-06-30 23:30:00,47,47,0
1404,員勝公園,中和區,121.47859954833984,25.010900497436523,2026-01-01 00:00:00,2026-06-30 23:30:00,47,47,0
1405,學士學府路口(大苑社區),土城區,121.44580078125,24.976959228515625,2026-01-01 00:00:00,2026-06-30 23:30:00,47,47,0
1406,捷運大坪林站(1號出口),新店區,121.54100036621094,24.982799530029297,2026-01-01 00:00:00,2026-06-30 23:30:00,47,47,0
1407,捷運永寧站(2號出口),土城區,121.43553924560547,24.966129302978516,2026-01-01 00:00:00,2026-06-30 23:30:00,47,47,0
1408,新店高中,新店區,121.53421020507812,24.974180221557617,2026-01-01 00:00:00,2026-06-30 23:30:00,47,47,0
1409,新莊體育館,新莊區,121.45255279541016,25.04077911376953,2026-01-01 00:00:00,2026-06-30 23:30:00,47,47,0
1410,板橋福德公園,板橋區,121.46733856201172,25.011560440063477,2026-01-01 00:00:00,2026-06-30 23:30:00,47,47,0
1411,林口社區運動公園(公園路),林口區,121.3742904663086,25.07447052001953,2026-01-01 00:00:00,2026-06-30 23:30:00,47,47,0
1412,金城立德路口,土城區,121.46601867675781,24.98689079284668,2026-01-01 00:00:00,2026-06-30 23:30:00,47,47,0
1413,崇德國小,汐止區,121.66979217529297,25.069379806518555,2026-01-01 00:00:00,2026-06-30 23:30:00,47,47,0
1414,中正仁愛街口,新莊區,121.44461822509766,25.03451919555664,2026-01-01 00:00:00,2026-06-30 23:30:00,48,48,0
1415,中正新雅巷口,新莊區,121.41768646240234,25.02593994140625,2026-01-01 00:00:00,2026-06-30 23:30:00,48,48,0
1416,中華里(中華路二段),新莊區,121.45366668701172,25.04619026184082,2026-01-01 00:00:00,2026-06-30 23:30:00,48,48,0
1417,扶輪公園,林口區,121.36932373046875,25.072980880737305,2026-01-01 00:00:00,2026-06-30 23:30:00,48,48,0
1418,捷運蘆洲站(1號出口),蘆洲區,121.46510314941406,25.091129302978516,2026-01-01 00:00:00,2026-06-30 23:30:00,48,48,0
1419,捷運頂溪站(中興街),永和區,121.5152587890625,25.012229919433594,2026-01-01 00:00:00,2026-06-30 23:30:00,48,48,0
1420,正義公園,三重區,121.49781799316406,25.06855010986328,2026-01-01 00:00:00,2026-06-30 23:30:00,48,48,0
1421,民有公園,中和區,121.47467803955078,25.008630752563477,2026-01-01 00:00:00,2026-06-30 23:30:00,48,48,0
1422,浮洲合宜住宅(樂群路),板橋區,121.44641876220703,24.997020721435547,2026-01-01 00:00:00,2026-06-30 23:30:00,48,48,0
1423,淺水灣,三芝區,121.4713134765625,25.2523193359375,2026-01-01 00:00:00,2026-06-30 23:30:00,48,48,0
1424,矽谷園區,汐止區,121.63446807861328,25.06226921081543,2026-01-01 00:00:00,2026-06-30 23:30:00,48,48,0
1425,福和國中停車場,永和區,121.52266693115234,25.0050106048584,2026-01-01 00:00:00,2026-06-30 23:30:00,48,48,0
1426,秀朗國小,永和區,121.52278137207031,24.998960494995117,2026-01-01 00:00:00,2026-06-30 23:30:00,48,48,0
1427,輕軌淡水行政中心站,淡水區,121.44435119628906,25.189159393310547,2026-01-01 00:00:00,2026-06-30 23:30:00,48,48,0
1428,輕軌紅樹林站,淡水區,121.45886993408203,25.155052185058594,2026-01-01 00:00:00,2026-06-30 23:30:00,48,48,0
1429,龍門公園,三重區,121.49848175048828,25.074819564819336,2026-01-01 00:00:00,2026-06-30 23:30:00,48,48,0
1430,中山北新春街口,淡水區,121.44474029541016,25.180349349975586,2026-01-01 00:00:00,2026-06-30 23:30:00,49,49,0
1431,中興寶慶街口,新店區,121.54194641113281,24.986940383911133,2026-01-01 00:00:00,2026-06-30 23:30:00,49,49,0
1432,信義公園市民活動中心,板橋區,121.4571304321289,24.991809844970703,2026-01-01 00:00:00,2026-06-30 23:30:00,49,49,0
1433,北新國小,新店區,121.54443359375,24.97422981262207,2026-01-01 00:00:00,2026-06-30 23:30:00,49,49,0
1434,原興廣場,汐止區,121.63304138183594,25.0650691986084,2026-01-01 00:00:00,2026-06-30 23:30:00,49,49,0
1435,央北新村平面停車場,新店區,121.5273666381836,24.977519989013672,2026-01-01 00:00:00,2026-06-30 23:30:00,49,49,0
1436,文化路二段182巷1弄,板橋區,121.472412109375,25.029260635375977,2026-01-01 00:00:00,2026-06-30 23:30:00,49,49,0
1437,縣民民族路口,板橋區,121.46099853515625,25.010000228881836,2026-01-01 00:00:00,2026-06-30 23:30:00,49,49,0
1438,興化公園,新莊區,121.46112060546875,25.065229415893555,2026-01-01 00:00:00,2026-06-30 23:30:00,49,55,1
1439,蘆洲中路公園,蘆洲區,121.46822357177734,25.08180046081543,2026-01-01 00:00:00,2026-06-30 23:30:00,49,49,0
1440,中興中正路口(泰坤建設),新莊區,121.44933319091797,25.035640716552734,2026-01-01 00:00:00,2026-06-30 23:30:00,50,50,0
1441,員林社區公園,土城區,121.44328308105469,24.977840423583984,2026-01-01 00:00:00,2026-06-30 23:30:00,50,50,0
1442,土城國中,土城區,121.43036651611328,24.96242904663086,2026-01-01 00:00:00,2026-06-30 23:30:00,50,50,0
1443,板南立言街口,中和區,121.48790740966797,25.006549835205078,2026-01-01 00:00:00,2026-06-30 23:30:00,50,50,0
1444,樟樹國小,汐止區,121.64038848876953,25.066930770874023,2026-01-01 00:00:00,2026-06-30 23:30:00,50,50,0
1445,民享藝文特區,中和區,121.47528839111328,25.0035400390625,2026-01-01 00:00:00,2026-06-30 23:30:00,50,50,0
1446,民生公園,板橋區,121.47541809082031,25.01367950439453,2026-01-01 00:00:00,2026-06-30 23:30:00,50,50,0
1447,湳雅觀光夜市(津渡橋),板橋區,121.45230865478516,25.00790023803711,2026-01-01 00:00:00,2026-06-30 23:30:00,50,56,1
1448,莊敬公園,板橋區,121.47025299072266,25.020620346069336,2026-01-01 00:00:00,2026-06-30 23:30:00,50,50,0
1449,遠雄左岸,中和區,121.48808288574219,25.009830474853516,2026-01-01 00:00:00,2026-06-30 23:30:00,50,50,0
1450,麗水富貴路口(聯合公園社區),新莊區,121.45162200927734,25.056970596313477,2026-01-01 00:00:00,2026-06-30 23:30:00,50,50,0
1451,中平國中,新莊區,121.44393920898438,25.05426025390625,2026-01-01 00:00:00,2026-06-30 23:30:00,50,50,0
1452,中原東街(左岸牡丹園),中和區,121.48600769042969,25.012969970703125,2026-01-01 00:00:00,2026-06-30 23:30:00,51,51,0
1453,宏匯廣場,新莊區,121.44908142089844,25.059310913085938,2026-01-01 00:00:00,2026-06-30 23:30:00,51,51,0
1454,捷運景平站,中和區,121.51563262939453,24.992019653320312,2026-01-01 00:00:00,2026-06-30 23:30:00,51,51,0
1455,新麗園社區,林口區,121.37690734863281,25.070049285888672,2026-01-01 00:00:00,2026-06-30 23:30:00,51,51,0
1456,板橋仁愛公園,板橋區,121.45970916748047,24.996009826660156,2026-01-01 00:00:00,2026-06-30 23:30:00,51,51,0
1457,秀朗成功路口,中和區,121.52655029296875,24.9955997467041,2026-01-01 00:00:00,2026-06-30 23:30:00,51,51,0
1458,行政院新莊聯合辦公大樓,新莊區,121.44442749023438,25.055950164794922,2026-01-01 00:00:00,2026-06-30 23:30:00,51,51,0
1459,頭前國中,新莊區,121.45915985107422,25.054439544677734,2026-01-01 00:00:00,2026-06-30 23:30:00,51,51,0
1460,三重綜合體育館,三重區,121.49192810058594,25.06144905090332,2026-01-01 00:00:00,2026-06-30 23:30:00,52,52,0
1461,崑崙活力廣場,板橋區,121.43293762207031,24.994020462036133,2026-01-01 00:00:00,2026-06-30 23:30:00,52,52,0
1462,捷運三重國小站,三重區,121.49713134765625,25.070419311523438,2026-01-01 00:00:00,2026-06-30 23:30:00,52,52,0
1463,捷運亞東醫院站(2號出口),板橋區,121.45220184326172,24.997629165649414,2026-01-01 00:00:00,2026-06-30 23:30:00,52,52,0
1464,捷運輔大站(4號出口),新莊區,121.43666076660156,25.033039093017578,2026-01-01 00:00:00,2026-06-30 23:30:00,52,52,0
1465,文德國小(公館街),板橋區,121.459228515625,25.02145004272461,2026-01-01 00:00:00,2026-06-30 23:30:00,52,52,0
1466,聯合醫院板橋院區,板橋區,121.45789337158203,25.024059295654297,2026-01-01 00:00:00,2026-06-30 23:30:00,52,52,0
1467,龍鳳公園,新莊區,121.41690063476562,25.021434783935547,2026-01-01 00:00:00,2026-06-30 23:30:00,52,52,0
1468,明德高中,三峽區,121.3647232055664,24.907419204711914,2026-01-01 00:00:00,2026-06-30 23:30:00,52,52,0
1469,台灣科學園區,汐止區,121.63495635986328,25.05792999267578,2026-01-01 00:00:00,2026-06-30 23:30:00,54,54,0
1470,圓通錦和路口,中和區,121.49124908447266,24.98954963684082,2026-01-01 00:00:00,2026-06-30 23:30:00,54,54,0
1471,恩主公醫院,三峽區,121.3635482788086,24.93890953063965,2026-01-01 00:00:00,2026-06-30 23:30:00,54,54,0
1472,捷運丹鳳站(1號出口),新莊區,121.42279815673828,25.029029846191406,2026-01-01 00:00:00,2026-06-30 23:30:00,54,54,0
1473,捷運新莊站(2號出口),新莊區,121.4527816772461,25.036069869995117,2026-01-01 00:00:00,2026-06-30 23:30:00,54,54,0
1474,捷運竹圍站,淡水區,121.4602279663086,25.137170791625977,2026-01-01 00:00:00,2026-06-30 23:30:00,54,54,0
1475,新北市藝文中心,板橋區,121.4725112915039,25.026199340820312,2026-01-01 00:00:00,2026-06-30 23:30:00,54,54,0
1476,板橋和平公園,板橋區,121.46427154541016,24.99765968322754,2026-01-01 00:00:00,2026-06-30 23:30:00,54,54,0
1477,聯邦公園,三重區,121.48371124267578,25.064449310302734,2026-01-01 00:00:00,2026-06-30 23:30:00,54,54,0
1478,萬板文聖街口,板橋區,121.47972869873047,25.02638053894043,2026-01-01 00:00:00,2026-06-30 23:30:00,54,54,0
1479,藝文一永翠路口,板橋區,121.45268249511719,25.02239990234375,2026-01-01 00:00:00,2026-06-30 23:30:00,54,54,0
1480,金城裕民路口(中正國中),土城區,121.45619201660156,24.982879638671875,2026-01-01 00:00:00,2026-06-30 23:30:00,51,54,1
1481,翡翠灣停車場,萬里區,121.68492889404297,25.19116973876953,2026-01-01 00:00:00,2026-06-30 23:30:00,54,54,0
1482,仁愛文化二路口,林口區,121.37354278564453,25.077699661254883,2026-01-01 00:00:00,2026-06-30 23:30:00,55,55,0
1483,大觀國中,板橋區,121.44698333740234,25.010759353637695,2026-01-01 00:00:00,2026-06-30 23:30:00,55,99,1
1484,捷運三民高中站(2號出口),蘆洲區,121.47373962402344,25.085769653320312,2026-01-01 00:00:00,2026-06-30 23:30:00,55,55,0
1485,捷運新店站,新店區,121.53865814208984,24.95861053466797,2026-01-01 00:00:00,2026-06-30 23:30:00,55,55,0
1486,板橋信義公園,板橋區,121.45622253417969,24.99625015258789,2026-01-01 00:00:00,2026-06-30 23:30:00,55,55,0
1487,漁人碼頭,淡水區,121.41117858886719,25.183870315551758,2026-01-01 00:00:00,2026-06-30 23:30:00,55,55,0
1488,華江一華江九路口,板橋區,121.46681213378906,25.033000946044922,2026-01-01 00:00:00,2026-06-30 23:30:00,55,99,1
1489,蘆洲國民運動中心,蘆洲區,121.46160888671875,25.091949462890625,2026-01-01 00:00:00,2026-06-30 23:30:00,55,55,0
1490,雙溪車站,雙溪區,121.86650085449219,25.039140701293945,2026-01-01 00:00:00,2026-06-30 23:30:00,55,55,0
1491,平溪國中,平溪區,121.73422241210938,25.023479461669922,2026-01-01 00:00:00,2026-06-30 23:30:00,55,55,0
1492,臺北大學(音律資訊大樓),三峽區,121.36991882324219,24.942779541015625,2026-01-01 00:00:00,2026-06-30 23:30:00,55,78,1
1493,中正路161巷口,中和區,121.49935150146484,24.992990493774414,2026-01-01 00:00:00,2026-06-30 23:30:00,56,56,0
1494,土城綜合體育場,土城區,121.45379638671875,24.984094619750977,2026-01-01 00:00:00,2026-06-30 23:30:00,56,56,0
1495,捷運亞東醫院站(3號出口),板橋區,121.45258331298828,24.998210906982422,2026-01-01 00:00:00,2026-06-30 23:30:00,56,56,0
1496,新北市林口行政園區,林口區,121.36393737792969,25.06999969482422,2026-01-01 00:00:00,2026-06-30 23:30:00,56,56,0
1497,新北市立鶯歌高級工商職業學校,鶯歌區,121.33487701416016,24.93922996520996,2026-01-01 00:00:00,2026-06-30 23:30:00,56,56,0
1498,新海長江路口,板橋區,121.4577865600586,25.02787971496582,2026-01-01 00:00:00,2026-06-30 23:30:00,56,61,1
1499,汐止火車站,汐止區,121.66275024414062,25.068910598754883,2026-01-01 00:00:00,2026-06-30 23:30:00,56,56,0
1500,青山國民中小學,汐止區,121.65558624267578,25.0610294342041,2026-01-01 00:00:00,2026-06-30 23:30:00,56,56,0
1501,白沙灣,石門區,121.52208709716797,25.285490036010742,2026-01-01 00:00:00,2026-06-30 23:30:00,56,56,0
1502,中和公園,中和區,121.51435089111328,25.000730514526367,2026-01-01 00:00:00,2026-06-30 23:30:00,57,57,0
1503,中和青年社會住宅,中和區,121.51918029785156,24.990989685058594,2026-01-01 00:00:00,2026-06-30 23:30:00,57,57,0
1504,新北高工,土城區,121.4505386352539,24.983440399169922,2026-01-01 00:00:00,2026-06-30 23:30:00,57,57,0
1505,明志國中,三重區,121.48898315429688,25.063400268554688,2026-01-01 00:00:00,2026-06-30 23:30:00,57,57,0
1506,板林溪北路口,板橋區,121.42636108398438,24.990570068359375,2026-01-01 00:00:00,2026-06-30 23:30:00,57,57,0
1507,浮洲合宜住宅(合宜一路),板橋區,121.44275665283203,24.996519088745117,2026-01-01 00:00:00,2026-06-30 23:30:00,57,57,0
1508,福和宮,中和區,121.501953125,25.001110076904297,2026-01-01 00:00:00,2026-06-30 23:30:00,57,57,0
1509,音樂公園,板橋區,121.48039245605469,25.028560638427734,2026-01-01 00:00:00,2026-06-30 23:30:00,57,57,0
1510,四川遠東路口,板橋區,121.45758819580078,24.998559951782227,2026-01-01 00:00:00,2026-06-30 23:30:00,60,60,0
1511,小金門友誼公園,新店區,121.53791046142578,24.97698974609375,2026-01-01 00:00:00,2026-06-30 23:30:00,60,60,0
1512,捷運新埔站(2號出口),板橋區,121.46778869628906,25.022369384765625,2026-01-01 00:00:00,2026-06-30 23:30:00,60,60,0
1513,捷運江子翠站(3號出口),板橋區,121.4719467163086,25.029329299926758,2026-01-01 00:00:00,2026-06-30 23:30:00,60,60,0
1514,捷運菜寮站(3號出口),三重區,121.49220275878906,25.060470581054688,2026-01-01 00:00:00,2026-06-30 23:30:00,60,60,0
1515,新月橋,新莊區,121.44982147216797,25.032079696655273,2026-01-01 00:00:00,2026-06-30 23:30:00,60,60,0
1516,板橋公車站,板橋區,121.46209716796875,25.0126895904541,2026-01-01 00:00:00,2026-06-30 23:30:00,60,60,0
1517,牡丹車站,雙溪區,121.85186767578125,25.059022903442383,2026-01-01 00:00:00,2026-06-30 23:30:00,60,60,0
1518,猴硐火車站,瑞芳區,121.82718658447266,25.086469650268555,2026-01-01 00:00:00,2026-06-30 23:30:00,60,60,0
1519,金城立體停車場,土城區,121.45794677734375,24.98366928100586,2026-01-01 00:00:00,2026-06-30 23:30:00,60,60,0
1520,野柳地質公園,萬里區,121.69042205810547,25.204280853271484,2026-01-01 00:00:00,2026-06-30 23:30:00,60,60,0
1521,八里文化公園(棒球場),八里區,121.41251373291016,25.163589477539062,2026-01-01 00:00:00,2026-06-30 23:30:00,60,60,0
1522,捷運頂埔站(福田路),土城區,121.41780090332031,24.958520889282227,2026-02-01 00:30:00,2026-06-30 23:30:00,66,66,0
1523,華中公園,板橋區,121.44676208496094,25.01889991760254,2026-02-06 00:30:00,2026-06-30 23:30:00,15,15,0
1524,鎮前街347巷口,樹林區,121.4163818359375,24.984189987182617,2026-02-06 00:30:00,2026-06-30 23:30:00,16,16,0
1525,國中碇坪路二段口,坪林區,121.71259307861328,24.936660766601562,2026-02-13 01:00:00,2026-06-30 23:30:00,19,19,0
1526,長榮龍濱路口,三重區,121.50238037109375,25.069080352783203,2026-02-06 00:30:00,2026-06-30 23:30:00,19,19,0
1527,田單北街/懷德街201巷(一川社區),板橋區,121.48185729980469,25.030250549316406,2026-02-06 00:30:00,2026-06-30 23:30:00,40,40,0
1528,中湖市民活動中心,鶯歌區,121.34721374511719,24.972850799560547,2026-03-01 00:00:00,2026-05-31 23:30:00,20,20,0
1529,十四張?文路口,新店區,121.52977752685547,24.98055076599121,2026-03-01 00:00:00,2026-05-31 23:30:00,15,15,0
1530,金城?廷街口,土城區,121.46864318847656,24.988140106201172,2026-03-01 00:00:00,2026-05-31 23:30:00,9,9,0
1531,新春街125巷(樂活?社區),淡水區,121.4415512084961,25.18269920349121,2026-03-01 00:00:00,2026-05-31 23:30:00,29,29,0
1532,?寮公園,樹林區,121.41264343261719,25.006940841674805,2026-03-01 00:00:00,2026-05-31 23:30:00,12,12,0
1533,瓦?截流站,永和區,121.49971771240234,25.009000778198242,2026-03-01 00:00:00,2026-05-31 23:30:00,11,11,0
1534,瓦?溝(福真里),中和區,121.49439239501953,25.00402069091797,2026-03-01 00:00:00,2026-05-31 23:30:00,41,41,0
1535,光復高中,板橋區,121.48258209228516,25.017349243164062,2026-03-01 00:00:00,2026-05-31 23:30:00,37,37,0
1536,林口廣停一停車場,林口區,121.37220001220703,25.075340270996094,2026-03-10 00:30:00,2026-06-30 23:30:00,18,18,0
1537,民族忠孝路口,林口區,121.36495971679688,25.074840545654297,2026-03-10 00:30:00,2026-06-30 23:30:00,14,14,0
1538,思源路593巷口,新莊區,121.4596176147461,25.059539794921875,2026-03-10 00:30:00,2026-06-30 23:30:00,16,16,0
1539,新洲擺接堡路口,土城區,121.43742370605469,24.97780990600586,2026-03-20 00:30:00,2026-06-30 23:30:00,28,28,0
1540,板橋戶政事務所海山辦事處,板橋區,121.47038269042969,25.01181983947754,2026-03-20 00:30:00,2026-06-30 23:30:00,50,50,0
1541,長興光華路186巷口,蘆洲區,121.46428680419922,25.082849502563477,2026-03-20 00:30:00,2026-06-30 23:30:00,13,19,1
1542,成州派出所,五股區,121.4478530883789,25.091550827026367,2026-04-01 00:30:00,2026-06-30 23:30:00,49,49,0
1543,新市五義山路口,淡水區,121.43878173828125,25.197830200195312,2026-04-01 13:30:00,2026-06-30 23:30:00,60,60,0
1544,濱海路一段370號,淡水區,121.43942260742188,25.189619064331055,2026-04-10 01:00:00,2026-06-30 23:30:00,22,22,0
1545,圓通路369巷口,中和區,121.48737335205078,24.9885196685791,2026-04-10 01:00:00,2026-06-30 23:30:00,18,18,0
1546,臺鐵樹林車站(後站停車場),樹林區,121.42384338378906,24.990890502929688,2026-04-21 00:30:00,2026-06-30 23:30:00,64,64,0
1547,中華電信板橋雲端資料中心,板橋區,121.458251953125,24.99530029296875,2026-04-21 00:30:00,2026-06-30 23:30:00,45,45,0
1548,五權一五工三路口,新莊區,121.45796966552734,25.065929412841797,2026-04-21 00:30:00,2026-06-30 23:30:00,20,20,0
1549,安和安樂路口,中和區,121.511962890625,24.993440628051758,2026-05-08 02:00:00,2026-06-30 23:30:00,15,15,0
1550,中和慈惠堂,中和區,121.4796371459961,24.981529235839844,2026-05-08 02:00:00,2026-06-30 23:30:00,15,15,0
1551,淡水轉運站,淡水區,121.4215316772461,25.179149627685547,2026-05-08 02:00:00,2026-06-30 23:30:00,50,50,0
1552,淡江大橋橋管中心,淡水區,121.4200210571289,25.17963981628418,2026-05-12 01:30:00,2026-06-30 23:30:00,40,40,0
1553,長泰街40巷口,三峽區,121.37811279296875,24.932340621948242,2026-05-19 01:00:00,2026-06-30 23:30:00,17,17,0
1554,雲溪廣場(青雲路183巷),土城區,121.45960998535156,24.98270034790039,2026-05-19 01:00:00,2026-06-30 23:30:00,15,15,0
1555,望月公園,板橋區,121.45787048339844,25.029970169067383,2026-05-19 01:00:00,2026-06-30 23:30:00,32,32,0
1556,和平楓樹街口(和平公園),泰山區,121.43506622314453,25.064559936523438,2026-05-19 01:00:00,2026-06-30 23:30:00,15,15,0
1557,中山路二段295巷口,板橋區,121.47834777832031,25.018510818481445,2026-05-19 01:00:00,2026-06-30 23:30:00,20,20,0
1558,仁愛路62巷(14&24弄口),板橋區,121.45997619628906,24.998210906982422,2026-05-19 01:00:00,2026-06-30 23:30:00,29,29,0
1559,捷運媽祖田站,土城區,121.41184997558594,24.95380973815918,2026-05-22 01:30:00,2026-06-30 23:30:00,35,35,0
1560,捷運鶯桃福德站,鶯歌區,121.33043670654297,24.967039108276367,2026-06-29 10:00:00,2026-06-30 23:30:00,75,75,0
1561,捷運臺北大學站(2號出口),三峽區,121.36711883544922,24.93882942199707,2026-06-29 10:00:00,2026-06-30 23:30:00,86,86,0
1562,捷運三峽站,三峽區,121.37655639648438,24.938350677490234,2026-06-29 10:00:00,2026-06-30 23:30:00,61,61,0
1563,捷運龍埔站,三峽區,121.38461303710938,24.939300537109375,2026-06-29 10:00:00,2026-06-30 23:30:00,72,72,0
1564,捷運頂埔站(2號出口),土城區,121.41911315917969,24.959400177001953,2026-06-29 10:00:00,2026-06-30 23:30:00,63,63,0
1565,福營國中,新莊區,121.42198181152344,25.025320053100586,2026-06-02 01:30:00,2026-06-30 23:30:00,15,15,0
1566,新北大道一段57巷口,三重區,121.48536682128906,25.06121063232422,2026-06-26 00:30:00,2026-06-30 23:30:00,15,15,0
1567,八里文昌五街,八里區,121.41342163085938,25.155920028686523,2026-06-02 01:30:00,2026-06-30 23:30:00,16,16,0
1568,金城明德路口(東北側),土城區,121.45310974121094,24.98077964782715,2026-06-26 00:30:00,2026-06-30 23:30:00,18,18,0
1569,石碇高中,石碇區,121.64372253417969,25.012170791625977,2026-06-26 00:30:00,2026-06-30 23:30:00,18,18,0
1570,龍米河濱公園,八里區,121.44683837890625,25.144550323486328,2026-06-26 00:30:00,2026-06-30 23:30:00,20,20,0
1571,忠孝東路382巷口,汐止區,121.66551971435547,25.070009231567383,2026-06-02 01:30:00,2026-06-30 23:30:00,22,22,0
1572,原住民族公園,汐止區,121.64161682128906,25.07122039794922,2026-06-26 00:30:00,2026-06-30 23:30:00,23,23,0
1573,捷運長壽山站,三峽區,121.40267181396484,24.944950103759766,2026-06-29 10:00:00,2026-06-30 23:30:00,23,23,0
1574,捷運國華站,鶯歌區,121.3425064086914,24.955350875854492,2026-06-29 10:00:00,2026-06-30 23:30:00,24,24,0
1575,博愛中正路口,新店區,121.54071807861328,24.972820281982422,2026-06-26 00:30:00,2026-06-30 23:30:00,31,31,0
1576,捷運鶯歌車站,鶯歌區,121.35668182373047,24.95322036743164,2026-06-29 10:00:00,2026-06-30 23:30:00,34,34,0
1577,思源中原東路口(東南側),新莊區,121.46009826660156,25.05368995666504,2026-06-02 01:30:00,2026-06-30 23:30:00,35,35,0
1578,捷運陶瓷老街站,鶯歌區,121.35064697265625,24.952119827270508,2026-06-29 10:00:00,2026-06-30 23:30:00,36,36,0
1579,南雅東路(画世代社區),板橋區,121.45364379882812,25.00748062133789,2026-06-26 00:30:00,2026-06-30 23:30:00,40,40,0
1580,南雅西路一段(画世代社區),板橋區,121.45271301269531,25.006879806518555,2026-06-26 10:00:00,2026-06-30 23:30:00,40,40,0
1581,天祥街31巷口(雍玥社區),新莊區,121.41754150390625,25.028600692749023,2026-06-02 01:30:00,2026-06-30 23:30:00,40,40,0
1582,捷運橫溪站,三峽區,121.391357421875,24.937589645385742,2026-06-29 10:00:00,2026-06-30 23:30:00,43,43,0
1583,捷運永吉公園站,鶯歌區,121.33476257324219,24.960479736328125,2026-06-29 10:00:00,2026-06-30 23:30:00,47,49,1
1584,捷運臺北大學站(1號出口),三峽區,121.36739349365234,24.939090728759766,2026-06-29 10:00:00,2026-06-30 23:30:00,47,47,0
1585,捷運國華站(2號出口),鶯歌區,121.34300994873047,24.953739166259766,2026-06-29 10:00:00,2026-06-30 23:30:00,60,60,0
1586,捷運頂埔站(3號出口),土城區,121.41999816894531,24.9599609375,2026-06-29 10:00:00,2026-06-30 23:30:00,64,64,0
